--Roles
INSERT INTO pigtraxrefdata."RoleType" ("fieldCode","fieldDescription","lastUpdated","userUpdated") VALUES (1,'PigTrax SuperAdmin User',current_timestamp,'pigtraxadmin');
INSERT INTO pigtraxrefdata."RoleType" ("fieldCode","fieldDescription","lastUpdated","userUpdated") VALUES (2,'PigTrax Data Config Mgr',current_timestamp,'pigtraxadmin');
INSERT INTO pigtraxrefdata."RoleType" ("fieldCode","fieldDescription","lastUpdated","userUpdated") VALUES (3,'Data Manager',current_timestamp,'pigtraxadmin');
INSERT INTO pigtraxrefdata."RoleType" ("fieldCode","fieldDescription","lastUpdated","userUpdated") VALUES (4,'User',current_timestamp,'pigtraxadmin');

INSERT INTO pigtraxrefdata."RoleTypeTranslation" ("fieldValue","fieldLanguage","lastUpdated","userUpdated","id_RoleType") VALUES ('PT SuperAdmin','en',current_timestamp,'pigtraxadmin',1);
INSERT INTO pigtraxrefdata."RoleTypeTranslation" ("fieldValue","fieldLanguage","lastUpdated","userUpdated","id_RoleType") VALUES ('PT Data Config Mgr','en',current_timestamp,'pigtraxadmin',2);
INSERT INTO pigtraxrefdata."RoleTypeTranslation" ("fieldValue","fieldLanguage","lastUpdated","userUpdated","id_RoleType") VALUES ('Data Manager','en',current_timestamp,'pigtraxadmin',3);
INSERT INTO pigtraxrefdata."RoleTypeTranslation" ("fieldValue","fieldLanguage","lastUpdated","userUpdated","id_RoleType") VALUES ('User','en',current_timestamp,'pigtraxadmin',4);

INSERT INTO pigtraxrefdata."RoleTypeTranslation" ("fieldValue","fieldLanguage","lastUpdated","userUpdated","id_RoleType") VALUES ('PT SuperAdmin_ES','es',current_timestamp,'pigtraxadmin',1);
INSERT INTO pigtraxrefdata."RoleTypeTranslation" ("fieldValue","fieldLanguage","lastUpdated","userUpdated","id_RoleType") VALUES ('PT Data Config Mgr_ES','es',current_timestamp,'pigtraxadmin',2);
INSERT INTO pigtraxrefdata."RoleTypeTranslation" ("fieldValue","fieldLanguage","lastUpdated","userUpdated","id_RoleType") VALUES ('Data Manager_ES','es',current_timestamp,'pigtraxadmin',3);
INSERT INTO pigtraxrefdata."RoleTypeTranslation" ("fieldValue","fieldLanguage","lastUpdated","userUpdated","id_RoleType") VALUES ('User_ES','es',current_timestamp,'pigtraxadmin',4);

INSERT INTO pigtraxrefdata."RoleTypeTranslation" ("fieldValue","fieldLanguage","lastUpdated","userUpdated","id_RoleType") VALUES ('PT SuperAdmin_PR','pr',current_timestamp,'pigtraxadmin',1);
INSERT INTO pigtraxrefdata."RoleTypeTranslation" ("fieldValue","fieldLanguage","lastUpdated","userUpdated","id_RoleType") VALUES ('PT Data Config Mgr_PR','pr',current_timestamp,'pigtraxadmin',2);
INSERT INTO pigtraxrefdata."RoleTypeTranslation" ("fieldValue","fieldLanguage","lastUpdated","userUpdated","id_RoleType") VALUES ('Data Manager_PR','pr',current_timestamp,'pigtraxadmin',3);
INSERT INTO pigtraxrefdata."RoleTypeTranslation" ("fieldValue","fieldLanguage","lastUpdated","userUpdated","id_RoleType") VALUES ('User_PR','pr',current_timestamp,'pigtraxadmin',4);


INSERT INTO pigtraxrefdata."SexType" ("fieldCode","fieldDescription","lastUpdated","userUpdated") VALUES (1,'Male',CURRENT_TIMESTAMP,'pigtraxadmin');
INSERT INTO pigtraxrefdata."SexType" ("fieldCode","fieldDescription","lastUpdated","userUpdated") VALUES (2,'Female',CURRENT_TIMESTAMP,'pigtraxadmin');

INSERT INTO pigtraxrefdata."SexTypeTranslation" ("fieldValue","fieldLanguage","lastUpdated","userUpdated","id_SexType") VALUES ('Male','en',CURRENT_TIMESTAMP,'pigtraxadmin',1);
INSERT INTO pigtraxrefdata."SexTypeTranslation" ("fieldValue","fieldLanguage","lastUpdated","userUpdated","id_SexType") VALUES ('Female','en',CURRENT_TIMESTAMP,'pigtraxadmin',2);

INSERT INTO pigtraxrefdata."SexTypeTranslation" ("fieldValue","fieldLanguage","lastUpdated","userUpdated","id_SexType") VALUES ('Male_ES','es',CURRENT_TIMESTAMP,'pigtraxadmin',1);
INSERT INTO pigtraxrefdata."SexTypeTranslation" ("fieldValue","fieldLanguage","lastUpdated","userUpdated","id_SexType") VALUES ('Female_ES','es',CURRENT_TIMESTAMP,'pigtraxadmin',2);

INSERT INTO pigtraxrefdata."SexTypeTranslation" ("fieldValue","fieldLanguage","lastUpdated","userUpdated","id_SexType") VALUES ('Male_PR','pr',CURRENT_TIMESTAMP,'pigtraxadmin',1);
INSERT INTO pigtraxrefdata."SexTypeTranslation" ("fieldValue","fieldLanguage","lastUpdated","userUpdated","id_SexType") VALUES ('Female_PR','pr',CURRENT_TIMESTAMP,'pigtraxadmin',2);


--Countries
INSERT INTO pigtraxrefdata."Country" (name, "lastUpdated", "userUpdated") VALUES ('Brazil', CURRENT_TIMESTAMP, 'pigtraxadmin');
INSERT INTO pigtraxrefdata."Country" (name, "lastUpdated", "userUpdated") VALUES ('Spain', CURRENT_TIMESTAMP, 'pigtraxadmin');
INSERT INTO pigtraxrefdata."Country" (name, "lastUpdated", "userUpdated") VALUES ('USA', CURRENT_TIMESTAMP, 'pigtraxadmin');

--City
--Brazil Cities

INSERT INTO pigtraxrefdata."City" (name, "lastUpdated", "userUpdated", "id_Country") VALUES ('Abadia', CURRENT_TIMESTAMP, 'pigtraxadmin', 1);
INSERT INTO pigtraxrefdata."City" (name, "lastUpdated", "userUpdated", "id_Country") VALUES ('Abadia de Goiás', CURRENT_TIMESTAMP, 'pigtraxadmin', 1);
INSERT INTO pigtraxrefdata."City" (name, "lastUpdated", "userUpdated", "id_Country") VALUES ('Abadia dos Dourados', CURRENT_TIMESTAMP, 'pigtraxadmin', 1);
INSERT INTO pigtraxrefdata."City" (name, "lastUpdated", "userUpdated", "id_Country") VALUES ('Abadiânia', CURRENT_TIMESTAMP, 'pigtraxadmin', 1);
INSERT INTO pigtraxrefdata."City" (name, "lastUpdated", "userUpdated", "id_Country") VALUES ('Abaeté', CURRENT_TIMESTAMP, 'pigtraxadmin', 1);
INSERT INTO pigtraxrefdata."City" (name, "lastUpdated", "userUpdated", "id_Country") VALUES ('Abaetetuba', CURRENT_TIMESTAMP, 'pigtraxadmin', 1);
INSERT INTO pigtraxrefdata."City" (name, "lastUpdated", "userUpdated", "id_Country") VALUES ('Abaiara', CURRENT_TIMESTAMP, 'pigtraxadmin', 1);
INSERT INTO pigtraxrefdata."City" (name, "lastUpdated", "userUpdated", "id_Country") VALUES ('Abaíra', CURRENT_TIMESTAMP, 'pigtraxadmin', 1);
INSERT INTO pigtraxrefdata."City" (name, "lastUpdated", "userUpdated", "id_Country") VALUES ('Abaré', CURRENT_TIMESTAMP, 'pigtraxadmin', 1);
INSERT INTO pigtraxrefdata."City" (name, "lastUpdated", "userUpdated", "id_Country") VALUES ('Abatiá', CURRENT_TIMESTAMP, 'pigtraxadmin', 1);
INSERT INTO pigtraxrefdata."City" (name, "lastUpdated", "userUpdated", "id_Country") VALUES ('Abdon Batista', CURRENT_TIMESTAMP, 'pigtraxadmin', 1);
INSERT INTO pigtraxrefdata."City" (name, "lastUpdated", "userUpdated", "id_Country") VALUES ('Abel Figueiredo', CURRENT_TIMESTAMP, 'pigtraxadmin', 1);
INSERT INTO pigtraxrefdata."City" (name, "lastUpdated", "userUpdated", "id_Country") VALUES ('Abelardo Luz', CURRENT_TIMESTAMP, 'pigtraxadmin', 1);
INSERT INTO pigtraxrefdata."City" (name, "lastUpdated", "userUpdated", "id_Country") VALUES ('Abílio Martins', CURRENT_TIMESTAMP, 'pigtraxadmin', 1);
INSERT INTO pigtraxrefdata."City" (name, "lastUpdated", "userUpdated", "id_Country") VALUES ('Abóbora', CURRENT_TIMESTAMP, 'pigtraxadmin', 1);
INSERT INTO pigtraxrefdata."City" (name, "lastUpdated", "userUpdated", "id_Country") VALUES ('Abraão', CURRENT_TIMESTAMP, 'pigtraxadmin', 1);
INSERT INTO pigtraxrefdata."City" (name, "lastUpdated", "userUpdated", "id_Country") VALUES ('Abrantes', CURRENT_TIMESTAMP, 'pigtraxadmin', 1);
INSERT INTO pigtraxrefdata."City" (name, "lastUpdated", "userUpdated", "id_Country") VALUES ('Abre Campo', CURRENT_TIMESTAMP, 'pigtraxadmin', 1);
INSERT INTO pigtraxrefdata."City" (name, "lastUpdated", "userUpdated", "id_Country") VALUES ('Abreu e Lima', CURRENT_TIMESTAMP, 'pigtraxadmin', 1);
INSERT INTO pigtraxrefdata."City" (name, "lastUpdated", "userUpdated", "id_Country") VALUES ('Abreulândia', CURRENT_TIMESTAMP, 'pigtraxadmin', 1);
INSERT INTO pigtraxrefdata."City" (name, "lastUpdated", "userUpdated", "id_Country") VALUES ('Abreus', CURRENT_TIMESTAMP, 'pigtraxadmin', 1);
INSERT INTO pigtraxrefdata."City" (name, "lastUpdated", "userUpdated", "id_Country") VALUES ('Abunã', CURRENT_TIMESTAMP, 'pigtraxadmin', 1);
INSERT INTO pigtraxrefdata."City" (name, "lastUpdated", "userUpdated", "id_Country") VALUES ('Acaiaca', CURRENT_TIMESTAMP, 'pigtraxadmin', 1);
INSERT INTO pigtraxrefdata."City" (name, "lastUpdated", "userUpdated", "id_Country") VALUES ('Açailândia', CURRENT_TIMESTAMP, 'pigtraxadmin', 1);
INSERT INTO pigtraxrefdata."City" (name, "lastUpdated", "userUpdated", "id_Country") VALUES ('Acajutiba', CURRENT_TIMESTAMP, 'pigtraxadmin', 1);
INSERT INTO pigtraxrefdata."City" (name, "lastUpdated", "userUpdated", "id_Country") VALUES ('Acará', CURRENT_TIMESTAMP, 'pigtraxadmin', 1);
INSERT INTO pigtraxrefdata."City" (name, "lastUpdated", "userUpdated", "id_Country") VALUES ('Acarape', CURRENT_TIMESTAMP, 'pigtraxadmin', 1);
INSERT INTO pigtraxrefdata."City" (name, "lastUpdated", "userUpdated", "id_Country") VALUES ('Acaraú', CURRENT_TIMESTAMP, 'pigtraxadmin', 1);
INSERT INTO pigtraxrefdata."City" (name, "lastUpdated", "userUpdated", "id_Country") VALUES ('Acari', CURRENT_TIMESTAMP, 'pigtraxadmin', 1);
INSERT INTO pigtraxrefdata."City" (name, "lastUpdated", "userUpdated", "id_Country") VALUES ('Acauã', CURRENT_TIMESTAMP, 'pigtraxadmin', 1);
INSERT INTO pigtraxrefdata."City" (name, "lastUpdated", "userUpdated", "id_Country") VALUES ('Aceguá', CURRENT_TIMESTAMP, 'pigtraxadmin', 1);
INSERT INTO pigtraxrefdata."City" (name, "lastUpdated", "userUpdated", "id_Country") VALUES ('Acioli', CURRENT_TIMESTAMP, 'pigtraxadmin', 1);
INSERT INTO pigtraxrefdata."City" (name, "lastUpdated", "userUpdated", "id_Country") VALUES ('Acopiara', CURRENT_TIMESTAMP, 'pigtraxadmin', 1);
INSERT INTO pigtraxrefdata."City" (name, "lastUpdated", "userUpdated", "id_Country") VALUES ('Acorizal', CURRENT_TIMESTAMP, 'pigtraxadmin', 1);
INSERT INTO pigtraxrefdata."City" (name, "lastUpdated", "userUpdated", "id_Country") VALUES ('Acrelândia', CURRENT_TIMESTAMP, 'pigtraxadmin', 1);
INSERT INTO pigtraxrefdata."City" (name, "lastUpdated", "userUpdated", "id_Country") VALUES ('Acreúna', CURRENT_TIMESTAMP, 'pigtraxadmin', 1);
INSERT INTO pigtraxrefdata."City" (name, "lastUpdated", "userUpdated", "id_Country") VALUES ('Açu', CURRENT_TIMESTAMP, 'pigtraxadmin', 1);
INSERT INTO pigtraxrefdata."City" (name, "lastUpdated", "userUpdated", "id_Country") VALUES ('Açu da Torre', CURRENT_TIMESTAMP, 'pigtraxadmin', 1);
INSERT INTO pigtraxrefdata."City" (name, "lastUpdated", "userUpdated", "id_Country") VALUES ('Açucena', CURRENT_TIMESTAMP, 'pigtraxadmin', 1);
INSERT INTO pigtraxrefdata."City" (name, "lastUpdated", "userUpdated", "id_Country") VALUES ('Açudina', CURRENT_TIMESTAMP, 'pigtraxadmin', 1);
INSERT INTO pigtraxrefdata."City" (name, "lastUpdated", "userUpdated", "id_Country") VALUES ('Acupe', CURRENT_TIMESTAMP, 'pigtraxadmin', 1);
INSERT INTO pigtraxrefdata."City" (name, "lastUpdated", "userUpdated", "id_Country") VALUES ('Adamantina', CURRENT_TIMESTAMP, 'pigtraxadmin', 1);
INSERT INTO pigtraxrefdata."City" (name, "lastUpdated", "userUpdated", "id_Country") VALUES ('Adão Colares', CURRENT_TIMESTAMP, 'pigtraxadmin', 1);
INSERT INTO pigtraxrefdata."City" (name, "lastUpdated", "userUpdated", "id_Country") VALUES ('Adelândia', CURRENT_TIMESTAMP, 'pigtraxadmin', 1);
INSERT INTO pigtraxrefdata."City" (name, "lastUpdated", "userUpdated", "id_Country") VALUES ('Adhemar de Barros', CURRENT_TIMESTAMP, 'pigtraxadmin', 1);
INSERT INTO pigtraxrefdata."City" (name, "lastUpdated", "userUpdated", "id_Country") VALUES ('Adolfo', CURRENT_TIMESTAMP, 'pigtraxadmin', 1);
INSERT INTO pigtraxrefdata."City" (name, "lastUpdated", "userUpdated", "id_Country") VALUES ('Adrianópolis', CURRENT_TIMESTAMP, 'pigtraxadmin', 1);
INSERT INTO pigtraxrefdata."City" (name, "lastUpdated", "userUpdated", "id_Country") VALUES ('Afogados da Ingazeira', CURRENT_TIMESTAMP, 'pigtraxadmin', 1);
INSERT INTO pigtraxrefdata."City" (name, "lastUpdated", "userUpdated", "id_Country") VALUES ('Afonso Arinos', CURRENT_TIMESTAMP, 'pigtraxadmin', 1);
INSERT INTO pigtraxrefdata."City" (name, "lastUpdated", "userUpdated", "id_Country") VALUES ('Afonso Bezerra', CURRENT_TIMESTAMP, 'pigtraxadmin', 1);
INSERT INTO pigtraxrefdata."City" (name, "lastUpdated", "userUpdated", "id_Country") VALUES ('Afonso Cláudio', CURRENT_TIMESTAMP, 'pigtraxadmin', 1);
INSERT INTO pigtraxrefdata."City" (name, "lastUpdated", "userUpdated", "id_Country") VALUES ('Afonso Cunha', CURRENT_TIMESTAMP, 'pigtraxadmin', 1);
INSERT INTO pigtraxrefdata."City" (name, "lastUpdated", "userUpdated", "id_Country") VALUES ('Afrânio', CURRENT_TIMESTAMP, 'pigtraxadmin', 1);
INSERT INTO pigtraxrefdata."City" (name, "lastUpdated", "userUpdated", "id_Country") VALUES ('Afuá', CURRENT_TIMESTAMP, 'pigtraxadmin', 1);
INSERT INTO pigtraxrefdata."City" (name, "lastUpdated", "userUpdated", "id_Country") VALUES ('Agrestina', CURRENT_TIMESTAMP, 'pigtraxadmin', 1);
INSERT INTO pigtraxrefdata."City" (name, "lastUpdated", "userUpdated", "id_Country") VALUES ('Agricolândia', CURRENT_TIMESTAMP, 'pigtraxadmin', 1);
INSERT INTO pigtraxrefdata."City" (name, "lastUpdated", "userUpdated", "id_Country") VALUES ('Agro Cafeeira', CURRENT_TIMESTAMP, 'pigtraxadmin', 1);
INSERT INTO pigtraxrefdata."City" (name, "lastUpdated", "userUpdated", "id_Country") VALUES ('Agrolândia', CURRENT_TIMESTAMP, 'pigtraxadmin', 1);
INSERT INTO pigtraxrefdata."City" (name, "lastUpdated", "userUpdated", "id_Country") VALUES ('Agronômica', CURRENT_TIMESTAMP, 'pigtraxadmin', 1);
INSERT INTO pigtraxrefdata."City" (name, "lastUpdated", "userUpdated", "id_Country") VALUES ('Água Azul do Norte', CURRENT_TIMESTAMP, 'pigtraxadmin', 1);
INSERT INTO pigtraxrefdata."City" (name, "lastUpdated", "userUpdated", "id_Country") VALUES ('Água Boa', CURRENT_TIMESTAMP, 'pigtraxadmin', 1);
INSERT INTO pigtraxrefdata."City" (name, "lastUpdated", "userUpdated", "id_Country") VALUES ('Água Branca', CURRENT_TIMESTAMP, 'pigtraxadmin', 1);
INSERT INTO pigtraxrefdata."City" (name, "lastUpdated", "userUpdated", "id_Country") VALUES ('Água Doce', CURRENT_TIMESTAMP, 'pigtraxadmin', 1);
INSERT INTO pigtraxrefdata."City" (name, "lastUpdated", "userUpdated", "id_Country") VALUES ('Agua Fria', CURRENT_TIMESTAMP, 'pigtraxadmin', 1);
INSERT INTO pigtraxrefdata."City" (name, "lastUpdated", "userUpdated", "id_Country") VALUES ('Água Fria', CURRENT_TIMESTAMP, 'pigtraxadmin', 1);
INSERT INTO pigtraxrefdata."City" (name, "lastUpdated", "userUpdated", "id_Country") VALUES ('Água Fria de Goiás', CURRENT_TIMESTAMP, 'pigtraxadmin', 1);
INSERT INTO pigtraxrefdata."City" (name, "lastUpdated", "userUpdated", "id_Country") VALUES ('Água Nova', CURRENT_TIMESTAMP, 'pigtraxadmin', 1);
INSERT INTO pigtraxrefdata."City" (name, "lastUpdated", "userUpdated", "id_Country") VALUES ('Água Preta', CURRENT_TIMESTAMP, 'pigtraxadmin', 1);
INSERT INTO pigtraxrefdata."City" (name, "lastUpdated", "userUpdated", "id_Country") VALUES ('Água Quente', CURRENT_TIMESTAMP, 'pigtraxadmin', 1);
INSERT INTO pigtraxrefdata."City" (name, "lastUpdated", "userUpdated", "id_Country") VALUES ('Água Santa', CURRENT_TIMESTAMP, 'pigtraxadmin', 1);
INSERT INTO pigtraxrefdata."City" (name, "lastUpdated", "userUpdated", "id_Country") VALUES ('Água Vermelha', CURRENT_TIMESTAMP, 'pigtraxadmin', 1);
INSERT INTO pigtraxrefdata."City" (name, "lastUpdated", "userUpdated", "id_Country") VALUES ('Aguaí', CURRENT_TIMESTAMP, 'pigtraxadmin', 1);
INSERT INTO pigtraxrefdata."City" (name, "lastUpdated", "userUpdated", "id_Country") VALUES ('Aguanil', CURRENT_TIMESTAMP, 'pigtraxadmin', 1);
INSERT INTO pigtraxrefdata."City" (name, "lastUpdated", "userUpdated", "id_Country") VALUES ('Aguapés', CURRENT_TIMESTAMP, 'pigtraxadmin', 1);
INSERT INTO pigtraxrefdata."City" (name, "lastUpdated", "userUpdated", "id_Country") VALUES ('Águas Altas', CURRENT_TIMESTAMP, 'pigtraxadmin', 1);
INSERT INTO pigtraxrefdata."City" (name, "lastUpdated", "userUpdated", "id_Country") VALUES ('Águas Belas', CURRENT_TIMESTAMP, 'pigtraxadmin', 1);
INSERT INTO pigtraxrefdata."City" (name, "lastUpdated", "userUpdated", "id_Country") VALUES ('Águas Brancas', CURRENT_TIMESTAMP, 'pigtraxadmin', 1);
INSERT INTO pigtraxrefdata."City" (name, "lastUpdated", "userUpdated", "id_Country") VALUES ('Águas Claras', CURRENT_TIMESTAMP, 'pigtraxadmin', 1);
INSERT INTO pigtraxrefdata."City" (name, "lastUpdated", "userUpdated", "id_Country") VALUES ('Águas da Prata', CURRENT_TIMESTAMP, 'pigtraxadmin', 1);
INSERT INTO pigtraxrefdata."City" (name, "lastUpdated", "userUpdated", "id_Country") VALUES ('Águas de Chapecó', CURRENT_TIMESTAMP, 'pigtraxadmin', 1);
INSERT INTO pigtraxrefdata."City" (name, "lastUpdated", "userUpdated", "id_Country") VALUES ('Águas de Jurema', CURRENT_TIMESTAMP, 'pigtraxadmin', 1);
INSERT INTO pigtraxrefdata."City" (name, "lastUpdated", "userUpdated", "id_Country") VALUES ('Águas de Lindóia', CURRENT_TIMESTAMP, 'pigtraxadmin', 1);
INSERT INTO pigtraxrefdata."City" (name, "lastUpdated", "userUpdated", "id_Country") VALUES ('Águas de Santa Bárbara', CURRENT_TIMESTAMP, 'pigtraxadmin', 1);
INSERT INTO pigtraxrefdata."City" (name, "lastUpdated", "userUpdated", "id_Country") VALUES ('Águas de São Pedro', CURRENT_TIMESTAMP, 'pigtraxadmin', 1);
INSERT INTO pigtraxrefdata."City" (name, "lastUpdated", "userUpdated", "id_Country") VALUES ('Águas Férreas', CURRENT_TIMESTAMP, 'pigtraxadmin', 1);
INSERT INTO pigtraxrefdata."City" (name, "lastUpdated", "userUpdated", "id_Country") VALUES ('Águas Formosas', CURRENT_TIMESTAMP, 'pigtraxadmin', 1);
INSERT INTO pigtraxrefdata."City" (name, "lastUpdated", "userUpdated", "id_Country") VALUES ('Águas Frias', CURRENT_TIMESTAMP, 'pigtraxadmin', 1);
INSERT INTO pigtraxrefdata."City" (name, "lastUpdated", "userUpdated", "id_Country") VALUES ('Águas Lindas de Goiás', CURRENT_TIMESTAMP, 'pigtraxadmin', 1);
INSERT INTO pigtraxrefdata."City" (name, "lastUpdated", "userUpdated", "id_Country") VALUES ('Águas Mornas', CURRENT_TIMESTAMP, 'pigtraxadmin', 1);
INSERT INTO pigtraxrefdata."City" (name, "lastUpdated", "userUpdated", "id_Country") VALUES ('Águas Vermelhas', CURRENT_TIMESTAMP, 'pigtraxadmin', 1);
INSERT INTO pigtraxrefdata."City" (name, "lastUpdated", "userUpdated", "id_Country") VALUES ('Águas Virtuosas', CURRENT_TIMESTAMP, 'pigtraxadmin', 1);
INSERT INTO pigtraxrefdata."City" (name, "lastUpdated", "userUpdated", "id_Country") VALUES ('Agudo', CURRENT_TIMESTAMP, 'pigtraxadmin', 1);
INSERT INTO pigtraxrefdata."City" (name, "lastUpdated", "userUpdated", "id_Country") VALUES ('Agudos', CURRENT_TIMESTAMP, 'pigtraxadmin', 1);
INSERT INTO pigtraxrefdata."City" (name, "lastUpdated", "userUpdated", "id_Country") VALUES ('Agudos do Sul', CURRENT_TIMESTAMP, 'pigtraxadmin', 1);
INSERT INTO pigtraxrefdata."City" (name, "lastUpdated", "userUpdated", "id_Country") VALUES ('Águia Branca', CURRENT_TIMESTAMP, 'pigtraxadmin', 1);
INSERT INTO pigtraxrefdata."City" (name, "lastUpdated", "userUpdated", "id_Country") VALUES ('Aguiar', CURRENT_TIMESTAMP, 'pigtraxadmin', 1);
INSERT INTO pigtraxrefdata."City" (name, "lastUpdated", "userUpdated", "id_Country") VALUES ('Aguiarnópolis', CURRENT_TIMESTAMP, 'pigtraxadmin', 1);
INSERT INTO pigtraxrefdata."City" (name, "lastUpdated", "userUpdated", "id_Country") VALUES ('Agulha', CURRENT_TIMESTAMP, 'pigtraxadmin', 1);
INSERT INTO pigtraxrefdata."City" (name, "lastUpdated", "userUpdated", "id_Country") VALUES ('Agulhas Negras', CURRENT_TIMESTAMP, 'pigtraxadmin', 1);
INSERT INTO pigtraxrefdata."City" (name, "lastUpdated", "userUpdated", "id_Country") VALUES ('Aimorés', CURRENT_TIMESTAMP, 'pigtraxadmin', 1);
INSERT INTO pigtraxrefdata."City" (name, "lastUpdated", "userUpdated", "id_Country") VALUES ('Aiquara', CURRENT_TIMESTAMP, 'pigtraxadmin', 1);
INSERT INTO pigtraxrefdata."City" (name, "lastUpdated", "userUpdated", "id_Country") VALUES ('Airituba', CURRENT_TIMESTAMP, 'pigtraxadmin', 1);
INSERT INTO pigtraxrefdata."City" (name, "lastUpdated", "userUpdated", "id_Country") VALUES ('Airões', CURRENT_TIMESTAMP, 'pigtraxadmin', 1);
INSERT INTO pigtraxrefdata."City" (name, "lastUpdated", "userUpdated", "id_Country") VALUES ('Aiuaba', CURRENT_TIMESTAMP, 'pigtraxadmin', 1);
INSERT INTO pigtraxrefdata."City" (name, "lastUpdated", "userUpdated", "id_Country") VALUES ('Aiuruoca', CURRENT_TIMESTAMP, 'pigtraxadmin', 1);
INSERT INTO pigtraxrefdata."City" (name, "lastUpdated", "userUpdated", "id_Country") VALUES ('Ajapi', CURRENT_TIMESTAMP, 'pigtraxadmin', 1);
INSERT INTO pigtraxrefdata."City" (name, "lastUpdated", "userUpdated", "id_Country") VALUES ('Ajuricaba', CURRENT_TIMESTAMP, 'pigtraxadmin', 1);
INSERT INTO pigtraxrefdata."City" (name, "lastUpdated", "userUpdated", "id_Country") VALUES ('Alagoa', CURRENT_TIMESTAMP, 'pigtraxadmin', 1);
INSERT INTO pigtraxrefdata."City" (name, "lastUpdated", "userUpdated", "id_Country") VALUES ('Alagoa Grande', CURRENT_TIMESTAMP, 'pigtraxadmin', 1);
INSERT INTO pigtraxrefdata."City" (name, "lastUpdated", "userUpdated", "id_Country") VALUES ('Alagoa Nova', CURRENT_TIMESTAMP, 'pigtraxadmin', 1);
INSERT INTO pigtraxrefdata."City" (name, "lastUpdated", "userUpdated", "id_Country") VALUES ('Alagoinha', CURRENT_TIMESTAMP, 'pigtraxadmin', 1);
INSERT INTO pigtraxrefdata."City" (name, "lastUpdated", "userUpdated", "id_Country") VALUES ('Alagoinha do Piauí', CURRENT_TIMESTAMP, 'pigtraxadmin', 1);
INSERT INTO pigtraxrefdata."City" (name, "lastUpdated", "userUpdated", "id_Country") VALUES ('Alagoinhas', CURRENT_TIMESTAMP, 'pigtraxadmin', 1);
INSERT INTO pigtraxrefdata."City" (name, "lastUpdated", "userUpdated", "id_Country") VALUES ('Alambari', CURRENT_TIMESTAMP, 'pigtraxadmin', 1);
INSERT INTO pigtraxrefdata."City" (name, "lastUpdated", "userUpdated", "id_Country") VALUES ('Albardão', CURRENT_TIMESTAMP, 'pigtraxadmin', 1);
INSERT INTO pigtraxrefdata."City" (name, "lastUpdated", "userUpdated", "id_Country") VALUES ('Albertina', CURRENT_TIMESTAMP, 'pigtraxadmin', 1);
INSERT INTO pigtraxrefdata."City" (name, "lastUpdated", "userUpdated", "id_Country") VALUES ('Alberto Isaacson', CURRENT_TIMESTAMP, 'pigtraxadmin', 1);
INSERT INTO pigtraxrefdata."City" (name, "lastUpdated", "userUpdated", "id_Country") VALUES ('Albuquerque', CURRENT_TIMESTAMP, 'pigtraxadmin', 1);
INSERT INTO pigtraxrefdata."City" (name, "lastUpdated", "userUpdated", "id_Country") VALUES ('Alcântaras', CURRENT_TIMESTAMP, 'pigtraxadmin', 1);
INSERT INTO pigtraxrefdata."City" (name, "lastUpdated", "userUpdated", "id_Country") VALUES ('Alcantil', CURRENT_TIMESTAMP, 'pigtraxadmin', 1);
INSERT INTO pigtraxrefdata."City" (name, "lastUpdated", "userUpdated", "id_Country") VALUES ('Alcinópolis', CURRENT_TIMESTAMP, 'pigtraxadmin', 1);
INSERT INTO pigtraxrefdata."City" (name, "lastUpdated", "userUpdated", "id_Country") VALUES ('Alcobaça', CURRENT_TIMESTAMP, 'pigtraxadmin', 1);
INSERT INTO pigtraxrefdata."City" (name, "lastUpdated", "userUpdated", "id_Country") VALUES ('Aldeia', CURRENT_TIMESTAMP, 'pigtraxadmin', 1);
INSERT INTO pigtraxrefdata."City" (name, "lastUpdated", "userUpdated", "id_Country") VALUES ('Aldeia de Carapicuíba', CURRENT_TIMESTAMP, 'pigtraxadmin', 1);
INSERT INTO pigtraxrefdata."City" (name, "lastUpdated", "userUpdated", "id_Country") VALUES ('Aldeias Altas', CURRENT_TIMESTAMP, 'pigtraxadmin', 1);
INSERT INTO pigtraxrefdata."City" (name, "lastUpdated", "userUpdated", "id_Country") VALUES ('Alecrim', CURRENT_TIMESTAMP, 'pigtraxadmin', 1);
INSERT INTO pigtraxrefdata."City" (name, "lastUpdated", "userUpdated", "id_Country") VALUES ('Alegre', CURRENT_TIMESTAMP, 'pigtraxadmin', 1);
INSERT INTO pigtraxrefdata."City" (name, "lastUpdated", "userUpdated", "id_Country") VALUES ('Alegrete', CURRENT_TIMESTAMP, 'pigtraxadmin', 1);
INSERT INTO pigtraxrefdata."City" (name, "lastUpdated", "userUpdated", "id_Country") VALUES ('Alegrete do Piauí', CURRENT_TIMESTAMP, 'pigtraxadmin', 1);
INSERT INTO pigtraxrefdata."City" (name, "lastUpdated", "userUpdated", "id_Country") VALUES ('Alegria', CURRENT_TIMESTAMP, 'pigtraxadmin', 1);
INSERT INTO pigtraxrefdata."City" (name, "lastUpdated", "userUpdated", "id_Country") VALUES ('Além Paraíba', CURRENT_TIMESTAMP, 'pigtraxadmin', 1);
INSERT INTO pigtraxrefdata."City" (name, "lastUpdated", "userUpdated", "id_Country") VALUES ('Alemoa', CURRENT_TIMESTAMP, 'pigtraxadmin', 1);
INSERT INTO pigtraxrefdata."City" (name, "lastUpdated", "userUpdated", "id_Country") VALUES ('Alexandra', CURRENT_TIMESTAMP, 'pigtraxadmin', 1);
INSERT INTO pigtraxrefdata."City" (name, "lastUpdated", "userUpdated", "id_Country") VALUES ('Alexandria', CURRENT_TIMESTAMP, 'pigtraxadmin', 1);
INSERT INTO pigtraxrefdata."City" (name, "lastUpdated", "userUpdated", "id_Country") VALUES ('Alexandrita', CURRENT_TIMESTAMP, 'pigtraxadmin', 1);
INSERT INTO pigtraxrefdata."City" (name, "lastUpdated", "userUpdated", "id_Country") VALUES ('Alexânia', CURRENT_TIMESTAMP, 'pigtraxadmin', 1);
INSERT INTO pigtraxrefdata."City" (name, "lastUpdated", "userUpdated", "id_Country") VALUES ('Alfredo Chaves', CURRENT_TIMESTAMP, 'pigtraxadmin', 1);
INSERT INTO pigtraxrefdata."City" (name, "lastUpdated", "userUpdated", "id_Country") VALUES ('Alfredo Guedes', CURRENT_TIMESTAMP, 'pigtraxadmin', 1);
INSERT INTO pigtraxrefdata."City" (name, "lastUpdated", "userUpdated", "id_Country") VALUES ('Alfredo Marcondes', CURRENT_TIMESTAMP, 'pigtraxadmin', 1);
INSERT INTO pigtraxrefdata."City" (name, "lastUpdated", "userUpdated", "id_Country") VALUES ('Alfredo Wagner', CURRENT_TIMESTAMP, 'pigtraxadmin', 1);
INSERT INTO pigtraxrefdata."City" (name, "lastUpdated", "userUpdated", "id_Country") VALUES ('Algodão', CURRENT_TIMESTAMP, 'pigtraxadmin', 1);
INSERT INTO pigtraxrefdata."City" (name, "lastUpdated", "userUpdated", "id_Country") VALUES ('Algodão de Jandaíra', CURRENT_TIMESTAMP, 'pigtraxadmin', 1);
INSERT INTO pigtraxrefdata."City" (name, "lastUpdated", "userUpdated", "id_Country") VALUES ('Algodões', CURRENT_TIMESTAMP, 'pigtraxadmin', 1);
INSERT INTO pigtraxrefdata."City" (name, "lastUpdated", "userUpdated", "id_Country") VALUES ('Alhandra', CURRENT_TIMESTAMP, 'pigtraxadmin', 1);
INSERT INTO pigtraxrefdata."City" (name, "lastUpdated", "userUpdated", "id_Country") VALUES ('Aliança', CURRENT_TIMESTAMP, 'pigtraxadmin', 1);
INSERT INTO pigtraxrefdata."City" (name, "lastUpdated", "userUpdated", "id_Country") VALUES ('Aliança do Tocantins', CURRENT_TIMESTAMP, 'pigtraxadmin', 1);
INSERT INTO pigtraxrefdata."City" (name, "lastUpdated", "userUpdated", "id_Country") VALUES ('Almadina', CURRENT_TIMESTAMP, 'pigtraxadmin', 1);
INSERT INTO pigtraxrefdata."City" (name, "lastUpdated", "userUpdated", "id_Country") VALUES ('Almas', CURRENT_TIMESTAMP, 'pigtraxadmin', 1);
INSERT INTO pigtraxrefdata."City" (name, "lastUpdated", "userUpdated", "id_Country") VALUES ('Almeida', CURRENT_TIMESTAMP, 'pigtraxadmin', 1);
INSERT INTO pigtraxrefdata."City" (name, "lastUpdated", "userUpdated", "id_Country") VALUES ('Almeirim', CURRENT_TIMESTAMP, 'pigtraxadmin', 1);
INSERT INTO pigtraxrefdata."City" (name, "lastUpdated", "userUpdated", "id_Country") VALUES ('Almenara', CURRENT_TIMESTAMP, 'pigtraxadmin', 1);
INSERT INTO pigtraxrefdata."City" (name, "lastUpdated", "userUpdated", "id_Country") VALUES ('Almino Afonso', CURRENT_TIMESTAMP, 'pigtraxadmin', 1);
INSERT INTO pigtraxrefdata."City" (name, "lastUpdated", "userUpdated", "id_Country") VALUES ('Almirante Tamandaré', CURRENT_TIMESTAMP, 'pigtraxadmin', 1);
INSERT INTO pigtraxrefdata."City" (name, "lastUpdated", "userUpdated", "id_Country") VALUES ('Almirante Tamandaré do Sul', CURRENT_TIMESTAMP, 'pigtraxadmin', 1);
INSERT INTO pigtraxrefdata."City" (name, "lastUpdated", "userUpdated", "id_Country") VALUES ('Almofala', CURRENT_TIMESTAMP, 'pigtraxadmin', 1);
INSERT INTO pigtraxrefdata."City" (name, "lastUpdated", "userUpdated", "id_Country") VALUES ('Alpercata', CURRENT_TIMESTAMP, 'pigtraxadmin', 1);
INSERT INTO pigtraxrefdata."City" (name, "lastUpdated", "userUpdated", "id_Country") VALUES ('Alpestre', CURRENT_TIMESTAMP, 'pigtraxadmin', 1);
INSERT INTO pigtraxrefdata."City" (name, "lastUpdated", "userUpdated", "id_Country") VALUES ('Alpinópolis', CURRENT_TIMESTAMP, 'pigtraxadmin', 1);
INSERT INTO pigtraxrefdata."City" (name, "lastUpdated", "userUpdated", "id_Country") VALUES ('Alta Floresta', CURRENT_TIMESTAMP, 'pigtraxadmin', 1);
INSERT INTO pigtraxrefdata."City" (name, "lastUpdated", "userUpdated", "id_Country") VALUES ('Alta Floresta D''Oeste', CURRENT_TIMESTAMP, 'pigtraxadmin', 1);
INSERT INTO pigtraxrefdata."City" (name, "lastUpdated", "userUpdated", "id_Country") VALUES ('Altair', CURRENT_TIMESTAMP, 'pigtraxadmin', 1);
INSERT INTO pigtraxrefdata."City" (name, "lastUpdated", "userUpdated", "id_Country") VALUES ('Altamira', CURRENT_TIMESTAMP, 'pigtraxadmin', 1);
INSERT INTO pigtraxrefdata."City" (name, "lastUpdated", "userUpdated", "id_Country") VALUES ('Altamira do Maranhão', CURRENT_TIMESTAMP, 'pigtraxadmin', 1);
INSERT INTO pigtraxrefdata."City" (name, "lastUpdated", "userUpdated", "id_Country") VALUES ('Altamira do Paraná', CURRENT_TIMESTAMP, 'pigtraxadmin', 1);
INSERT INTO pigtraxrefdata."City" (name, "lastUpdated", "userUpdated", "id_Country") VALUES ('Altaneira', CURRENT_TIMESTAMP, 'pigtraxadmin', 1);
INSERT INTO pigtraxrefdata."City" (name, "lastUpdated", "userUpdated", "id_Country") VALUES ('Alter do Chão', CURRENT_TIMESTAMP, 'pigtraxadmin', 1);
INSERT INTO pigtraxrefdata."City" (name, "lastUpdated", "userUpdated", "id_Country") VALUES ('Alterosa', CURRENT_TIMESTAMP, 'pigtraxadmin', 1);
INSERT INTO pigtraxrefdata."City" (name, "lastUpdated", "userUpdated", "id_Country") VALUES ('Altinho', CURRENT_TIMESTAMP, 'pigtraxadmin', 1);
INSERT INTO pigtraxrefdata."City" (name, "lastUpdated", "userUpdated", "id_Country") VALUES ('Altinópolis', CURRENT_TIMESTAMP, 'pigtraxadmin', 1);
INSERT INTO pigtraxrefdata."City" (name, "lastUpdated", "userUpdated", "id_Country") VALUES ('Alto Alegre', CURRENT_TIMESTAMP, 'pigtraxadmin', 1);
INSERT INTO pigtraxrefdata."City" (name, "lastUpdated", "userUpdated", "id_Country") VALUES ('Alto Alegre do Iguaçu', CURRENT_TIMESTAMP, 'pigtraxadmin', 1);
INSERT INTO pigtraxrefdata."City" (name, "lastUpdated", "userUpdated", "id_Country") VALUES ('Alto Alegre do Maranhão', CURRENT_TIMESTAMP, 'pigtraxadmin', 1);
INSERT INTO pigtraxrefdata."City" (name, "lastUpdated", "userUpdated", "id_Country") VALUES ('Alto Alegre do Pindaré', CURRENT_TIMESTAMP, 'pigtraxadmin', 1);
INSERT INTO pigtraxrefdata."City" (name, "lastUpdated", "userUpdated", "id_Country") VALUES ('Alto Alegre dos Parecis', CURRENT_TIMESTAMP, 'pigtraxadmin', 1);
INSERT INTO pigtraxrefdata."City" (name, "lastUpdated", "userUpdated", "id_Country") VALUES ('Alto Araguaia', CURRENT_TIMESTAMP, 'pigtraxadmin', 1);
INSERT INTO pigtraxrefdata."City" (name, "lastUpdated", "userUpdated", "id_Country") VALUES ('Alto Bela Vista', CURRENT_TIMESTAMP, 'pigtraxadmin', 1);
INSERT INTO pigtraxrefdata."City" (name, "lastUpdated", "userUpdated", "id_Country") VALUES ('Alto Boa Vista', CURRENT_TIMESTAMP, 'pigtraxadmin', 1);
INSERT INTO pigtraxrefdata."City" (name, "lastUpdated", "userUpdated", "id_Country") VALUES ('Alto Bonito', CURRENT_TIMESTAMP, 'pigtraxadmin', 1);
INSERT INTO pigtraxrefdata."City" (name, "lastUpdated", "userUpdated", "id_Country") VALUES ('Alto Caparaó', CURRENT_TIMESTAMP, 'pigtraxadmin', 1);
INSERT INTO pigtraxrefdata."City" (name, "lastUpdated", "userUpdated", "id_Country") VALUES ('Alto Castelinho', CURRENT_TIMESTAMP, 'pigtraxadmin', 1);
INSERT INTO pigtraxrefdata."City" (name, "lastUpdated", "userUpdated", "id_Country") VALUES ('Alto Caxixe', CURRENT_TIMESTAMP, 'pigtraxadmin', 1);
INSERT INTO pigtraxrefdata."City" (name, "lastUpdated", "userUpdated", "id_Country") VALUES ('Alto Coité', CURRENT_TIMESTAMP, 'pigtraxadmin', 1);
INSERT INTO pigtraxrefdata."City" (name, "lastUpdated", "userUpdated", "id_Country") VALUES ('Alto da Brancal', CURRENT_TIMESTAMP, 'pigtraxadmin', 1);
INSERT INTO pigtraxrefdata."City" (name, "lastUpdated", "userUpdated", "id_Country") VALUES ('Alto Garças', CURRENT_TIMESTAMP, 'pigtraxadmin', 1);
INSERT INTO pigtraxrefdata."City" (name, "lastUpdated", "userUpdated", "id_Country") VALUES ('Alto Horizonte', CURRENT_TIMESTAMP, 'pigtraxadmin', 1);
INSERT INTO pigtraxrefdata."City" (name, "lastUpdated", "userUpdated", "id_Country") VALUES ('Alto Jequitibá', CURRENT_TIMESTAMP, 'pigtraxadmin', 1);
INSERT INTO pigtraxrefdata."City" (name, "lastUpdated", "userUpdated", "id_Country") VALUES ('Alto Lindo', CURRENT_TIMESTAMP, 'pigtraxadmin', 1);
INSERT INTO pigtraxrefdata."City" (name, "lastUpdated", "userUpdated", "id_Country") VALUES ('Alto Longá', CURRENT_TIMESTAMP, 'pigtraxadmin', 1);
INSERT INTO pigtraxrefdata."City" (name, "lastUpdated", "userUpdated", "id_Country") VALUES ('Alto Maranhão', CURRENT_TIMESTAMP, 'pigtraxadmin', 1);
INSERT INTO pigtraxrefdata."City" (name, "lastUpdated", "userUpdated", "id_Country") VALUES ('Alto Paraguai', CURRENT_TIMESTAMP, 'pigtraxadmin', 1);
INSERT INTO pigtraxrefdata."City" (name, "lastUpdated", "userUpdated", "id_Country") VALUES ('Alto Paraíso', CURRENT_TIMESTAMP, 'pigtraxadmin', 1);
INSERT INTO pigtraxrefdata."City" (name, "lastUpdated", "userUpdated", "id_Country") VALUES ('Alto Paraná', CURRENT_TIMESTAMP, 'pigtraxadmin', 1);
INSERT INTO pigtraxrefdata."City" (name, "lastUpdated", "userUpdated", "id_Country") VALUES ('Alto Parnaíba', CURRENT_TIMESTAMP, 'pigtraxadmin', 1);
INSERT INTO pigtraxrefdata."City" (name, "lastUpdated", "userUpdated", "id_Country") VALUES ('Alto Piquiri', CURRENT_TIMESTAMP, 'pigtraxadmin', 1);
INSERT INTO pigtraxrefdata."City" (name, "lastUpdated", "userUpdated", "id_Country") VALUES ('Alto Pongal', CURRENT_TIMESTAMP, 'pigtraxadmin', 1);
INSERT INTO pigtraxrefdata."City" (name, "lastUpdated", "userUpdated", "id_Country") VALUES ('Alto Porã', CURRENT_TIMESTAMP, 'pigtraxadmin', 1);
INSERT INTO pigtraxrefdata."City" (name, "lastUpdated", "userUpdated", "id_Country") VALUES ('Alto Rio Doce', CURRENT_TIMESTAMP, 'pigtraxadmin', 1);
INSERT INTO pigtraxrefdata."City" (name, "lastUpdated", "userUpdated", "id_Country") VALUES ('Alto Rio Novo', CURRENT_TIMESTAMP, 'pigtraxadmin', 1);
INSERT INTO pigtraxrefdata."City" (name, "lastUpdated", "userUpdated", "id_Country") VALUES ('Alto Santa Maria', CURRENT_TIMESTAMP, 'pigtraxadmin', 1);
INSERT INTO pigtraxrefdata."City" (name, "lastUpdated", "userUpdated", "id_Country") VALUES ('Alto Santo', CURRENT_TIMESTAMP, 'pigtraxadmin', 1);
INSERT INTO pigtraxrefdata."City" (name, "lastUpdated", "userUpdated", "id_Country") VALUES ('Alto Taquari', CURRENT_TIMESTAMP, 'pigtraxadmin', 1);
INSERT INTO pigtraxrefdata."City" (name, "lastUpdated", "userUpdated", "id_Country") VALUES ('Alto Uruguai', CURRENT_TIMESTAMP, 'pigtraxadmin', 1);
INSERT INTO pigtraxrefdata."City" (name, "lastUpdated", "userUpdated", "id_Country") VALUES ('Altônia', CURRENT_TIMESTAMP, 'pigtraxadmin', 1);
INSERT INTO pigtraxrefdata."City" (name, "lastUpdated", "userUpdated", "id_Country") VALUES ('Altos', CURRENT_TIMESTAMP, 'pigtraxadmin', 1);
INSERT INTO pigtraxrefdata."City" (name, "lastUpdated", "userUpdated", "id_Country") VALUES ('Altos Verdes', CURRENT_TIMESTAMP, 'pigtraxadmin', 1);
INSERT INTO pigtraxrefdata."City" (name, "lastUpdated", "userUpdated", "id_Country") VALUES ('Alumínio', CURRENT_TIMESTAMP, 'pigtraxadmin', 1);
INSERT INTO pigtraxrefdata."City" (name, "lastUpdated", "userUpdated", "id_Country") VALUES ('Alvação', CURRENT_TIMESTAMP, 'pigtraxadmin', 1);
INSERT INTO pigtraxrefdata."City" (name, "lastUpdated", "userUpdated", "id_Country") VALUES ('Alvarenga', CURRENT_TIMESTAMP, 'pigtraxadmin', 1);
INSERT INTO pigtraxrefdata."City" (name, "lastUpdated", "userUpdated", "id_Country") VALUES ('Álvares Florence', CURRENT_TIMESTAMP, 'pigtraxadmin', 1);
INSERT INTO pigtraxrefdata."City" (name, "lastUpdated", "userUpdated", "id_Country") VALUES ('Álvares Machado', CURRENT_TIMESTAMP, 'pigtraxadmin', 1);
INSERT INTO pigtraxrefdata."City" (name, "lastUpdated", "userUpdated", "id_Country") VALUES ('Álvaro de Carvalho', CURRENT_TIMESTAMP, 'pigtraxadmin', 1);
INSERT INTO pigtraxrefdata."City" (name, "lastUpdated", "userUpdated", "id_Country") VALUES ('Alvinlândia', CURRENT_TIMESTAMP, 'pigtraxadmin', 1);
INSERT INTO pigtraxrefdata."City" (name, "lastUpdated", "userUpdated", "id_Country") VALUES ('Alvinópolis', CURRENT_TIMESTAMP, 'pigtraxadmin', 1);
INSERT INTO pigtraxrefdata."City" (name, "lastUpdated", "userUpdated", "id_Country") VALUES ('Alvorada', CURRENT_TIMESTAMP, 'pigtraxadmin', 1);
INSERT INTO pigtraxrefdata."City" (name, "lastUpdated", "userUpdated", "id_Country") VALUES ('Alvorada de Minas', CURRENT_TIMESTAMP, 'pigtraxadmin', 1);
INSERT INTO pigtraxrefdata."City" (name, "lastUpdated", "userUpdated", "id_Country") VALUES ('Alvorada do Gurguéia', CURRENT_TIMESTAMP, 'pigtraxadmin', 1);
INSERT INTO pigtraxrefdata."City" (name, "lastUpdated", "userUpdated", "id_Country") VALUES ('Alvorada do Norte', CURRENT_TIMESTAMP, 'pigtraxadmin', 1);
INSERT INTO pigtraxrefdata."City" (name, "lastUpdated", "userUpdated", "id_Country") VALUES ('Alvorada do Sul', CURRENT_TIMESTAMP, 'pigtraxadmin', 1);
INSERT INTO pigtraxrefdata."City" (name, "lastUpdated", "userUpdated", "id_Country") VALUES ('Alvorada D''Oeste', CURRENT_TIMESTAMP, 'pigtraxadmin', 1);
INSERT INTO pigtraxrefdata."City" (name, "lastUpdated", "userUpdated", "id_Country") VALUES ('Amado Bahia', CURRENT_TIMESTAMP, 'pigtraxadmin', 1);
INSERT INTO pigtraxrefdata."City" (name, "lastUpdated", "userUpdated", "id_Country") VALUES ('Amajari', CURRENT_TIMESTAMP, 'pigtraxadmin', 1);
INSERT INTO pigtraxrefdata."City" (name, "lastUpdated", "userUpdated", "id_Country") VALUES ('Amambai', CURRENT_TIMESTAMP, 'pigtraxadmin', 1);
INSERT INTO pigtraxrefdata."City" (name, "lastUpdated", "userUpdated", "id_Country") VALUES ('Amanaiara', CURRENT_TIMESTAMP, 'pigtraxadmin', 1);
INSERT INTO pigtraxrefdata."City" (name, "lastUpdated", "userUpdated", "id_Country") VALUES ('Amanari', CURRENT_TIMESTAMP, 'pigtraxadmin', 1);
INSERT INTO pigtraxrefdata."City" (name, "lastUpdated", "userUpdated", "id_Country") VALUES ('Amandaba', CURRENT_TIMESTAMP, 'pigtraxadmin', 1);
INSERT INTO pigtraxrefdata."City" (name, "lastUpdated", "userUpdated", "id_Country") VALUES ('Amandina', CURRENT_TIMESTAMP, 'pigtraxadmin', 1);
INSERT INTO pigtraxrefdata."City" (name, "lastUpdated", "userUpdated", "id_Country") VALUES ('Amanhece', CURRENT_TIMESTAMP, 'pigtraxadmin', 1);
INSERT INTO pigtraxrefdata."City" (name, "lastUpdated", "userUpdated", "id_Country") VALUES ('Amaniutuba', CURRENT_TIMESTAMP, 'pigtraxadmin', 1);
INSERT INTO pigtraxrefdata."City" (name, "lastUpdated", "userUpdated", "id_Country") VALUES ('Amapá', CURRENT_TIMESTAMP, 'pigtraxadmin', 1);
INSERT INTO pigtraxrefdata."City" (name, "lastUpdated", "userUpdated", "id_Country") VALUES ('Amapá do Maranhão', CURRENT_TIMESTAMP, 'pigtraxadmin', 1);
INSERT INTO pigtraxrefdata."City" (name, "lastUpdated", "userUpdated", "id_Country") VALUES ('Amaporã', CURRENT_TIMESTAMP, 'pigtraxadmin', 1);
INSERT INTO pigtraxrefdata."City" (name, "lastUpdated", "userUpdated", "id_Country") VALUES ('Amaraji', CURRENT_TIMESTAMP, 'pigtraxadmin', 1);
INSERT INTO pigtraxrefdata."City" (name, "lastUpdated", "userUpdated", "id_Country") VALUES ('Amarante do Maranhão', CURRENT_TIMESTAMP, 'pigtraxadmin', 1);
INSERT INTO pigtraxrefdata."City" (name, "lastUpdated", "userUpdated", "id_Country") VALUES ('Amarantina', CURRENT_TIMESTAMP, 'pigtraxadmin', 1);
INSERT INTO pigtraxrefdata."City" (name, "lastUpdated", "userUpdated", "id_Country") VALUES ('Amargosa', CURRENT_TIMESTAMP, 'pigtraxadmin', 1);
INSERT INTO pigtraxrefdata."City" (name, "lastUpdated", "userUpdated", "id_Country") VALUES ('Amaro', CURRENT_TIMESTAMP, 'pigtraxadmin', 1);
INSERT INTO pigtraxrefdata."City" (name, "lastUpdated", "userUpdated", "id_Country") VALUES ('Amaturá', CURRENT_TIMESTAMP, 'pigtraxadmin', 1);
INSERT INTO pigtraxrefdata."City" (name, "lastUpdated", "userUpdated", "id_Country") VALUES ('Ameixas', CURRENT_TIMESTAMP, 'pigtraxadmin', 1);
INSERT INTO pigtraxrefdata."City" (name, "lastUpdated", "userUpdated", "id_Country") VALUES ('Amélia Rodrigues', CURRENT_TIMESTAMP, 'pigtraxadmin', 1);
INSERT INTO pigtraxrefdata."City" (name, "lastUpdated", "userUpdated", "id_Country") VALUES ('América', CURRENT_TIMESTAMP, 'pigtraxadmin', 1);
INSERT INTO pigtraxrefdata."City" (name, "lastUpdated", "userUpdated", "id_Country") VALUES ('América Dourada', CURRENT_TIMESTAMP, 'pigtraxadmin', 1);
INSERT INTO pigtraxrefdata."City" (name, "lastUpdated", "userUpdated", "id_Country") VALUES ('Americana', CURRENT_TIMESTAMP, 'pigtraxadmin', 1);
INSERT INTO pigtraxrefdata."City" (name, "lastUpdated", "userUpdated", "id_Country") VALUES ('Americano', CURRENT_TIMESTAMP, 'pigtraxadmin', 1);
INSERT INTO pigtraxrefdata."City" (name, "lastUpdated", "userUpdated", "id_Country") VALUES ('Americano do Brasil', CURRENT_TIMESTAMP, 'pigtraxadmin', 1);
INSERT INTO pigtraxrefdata."City" (name, "lastUpdated", "userUpdated", "id_Country") VALUES ('Américo Alves', CURRENT_TIMESTAMP, 'pigtraxadmin', 1);
INSERT INTO pigtraxrefdata."City" (name, "lastUpdated", "userUpdated", "id_Country") VALUES ('Américo Brasiliense', CURRENT_TIMESTAMP, 'pigtraxadmin', 1);
INSERT INTO pigtraxrefdata."City" (name, "lastUpdated", "userUpdated", "id_Country") VALUES ('Américo de Campos', CURRENT_TIMESTAMP, 'pigtraxadmin', 1);
INSERT INTO pigtraxrefdata."City" (name, "lastUpdated", "userUpdated", "id_Country") VALUES ('Ametista do Sul', CURRENT_TIMESTAMP, 'pigtraxadmin', 1);
INSERT INTO pigtraxrefdata."City" (name, "lastUpdated", "userUpdated", "id_Country") VALUES ('Amontada', CURRENT_TIMESTAMP, 'pigtraxadmin', 1);
INSERT INTO pigtraxrefdata."City" (name, "lastUpdated", "userUpdated", "id_Country") VALUES ('Amorinópolis', CURRENT_TIMESTAMP, 'pigtraxadmin', 1);
INSERT INTO pigtraxrefdata."City" (name, "lastUpdated", "userUpdated", "id_Country") VALUES ('Amparo', CURRENT_TIMESTAMP, 'pigtraxadmin', 1);
INSERT INTO pigtraxrefdata."City" (name, "lastUpdated", "userUpdated", "id_Country") VALUES ('Amparo de São Francisco', CURRENT_TIMESTAMP, 'pigtraxadmin', 1);
INSERT INTO pigtraxrefdata."City" (name, "lastUpdated", "userUpdated", "id_Country") VALUES ('Amparo do Serra', CURRENT_TIMESTAMP, 'pigtraxadmin', 1);
INSERT INTO pigtraxrefdata."City" (name, "lastUpdated", "userUpdated", "id_Country") VALUES ('Ampére', CURRENT_TIMESTAMP, 'pigtraxadmin', 1);
INSERT INTO pigtraxrefdata."City" (name, "lastUpdated", "userUpdated", "id_Country") VALUES ('Ana Dias', CURRENT_TIMESTAMP, 'pigtraxadmin', 1);
INSERT INTO pigtraxrefdata."City" (name, "lastUpdated", "userUpdated", "id_Country") VALUES ('Anadia', CURRENT_TIMESTAMP, 'pigtraxadmin', 1);
INSERT INTO pigtraxrefdata."City" (name, "lastUpdated", "userUpdated", "id_Country") VALUES ('Anagé', CURRENT_TIMESTAMP, 'pigtraxadmin', 1);
INSERT INTO pigtraxrefdata."City" (name, "lastUpdated", "userUpdated", "id_Country") VALUES ('Anahy', CURRENT_TIMESTAMP, 'pigtraxadmin', 1);
INSERT INTO pigtraxrefdata."City" (name, "lastUpdated", "userUpdated", "id_Country") VALUES ('Anajás', CURRENT_TIMESTAMP, 'pigtraxadmin', 1);
INSERT INTO pigtraxrefdata."City" (name, "lastUpdated", "userUpdated", "id_Country") VALUES ('Anajatuba', CURRENT_TIMESTAMP, 'pigtraxadmin', 1);
INSERT INTO pigtraxrefdata."City" (name, "lastUpdated", "userUpdated", "id_Country") VALUES ('Analândia', CURRENT_TIMESTAMP, 'pigtraxadmin', 1);
INSERT INTO pigtraxrefdata."City" (name, "lastUpdated", "userUpdated", "id_Country") VALUES ('Anamã', CURRENT_TIMESTAMP, 'pigtraxadmin', 1);
INSERT INTO pigtraxrefdata."City" (name, "lastUpdated", "userUpdated", "id_Country") VALUES ('Ananás', CURRENT_TIMESTAMP, 'pigtraxadmin', 1);
INSERT INTO pigtraxrefdata."City" (name, "lastUpdated", "userUpdated", "id_Country") VALUES ('Ananindeua', CURRENT_TIMESTAMP, 'pigtraxadmin', 1);
INSERT INTO pigtraxrefdata."City" (name, "lastUpdated", "userUpdated", "id_Country") VALUES ('Anápolis', CURRENT_TIMESTAMP, 'pigtraxadmin', 1);
INSERT INTO pigtraxrefdata."City" (name, "lastUpdated", "userUpdated", "id_Country") VALUES ('Anapu', CURRENT_TIMESTAMP, 'pigtraxadmin', 1);
INSERT INTO pigtraxrefdata."City" (name, "lastUpdated", "userUpdated", "id_Country") VALUES ('Anapurus', CURRENT_TIMESTAMP, 'pigtraxadmin', 1);
INSERT INTO pigtraxrefdata."City" (name, "lastUpdated", "userUpdated", "id_Country") VALUES ('Anastácio', CURRENT_TIMESTAMP, 'pigtraxadmin', 1);
INSERT INTO pigtraxrefdata."City" (name, "lastUpdated", "userUpdated", "id_Country") VALUES ('Anauá', CURRENT_TIMESTAMP, 'pigtraxadmin', 1);
INSERT INTO pigtraxrefdata."City" (name, "lastUpdated", "userUpdated", "id_Country") VALUES ('Anauerapucu', CURRENT_TIMESTAMP, 'pigtraxadmin', 1);
INSERT INTO pigtraxrefdata."City" (name, "lastUpdated", "userUpdated", "id_Country") VALUES ('Anaurilândia', CURRENT_TIMESTAMP, 'pigtraxadmin', 1);
INSERT INTO pigtraxrefdata."City" (name, "lastUpdated", "userUpdated", "id_Country") VALUES ('Anchieta', CURRENT_TIMESTAMP, 'pigtraxadmin', 1);
INSERT INTO pigtraxrefdata."City" (name, "lastUpdated", "userUpdated", "id_Country") VALUES ('Andiroba', CURRENT_TIMESTAMP, 'pigtraxadmin', 1);
INSERT INTO pigtraxrefdata."City" (name, "lastUpdated", "userUpdated", "id_Country") VALUES ('Andorinha', CURRENT_TIMESTAMP, 'pigtraxadmin', 1);
INSERT INTO pigtraxrefdata."City" (name, "lastUpdated", "userUpdated", "id_Country") VALUES ('Andradas', CURRENT_TIMESTAMP, 'pigtraxadmin', 1);
INSERT INTO pigtraxrefdata."City" (name, "lastUpdated", "userUpdated", "id_Country") VALUES ('Andrade Pinto', CURRENT_TIMESTAMP, 'pigtraxadmin', 1);
INSERT INTO pigtraxrefdata."City" (name, "lastUpdated", "userUpdated", "id_Country") VALUES ('Andradina', CURRENT_TIMESTAMP, 'pigtraxadmin', 1);
INSERT INTO pigtraxrefdata."City" (name, "lastUpdated", "userUpdated", "id_Country") VALUES ('Andrelândia', CURRENT_TIMESTAMP, 'pigtraxadmin', 1);
INSERT INTO pigtraxrefdata."City" (name, "lastUpdated", "userUpdated", "id_Country") VALUES ('Andrequicé', CURRENT_TIMESTAMP, 'pigtraxadmin', 1);
INSERT INTO pigtraxrefdata."City" (name, "lastUpdated", "userUpdated", "id_Country") VALUES ('Anel', CURRENT_TIMESTAMP, 'pigtraxadmin', 1);
INSERT INTO pigtraxrefdata."City" (name, "lastUpdated", "userUpdated", "id_Country") VALUES ('Angatuba', CURRENT_TIMESTAMP, 'pigtraxadmin', 1);
INSERT INTO pigtraxrefdata."City" (name, "lastUpdated", "userUpdated", "id_Country") VALUES ('Angelândia', CURRENT_TIMESTAMP, 'pigtraxadmin', 1);
INSERT INTO pigtraxrefdata."City" (name, "lastUpdated", "userUpdated", "id_Country") VALUES ('Angélica', CURRENT_TIMESTAMP, 'pigtraxadmin', 1);
INSERT INTO pigtraxrefdata."City" (name, "lastUpdated", "userUpdated", "id_Country") VALUES ('Angelim', CURRENT_TIMESTAMP, 'pigtraxadmin', 1);
INSERT INTO pigtraxrefdata."City" (name, "lastUpdated", "userUpdated", "id_Country") VALUES ('Angelina', CURRENT_TIMESTAMP, 'pigtraxadmin', 1);
INSERT INTO pigtraxrefdata."City" (name, "lastUpdated", "userUpdated", "id_Country") VALUES ('Angical', CURRENT_TIMESTAMP, 'pigtraxadmin', 1);
INSERT INTO pigtraxrefdata."City" (name, "lastUpdated", "userUpdated", "id_Country") VALUES ('Angical do Piauí', CURRENT_TIMESTAMP, 'pigtraxadmin', 1);
INSERT INTO pigtraxrefdata."City" (name, "lastUpdated", "userUpdated", "id_Country") VALUES ('Angico', CURRENT_TIMESTAMP, 'pigtraxadmin', 1);
INSERT INTO pigtraxrefdata."City" (name, "lastUpdated", "userUpdated", "id_Country") VALUES ('Angicos', CURRENT_TIMESTAMP, 'pigtraxadmin', 1);
INSERT INTO pigtraxrefdata."City" (name, "lastUpdated", "userUpdated", "id_Country") VALUES ('Angicos de Minas', CURRENT_TIMESTAMP, 'pigtraxadmin', 1);
INSERT INTO pigtraxrefdata."City" (name, "lastUpdated", "userUpdated", "id_Country") VALUES ('Angra dos Reis', CURRENT_TIMESTAMP, 'pigtraxadmin', 1);
INSERT INTO pigtraxrefdata."City" (name, "lastUpdated", "userUpdated", "id_Country") VALUES ('Anguera', CURRENT_TIMESTAMP, 'pigtraxadmin', 1);
INSERT INTO pigtraxrefdata."City" (name, "lastUpdated", "userUpdated", "id_Country") VALUES ('Angueretá', CURRENT_TIMESTAMP, 'pigtraxadmin', 1);
INSERT INTO pigtraxrefdata."City" (name, "lastUpdated", "userUpdated", "id_Country") VALUES ('Angustura', CURRENT_TIMESTAMP, 'pigtraxadmin', 1);
INSERT INTO pigtraxrefdata."City" (name, "lastUpdated", "userUpdated", "id_Country") VALUES ('Anhanduí', CURRENT_TIMESTAMP, 'pigtraxadmin', 1);
INSERT INTO pigtraxrefdata."City" (name, "lastUpdated", "userUpdated", "id_Country") VALUES ('Anhanguera', CURRENT_TIMESTAMP, 'pigtraxadmin', 1);
INSERT INTO pigtraxrefdata."City" (name, "lastUpdated", "userUpdated", "id_Country") VALUES ('Anhembi', CURRENT_TIMESTAMP, 'pigtraxadmin', 1);
INSERT INTO pigtraxrefdata."City" (name, "lastUpdated", "userUpdated", "id_Country") VALUES ('Anhumas', CURRENT_TIMESTAMP, 'pigtraxadmin', 1);
INSERT INTO pigtraxrefdata."City" (name, "lastUpdated", "userUpdated", "id_Country") VALUES ('Anicuns', CURRENT_TIMESTAMP, 'pigtraxadmin', 1);
INSERT INTO pigtraxrefdata."City" (name, "lastUpdated", "userUpdated", "id_Country") VALUES ('Anil', CURRENT_TIMESTAMP, 'pigtraxadmin', 1);
INSERT INTO pigtraxrefdata."City" (name, "lastUpdated", "userUpdated", "id_Country") VALUES ('Anísio de Abreu', CURRENT_TIMESTAMP, 'pigtraxadmin', 1);
INSERT INTO pigtraxrefdata."City" (name, "lastUpdated", "userUpdated", "id_Country") VALUES ('Anita Garibaldi', CURRENT_TIMESTAMP, 'pigtraxadmin', 1);
INSERT INTO pigtraxrefdata."City" (name, "lastUpdated", "userUpdated", "id_Country") VALUES ('Anitápolis', CURRENT_TIMESTAMP, 'pigtraxadmin', 1);
INSERT INTO pigtraxrefdata."City" (name, "lastUpdated", "userUpdated", "id_Country") VALUES ('Anori', CURRENT_TIMESTAMP, 'pigtraxadmin', 1);
INSERT INTO pigtraxrefdata."City" (name, "lastUpdated", "userUpdated", "id_Country") VALUES ('Anta', CURRENT_TIMESTAMP, 'pigtraxadmin', 1);
INSERT INTO pigtraxrefdata."City" (name, "lastUpdated", "userUpdated", "id_Country") VALUES ('Anta Gorda', CURRENT_TIMESTAMP, 'pigtraxadmin', 1);
INSERT INTO pigtraxrefdata."City" (name, "lastUpdated", "userUpdated", "id_Country") VALUES ('Antas', CURRENT_TIMESTAMP, 'pigtraxadmin', 1);
INSERT INTO pigtraxrefdata."City" (name, "lastUpdated", "userUpdated", "id_Country") VALUES ('Antonico', CURRENT_TIMESTAMP, 'pigtraxadmin', 1);
INSERT INTO pigtraxrefdata."City" (name, "lastUpdated", "userUpdated", "id_Country") VALUES ('Antonina', CURRENT_TIMESTAMP, 'pigtraxadmin', 1);
INSERT INTO pigtraxrefdata."City" (name, "lastUpdated", "userUpdated", "id_Country") VALUES ('Antônio Almeida', CURRENT_TIMESTAMP, 'pigtraxadmin', 1);
INSERT INTO pigtraxrefdata."City" (name, "lastUpdated", "userUpdated", "id_Country") VALUES ('Antônio Cardoso', CURRENT_TIMESTAMP, 'pigtraxadmin', 1);
INSERT INTO pigtraxrefdata."City" (name, "lastUpdated", "userUpdated", "id_Country") VALUES ('Antônio Dias', CURRENT_TIMESTAMP, 'pigtraxadmin', 1);
INSERT INTO pigtraxrefdata."City" (name, "lastUpdated", "userUpdated", "id_Country") VALUES ('Antônio Diogo', CURRENT_TIMESTAMP, 'pigtraxadmin', 1);
INSERT INTO pigtraxrefdata."City" (name, "lastUpdated", "userUpdated", "id_Country") VALUES ('Antônio Gonçalves', CURRENT_TIMESTAMP, 'pigtraxadmin', 1);
INSERT INTO pigtraxrefdata."City" (name, "lastUpdated", "userUpdated", "id_Country") VALUES ('Antônio João', CURRENT_TIMESTAMP, 'pigtraxadmin', 1);
INSERT INTO pigtraxrefdata."City" (name, "lastUpdated", "userUpdated", "id_Country") VALUES ('Antônio Martins', CURRENT_TIMESTAMP, 'pigtraxadmin', 1);
INSERT INTO pigtraxrefdata."City" (name, "lastUpdated", "userUpdated", "id_Country") VALUES ('Antônio Olinto', CURRENT_TIMESTAMP, 'pigtraxadmin', 1);
INSERT INTO pigtraxrefdata."City" (name, "lastUpdated", "userUpdated", "id_Country") VALUES ('Antônio Pereira', CURRENT_TIMESTAMP, 'pigtraxadmin', 1);
INSERT INTO pigtraxrefdata."City" (name, "lastUpdated", "userUpdated", "id_Country") VALUES ('Antônio Prado', CURRENT_TIMESTAMP, 'pigtraxadmin', 1);
INSERT INTO pigtraxrefdata."City" (name, "lastUpdated", "userUpdated", "id_Country") VALUES ('Antônio Prado de Minas', CURRENT_TIMESTAMP, 'pigtraxadmin', 1);
INSERT INTO pigtraxrefdata."City" (name, "lastUpdated", "userUpdated", "id_Country") VALUES ('Antunes', CURRENT_TIMESTAMP, 'pigtraxadmin', 1);
INSERT INTO pigtraxrefdata."City" (name, "lastUpdated", "userUpdated", "id_Country") VALUES ('Anutiba', CURRENT_TIMESTAMP, 'pigtraxadmin', 1);
INSERT INTO pigtraxrefdata."City" (name, "lastUpdated", "userUpdated", "id_Country") VALUES ('Aparecida', CURRENT_TIMESTAMP, 'pigtraxadmin', 1);
INSERT INTO pigtraxrefdata."City" (name, "lastUpdated", "userUpdated", "id_Country") VALUES ('Aparecida de Goiânia', CURRENT_TIMESTAMP, 'pigtraxadmin', 1);
INSERT INTO pigtraxrefdata."City" (name, "lastUpdated", "userUpdated", "id_Country") VALUES ('Aparecida de Minas', CURRENT_TIMESTAMP, 'pigtraxadmin', 1);
INSERT INTO pigtraxrefdata."City" (name, "lastUpdated", "userUpdated", "id_Country") VALUES ('Aparecida de São Manuel', CURRENT_TIMESTAMP, 'pigtraxadmin', 1);
INSERT INTO pigtraxrefdata."City" (name, "lastUpdated", "userUpdated", "id_Country") VALUES ('Aparecida do Monte Alto', CURRENT_TIMESTAMP, 'pigtraxadmin', 1);
INSERT INTO pigtraxrefdata."City" (name, "lastUpdated", "userUpdated", "id_Country") VALUES ('Aparecida do Mundo Novo', CURRENT_TIMESTAMP, 'pigtraxadmin', 1);
INSERT INTO pigtraxrefdata."City" (name, "lastUpdated", "userUpdated", "id_Country") VALUES ('Aparecida do Rio Doce', CURRENT_TIMESTAMP, 'pigtraxadmin', 1);
INSERT INTO pigtraxrefdata."City" (name, "lastUpdated", "userUpdated", "id_Country") VALUES ('Aparecida do Rio Negro', CURRENT_TIMESTAMP, 'pigtraxadmin', 1);
INSERT INTO pigtraxrefdata."City" (name, "lastUpdated", "userUpdated", "id_Country") VALUES ('Aparecida do Taboado', CURRENT_TIMESTAMP, 'pigtraxadmin', 1);
INSERT INTO pigtraxrefdata."City" (name, "lastUpdated", "userUpdated", "id_Country") VALUES ('Aparecida D''Oeste', CURRENT_TIMESTAMP, 'pigtraxadmin', 1);
INSERT INTO pigtraxrefdata."City" (name, "lastUpdated", "userUpdated", "id_Country") VALUES ('Aperibé', CURRENT_TIMESTAMP, 'pigtraxadmin', 1);
INSERT INTO pigtraxrefdata."City" (name, "lastUpdated", "userUpdated", "id_Country") VALUES ('Apeú', CURRENT_TIMESTAMP, 'pigtraxadmin', 1);
INSERT INTO pigtraxrefdata."City" (name, "lastUpdated", "userUpdated", "id_Country") VALUES ('Apiacá', CURRENT_TIMESTAMP, 'pigtraxadmin', 1);
INSERT INTO pigtraxrefdata."City" (name, "lastUpdated", "userUpdated", "id_Country") VALUES ('Apiacás', CURRENT_TIMESTAMP, 'pigtraxadmin', 1);
INSERT INTO pigtraxrefdata."City" (name, "lastUpdated", "userUpdated", "id_Country") VALUES ('Apiaí', CURRENT_TIMESTAMP, 'pigtraxadmin', 1);
INSERT INTO pigtraxrefdata."City" (name, "lastUpdated", "userUpdated", "id_Country") VALUES ('Apinagés', CURRENT_TIMESTAMP, 'pigtraxadmin', 1);
INSERT INTO pigtraxrefdata."City" (name, "lastUpdated", "userUpdated", "id_Country") VALUES ('Apiúna', CURRENT_TIMESTAMP, 'pigtraxadmin', 1);
INSERT INTO pigtraxrefdata."City" (name, "lastUpdated", "userUpdated", "id_Country") VALUES ('Apodi', CURRENT_TIMESTAMP, 'pigtraxadmin', 1);
INSERT INTO pigtraxrefdata."City" (name, "lastUpdated", "userUpdated", "id_Country") VALUES ('Aporá', CURRENT_TIMESTAMP, 'pigtraxadmin', 1);
INSERT INTO pigtraxrefdata."City" (name, "lastUpdated", "userUpdated", "id_Country") VALUES ('Aporé', CURRENT_TIMESTAMP, 'pigtraxadmin', 1);
INSERT INTO pigtraxrefdata."City" (name, "lastUpdated", "userUpdated", "id_Country") VALUES ('Apoti', CURRENT_TIMESTAMP, 'pigtraxadmin', 1);
INSERT INTO pigtraxrefdata."City" (name, "lastUpdated", "userUpdated", "id_Country") VALUES ('Aprazível', CURRENT_TIMESTAMP, 'pigtraxadmin', 1);
INSERT INTO pigtraxrefdata."City" (name, "lastUpdated", "userUpdated", "id_Country") VALUES ('Apuarema', CURRENT_TIMESTAMP, 'pigtraxadmin', 1);
INSERT INTO pigtraxrefdata."City" (name, "lastUpdated", "userUpdated", "id_Country") VALUES ('Apucarana', CURRENT_TIMESTAMP, 'pigtraxadmin', 1);
INSERT INTO pigtraxrefdata."City" (name, "lastUpdated", "userUpdated", "id_Country") VALUES ('Apuí', CURRENT_TIMESTAMP, 'pigtraxadmin', 1);
INSERT INTO pigtraxrefdata."City" (name, "lastUpdated", "userUpdated", "id_Country") VALUES ('Apuiarés', CURRENT_TIMESTAMP, 'pigtraxadmin', 1);
INSERT INTO pigtraxrefdata."City" (name, "lastUpdated", "userUpdated", "id_Country") VALUES ('Aquidabã', CURRENT_TIMESTAMP, 'pigtraxadmin', 1);
INSERT INTO pigtraxrefdata."City" (name, "lastUpdated", "userUpdated", "id_Country") VALUES ('Aquiraz', CURRENT_TIMESTAMP, 'pigtraxadmin', 1);
INSERT INTO pigtraxrefdata."City" (name, "lastUpdated", "userUpdated", "id_Country") VALUES ('Arabutã', CURRENT_TIMESTAMP, 'pigtraxadmin', 1);
INSERT INTO pigtraxrefdata."City" (name, "lastUpdated", "userUpdated", "id_Country") VALUES ('Araçagi', CURRENT_TIMESTAMP, 'pigtraxadmin', 1);
INSERT INTO pigtraxrefdata."City" (name, "lastUpdated", "userUpdated", "id_Country") VALUES ('Araçaí', CURRENT_TIMESTAMP, 'pigtraxadmin', 1);
INSERT INTO pigtraxrefdata."City" (name, "lastUpdated", "userUpdated", "id_Country") VALUES ('Araçaíba', CURRENT_TIMESTAMP, 'pigtraxadmin', 1);
INSERT INTO pigtraxrefdata."City" (name, "lastUpdated", "userUpdated", "id_Country") VALUES ('Araçaji de Minas', CURRENT_TIMESTAMP, 'pigtraxadmin', 1);
INSERT INTO pigtraxrefdata."City" (name, "lastUpdated", "userUpdated", "id_Country") VALUES ('Aracaju', CURRENT_TIMESTAMP, 'pigtraxadmin', 1);
INSERT INTO pigtraxrefdata."City" (name, "lastUpdated", "userUpdated", "id_Country") VALUES ('Araçariguama', CURRENT_TIMESTAMP, 'pigtraxadmin', 1);
INSERT INTO pigtraxrefdata."City" (name, "lastUpdated", "userUpdated", "id_Country") VALUES ('Araças', CURRENT_TIMESTAMP, 'pigtraxadmin', 1);
INSERT INTO pigtraxrefdata."City" (name, "lastUpdated", "userUpdated", "id_Country") VALUES ('Aracatiaçu', CURRENT_TIMESTAMP, 'pigtraxadmin', 1);
INSERT INTO pigtraxrefdata."City" (name, "lastUpdated", "userUpdated", "id_Country") VALUES ('Aracatu', CURRENT_TIMESTAMP, 'pigtraxadmin', 1);
INSERT INTO pigtraxrefdata."City" (name, "lastUpdated", "userUpdated", "id_Country") VALUES ('Araçatuba', CURRENT_TIMESTAMP, 'pigtraxadmin', 1);
INSERT INTO pigtraxrefdata."City" (name, "lastUpdated", "userUpdated", "id_Country") VALUES ('Aracê', CURRENT_TIMESTAMP, 'pigtraxadmin', 1);
INSERT INTO pigtraxrefdata."City" (name, "lastUpdated", "userUpdated", "id_Country") VALUES ('Araci', CURRENT_TIMESTAMP, 'pigtraxadmin', 1);
INSERT INTO pigtraxrefdata."City" (name, "lastUpdated", "userUpdated", "id_Country") VALUES ('Aracitaba', CURRENT_TIMESTAMP, 'pigtraxadmin', 1);
INSERT INTO pigtraxrefdata."City" (name, "lastUpdated", "userUpdated", "id_Country") VALUES ('Aracoiaba', CURRENT_TIMESTAMP, 'pigtraxadmin', 1);
INSERT INTO pigtraxrefdata."City" (name, "lastUpdated", "userUpdated", "id_Country") VALUES ('Araçoiaba', CURRENT_TIMESTAMP, 'pigtraxadmin', 1);
INSERT INTO pigtraxrefdata."City" (name, "lastUpdated", "userUpdated", "id_Country") VALUES ('Araçoiaba da Serra', CURRENT_TIMESTAMP, 'pigtraxadmin', 1);
INSERT INTO pigtraxrefdata."City" (name, "lastUpdated", "userUpdated", "id_Country") VALUES ('Aracruz', CURRENT_TIMESTAMP, 'pigtraxadmin', 1);
INSERT INTO pigtraxrefdata."City" (name, "lastUpdated", "userUpdated", "id_Country") VALUES ('Araçu', CURRENT_TIMESTAMP, 'pigtraxadmin', 1);
INSERT INTO pigtraxrefdata."City" (name, "lastUpdated", "userUpdated", "id_Country") VALUES ('Araçuaí', CURRENT_TIMESTAMP, 'pigtraxadmin', 1);
INSERT INTO pigtraxrefdata."City" (name, "lastUpdated", "userUpdated", "id_Country") VALUES ('Aragarças', CURRENT_TIMESTAMP, 'pigtraxadmin', 1);
INSERT INTO pigtraxrefdata."City" (name, "lastUpdated", "userUpdated", "id_Country") VALUES ('Aragoiânia', CURRENT_TIMESTAMP, 'pigtraxadmin', 1);
INSERT INTO pigtraxrefdata."City" (name, "lastUpdated", "userUpdated", "id_Country") VALUES ('Aragominas', CURRENT_TIMESTAMP, 'pigtraxadmin', 1);
INSERT INTO pigtraxrefdata."City" (name, "lastUpdated", "userUpdated", "id_Country") VALUES ('Araguacema', CURRENT_TIMESTAMP, 'pigtraxadmin', 1);
INSERT INTO pigtraxrefdata."City" (name, "lastUpdated", "userUpdated", "id_Country") VALUES ('Araguaçu', CURRENT_TIMESTAMP, 'pigtraxadmin', 1);
INSERT INTO pigtraxrefdata."City" (name, "lastUpdated", "userUpdated", "id_Country") VALUES ('Araguaia', CURRENT_TIMESTAMP, 'pigtraxadmin', 1);
INSERT INTO pigtraxrefdata."City" (name, "lastUpdated", "userUpdated", "id_Country") VALUES ('Araguaiana', CURRENT_TIMESTAMP, 'pigtraxadmin', 1);
INSERT INTO pigtraxrefdata."City" (name, "lastUpdated", "userUpdated", "id_Country") VALUES ('Araguaína', CURRENT_TIMESTAMP, 'pigtraxadmin', 1);
INSERT INTO pigtraxrefdata."City" (name, "lastUpdated", "userUpdated", "id_Country") VALUES ('Araguainha', CURRENT_TIMESTAMP, 'pigtraxadmin', 1);
INSERT INTO pigtraxrefdata."City" (name, "lastUpdated", "userUpdated", "id_Country") VALUES ('Araguanã', CURRENT_TIMESTAMP, 'pigtraxadmin', 1);
INSERT INTO pigtraxrefdata."City" (name, "lastUpdated", "userUpdated", "id_Country") VALUES ('Araguapaz', CURRENT_TIMESTAMP, 'pigtraxadmin', 1);
INSERT INTO pigtraxrefdata."City" (name, "lastUpdated", "userUpdated", "id_Country") VALUES ('Araguari', CURRENT_TIMESTAMP, 'pigtraxadmin', 1);
INSERT INTO pigtraxrefdata."City" (name, "lastUpdated", "userUpdated", "id_Country") VALUES ('Araguatins', CURRENT_TIMESTAMP, 'pigtraxadmin', 1);
INSERT INTO pigtraxrefdata."City" (name, "lastUpdated", "userUpdated", "id_Country") VALUES ('Araioses', CURRENT_TIMESTAMP, 'pigtraxadmin', 1);
INSERT INTO pigtraxrefdata."City" (name, "lastUpdated", "userUpdated", "id_Country") VALUES ('Aral Moreira', CURRENT_TIMESTAMP, 'pigtraxadmin', 1);
INSERT INTO pigtraxrefdata."City" (name, "lastUpdated", "userUpdated", "id_Country") VALUES ('Aramari', CURRENT_TIMESTAMP, 'pigtraxadmin', 1);
INSERT INTO pigtraxrefdata."City" (name, "lastUpdated", "userUpdated", "id_Country") VALUES ('Arambaré', CURRENT_TIMESTAMP, 'pigtraxadmin', 1);
INSERT INTO pigtraxrefdata."City" (name, "lastUpdated", "userUpdated", "id_Country") VALUES ('Arame', CURRENT_TIMESTAMP, 'pigtraxadmin', 1);
INSERT INTO pigtraxrefdata."City" (name, "lastUpdated", "userUpdated", "id_Country") VALUES ('Aramina', CURRENT_TIMESTAMP, 'pigtraxadmin', 1);
INSERT INTO pigtraxrefdata."City" (name, "lastUpdated", "userUpdated", "id_Country") VALUES ('Aranaú', CURRENT_TIMESTAMP, 'pigtraxadmin', 1);
INSERT INTO pigtraxrefdata."City" (name, "lastUpdated", "userUpdated", "id_Country") VALUES ('Arandu', CURRENT_TIMESTAMP, 'pigtraxadmin', 1);
INSERT INTO pigtraxrefdata."City" (name, "lastUpdated", "userUpdated", "id_Country") VALUES ('Aranha', CURRENT_TIMESTAMP, 'pigtraxadmin', 1);
INSERT INTO pigtraxrefdata."City" (name, "lastUpdated", "userUpdated", "id_Country") VALUES ('Arantina', CURRENT_TIMESTAMP, 'pigtraxadmin', 1);
INSERT INTO pigtraxrefdata."City" (name, "lastUpdated", "userUpdated", "id_Country") VALUES ('Arapá', CURRENT_TIMESTAMP, 'pigtraxadmin', 1);
INSERT INTO pigtraxrefdata."City" (name, "lastUpdated", "userUpdated", "id_Country") VALUES ('Arapari', CURRENT_TIMESTAMP, 'pigtraxadmin', 1);
INSERT INTO pigtraxrefdata."City" (name, "lastUpdated", "userUpdated", "id_Country") VALUES ('Arapeí', CURRENT_TIMESTAMP, 'pigtraxadmin', 1);
INSERT INTO pigtraxrefdata."City" (name, "lastUpdated", "userUpdated", "id_Country") VALUES ('Arapiraca', CURRENT_TIMESTAMP, 'pigtraxadmin', 1);
INSERT INTO pigtraxrefdata."City" (name, "lastUpdated", "userUpdated", "id_Country") VALUES ('Arapiranga', CURRENT_TIMESTAMP, 'pigtraxadmin', 1);
INSERT INTO pigtraxrefdata."City" (name, "lastUpdated", "userUpdated", "id_Country") VALUES ('Arapoema', CURRENT_TIMESTAMP, 'pigtraxadmin', 1);
INSERT INTO pigtraxrefdata."City" (name, "lastUpdated", "userUpdated", "id_Country") VALUES ('Araponga', CURRENT_TIMESTAMP, 'pigtraxadmin', 1);
INSERT INTO pigtraxrefdata."City" (name, "lastUpdated", "userUpdated", "id_Country") VALUES ('Arapongas', CURRENT_TIMESTAMP, 'pigtraxadmin', 1);
INSERT INTO pigtraxrefdata."City" (name, "lastUpdated", "userUpdated", "id_Country") VALUES ('Araporã', CURRENT_TIMESTAMP, 'pigtraxadmin', 1);
INSERT INTO pigtraxrefdata."City" (name, "lastUpdated", "userUpdated", "id_Country") VALUES ('Araporanga', CURRENT_TIMESTAMP, 'pigtraxadmin', 1);
INSERT INTO pigtraxrefdata."City" (name, "lastUpdated", "userUpdated", "id_Country") VALUES ('Arapoti', CURRENT_TIMESTAMP, 'pigtraxadmin', 1);
INSERT INTO pigtraxrefdata."City" (name, "lastUpdated", "userUpdated", "id_Country") VALUES ('Arapuá', CURRENT_TIMESTAMP, 'pigtraxadmin', 1);
INSERT INTO pigtraxrefdata."City" (name, "lastUpdated", "userUpdated", "id_Country") VALUES ('Arapuã', CURRENT_TIMESTAMP, 'pigtraxadmin', 1);
INSERT INTO pigtraxrefdata."City" (name, "lastUpdated", "userUpdated", "id_Country") VALUES ('Araputanga', CURRENT_TIMESTAMP, 'pigtraxadmin', 1);
INSERT INTO pigtraxrefdata."City" (name, "lastUpdated", "userUpdated", "id_Country") VALUES ('Araquari', CURRENT_TIMESTAMP, 'pigtraxadmin', 1);
INSERT INTO pigtraxrefdata."City" (name, "lastUpdated", "userUpdated", "id_Country") VALUES ('Araquém', CURRENT_TIMESTAMP, 'pigtraxadmin', 1);
INSERT INTO pigtraxrefdata."City" (name, "lastUpdated", "userUpdated", "id_Country") VALUES ('Araranguá', CURRENT_TIMESTAMP, 'pigtraxadmin', 1);
INSERT INTO pigtraxrefdata."City" (name, "lastUpdated", "userUpdated", "id_Country") VALUES ('Araraquara', CURRENT_TIMESTAMP, 'pigtraxadmin', 1);
INSERT INTO pigtraxrefdata."City" (name, "lastUpdated", "userUpdated", "id_Country") VALUES ('Araras', CURRENT_TIMESTAMP, 'pigtraxadmin', 1);
INSERT INTO pigtraxrefdata."City" (name, "lastUpdated", "userUpdated", "id_Country") VALUES ('Ararendá', CURRENT_TIMESTAMP, 'pigtraxadmin', 1);
INSERT INTO pigtraxrefdata."City" (name, "lastUpdated", "userUpdated", "id_Country") VALUES ('Arari', CURRENT_TIMESTAMP, 'pigtraxadmin', 1);
INSERT INTO pigtraxrefdata."City" (name, "lastUpdated", "userUpdated", "id_Country") VALUES ('Araricá', CURRENT_TIMESTAMP, 'pigtraxadmin', 1);
INSERT INTO pigtraxrefdata."City" (name, "lastUpdated", "userUpdated", "id_Country") VALUES ('Araripe', CURRENT_TIMESTAMP, 'pigtraxadmin', 1);
INSERT INTO pigtraxrefdata."City" (name, "lastUpdated", "userUpdated", "id_Country") VALUES ('Araripina', CURRENT_TIMESTAMP, 'pigtraxadmin', 1);
INSERT INTO pigtraxrefdata."City" (name, "lastUpdated", "userUpdated", "id_Country") VALUES ('Araruama', CURRENT_TIMESTAMP, 'pigtraxadmin', 1);
INSERT INTO pigtraxrefdata."City" (name, "lastUpdated", "userUpdated", "id_Country") VALUES ('Araruna', CURRENT_TIMESTAMP, 'pigtraxadmin', 1);
INSERT INTO pigtraxrefdata."City" (name, "lastUpdated", "userUpdated", "id_Country") VALUES ('Arataca', CURRENT_TIMESTAMP, 'pigtraxadmin', 1);
INSERT INTO pigtraxrefdata."City" (name, "lastUpdated", "userUpdated", "id_Country") VALUES ('Aratama', CURRENT_TIMESTAMP, 'pigtraxadmin', 1);
INSERT INTO pigtraxrefdata."City" (name, "lastUpdated", "userUpdated", "id_Country") VALUES ('Aratiba', CURRENT_TIMESTAMP, 'pigtraxadmin', 1);
INSERT INTO pigtraxrefdata."City" (name, "lastUpdated", "userUpdated", "id_Country") VALUES ('Araticum', CURRENT_TIMESTAMP, 'pigtraxadmin', 1);
INSERT INTO pigtraxrefdata."City" (name, "lastUpdated", "userUpdated", "id_Country") VALUES ('Aratuba', CURRENT_TIMESTAMP, 'pigtraxadmin', 1);
INSERT INTO pigtraxrefdata."City" (name, "lastUpdated", "userUpdated", "id_Country") VALUES ('Aratuípe', CURRENT_TIMESTAMP, 'pigtraxadmin', 1);
INSERT INTO pigtraxrefdata."City" (name, "lastUpdated", "userUpdated", "id_Country") VALUES ('Arauá', CURRENT_TIMESTAMP, 'pigtraxadmin', 1);
INSERT INTO pigtraxrefdata."City" (name, "lastUpdated", "userUpdated", "id_Country") VALUES ('Araucária', CURRENT_TIMESTAMP, 'pigtraxadmin', 1);
INSERT INTO pigtraxrefdata."City" (name, "lastUpdated", "userUpdated", "id_Country") VALUES ('Araújos', CURRENT_TIMESTAMP, 'pigtraxadmin', 1);
INSERT INTO pigtraxrefdata."City" (name, "lastUpdated", "userUpdated", "id_Country") VALUES ('Araxá', CURRENT_TIMESTAMP, 'pigtraxadmin', 1);
INSERT INTO pigtraxrefdata."City" (name, "lastUpdated", "userUpdated", "id_Country") VALUES ('Arcadas', CURRENT_TIMESTAMP, 'pigtraxadmin', 1);
INSERT INTO pigtraxrefdata."City" (name, "lastUpdated", "userUpdated", "id_Country") VALUES ('Arceburgo', CURRENT_TIMESTAMP, 'pigtraxadmin', 1);
INSERT INTO pigtraxrefdata."City" (name, "lastUpdated", "userUpdated", "id_Country") VALUES ('Arco Verde', CURRENT_TIMESTAMP, 'pigtraxadmin', 1);
INSERT INTO pigtraxrefdata."City" (name, "lastUpdated", "userUpdated", "id_Country") VALUES ('Arco-Íris', CURRENT_TIMESTAMP, 'pigtraxadmin', 1);
INSERT INTO pigtraxrefdata."City" (name, "lastUpdated", "userUpdated", "id_Country") VALUES ('Arcos', CURRENT_TIMESTAMP, 'pigtraxadmin', 1);
INSERT INTO pigtraxrefdata."City" (name, "lastUpdated", "userUpdated", "id_Country") VALUES ('Areado', CURRENT_TIMESTAMP, 'pigtraxadmin', 1);
INSERT INTO pigtraxrefdata."City" (name, "lastUpdated", "userUpdated", "id_Country") VALUES ('Areal', CURRENT_TIMESTAMP, 'pigtraxadmin', 1);
INSERT INTO pigtraxrefdata."City" (name, "lastUpdated", "userUpdated", "id_Country") VALUES ('Arealva', CURRENT_TIMESTAMP, 'pigtraxadmin', 1);
INSERT INTO pigtraxrefdata."City" (name, "lastUpdated", "userUpdated", "id_Country") VALUES ('Areia', CURRENT_TIMESTAMP, 'pigtraxadmin', 1);
INSERT INTO pigtraxrefdata."City" (name, "lastUpdated", "userUpdated", "id_Country") VALUES ('Areia Branca', CURRENT_TIMESTAMP, 'pigtraxadmin', 1);
INSERT INTO pigtraxrefdata."City" (name, "lastUpdated", "userUpdated", "id_Country") VALUES ('Areia Branca dos Assis', CURRENT_TIMESTAMP, 'pigtraxadmin', 1);
INSERT INTO pigtraxrefdata."City" (name, "lastUpdated", "userUpdated", "id_Country") VALUES ('Areia de Baraúnas', CURRENT_TIMESTAMP, 'pigtraxadmin', 1);
INSERT INTO pigtraxrefdata."City" (name, "lastUpdated", "userUpdated", "id_Country") VALUES ('Areial', CURRENT_TIMESTAMP, 'pigtraxadmin', 1);
INSERT INTO pigtraxrefdata."City" (name, "lastUpdated", "userUpdated", "id_Country") VALUES ('Areias', CURRENT_TIMESTAMP, 'pigtraxadmin', 1);
INSERT INTO pigtraxrefdata."City" (name, "lastUpdated", "userUpdated", "id_Country") VALUES ('Areiópolis', CURRENT_TIMESTAMP, 'pigtraxadmin', 1);
INSERT INTO pigtraxrefdata."City" (name, "lastUpdated", "userUpdated", "id_Country") VALUES ('Arenápolis', CURRENT_TIMESTAMP, 'pigtraxadmin', 1);
INSERT INTO pigtraxrefdata."City" (name, "lastUpdated", "userUpdated", "id_Country") VALUES ('Arenópolis', CURRENT_TIMESTAMP, 'pigtraxadmin', 1);
INSERT INTO pigtraxrefdata."City" (name, "lastUpdated", "userUpdated", "id_Country") VALUES ('Arês', CURRENT_TIMESTAMP, 'pigtraxadmin', 1);
INSERT INTO pigtraxrefdata."City" (name, "lastUpdated", "userUpdated", "id_Country") VALUES ('Argirita', CURRENT_TIMESTAMP, 'pigtraxadmin', 1);
INSERT INTO pigtraxrefdata."City" (name, "lastUpdated", "userUpdated", "id_Country") VALUES ('Argoim', CURRENT_TIMESTAMP, 'pigtraxadmin', 1);
INSERT INTO pigtraxrefdata."City" (name, "lastUpdated", "userUpdated", "id_Country") VALUES ('Argolo', CURRENT_TIMESTAMP, 'pigtraxadmin', 1);
INSERT INTO pigtraxrefdata."City" (name, "lastUpdated", "userUpdated", "id_Country") VALUES ('Ariaú', CURRENT_TIMESTAMP, 'pigtraxadmin', 1);
INSERT INTO pigtraxrefdata."City" (name, "lastUpdated", "userUpdated", "id_Country") VALUES ('Aribice', CURRENT_TIMESTAMP, 'pigtraxadmin', 1);
INSERT INTO pigtraxrefdata."City" (name, "lastUpdated", "userUpdated", "id_Country") VALUES ('Aricanduva', CURRENT_TIMESTAMP, 'pigtraxadmin', 1);
INSERT INTO pigtraxrefdata."City" (name, "lastUpdated", "userUpdated", "id_Country") VALUES ('Arinos', CURRENT_TIMESTAMP, 'pigtraxadmin', 1);
INSERT INTO pigtraxrefdata."City" (name, "lastUpdated", "userUpdated", "id_Country") VALUES ('Aripibu', CURRENT_TIMESTAMP, 'pigtraxadmin', 1);
INSERT INTO pigtraxrefdata."City" (name, "lastUpdated", "userUpdated", "id_Country") VALUES ('Aripuanã', CURRENT_TIMESTAMP, 'pigtraxadmin', 1);
INSERT INTO pigtraxrefdata."City" (name, "lastUpdated", "userUpdated", "id_Country") VALUES ('Ariquemes', CURRENT_TIMESTAMP, 'pigtraxadmin', 1);
INSERT INTO pigtraxrefdata."City" (name, "lastUpdated", "userUpdated", "id_Country") VALUES ('Ariranha', CURRENT_TIMESTAMP, 'pigtraxadmin', 1);
INSERT INTO pigtraxrefdata."City" (name, "lastUpdated", "userUpdated", "id_Country") VALUES ('Ariranha do Ivaí', CURRENT_TIMESTAMP, 'pigtraxadmin', 1);
INSERT INTO pigtraxrefdata."City" (name, "lastUpdated", "userUpdated", "id_Country") VALUES ('Aritaguá', CURRENT_TIMESTAMP, 'pigtraxadmin', 1);
INSERT INTO pigtraxrefdata."City" (name, "lastUpdated", "userUpdated", "id_Country") VALUES ('Armação dos Búzios', CURRENT_TIMESTAMP, 'pigtraxadmin', 1);
INSERT INTO pigtraxrefdata."City" (name, "lastUpdated", "userUpdated", "id_Country") VALUES ('Armazém', CURRENT_TIMESTAMP, 'pigtraxadmin', 1);
INSERT INTO pigtraxrefdata."City" (name, "lastUpdated", "userUpdated", "id_Country") VALUES ('Arneiroz', CURRENT_TIMESTAMP, 'pigtraxadmin', 1);
INSERT INTO pigtraxrefdata."City" (name, "lastUpdated", "userUpdated", "id_Country") VALUES ('Aroazes', CURRENT_TIMESTAMP, 'pigtraxadmin', 1);
INSERT INTO pigtraxrefdata."City" (name, "lastUpdated", "userUpdated", "id_Country") VALUES ('Aroeira', CURRENT_TIMESTAMP, 'pigtraxadmin', 1);
INSERT INTO pigtraxrefdata."City" (name, "lastUpdated", "userUpdated", "id_Country") VALUES ('Aroeiras', CURRENT_TIMESTAMP, 'pigtraxadmin', 1);
INSERT INTO pigtraxrefdata."City" (name, "lastUpdated", "userUpdated", "id_Country") VALUES ('Arraial', CURRENT_TIMESTAMP, 'pigtraxadmin', 1);
INSERT INTO pigtraxrefdata."City" (name, "lastUpdated", "userUpdated", "id_Country") VALUES ('Arraial D''Ajuda', CURRENT_TIMESTAMP, 'pigtraxadmin', 1);
INSERT INTO pigtraxrefdata."City" (name, "lastUpdated", "userUpdated", "id_Country") VALUES ('Arraial do Cabo', CURRENT_TIMESTAMP, 'pigtraxadmin', 1);
INSERT INTO pigtraxrefdata."City" (name, "lastUpdated", "userUpdated", "id_Country") VALUES ('Arraias', CURRENT_TIMESTAMP, 'pigtraxadmin', 1);
INSERT INTO pigtraxrefdata."City" (name, "lastUpdated", "userUpdated", "id_Country") VALUES ('Arroio do Ouro', CURRENT_TIMESTAMP, 'pigtraxadmin', 1);
INSERT INTO pigtraxrefdata."City" (name, "lastUpdated", "userUpdated", "id_Country") VALUES ('Arroio do Sal', CURRENT_TIMESTAMP, 'pigtraxadmin', 1);
INSERT INTO pigtraxrefdata."City" (name, "lastUpdated", "userUpdated", "id_Country") VALUES ('Arroio do Tigre', CURRENT_TIMESTAMP, 'pigtraxadmin', 1);
INSERT INTO pigtraxrefdata."City" (name, "lastUpdated", "userUpdated", "id_Country") VALUES ('Arroio dos Ratos', CURRENT_TIMESTAMP, 'pigtraxadmin', 1);
INSERT INTO pigtraxrefdata."City" (name, "lastUpdated", "userUpdated", "id_Country") VALUES ('Arroio Grande', CURRENT_TIMESTAMP, 'pigtraxadmin', 1);
INSERT INTO pigtraxrefdata."City" (name, "lastUpdated", "userUpdated", "id_Country") VALUES ('Arroio Teixeira', CURRENT_TIMESTAMP, 'pigtraxadmin', 1);
INSERT INTO pigtraxrefdata."City" (name, "lastUpdated", "userUpdated", "id_Country") VALUES ('Arroio Trinta', CURRENT_TIMESTAMP, 'pigtraxadmin', 1);
INSERT INTO pigtraxrefdata."City" (name, "lastUpdated", "userUpdated", "id_Country") VALUES ('Arrozal', CURRENT_TIMESTAMP, 'pigtraxadmin', 1);
INSERT INTO pigtraxrefdata."City" (name, "lastUpdated", "userUpdated", "id_Country") VALUES ('Artemis', CURRENT_TIMESTAMP, 'pigtraxadmin', 1);
INSERT INTO pigtraxrefdata."City" (name, "lastUpdated", "userUpdated", "id_Country") VALUES ('Artur Nogueira', CURRENT_TIMESTAMP, 'pigtraxadmin', 1);
INSERT INTO pigtraxrefdata."City" (name, "lastUpdated", "userUpdated", "id_Country") VALUES ('Aruanã', CURRENT_TIMESTAMP, 'pigtraxadmin', 1);
INSERT INTO pigtraxrefdata."City" (name, "lastUpdated", "userUpdated", "id_Country") VALUES ('Aruaru', CURRENT_TIMESTAMP, 'pigtraxadmin', 1);
INSERT INTO pigtraxrefdata."City" (name, "lastUpdated", "userUpdated", "id_Country") VALUES ('Arujá', CURRENT_TIMESTAMP, 'pigtraxadmin', 1);
INSERT INTO pigtraxrefdata."City" (name, "lastUpdated", "userUpdated", "id_Country") VALUES ('Arvoredo', CURRENT_TIMESTAMP, 'pigtraxadmin', 1);
INSERT INTO pigtraxrefdata."City" (name, "lastUpdated", "userUpdated", "id_Country") VALUES ('Ascensão', CURRENT_TIMESTAMP, 'pigtraxadmin', 1);
INSERT INTO pigtraxrefdata."City" (name, "lastUpdated", "userUpdated", "id_Country") VALUES ('Ascurra', CURRENT_TIMESTAMP, 'pigtraxadmin', 1);
INSERT INTO pigtraxrefdata."City" (name, "lastUpdated", "userUpdated", "id_Country") VALUES ('Aspásia', CURRENT_TIMESTAMP, 'pigtraxadmin', 1);
INSERT INTO pigtraxrefdata."City" (name, "lastUpdated", "userUpdated", "id_Country") VALUES ('Assaí', CURRENT_TIMESTAMP, 'pigtraxadmin', 1);
INSERT INTO pigtraxrefdata."City" (name, "lastUpdated", "userUpdated", "id_Country") VALUES ('Assaré', CURRENT_TIMESTAMP, 'pigtraxadmin', 1);
INSERT INTO pigtraxrefdata."City" (name, "lastUpdated", "userUpdated", "id_Country") VALUES ('Assari', CURRENT_TIMESTAMP, 'pigtraxadmin', 1);
INSERT INTO pigtraxrefdata."City" (name, "lastUpdated", "userUpdated", "id_Country") VALUES ('Assis', CURRENT_TIMESTAMP, 'pigtraxadmin', 1);
INSERT INTO pigtraxrefdata."City" (name, "lastUpdated", "userUpdated", "id_Country") VALUES ('Assis Brasil', CURRENT_TIMESTAMP, 'pigtraxadmin', 1);
INSERT INTO pigtraxrefdata."City" (name, "lastUpdated", "userUpdated", "id_Country") VALUES ('Assis Chateaubriand', CURRENT_TIMESTAMP, 'pigtraxadmin', 1);
INSERT INTO pigtraxrefdata."City" (name, "lastUpdated", "userUpdated", "id_Country") VALUES ('Assistência', CURRENT_TIMESTAMP, 'pigtraxadmin', 1);
INSERT INTO pigtraxrefdata."City" (name, "lastUpdated", "userUpdated", "id_Country") VALUES ('Assunção', CURRENT_TIMESTAMP, 'pigtraxadmin', 1);
INSERT INTO pigtraxrefdata."City" (name, "lastUpdated", "userUpdated", "id_Country") VALUES ('Assunção do Piauí', CURRENT_TIMESTAMP, 'pigtraxadmin', 1);
INSERT INTO pigtraxrefdata."City" (name, "lastUpdated", "userUpdated", "id_Country") VALUES ('Astolfo Dutra', CURRENT_TIMESTAMP, 'pigtraxadmin', 1);
INSERT INTO pigtraxrefdata."City" (name, "lastUpdated", "userUpdated", "id_Country") VALUES ('Astorga', CURRENT_TIMESTAMP, 'pigtraxadmin', 1);
INSERT INTO pigtraxrefdata."City" (name, "lastUpdated", "userUpdated", "id_Country") VALUES ('Atafona', CURRENT_TIMESTAMP, 'pigtraxadmin', 1);
INSERT INTO pigtraxrefdata."City" (name, "lastUpdated", "userUpdated", "id_Country") VALUES ('Atalanta', CURRENT_TIMESTAMP, 'pigtraxadmin', 1);
INSERT INTO pigtraxrefdata."City" (name, "lastUpdated", "userUpdated", "id_Country") VALUES ('Ataléia', CURRENT_TIMESTAMP, 'pigtraxadmin', 1);
INSERT INTO pigtraxrefdata."City" (name, "lastUpdated", "userUpdated", "id_Country") VALUES ('Aterrado Torto', CURRENT_TIMESTAMP, 'pigtraxadmin', 1);
INSERT INTO pigtraxrefdata."City" (name, "lastUpdated", "userUpdated", "id_Country") VALUES ('Atibaia', CURRENT_TIMESTAMP, 'pigtraxadmin', 1);
INSERT INTO pigtraxrefdata."City" (name, "lastUpdated", "userUpdated", "id_Country") VALUES ('Atilio Vivacqua', CURRENT_TIMESTAMP, 'pigtraxadmin', 1);
INSERT INTO pigtraxrefdata."City" (name, "lastUpdated", "userUpdated", "id_Country") VALUES ('Atlântico', CURRENT_TIMESTAMP, 'pigtraxadmin', 1);
INSERT INTO pigtraxrefdata."City" (name, "lastUpdated", "userUpdated", "id_Country") VALUES ('Atlântida-Sul', CURRENT_TIMESTAMP, 'pigtraxadmin', 1);
INSERT INTO pigtraxrefdata."City" (name, "lastUpdated", "userUpdated", "id_Country") VALUES ('Aturiaí', CURRENT_TIMESTAMP, 'pigtraxadmin', 1);
INSERT INTO pigtraxrefdata."City" (name, "lastUpdated", "userUpdated", "id_Country") VALUES ('Augustinópolis', CURRENT_TIMESTAMP, 'pigtraxadmin', 1);
INSERT INTO pigtraxrefdata."City" (name, "lastUpdated", "userUpdated", "id_Country") VALUES ('Augusto Corrêa', CURRENT_TIMESTAMP, 'pigtraxadmin', 1);
INSERT INTO pigtraxrefdata."City" (name, "lastUpdated", "userUpdated", "id_Country") VALUES ('Augusto de Lima', CURRENT_TIMESTAMP, 'pigtraxadmin', 1);
INSERT INTO pigtraxrefdata."City" (name, "lastUpdated", "userUpdated", "id_Country") VALUES ('Augusto Montenegro', CURRENT_TIMESTAMP, 'pigtraxadmin', 1);
INSERT INTO pigtraxrefdata."City" (name, "lastUpdated", "userUpdated", "id_Country") VALUES ('Augusto Pestana', CURRENT_TIMESTAMP, 'pigtraxadmin', 1);
INSERT INTO pigtraxrefdata."City" (name, "lastUpdated", "userUpdated", "id_Country") VALUES ('Augusto Severo', CURRENT_TIMESTAMP, 'pigtraxadmin', 1);
INSERT INTO pigtraxrefdata."City" (name, "lastUpdated", "userUpdated", "id_Country") VALUES ('Áurea', CURRENT_TIMESTAMP, 'pigtraxadmin', 1);
INSERT INTO pigtraxrefdata."City" (name, "lastUpdated", "userUpdated", "id_Country") VALUES ('Aurelino Leal', CURRENT_TIMESTAMP, 'pigtraxadmin', 1);
INSERT INTO pigtraxrefdata."City" (name, "lastUpdated", "userUpdated", "id_Country") VALUES ('Auriflama', CURRENT_TIMESTAMP, 'pigtraxadmin', 1);
INSERT INTO pigtraxrefdata."City" (name, "lastUpdated", "userUpdated", "id_Country") VALUES ('Aurilândia', CURRENT_TIMESTAMP, 'pigtraxadmin', 1);
INSERT INTO pigtraxrefdata."City" (name, "lastUpdated", "userUpdated", "id_Country") VALUES ('Aurizona', CURRENT_TIMESTAMP, 'pigtraxadmin', 1);
INSERT INTO pigtraxrefdata."City" (name, "lastUpdated", "userUpdated", "id_Country") VALUES ('Aurora', CURRENT_TIMESTAMP, 'pigtraxadmin', 1);
INSERT INTO pigtraxrefdata."City" (name, "lastUpdated", "userUpdated", "id_Country") VALUES ('Aurora do Iguaçu', CURRENT_TIMESTAMP, 'pigtraxadmin', 1);
INSERT INTO pigtraxrefdata."City" (name, "lastUpdated", "userUpdated", "id_Country") VALUES ('Aurora do Pará', CURRENT_TIMESTAMP, 'pigtraxadmin', 1);
INSERT INTO pigtraxrefdata."City" (name, "lastUpdated", "userUpdated", "id_Country") VALUES ('Aurora do Tocantins', CURRENT_TIMESTAMP, 'pigtraxadmin', 1);
INSERT INTO pigtraxrefdata."City" (name, "lastUpdated", "userUpdated", "id_Country") VALUES ('Autazes', CURRENT_TIMESTAMP, 'pigtraxadmin', 1);
INSERT INTO pigtraxrefdata."City" (name, "lastUpdated", "userUpdated", "id_Country") VALUES ('Avaí', CURRENT_TIMESTAMP, 'pigtraxadmin', 1);
INSERT INTO pigtraxrefdata."City" (name, "lastUpdated", "userUpdated", "id_Country") VALUES ('Avaí do Jacinto', CURRENT_TIMESTAMP, 'pigtraxadmin', 1);
INSERT INTO pigtraxrefdata."City" (name, "lastUpdated", "userUpdated", "id_Country") VALUES ('Avanhandava', CURRENT_TIMESTAMP, 'pigtraxadmin', 1);
INSERT INTO pigtraxrefdata."City" (name, "lastUpdated", "userUpdated", "id_Country") VALUES ('Aveiro', CURRENT_TIMESTAMP, 'pigtraxadmin', 1);
INSERT INTO pigtraxrefdata."City" (name, "lastUpdated", "userUpdated", "id_Country") VALUES ('Avelar', CURRENT_TIMESTAMP, 'pigtraxadmin', 1);
INSERT INTO pigtraxrefdata."City" (name, "lastUpdated", "userUpdated", "id_Country") VALUES ('Avelino Lopes', CURRENT_TIMESTAMP, 'pigtraxadmin', 1);
INSERT INTO pigtraxrefdata."City" (name, "lastUpdated", "userUpdated", "id_Country") VALUES ('Avelinópolis', CURRENT_TIMESTAMP, 'pigtraxadmin', 1);
INSERT INTO pigtraxrefdata."City" (name, "lastUpdated", "userUpdated", "id_Country") VALUES ('Axixá do Tocantins', CURRENT_TIMESTAMP, 'pigtraxadmin', 1);
INSERT INTO pigtraxrefdata."City" (name, "lastUpdated", "userUpdated", "id_Country") VALUES ('Azurita', CURRENT_TIMESTAMP, 'pigtraxadmin', 1);
INSERT INTO pigtraxrefdata."City" (name, "lastUpdated", "userUpdated", "id_Country") VALUES ('Babaçulândia', CURRENT_TIMESTAMP, 'pigtraxadmin', 1);
INSERT INTO pigtraxrefdata."City" (name, "lastUpdated", "userUpdated", "id_Country") VALUES ('Babilônia', CURRENT_TIMESTAMP, 'pigtraxadmin', 1);
INSERT INTO pigtraxrefdata."City" (name, "lastUpdated", "userUpdated", "id_Country") VALUES ('Bacabal', CURRENT_TIMESTAMP, 'pigtraxadmin', 1);
INSERT INTO pigtraxrefdata."City" (name, "lastUpdated", "userUpdated", "id_Country") VALUES ('Bacaetava', CURRENT_TIMESTAMP, 'pigtraxadmin', 1);
INSERT INTO pigtraxrefdata."City" (name, "lastUpdated", "userUpdated", "id_Country") VALUES ('Bação', CURRENT_TIMESTAMP, 'pigtraxadmin', 1);
INSERT INTO pigtraxrefdata."City" (name, "lastUpdated", "userUpdated", "id_Country") VALUES ('Bacaxá', CURRENT_TIMESTAMP, 'pigtraxadmin', 1);
INSERT INTO pigtraxrefdata."City" (name, "lastUpdated", "userUpdated", "id_Country") VALUES ('Bacuri', CURRENT_TIMESTAMP, 'pigtraxadmin', 1);
INSERT INTO pigtraxrefdata."City" (name, "lastUpdated", "userUpdated", "id_Country") VALUES ('Bacuriti', CURRENT_TIMESTAMP, 'pigtraxadmin', 1);
INSERT INTO pigtraxrefdata."City" (name, "lastUpdated", "userUpdated", "id_Country") VALUES ('Bacurituba', CURRENT_TIMESTAMP, 'pigtraxadmin', 1);
INSERT INTO pigtraxrefdata."City" (name, "lastUpdated", "userUpdated", "id_Country") VALUES ('Bady Bassitt', CURRENT_TIMESTAMP, 'pigtraxadmin', 1);
INSERT INTO pigtraxrefdata."City" (name, "lastUpdated", "userUpdated", "id_Country") VALUES ('Baependi', CURRENT_TIMESTAMP, 'pigtraxadmin', 1);
INSERT INTO pigtraxrefdata."City" (name, "lastUpdated", "userUpdated", "id_Country") VALUES ('Bagé', CURRENT_TIMESTAMP, 'pigtraxadmin', 1);
INSERT INTO pigtraxrefdata."City" (name, "lastUpdated", "userUpdated", "id_Country") VALUES ('Bagre', CURRENT_TIMESTAMP, 'pigtraxadmin', 1);
INSERT INTO pigtraxrefdata."City" (name, "lastUpdated", "userUpdated", "id_Country") VALUES ('Baguaçu', CURRENT_TIMESTAMP, 'pigtraxadmin', 1);
INSERT INTO pigtraxrefdata."City" (name, "lastUpdated", "userUpdated", "id_Country") VALUES ('Baguari', CURRENT_TIMESTAMP, 'pigtraxadmin', 1);
INSERT INTO pigtraxrefdata."City" (name, "lastUpdated", "userUpdated", "id_Country") VALUES ('Baía Alta', CURRENT_TIMESTAMP, 'pigtraxadmin', 1);
INSERT INTO pigtraxrefdata."City" (name, "lastUpdated", "userUpdated", "id_Country") VALUES ('Baía da Traição', CURRENT_TIMESTAMP, 'pigtraxadmin', 1);
INSERT INTO pigtraxrefdata."City" (name, "lastUpdated", "userUpdated", "id_Country") VALUES ('Baía Formosa', CURRENT_TIMESTAMP, 'pigtraxadmin', 1);
INSERT INTO pigtraxrefdata."City" (name, "lastUpdated", "userUpdated", "id_Country") VALUES ('Baianópolis', CURRENT_TIMESTAMP, 'pigtraxadmin', 1);
INSERT INTO pigtraxrefdata."City" (name, "lastUpdated", "userUpdated", "id_Country") VALUES ('Baião', CURRENT_TIMESTAMP, 'pigtraxadmin', 1);
INSERT INTO pigtraxrefdata."City" (name, "lastUpdated", "userUpdated", "id_Country") VALUES ('Bailique', CURRENT_TIMESTAMP, 'pigtraxadmin', 1);
INSERT INTO pigtraxrefdata."City" (name, "lastUpdated", "userUpdated", "id_Country") VALUES ('Baixa do Palmeira', CURRENT_TIMESTAMP, 'pigtraxadmin', 1);
INSERT INTO pigtraxrefdata."City" (name, "lastUpdated", "userUpdated", "id_Country") VALUES ('Baixa Grande', CURRENT_TIMESTAMP, 'pigtraxadmin', 1);
INSERT INTO pigtraxrefdata."City" (name, "lastUpdated", "userUpdated", "id_Country") VALUES ('Baixa Grande do Ribeiro', CURRENT_TIMESTAMP, 'pigtraxadmin', 1);
INSERT INTO pigtraxrefdata."City" (name, "lastUpdated", "userUpdated", "id_Country") VALUES ('Baixio', CURRENT_TIMESTAMP, 'pigtraxadmin', 1);
INSERT INTO pigtraxrefdata."City" (name, "lastUpdated", "userUpdated", "id_Country") VALUES ('Baixio das Palmeiras', CURRENT_TIMESTAMP, 'pigtraxadmin', 1);
INSERT INTO pigtraxrefdata."City" (name, "lastUpdated", "userUpdated", "id_Country") VALUES ('Baixo Guandu', CURRENT_TIMESTAMP, 'pigtraxadmin', 1);
INSERT INTO pigtraxrefdata."City" (name, "lastUpdated", "userUpdated", "id_Country") VALUES ('Balbina', CURRENT_TIMESTAMP, 'pigtraxadmin', 1);
INSERT INTO pigtraxrefdata."City" (name, "lastUpdated", "userUpdated", "id_Country") VALUES ('Balbinos', CURRENT_TIMESTAMP, 'pigtraxadmin', 1);
INSERT INTO pigtraxrefdata."City" (name, "lastUpdated", "userUpdated", "id_Country") VALUES ('Baldim', CURRENT_TIMESTAMP, 'pigtraxadmin', 1);
INSERT INTO pigtraxrefdata."City" (name, "lastUpdated", "userUpdated", "id_Country") VALUES ('Baleia', CURRENT_TIMESTAMP, 'pigtraxadmin', 1);
INSERT INTO pigtraxrefdata."City" (name, "lastUpdated", "userUpdated", "id_Country") VALUES ('Baliza', CURRENT_TIMESTAMP, 'pigtraxadmin', 1);
INSERT INTO pigtraxrefdata."City" (name, "lastUpdated", "userUpdated", "id_Country") VALUES ('Balneário Arroio do Silva', CURRENT_TIMESTAMP, 'pigtraxadmin', 1);
INSERT INTO pigtraxrefdata."City" (name, "lastUpdated", "userUpdated", "id_Country") VALUES ('Balneário Barra do Sul', CURRENT_TIMESTAMP, 'pigtraxadmin', 1);
INSERT INTO pigtraxrefdata."City" (name, "lastUpdated", "userUpdated", "id_Country") VALUES ('Balneário Camboriú', CURRENT_TIMESTAMP, 'pigtraxadmin', 1);
INSERT INTO pigtraxrefdata."City" (name, "lastUpdated", "userUpdated", "id_Country") VALUES ('Balneário Gaivota', CURRENT_TIMESTAMP, 'pigtraxadmin', 1);
INSERT INTO pigtraxrefdata."City" (name, "lastUpdated", "userUpdated", "id_Country") VALUES ('Balneário Morro dos Conventos', CURRENT_TIMESTAMP, 'pigtraxadmin', 1);
INSERT INTO pigtraxrefdata."City" (name, "lastUpdated", "userUpdated", "id_Country") VALUES ('Balneário Piçarras', CURRENT_TIMESTAMP, 'pigtraxadmin', 1);
INSERT INTO pigtraxrefdata."City" (name, "lastUpdated", "userUpdated", "id_Country") VALUES ('Balneário Pinhal', CURRENT_TIMESTAMP, 'pigtraxadmin', 1);
INSERT INTO pigtraxrefdata."City" (name, "lastUpdated", "userUpdated", "id_Country") VALUES ('Balneário Rincão', CURRENT_TIMESTAMP, 'pigtraxadmin', 1);
INSERT INTO pigtraxrefdata."City" (name, "lastUpdated", "userUpdated", "id_Country") VALUES ('Balneário Rosa do Mar', CURRENT_TIMESTAMP, 'pigtraxadmin', 1);
INSERT INTO pigtraxrefdata."City" (name, "lastUpdated", "userUpdated", "id_Country") VALUES ('Balsa Nova', CURRENT_TIMESTAMP, 'pigtraxadmin', 1);
INSERT INTO pigtraxrefdata."City" (name, "lastUpdated", "userUpdated", "id_Country") VALUES ('Bálsamo', CURRENT_TIMESTAMP, 'pigtraxadmin', 1);
INSERT INTO pigtraxrefdata."City" (name, "lastUpdated", "userUpdated", "id_Country") VALUES ('Balsas', CURRENT_TIMESTAMP, 'pigtraxadmin', 1);
INSERT INTO pigtraxrefdata."City" (name, "lastUpdated", "userUpdated", "id_Country") VALUES ('Balseiros', CURRENT_TIMESTAMP, 'pigtraxadmin', 1);
INSERT INTO pigtraxrefdata."City" (name, "lastUpdated", "userUpdated", "id_Country") VALUES ('Bambuí', CURRENT_TIMESTAMP, 'pigtraxadmin', 1);
INSERT INTO pigtraxrefdata."City" (name, "lastUpdated", "userUpdated", "id_Country") VALUES ('Banabuiú', CURRENT_TIMESTAMP, 'pigtraxadmin', 1);
INSERT INTO pigtraxrefdata."City" (name, "lastUpdated", "userUpdated", "id_Country") VALUES ('Bananal', CURRENT_TIMESTAMP, 'pigtraxadmin', 1);
INSERT INTO pigtraxrefdata."City" (name, "lastUpdated", "userUpdated", "id_Country") VALUES ('Bananeiras', CURRENT_TIMESTAMP, 'pigtraxadmin', 1);
INSERT INTO pigtraxrefdata."City" (name, "lastUpdated", "userUpdated", "id_Country") VALUES ('Banco Central', CURRENT_TIMESTAMP, 'pigtraxadmin', 1);
INSERT INTO pigtraxrefdata."City" (name, "lastUpdated", "userUpdated", "id_Country") VALUES ('Bandeira', CURRENT_TIMESTAMP, 'pigtraxadmin', 1);
INSERT INTO pigtraxrefdata."City" (name, "lastUpdated", "userUpdated", "id_Country") VALUES ('Bandeira do Almada', CURRENT_TIMESTAMP, 'pigtraxadmin', 1);
INSERT INTO pigtraxrefdata."City" (name, "lastUpdated", "userUpdated", "id_Country") VALUES ('Bandeira do Colônia', CURRENT_TIMESTAMP, 'pigtraxadmin', 1);
INSERT INTO pigtraxrefdata."City" (name, "lastUpdated", "userUpdated", "id_Country") VALUES ('Bandeira do Sul', CURRENT_TIMESTAMP, 'pigtraxadmin', 1);
INSERT INTO pigtraxrefdata."City" (name, "lastUpdated", "userUpdated", "id_Country") VALUES ('Bandeirante', CURRENT_TIMESTAMP, 'pigtraxadmin', 1);
INSERT INTO pigtraxrefdata."City" (name, "lastUpdated", "userUpdated", "id_Country") VALUES ('Bandeirantes', CURRENT_TIMESTAMP, 'pigtraxadmin', 1);
INSERT INTO pigtraxrefdata."City" (name, "lastUpdated", "userUpdated", "id_Country") VALUES ('Bandeirantes do Tocantins', CURRENT_TIMESTAMP, 'pigtraxadmin', 1);
INSERT INTO pigtraxrefdata."City" (name, "lastUpdated", "userUpdated", "id_Country") VALUES ('Bandeirantes D''Oeste', CURRENT_TIMESTAMP, 'pigtraxadmin', 1);
INSERT INTO pigtraxrefdata."City" (name, "lastUpdated", "userUpdated", "id_Country") VALUES ('Bandiaçu', CURRENT_TIMESTAMP, 'pigtraxadmin', 1);
INSERT INTO pigtraxrefdata."City" (name, "lastUpdated", "userUpdated", "id_Country") VALUES ('Banhado do Colégio', CURRENT_TIMESTAMP, 'pigtraxadmin', 1);
INSERT INTO pigtraxrefdata."City" (name, "lastUpdated", "userUpdated", "id_Country") VALUES ('Bannach', CURRENT_TIMESTAMP, 'pigtraxadmin', 1);
INSERT INTO pigtraxrefdata."City" (name, "lastUpdated", "userUpdated", "id_Country") VALUES ('Banquete', CURRENT_TIMESTAMP, 'pigtraxadmin', 1);
INSERT INTO pigtraxrefdata."City" (name, "lastUpdated", "userUpdated", "id_Country") VALUES ('Banzaê', CURRENT_TIMESTAMP, 'pigtraxadmin', 1);
INSERT INTO pigtraxrefdata."City" (name, "lastUpdated", "userUpdated", "id_Country") VALUES ('Barão', CURRENT_TIMESTAMP, 'pigtraxadmin', 1);
INSERT INTO pigtraxrefdata."City" (name, "lastUpdated", "userUpdated", "id_Country") VALUES ('Barão Ataliba Nogueira', CURRENT_TIMESTAMP, 'pigtraxadmin', 1);
INSERT INTO pigtraxrefdata."City" (name, "lastUpdated", "userUpdated", "id_Country") VALUES ('Barão de Antonina', CURRENT_TIMESTAMP, 'pigtraxadmin', 1);
INSERT INTO pigtraxrefdata."City" (name, "lastUpdated", "userUpdated", "id_Country") VALUES ('Barão de Cocais', CURRENT_TIMESTAMP, 'pigtraxadmin', 1);
INSERT INTO pigtraxrefdata."City" (name, "lastUpdated", "userUpdated", "id_Country") VALUES ('Barão de Geraldo', CURRENT_TIMESTAMP, 'pigtraxadmin', 1);
INSERT INTO pigtraxrefdata."City" (name, "lastUpdated", "userUpdated", "id_Country") VALUES ('Barão de Grajaú', CURRENT_TIMESTAMP, 'pigtraxadmin', 1);
INSERT INTO pigtraxrefdata."City" (name, "lastUpdated", "userUpdated", "id_Country") VALUES ('Barão de Juparanã', CURRENT_TIMESTAMP, 'pigtraxadmin', 1);
INSERT INTO pigtraxrefdata."City" (name, "lastUpdated", "userUpdated", "id_Country") VALUES ('Barão de Lucena', CURRENT_TIMESTAMP, 'pigtraxadmin', 1);
INSERT INTO pigtraxrefdata."City" (name, "lastUpdated", "userUpdated", "id_Country") VALUES ('Barão de Melgaço', CURRENT_TIMESTAMP, 'pigtraxadmin', 1);
INSERT INTO pigtraxrefdata."City" (name, "lastUpdated", "userUpdated", "id_Country") VALUES ('Barão de Monte Alto', CURRENT_TIMESTAMP, 'pigtraxadmin', 1);
INSERT INTO pigtraxrefdata."City" (name, "lastUpdated", "userUpdated", "id_Country") VALUES ('Barão de Tromaí', CURRENT_TIMESTAMP, 'pigtraxadmin', 1);
INSERT INTO pigtraxrefdata."City" (name, "lastUpdated", "userUpdated", "id_Country") VALUES ('Barão do Triunfo', CURRENT_TIMESTAMP, 'pigtraxadmin', 1);
INSERT INTO pigtraxrefdata."City" (name, "lastUpdated", "userUpdated", "id_Country") VALUES ('Baraúna', CURRENT_TIMESTAMP, 'pigtraxadmin', 1);
INSERT INTO pigtraxrefdata."City" (name, "lastUpdated", "userUpdated", "id_Country") VALUES ('Baraúnas', CURRENT_TIMESTAMP, 'pigtraxadmin', 1);
INSERT INTO pigtraxrefdata."City" (name, "lastUpdated", "userUpdated", "id_Country") VALUES ('Barbacena', CURRENT_TIMESTAMP, 'pigtraxadmin', 1);
INSERT INTO pigtraxrefdata."City" (name, "lastUpdated", "userUpdated", "id_Country") VALUES ('Barbalha', CURRENT_TIMESTAMP, 'pigtraxadmin', 1);
INSERT INTO pigtraxrefdata."City" (name, "lastUpdated", "userUpdated", "id_Country") VALUES ('Barbosa', CURRENT_TIMESTAMP, 'pigtraxadmin', 1);
INSERT INTO pigtraxrefdata."City" (name, "lastUpdated", "userUpdated", "id_Country") VALUES ('Barbosa Ferraz', CURRENT_TIMESTAMP, 'pigtraxadmin', 1);
INSERT INTO pigtraxrefdata."City" (name, "lastUpdated", "userUpdated", "id_Country") VALUES ('Barcarena', CURRENT_TIMESTAMP, 'pigtraxadmin', 1);
INSERT INTO pigtraxrefdata."City" (name, "lastUpdated", "userUpdated", "id_Country") VALUES ('Barcelona', CURRENT_TIMESTAMP, 'pigtraxadmin', 1);
INSERT INTO pigtraxrefdata."City" (name, "lastUpdated", "userUpdated", "id_Country") VALUES ('Barcelos', CURRENT_TIMESTAMP, 'pigtraxadmin', 1);
INSERT INTO pigtraxrefdata."City" (name, "lastUpdated", "userUpdated", "id_Country") VALUES ('Barcelos do Sul', CURRENT_TIMESTAMP, 'pigtraxadmin', 1);
INSERT INTO pigtraxrefdata."City" (name, "lastUpdated", "userUpdated", "id_Country") VALUES ('Bariri', CURRENT_TIMESTAMP, 'pigtraxadmin', 1);
INSERT INTO pigtraxrefdata."City" (name, "lastUpdated", "userUpdated", "id_Country") VALUES ('Barnabés', CURRENT_TIMESTAMP, 'pigtraxadmin', 1);
INSERT INTO pigtraxrefdata."City" (name, "lastUpdated", "userUpdated", "id_Country") VALUES ('Barra', CURRENT_TIMESTAMP, 'pigtraxadmin', 1);
INSERT INTO pigtraxrefdata."City" (name, "lastUpdated", "userUpdated", "id_Country") VALUES ('Barra Alegre', CURRENT_TIMESTAMP, 'pigtraxadmin', 1);
INSERT INTO pigtraxrefdata."City" (name, "lastUpdated", "userUpdated", "id_Country") VALUES ('Barra Bonita', CURRENT_TIMESTAMP, 'pigtraxadmin', 1);
INSERT INTO pigtraxrefdata."City" (name, "lastUpdated", "userUpdated", "id_Country") VALUES ('Barra da Estiva', CURRENT_TIMESTAMP, 'pigtraxadmin', 1);
INSERT INTO pigtraxrefdata."City" (name, "lastUpdated", "userUpdated", "id_Country") VALUES ('Barra da Lagoa', CURRENT_TIMESTAMP, 'pigtraxadmin', 1);
INSERT INTO pigtraxrefdata."City" (name, "lastUpdated", "userUpdated", "id_Country") VALUES ('Barra da Parateca', CURRENT_TIMESTAMP, 'pigtraxadmin', 1);
INSERT INTO pigtraxrefdata."City" (name, "lastUpdated", "userUpdated", "id_Country") VALUES ('Barra de Alegria', CURRENT_TIMESTAMP, 'pigtraxadmin', 1);
INSERT INTO pigtraxrefdata."City" (name, "lastUpdated", "userUpdated", "id_Country") VALUES ('Barra de Camaratuba', CURRENT_TIMESTAMP, 'pigtraxadmin', 1);
INSERT INTO pigtraxrefdata."City" (name, "lastUpdated", "userUpdated", "id_Country") VALUES ('Barra de Guabiraba', CURRENT_TIMESTAMP, 'pigtraxadmin', 1);
INSERT INTO pigtraxrefdata."City" (name, "lastUpdated", "userUpdated", "id_Country") VALUES ('Barra de Santa Rosa', CURRENT_TIMESTAMP, 'pigtraxadmin', 1);
INSERT INTO pigtraxrefdata."City" (name, "lastUpdated", "userUpdated", "id_Country") VALUES ('Barra de Santana', CURRENT_TIMESTAMP, 'pigtraxadmin', 1);
INSERT INTO pigtraxrefdata."City" (name, "lastUpdated", "userUpdated", "id_Country") VALUES ('Barra de São Miguel', CURRENT_TIMESTAMP, 'pigtraxadmin', 1);
INSERT INTO pigtraxrefdata."City" (name, "lastUpdated", "userUpdated", "id_Country") VALUES ('Barra de São Pedro', CURRENT_TIMESTAMP, 'pigtraxadmin', 1);
INSERT INTO pigtraxrefdata."City" (name, "lastUpdated", "userUpdated", "id_Country") VALUES ('Barra do Ariranha', CURRENT_TIMESTAMP, 'pigtraxadmin', 1);
INSERT INTO pigtraxrefdata."City" (name, "lastUpdated", "userUpdated", "id_Country") VALUES ('Barra do Brejo', CURRENT_TIMESTAMP, 'pigtraxadmin', 1);
INSERT INTO pigtraxrefdata."City" (name, "lastUpdated", "userUpdated", "id_Country") VALUES ('Barra do Bugres', CURRENT_TIMESTAMP, 'pigtraxadmin', 1);
INSERT INTO pigtraxrefdata."City" (name, "lastUpdated", "userUpdated", "id_Country") VALUES ('Barra do Chapéu', CURRENT_TIMESTAMP, 'pigtraxadmin', 1);
INSERT INTO pigtraxrefdata."City" (name, "lastUpdated", "userUpdated", "id_Country") VALUES ('Barra do Choça', CURRENT_TIMESTAMP, 'pigtraxadmin', 1);
INSERT INTO pigtraxrefdata."City" (name, "lastUpdated", "userUpdated", "id_Country") VALUES ('Barra do Corda', CURRENT_TIMESTAMP, 'pigtraxadmin', 1);
INSERT INTO pigtraxrefdata."City" (name, "lastUpdated", "userUpdated", "id_Country") VALUES ('Barra do Cuieté', CURRENT_TIMESTAMP, 'pigtraxadmin', 1);
INSERT INTO pigtraxrefdata."City" (name, "lastUpdated", "userUpdated", "id_Country") VALUES ('Barra do Farias', CURRENT_TIMESTAMP, 'pigtraxadmin', 1);
INSERT INTO pigtraxrefdata."City" (name, "lastUpdated", "userUpdated", "id_Country") VALUES ('Barra do Garças', CURRENT_TIMESTAMP, 'pigtraxadmin', 1);
INSERT INTO pigtraxrefdata."City" (name, "lastUpdated", "userUpdated", "id_Country") VALUES ('Barra do Guarita', CURRENT_TIMESTAMP, 'pigtraxadmin', 1);
INSERT INTO pigtraxrefdata."City" (name, "lastUpdated", "userUpdated", "id_Country") VALUES ('Barra do Itapemirim', CURRENT_TIMESTAMP, 'pigtraxadmin', 1);
INSERT INTO pigtraxrefdata."City" (name, "lastUpdated", "userUpdated", "id_Country") VALUES ('Barra do Jacaré', CURRENT_TIMESTAMP, 'pigtraxadmin', 1);
INSERT INTO pigtraxrefdata."City" (name, "lastUpdated", "userUpdated", "id_Country") VALUES ('Barra do Mendes', CURRENT_TIMESTAMP, 'pigtraxadmin', 1);
INSERT INTO pigtraxrefdata."City" (name, "lastUpdated", "userUpdated", "id_Country") VALUES ('Barra do Ouro', CURRENT_TIMESTAMP, 'pigtraxadmin', 1);
INSERT INTO pigtraxrefdata."City" (name, "lastUpdated", "userUpdated", "id_Country") VALUES ('Barra do Piraí', CURRENT_TIMESTAMP, 'pigtraxadmin', 1);
INSERT INTO pigtraxrefdata."City" (name, "lastUpdated", "userUpdated", "id_Country") VALUES ('Barra do Quaraí', CURRENT_TIMESTAMP, 'pigtraxadmin', 1);
INSERT INTO pigtraxrefdata."City" (name, "lastUpdated", "userUpdated", "id_Country") VALUES ('Barra do Riachão', CURRENT_TIMESTAMP, 'pigtraxadmin', 1);
INSERT INTO pigtraxrefdata."City" (name, "lastUpdated", "userUpdated", "id_Country") VALUES ('Barra do Ribeiro', CURRENT_TIMESTAMP, 'pigtraxadmin', 1);
INSERT INTO pigtraxrefdata."City" (name, "lastUpdated", "userUpdated", "id_Country") VALUES ('Barra do Rocha', CURRENT_TIMESTAMP, 'pigtraxadmin', 1);
INSERT INTO pigtraxrefdata."City" (name, "lastUpdated", "userUpdated", "id_Country") VALUES ('Barra do Sotero', CURRENT_TIMESTAMP, 'pigtraxadmin', 1);
INSERT INTO pigtraxrefdata."City" (name, "lastUpdated", "userUpdated", "id_Country") VALUES ('Barra do Turvo', CURRENT_TIMESTAMP, 'pigtraxadmin', 1);
INSERT INTO pigtraxrefdata."City" (name, "lastUpdated", "userUpdated", "id_Country") VALUES ('Barra dos Coqueiros', CURRENT_TIMESTAMP, 'pigtraxadmin', 1);
INSERT INTO pigtraxrefdata."City" (name, "lastUpdated", "userUpdated", "id_Country") VALUES ('Barra Feliz', CURRENT_TIMESTAMP, 'pigtraxadmin', 1);
INSERT INTO pigtraxrefdata."City" (name, "lastUpdated", "userUpdated", "id_Country") VALUES ('Barra Funda', CURRENT_TIMESTAMP, 'pigtraxadmin', 1);
INSERT INTO pigtraxrefdata."City" (name, "lastUpdated", "userUpdated", "id_Country") VALUES ('Barra Grande', CURRENT_TIMESTAMP, 'pigtraxadmin', 1);
INSERT INTO pigtraxrefdata."City" (name, "lastUpdated", "userUpdated", "id_Country") VALUES ('Barra Longa', CURRENT_TIMESTAMP, 'pigtraxadmin', 1);
INSERT INTO pigtraxrefdata."City" (name, "lastUpdated", "userUpdated", "id_Country") VALUES ('Barra Mansa', CURRENT_TIMESTAMP, 'pigtraxadmin', 1);
INSERT INTO pigtraxrefdata."City" (name, "lastUpdated", "userUpdated", "id_Country") VALUES ('Barra São João', CURRENT_TIMESTAMP, 'pigtraxadmin', 1);
INSERT INTO pigtraxrefdata."City" (name, "lastUpdated", "userUpdated", "id_Country") VALUES ('Barra Seca', CURRENT_TIMESTAMP, 'pigtraxadmin', 1);
INSERT INTO pigtraxrefdata."City" (name, "lastUpdated", "userUpdated", "id_Country") VALUES ('Barra Velha', CURRENT_TIMESTAMP, 'pigtraxadmin', 1);
INSERT INTO pigtraxrefdata."City" (name, "lastUpdated", "userUpdated", "id_Country") VALUES ('Barracão', CURRENT_TIMESTAMP, 'pigtraxadmin', 1);
INSERT INTO pigtraxrefdata."City" (name, "lastUpdated", "userUpdated", "id_Country") VALUES ('Barreira', CURRENT_TIMESTAMP, 'pigtraxadmin', 1);
INSERT INTO pigtraxrefdata."City" (name, "lastUpdated", "userUpdated", "id_Country") VALUES ('Barreiras', CURRENT_TIMESTAMP, 'pigtraxadmin', 1);
INSERT INTO pigtraxrefdata."City" (name, "lastUpdated", "userUpdated", "id_Country") VALUES ('Barreiras do Piauí', CURRENT_TIMESTAMP, 'pigtraxadmin', 1);
INSERT INTO pigtraxrefdata."City" (name, "lastUpdated", "userUpdated", "id_Country") VALUES ('Barreirinha', CURRENT_TIMESTAMP, 'pigtraxadmin', 1);
INSERT INTO pigtraxrefdata."City" (name, "lastUpdated", "userUpdated", "id_Country") VALUES ('Barreirinhas', CURRENT_TIMESTAMP, 'pigtraxadmin', 1);
INSERT INTO pigtraxrefdata."City" (name, "lastUpdated", "userUpdated", "id_Country") VALUES ('Barreiro Branco', CURRENT_TIMESTAMP, 'pigtraxadmin', 1);
INSERT INTO pigtraxrefdata."City" (name, "lastUpdated", "userUpdated", "id_Country") VALUES ('Barreiros', CURRENT_TIMESTAMP, 'pigtraxadmin', 1);
INSERT INTO pigtraxrefdata."City" (name, "lastUpdated", "userUpdated", "id_Country") VALUES ('Barrento', CURRENT_TIMESTAMP, 'pigtraxadmin', 1);
INSERT INTO pigtraxrefdata."City" (name, "lastUpdated", "userUpdated", "id_Country") VALUES ('Barretos', CURRENT_TIMESTAMP, 'pigtraxadmin', 1);
INSERT INTO pigtraxrefdata."City" (name, "lastUpdated", "userUpdated", "id_Country") VALUES ('Barrinha', CURRENT_TIMESTAMP, 'pigtraxadmin', 1);
INSERT INTO pigtraxrefdata."City" (name, "lastUpdated", "userUpdated", "id_Country") VALUES ('Barro', CURRENT_TIMESTAMP, 'pigtraxadmin', 1);
INSERT INTO pigtraxrefdata."City" (name, "lastUpdated", "userUpdated", "id_Country") VALUES ('Barro Alto', CURRENT_TIMESTAMP, 'pigtraxadmin', 1);
INSERT INTO pigtraxrefdata."City" (name, "lastUpdated", "userUpdated", "id_Country") VALUES ('Barro Branco', CURRENT_TIMESTAMP, 'pigtraxadmin', 1);
INSERT INTO pigtraxrefdata."City" (name, "lastUpdated", "userUpdated", "id_Country") VALUES ('Barro Duro', CURRENT_TIMESTAMP, 'pigtraxadmin', 1);
INSERT INTO pigtraxrefdata."City" (name, "lastUpdated", "userUpdated", "id_Country") VALUES ('Barro Preto', CURRENT_TIMESTAMP, 'pigtraxadmin', 1);
INSERT INTO pigtraxrefdata."City" (name, "lastUpdated", "userUpdated", "id_Country") VALUES ('Barro Vermelho', CURRENT_TIMESTAMP, 'pigtraxadmin', 1);
INSERT INTO pigtraxrefdata."City" (name, "lastUpdated", "userUpdated", "id_Country") VALUES ('Barrocas', CURRENT_TIMESTAMP, 'pigtraxadmin', 1);
INSERT INTO pigtraxrefdata."City" (name, "lastUpdated", "userUpdated", "id_Country") VALUES ('Barrolândia', CURRENT_TIMESTAMP, 'pigtraxadmin', 1);
INSERT INTO pigtraxrefdata."City" (name, "lastUpdated", "userUpdated", "id_Country") VALUES ('Barroquinha', CURRENT_TIMESTAMP, 'pigtraxadmin', 1);
INSERT INTO pigtraxrefdata."City" (name, "lastUpdated", "userUpdated", "id_Country") VALUES ('Barros Cassal', CURRENT_TIMESTAMP, 'pigtraxadmin', 1);
INSERT INTO pigtraxrefdata."City" (name, "lastUpdated", "userUpdated", "id_Country") VALUES ('Barroso', CURRENT_TIMESTAMP, 'pigtraxadmin', 1);
INSERT INTO pigtraxrefdata."City" (name, "lastUpdated", "userUpdated", "id_Country") VALUES ('Barueri', CURRENT_TIMESTAMP, 'pigtraxadmin', 1);
INSERT INTO pigtraxrefdata."City" (name, "lastUpdated", "userUpdated", "id_Country") VALUES ('Bastião', CURRENT_TIMESTAMP, 'pigtraxadmin', 1);
INSERT INTO pigtraxrefdata."City" (name, "lastUpdated", "userUpdated", "id_Country") VALUES ('Bastiões', CURRENT_TIMESTAMP, 'pigtraxadmin', 1);
INSERT INTO pigtraxrefdata."City" (name, "lastUpdated", "userUpdated", "id_Country") VALUES ('Bastos', CURRENT_TIMESTAMP, 'pigtraxadmin', 1);
INSERT INTO pigtraxrefdata."City" (name, "lastUpdated", "userUpdated", "id_Country") VALUES ('Bataguassu', CURRENT_TIMESTAMP, 'pigtraxadmin', 1);
INSERT INTO pigtraxrefdata."City" (name, "lastUpdated", "userUpdated", "id_Country") VALUES ('Batalha', CURRENT_TIMESTAMP, 'pigtraxadmin', 1);
INSERT INTO pigtraxrefdata."City" (name, "lastUpdated", "userUpdated", "id_Country") VALUES ('Batatais', CURRENT_TIMESTAMP, 'pigtraxadmin', 1);
INSERT INTO pigtraxrefdata."City" (name, "lastUpdated", "userUpdated", "id_Country") VALUES ('Batateira', CURRENT_TIMESTAMP, 'pigtraxadmin', 1);
INSERT INTO pigtraxrefdata."City" (name, "lastUpdated", "userUpdated", "id_Country") VALUES ('Batatuba', CURRENT_TIMESTAMP, 'pigtraxadmin', 1);
INSERT INTO pigtraxrefdata."City" (name, "lastUpdated", "userUpdated", "id_Country") VALUES ('Batayporã', CURRENT_TIMESTAMP, 'pigtraxadmin', 1);
INSERT INTO pigtraxrefdata."City" (name, "lastUpdated", "userUpdated", "id_Country") VALUES ('Bateias', CURRENT_TIMESTAMP, 'pigtraxadmin', 1);
INSERT INTO pigtraxrefdata."City" (name, "lastUpdated", "userUpdated", "id_Country") VALUES ('Bateias de Baixo', CURRENT_TIMESTAMP, 'pigtraxadmin', 1);
INSERT INTO pigtraxrefdata."City" (name, "lastUpdated", "userUpdated", "id_Country") VALUES ('Bate-Pé', CURRENT_TIMESTAMP, 'pigtraxadmin', 1);
INSERT INTO pigtraxrefdata."City" (name, "lastUpdated", "userUpdated", "id_Country") VALUES ('Batinga', CURRENT_TIMESTAMP, 'pigtraxadmin', 1);
INSERT INTO pigtraxrefdata."City" (name, "lastUpdated", "userUpdated", "id_Country") VALUES ('Baturité', CURRENT_TIMESTAMP, 'pigtraxadmin', 1);
INSERT INTO pigtraxrefdata."City" (name, "lastUpdated", "userUpdated", "id_Country") VALUES ('Baú', CURRENT_TIMESTAMP, 'pigtraxadmin', 1);
INSERT INTO pigtraxrefdata."City" (name, "lastUpdated", "userUpdated", "id_Country") VALUES ('Bauru', CURRENT_TIMESTAMP, 'pigtraxadmin', 1);
INSERT INTO pigtraxrefdata."City" (name, "lastUpdated", "userUpdated", "id_Country") VALUES ('Bayeux', CURRENT_TIMESTAMP, 'pigtraxadmin', 1);
INSERT INTO pigtraxrefdata."City" (name, "lastUpdated", "userUpdated", "id_Country") VALUES ('Bazílio', CURRENT_TIMESTAMP, 'pigtraxadmin', 1);
INSERT INTO pigtraxrefdata."City" (name, "lastUpdated", "userUpdated", "id_Country") VALUES ('Bebedouro', CURRENT_TIMESTAMP, 'pigtraxadmin', 1);
INSERT INTO pigtraxrefdata."City" (name, "lastUpdated", "userUpdated", "id_Country") VALUES ('Beberibe', CURRENT_TIMESTAMP, 'pigtraxadmin', 1);
INSERT INTO pigtraxrefdata."City" (name, "lastUpdated", "userUpdated", "id_Country") VALUES ('Bedengó', CURRENT_TIMESTAMP, 'pigtraxadmin', 1);
INSERT INTO pigtraxrefdata."City" (name, "lastUpdated", "userUpdated", "id_Country") VALUES ('Bela Cruz', CURRENT_TIMESTAMP, 'pigtraxadmin', 1);
INSERT INTO pigtraxrefdata."City" (name, "lastUpdated", "userUpdated", "id_Country") VALUES ('Bela Vista', CURRENT_TIMESTAMP, 'pigtraxadmin', 1);
INSERT INTO pigtraxrefdata."City" (name, "lastUpdated", "userUpdated", "id_Country") VALUES ('Bela Vista da Caroba', CURRENT_TIMESTAMP, 'pigtraxadmin', 1);
INSERT INTO pigtraxrefdata."City" (name, "lastUpdated", "userUpdated", "id_Country") VALUES ('Bela Vista do Maranhão', CURRENT_TIMESTAMP, 'pigtraxadmin', 1);
INSERT INTO pigtraxrefdata."City" (name, "lastUpdated", "userUpdated", "id_Country") VALUES ('Bela Vista do Paraíso', CURRENT_TIMESTAMP, 'pigtraxadmin', 1);
INSERT INTO pigtraxrefdata."City" (name, "lastUpdated", "userUpdated", "id_Country") VALUES ('Bela Vista do Toldo', CURRENT_TIMESTAMP, 'pigtraxadmin', 1);
INSERT INTO pigtraxrefdata."City" (name, "lastUpdated", "userUpdated", "id_Country") VALUES ('Bela Vista São-Carlense', CURRENT_TIMESTAMP, 'pigtraxadmin', 1);
INSERT INTO pigtraxrefdata."City" (name, "lastUpdated", "userUpdated", "id_Country") VALUES ('Belém', CURRENT_TIMESTAMP, 'pigtraxadmin', 1);
INSERT INTO pigtraxrefdata."City" (name, "lastUpdated", "userUpdated", "id_Country") VALUES ('Belém da Cachoeira', CURRENT_TIMESTAMP, 'pigtraxadmin', 1);
INSERT INTO pigtraxrefdata."City" (name, "lastUpdated", "userUpdated", "id_Country") VALUES ('Belém de Maria', CURRENT_TIMESTAMP, 'pigtraxadmin', 1);
INSERT INTO pigtraxrefdata."City" (name, "lastUpdated", "userUpdated", "id_Country") VALUES ('Belém do Brejo do Cruz', CURRENT_TIMESTAMP, 'pigtraxadmin', 1);
INSERT INTO pigtraxrefdata."City" (name, "lastUpdated", "userUpdated", "id_Country") VALUES ('Belém do São Francisco', CURRENT_TIMESTAMP, 'pigtraxadmin', 1);
INSERT INTO pigtraxrefdata."City" (name, "lastUpdated", "userUpdated", "id_Country") VALUES ('Belford Roxo', CURRENT_TIMESTAMP, 'pigtraxadmin', 1);
INSERT INTO pigtraxrefdata."City" (name, "lastUpdated", "userUpdated", "id_Country") VALUES ('Belisário', CURRENT_TIMESTAMP, 'pigtraxadmin', 1);
INSERT INTO pigtraxrefdata."City" (name, "lastUpdated", "userUpdated", "id_Country") VALUES ('Belmiro Braga', CURRENT_TIMESTAMP, 'pigtraxadmin', 1);
INSERT INTO pigtraxrefdata."City" (name, "lastUpdated", "userUpdated", "id_Country") VALUES ('Belmonte', CURRENT_TIMESTAMP, 'pigtraxadmin', 1);
INSERT INTO pigtraxrefdata."City" (name, "lastUpdated", "userUpdated", "id_Country") VALUES ('Belo Monte', CURRENT_TIMESTAMP, 'pigtraxadmin', 1);
INSERT INTO pigtraxrefdata."City" (name, "lastUpdated", "userUpdated", "id_Country") VALUES ('Belo Monte do Pará', CURRENT_TIMESTAMP, 'pigtraxadmin', 1);
INSERT INTO pigtraxrefdata."City" (name, "lastUpdated", "userUpdated", "id_Country") VALUES ('Belo Oriente', CURRENT_TIMESTAMP, 'pigtraxadmin', 1);
INSERT INTO pigtraxrefdata."City" (name, "lastUpdated", "userUpdated", "id_Country") VALUES ('Belterra', CURRENT_TIMESTAMP, 'pigtraxadmin', 1);
INSERT INTO pigtraxrefdata."City" (name, "lastUpdated", "userUpdated", "id_Country") VALUES ('Bem-Bom', CURRENT_TIMESTAMP, 'pigtraxadmin', 1);
INSERT INTO pigtraxrefdata."City" (name, "lastUpdated", "userUpdated", "id_Country") VALUES ('Beneditinos', CURRENT_TIMESTAMP, 'pigtraxadmin', 1);
INSERT INTO pigtraxrefdata."City" (name, "lastUpdated", "userUpdated", "id_Country") VALUES ('Benedito Leite', CURRENT_TIMESTAMP, 'pigtraxadmin', 1);
INSERT INTO pigtraxrefdata."City" (name, "lastUpdated", "userUpdated", "id_Country") VALUES ('Benevides', CURRENT_TIMESTAMP, 'pigtraxadmin', 1);
INSERT INTO pigtraxrefdata."City" (name, "lastUpdated", "userUpdated", "id_Country") VALUES ('Benfica', CURRENT_TIMESTAMP, 'pigtraxadmin', 1);
INSERT INTO pigtraxrefdata."City" (name, "lastUpdated", "userUpdated", "id_Country") VALUES ('Benjamin Constant', CURRENT_TIMESTAMP, 'pigtraxadmin', 1);
INSERT INTO pigtraxrefdata."City" (name, "lastUpdated", "userUpdated", "id_Country") VALUES ('Bentevi', CURRENT_TIMESTAMP, 'pigtraxadmin', 1);
INSERT INTO pigtraxrefdata."City" (name, "lastUpdated", "userUpdated", "id_Country") VALUES ('Bento de Abreu', CURRENT_TIMESTAMP, 'pigtraxadmin', 1);
INSERT INTO pigtraxrefdata."City" (name, "lastUpdated", "userUpdated", "id_Country") VALUES ('Bento Fernandes', CURRENT_TIMESTAMP, 'pigtraxadmin', 1);
INSERT INTO pigtraxrefdata."City" (name, "lastUpdated", "userUpdated", "id_Country") VALUES ('Bento Gonçalves', CURRENT_TIMESTAMP, 'pigtraxadmin', 1);
INSERT INTO pigtraxrefdata."City" (name, "lastUpdated", "userUpdated", "id_Country") VALUES ('Bento Simões', CURRENT_TIMESTAMP, 'pigtraxadmin', 1);
INSERT INTO pigtraxrefdata."City" (name, "lastUpdated", "userUpdated", "id_Country") VALUES ('Bentópolis', CURRENT_TIMESTAMP, 'pigtraxadmin', 1);
INSERT INTO pigtraxrefdata."City" (name, "lastUpdated", "userUpdated", "id_Country") VALUES ('Bentópolis de Minas', CURRENT_TIMESTAMP, 'pigtraxadmin', 1);
INSERT INTO pigtraxrefdata."City" (name, "lastUpdated", "userUpdated", "id_Country") VALUES ('Bequimão', CURRENT_TIMESTAMP, 'pigtraxadmin', 1);
INSERT INTO pigtraxrefdata."City" (name, "lastUpdated", "userUpdated", "id_Country") VALUES ('Berilo', CURRENT_TIMESTAMP, 'pigtraxadmin', 1);
INSERT INTO pigtraxrefdata."City" (name, "lastUpdated", "userUpdated", "id_Country") VALUES ('Berizal', CURRENT_TIMESTAMP, 'pigtraxadmin', 1);
INSERT INTO pigtraxrefdata."City" (name, "lastUpdated", "userUpdated", "id_Country") VALUES ('Bernardino Batista', CURRENT_TIMESTAMP, 'pigtraxadmin', 1);
INSERT INTO pigtraxrefdata."City" (name, "lastUpdated", "userUpdated", "id_Country") VALUES ('Bernardo do Mearim', CURRENT_TIMESTAMP, 'pigtraxadmin', 1);
INSERT INTO pigtraxrefdata."City" (name, "lastUpdated", "userUpdated", "id_Country") VALUES ('Bernardo Sayão', CURRENT_TIMESTAMP, 'pigtraxadmin', 1);
INSERT INTO pigtraxrefdata."City" (name, "lastUpdated", "userUpdated", "id_Country") VALUES ('Bernardo Vieira', CURRENT_TIMESTAMP, 'pigtraxadmin', 1);
INSERT INTO pigtraxrefdata."City" (name, "lastUpdated", "userUpdated", "id_Country") VALUES ('Bertioga', CURRENT_TIMESTAMP, 'pigtraxadmin', 1);
INSERT INTO pigtraxrefdata."City" (name, "lastUpdated", "userUpdated", "id_Country") VALUES ('Bertolínia', CURRENT_TIMESTAMP, 'pigtraxadmin', 1);
INSERT INTO pigtraxrefdata."City" (name, "lastUpdated", "userUpdated", "id_Country") VALUES ('Bertópolis', CURRENT_TIMESTAMP, 'pigtraxadmin', 1);
INSERT INTO pigtraxrefdata."City" (name, "lastUpdated", "userUpdated", "id_Country") VALUES ('Beruri', CURRENT_TIMESTAMP, 'pigtraxadmin', 1);
INSERT INTO pigtraxrefdata."City" (name, "lastUpdated", "userUpdated", "id_Country") VALUES ('Betânia', CURRENT_TIMESTAMP, 'pigtraxadmin', 1);
INSERT INTO pigtraxrefdata."City" (name, "lastUpdated", "userUpdated", "id_Country") VALUES ('Betânia do Piauí', CURRENT_TIMESTAMP, 'pigtraxadmin', 1);
INSERT INTO pigtraxrefdata."City" (name, "lastUpdated", "userUpdated", "id_Country") VALUES ('Betim', CURRENT_TIMESTAMP, 'pigtraxadmin', 1);
INSERT INTO pigtraxrefdata."City" (name, "lastUpdated", "userUpdated", "id_Country") VALUES ('Bezerro Branco', CURRENT_TIMESTAMP, 'pigtraxadmin', 1);
INSERT INTO pigtraxrefdata."City" (name, "lastUpdated", "userUpdated", "id_Country") VALUES ('Bezerros', CURRENT_TIMESTAMP, 'pigtraxadmin', 1);
INSERT INTO pigtraxrefdata."City" (name, "lastUpdated", "userUpdated", "id_Country") VALUES ('Bias Fortes', CURRENT_TIMESTAMP, 'pigtraxadmin', 1);
INSERT INTO pigtraxrefdata."City" (name, "lastUpdated", "userUpdated", "id_Country") VALUES ('Bicas', CURRENT_TIMESTAMP, 'pigtraxadmin', 1);
INSERT INTO pigtraxrefdata."City" (name, "lastUpdated", "userUpdated", "id_Country") VALUES ('Bielândia', CURRENT_TIMESTAMP, 'pigtraxadmin', 1);
INSERT INTO pigtraxrefdata."City" (name, "lastUpdated", "userUpdated", "id_Country") VALUES ('Biguaçu', CURRENT_TIMESTAMP, 'pigtraxadmin', 1);
INSERT INTO pigtraxrefdata."City" (name, "lastUpdated", "userUpdated", "id_Country") VALUES ('Bilac', CURRENT_TIMESTAMP, 'pigtraxadmin', 1);
INSERT INTO pigtraxrefdata."City" (name, "lastUpdated", "userUpdated", "id_Country") VALUES ('Biquinhas', CURRENT_TIMESTAMP, 'pigtraxadmin', 1);
INSERT INTO pigtraxrefdata."City" (name, "lastUpdated", "userUpdated", "id_Country") VALUES ('Birigui', CURRENT_TIMESTAMP, 'pigtraxadmin', 1);
INSERT INTO pigtraxrefdata."City" (name, "lastUpdated", "userUpdated", "id_Country") VALUES ('Biritiba-Ussu', CURRENT_TIMESTAMP, 'pigtraxadmin', 1);
INSERT INTO pigtraxrefdata."City" (name, "lastUpdated", "userUpdated", "id_Country") VALUES ('Biritinga', CURRENT_TIMESTAMP, 'pigtraxadmin', 1);
INSERT INTO pigtraxrefdata."City" (name, "lastUpdated", "userUpdated", "id_Country") VALUES ('Bitupitá', CURRENT_TIMESTAMP, 'pigtraxadmin', 1);
INSERT INTO pigtraxrefdata."City" (name, "lastUpdated", "userUpdated", "id_Country") VALUES ('Bituruna', CURRENT_TIMESTAMP, 'pigtraxadmin', 1);
INSERT INTO pigtraxrefdata."City" (name, "lastUpdated", "userUpdated", "id_Country") VALUES ('Bixopá', CURRENT_TIMESTAMP, 'pigtraxadmin', 1);
INSERT INTO pigtraxrefdata."City" (name, "lastUpdated", "userUpdated", "id_Country") VALUES ('Bizarra', CURRENT_TIMESTAMP, 'pigtraxadmin', 1);
INSERT INTO pigtraxrefdata."City" (name, "lastUpdated", "userUpdated", "id_Country") VALUES ('Blumenau', CURRENT_TIMESTAMP, 'pigtraxadmin', 1);
INSERT INTO pigtraxrefdata."City" (name, "lastUpdated", "userUpdated", "id_Country") VALUES ('Boa Água', CURRENT_TIMESTAMP, 'pigtraxadmin', 1);
INSERT INTO pigtraxrefdata."City" (name, "lastUpdated", "userUpdated", "id_Country") VALUES ('Boa Esperança', CURRENT_TIMESTAMP, 'pigtraxadmin', 1);
INSERT INTO pigtraxrefdata."City" (name, "lastUpdated", "userUpdated", "id_Country") VALUES ('Boa Esperança do Iguaçu', CURRENT_TIMESTAMP, 'pigtraxadmin', 1);
INSERT INTO pigtraxrefdata."City" (name, "lastUpdated", "userUpdated", "id_Country") VALUES ('Boa Hora', CURRENT_TIMESTAMP, 'pigtraxadmin', 1);
INSERT INTO pigtraxrefdata."City" (name, "lastUpdated", "userUpdated", "id_Country") VALUES ('Boa Nova', CURRENT_TIMESTAMP, 'pigtraxadmin', 1);
INSERT INTO pigtraxrefdata."City" (name, "lastUpdated", "userUpdated", "id_Country") VALUES ('Boa Sorte', CURRENT_TIMESTAMP, 'pigtraxadmin', 1);
INSERT INTO pigtraxrefdata."City" (name, "lastUpdated", "userUpdated", "id_Country") VALUES ('Boa União', CURRENT_TIMESTAMP, 'pigtraxadmin', 1);
INSERT INTO pigtraxrefdata."City" (name, "lastUpdated", "userUpdated", "id_Country") VALUES ('Boa União de Itabirinha', CURRENT_TIMESTAMP, 'pigtraxadmin', 1);
INSERT INTO pigtraxrefdata."City" (name, "lastUpdated", "userUpdated", "id_Country") VALUES ('Boa Ventura', CURRENT_TIMESTAMP, 'pigtraxadmin', 1);
INSERT INTO pigtraxrefdata."City" (name, "lastUpdated", "userUpdated", "id_Country") VALUES ('Boa Ventura de São Roque', CURRENT_TIMESTAMP, 'pigtraxadmin', 1);
INSERT INTO pigtraxrefdata."City" (name, "lastUpdated", "userUpdated", "id_Country") VALUES ('Boa Viagem', CURRENT_TIMESTAMP, 'pigtraxadmin', 1);
INSERT INTO pigtraxrefdata."City" (name, "lastUpdated", "userUpdated", "id_Country") VALUES ('Boa Vista', CURRENT_TIMESTAMP, 'pigtraxadmin', 1);
INSERT INTO pigtraxrefdata."City" (name, "lastUpdated", "userUpdated", "id_Country") VALUES ('Boa Vista das Missões', CURRENT_TIMESTAMP, 'pigtraxadmin', 1);
INSERT INTO pigtraxrefdata."City" (name, "lastUpdated", "userUpdated", "id_Country") VALUES ('Boa Vista de Minas', CURRENT_TIMESTAMP, 'pigtraxadmin', 1);
INSERT INTO pigtraxrefdata."City" (name, "lastUpdated", "userUpdated", "id_Country") VALUES ('Boa Vista do Buricá', CURRENT_TIMESTAMP, 'pigtraxadmin', 1);
INSERT INTO pigtraxrefdata."City" (name, "lastUpdated", "userUpdated", "id_Country") VALUES ('Boa Vista do Gurupi', CURRENT_TIMESTAMP, 'pigtraxadmin', 1);
INSERT INTO pigtraxrefdata."City" (name, "lastUpdated", "userUpdated", "id_Country") VALUES ('Boa Vista do Incra', CURRENT_TIMESTAMP, 'pigtraxadmin', 1);
INSERT INTO pigtraxrefdata."City" (name, "lastUpdated", "userUpdated", "id_Country") VALUES ('Boa Vista do Pacarana', CURRENT_TIMESTAMP, 'pigtraxadmin', 1);
INSERT INTO pigtraxrefdata."City" (name, "lastUpdated", "userUpdated", "id_Country") VALUES ('Boa Vista do Ramos', CURRENT_TIMESTAMP, 'pigtraxadmin', 1);
INSERT INTO pigtraxrefdata."City" (name, "lastUpdated", "userUpdated", "id_Country") VALUES ('Boa Vista do Tupim', CURRENT_TIMESTAMP, 'pigtraxadmin', 1);
INSERT INTO pigtraxrefdata."City" (name, "lastUpdated", "userUpdated", "id_Country") VALUES ('Boa Vista Paulista', CURRENT_TIMESTAMP, 'pigtraxadmin', 1);
INSERT INTO pigtraxrefdata."City" (name, "lastUpdated", "userUpdated", "id_Country") VALUES ('Boapaba', CURRENT_TIMESTAMP, 'pigtraxadmin', 1);
INSERT INTO pigtraxrefdata."City" (name, "lastUpdated", "userUpdated", "id_Country") VALUES ('Boas Novas', CURRENT_TIMESTAMP, 'pigtraxadmin', 1);
INSERT INTO pigtraxrefdata."City" (name, "lastUpdated", "userUpdated", "id_Country") VALUES ('Boaventura', CURRENT_TIMESTAMP, 'pigtraxadmin', 1);
INSERT INTO pigtraxrefdata."City" (name, "lastUpdated", "userUpdated", "id_Country") VALUES ('Boca da Mata', CURRENT_TIMESTAMP, 'pigtraxadmin', 1);
INSERT INTO pigtraxrefdata."City" (name, "lastUpdated", "userUpdated", "id_Country") VALUES ('Boca do Acre', CURRENT_TIMESTAMP, 'pigtraxadmin', 1);
INSERT INTO pigtraxrefdata."City" (name, "lastUpdated", "userUpdated", "id_Country") VALUES ('Boca do Córrego', CURRENT_TIMESTAMP, 'pigtraxadmin', 1);
INSERT INTO pigtraxrefdata."City" (name, "lastUpdated", "userUpdated", "id_Country") VALUES ('Boca do Monte', CURRENT_TIMESTAMP, 'pigtraxadmin', 1);
INSERT INTO pigtraxrefdata."City" (name, "lastUpdated", "userUpdated", "id_Country") VALUES ('Bocaina', CURRENT_TIMESTAMP, 'pigtraxadmin', 1);
INSERT INTO pigtraxrefdata."City" (name, "lastUpdated", "userUpdated", "id_Country") VALUES ('Bocaina de Minas', CURRENT_TIMESTAMP, 'pigtraxadmin', 1);
INSERT INTO pigtraxrefdata."City" (name, "lastUpdated", "userUpdated", "id_Country") VALUES ('Bocaina do Sul', CURRENT_TIMESTAMP, 'pigtraxadmin', 1);
INSERT INTO pigtraxrefdata."City" (name, "lastUpdated", "userUpdated", "id_Country") VALUES ('Bocaiúva', CURRENT_TIMESTAMP, 'pigtraxadmin', 1);
INSERT INTO pigtraxrefdata."City" (name, "lastUpdated", "userUpdated", "id_Country") VALUES ('Bocaiúva do Sul', CURRENT_TIMESTAMP, 'pigtraxadmin', 1);
INSERT INTO pigtraxrefdata."City" (name, "lastUpdated", "userUpdated", "id_Country") VALUES ('Bodó', CURRENT_TIMESTAMP, 'pigtraxadmin', 1);
INSERT INTO pigtraxrefdata."City" (name, "lastUpdated", "userUpdated", "id_Country") VALUES ('Bodocó', CURRENT_TIMESTAMP, 'pigtraxadmin', 1);
INSERT INTO pigtraxrefdata."City" (name, "lastUpdated", "userUpdated", "id_Country") VALUES ('Bodoquena', CURRENT_TIMESTAMP, 'pigtraxadmin', 1);
INSERT INTO pigtraxrefdata."City" (name, "lastUpdated", "userUpdated", "id_Country") VALUES ('Bofete', CURRENT_TIMESTAMP, 'pigtraxadmin', 1);
INSERT INTO pigtraxrefdata."City" (name, "lastUpdated", "userUpdated", "id_Country") VALUES ('Boim', CURRENT_TIMESTAMP, 'pigtraxadmin', 1);
INSERT INTO pigtraxrefdata."City" (name, "lastUpdated", "userUpdated", "id_Country") VALUES ('Boituva', CURRENT_TIMESTAMP, 'pigtraxadmin', 1);
INSERT INTO pigtraxrefdata."City" (name, "lastUpdated", "userUpdated", "id_Country") VALUES ('Bojuru', CURRENT_TIMESTAMP, 'pigtraxadmin', 1);
INSERT INTO pigtraxrefdata."City" (name, "lastUpdated", "userUpdated", "id_Country") VALUES ('Bom Conselho', CURRENT_TIMESTAMP, 'pigtraxadmin', 1);
INSERT INTO pigtraxrefdata."City" (name, "lastUpdated", "userUpdated", "id_Country") VALUES ('Bom Despacho', CURRENT_TIMESTAMP, 'pigtraxadmin', 1);
INSERT INTO pigtraxrefdata."City" (name, "lastUpdated", "userUpdated", "id_Country") VALUES ('Bom Fim do Bom Jesus', CURRENT_TIMESTAMP, 'pigtraxadmin', 1);
INSERT INTO pigtraxrefdata."City" (name, "lastUpdated", "userUpdated", "id_Country") VALUES ('Bom Jardim', CURRENT_TIMESTAMP, 'pigtraxadmin', 1);
INSERT INTO pigtraxrefdata."City" (name, "lastUpdated", "userUpdated", "id_Country") VALUES ('Bom Jardim da Serra', CURRENT_TIMESTAMP, 'pigtraxadmin', 1);
INSERT INTO pigtraxrefdata."City" (name, "lastUpdated", "userUpdated", "id_Country") VALUES ('Bom Jardim de Goiás', CURRENT_TIMESTAMP, 'pigtraxadmin', 1);
INSERT INTO pigtraxrefdata."City" (name, "lastUpdated", "userUpdated", "id_Country") VALUES ('Bom Jardim de Minas', CURRENT_TIMESTAMP, 'pigtraxadmin', 1);
INSERT INTO pigtraxrefdata."City" (name, "lastUpdated", "userUpdated", "id_Country") VALUES ('Bom Jardim do Araripe', CURRENT_TIMESTAMP, 'pigtraxadmin', 1);
INSERT INTO pigtraxrefdata."City" (name, "lastUpdated", "userUpdated", "id_Country") VALUES ('Bom Jardim do Sul', CURRENT_TIMESTAMP, 'pigtraxadmin', 1);
INSERT INTO pigtraxrefdata."City" (name, "lastUpdated", "userUpdated", "id_Country") VALUES ('Bom Jesus da Lapa', CURRENT_TIMESTAMP, 'pigtraxadmin', 1);
INSERT INTO pigtraxrefdata."City" (name, "lastUpdated", "userUpdated", "id_Country") VALUES ('Bom Jesus da Penha', CURRENT_TIMESTAMP, 'pigtraxadmin', 1);
INSERT INTO pigtraxrefdata."City" (name, "lastUpdated", "userUpdated", "id_Country") VALUES ('Bom Jesus da Serra', CURRENT_TIMESTAMP, 'pigtraxadmin', 1);
INSERT INTO pigtraxrefdata."City" (name, "lastUpdated", "userUpdated", "id_Country") VALUES ('Bom Jesus da Vereda', CURRENT_TIMESTAMP, 'pigtraxadmin', 1);
INSERT INTO pigtraxrefdata."City" (name, "lastUpdated", "userUpdated", "id_Country") VALUES ('Bom Jesus das Selvas', CURRENT_TIMESTAMP, 'pigtraxadmin', 1);
INSERT INTO pigtraxrefdata."City" (name, "lastUpdated", "userUpdated", "id_Country") VALUES ('Bom Jesus de Cardosos', CURRENT_TIMESTAMP, 'pigtraxadmin', 1);
INSERT INTO pigtraxrefdata."City" (name, "lastUpdated", "userUpdated", "id_Country") VALUES ('Bom Jesus de Goiás', CURRENT_TIMESTAMP, 'pigtraxadmin', 1);
INSERT INTO pigtraxrefdata."City" (name, "lastUpdated", "userUpdated", "id_Country") VALUES ('Bom Jesus do Amparo', CURRENT_TIMESTAMP, 'pigtraxadmin', 1);
INSERT INTO pigtraxrefdata."City" (name, "lastUpdated", "userUpdated", "id_Country") VALUES ('Bom Jesus do Araguaia', CURRENT_TIMESTAMP, 'pigtraxadmin', 1);
INSERT INTO pigtraxrefdata."City" (name, "lastUpdated", "userUpdated", "id_Country") VALUES ('Bom Jesus do Bagre', CURRENT_TIMESTAMP, 'pigtraxadmin', 1);
INSERT INTO pigtraxrefdata."City" (name, "lastUpdated", "userUpdated", "id_Country") VALUES ('Bom Jesus do Divino', CURRENT_TIMESTAMP, 'pigtraxadmin', 1);
INSERT INTO pigtraxrefdata."City" (name, "lastUpdated", "userUpdated", "id_Country") VALUES ('Bom Jesus do Galho', CURRENT_TIMESTAMP, 'pigtraxadmin', 1);
INSERT INTO pigtraxrefdata."City" (name, "lastUpdated", "userUpdated", "id_Country") VALUES ('Bom Jesus do Itabapoana', CURRENT_TIMESTAMP, 'pigtraxadmin', 1);
INSERT INTO pigtraxrefdata."City" (name, "lastUpdated", "userUpdated", "id_Country") VALUES ('Bom Jesus do Norte', CURRENT_TIMESTAMP, 'pigtraxadmin', 1);
INSERT INTO pigtraxrefdata."City" (name, "lastUpdated", "userUpdated", "id_Country") VALUES ('Bom Jesus do Oeste', CURRENT_TIMESTAMP, 'pigtraxadmin', 1);
INSERT INTO pigtraxrefdata."City" (name, "lastUpdated", "userUpdated", "id_Country") VALUES ('Bom Jesus do Querendo', CURRENT_TIMESTAMP, 'pigtraxadmin', 1);
INSERT INTO pigtraxrefdata."City" (name, "lastUpdated", "userUpdated", "id_Country") VALUES ('Bom Jesus do Rio Preto', CURRENT_TIMESTAMP, 'pigtraxadmin', 1);
INSERT INTO pigtraxrefdata."City" (name, "lastUpdated", "userUpdated", "id_Country") VALUES ('Bom Jesus do Sul', CURRENT_TIMESTAMP, 'pigtraxadmin', 1);
INSERT INTO pigtraxrefdata."City" (name, "lastUpdated", "userUpdated", "id_Country") VALUES ('Bom Jesus do Tocantins', CURRENT_TIMESTAMP, 'pigtraxadmin', 1);
INSERT INTO pigtraxrefdata."City" (name, "lastUpdated", "userUpdated", "id_Country") VALUES ('Bom Jesus dos Perdões', CURRENT_TIMESTAMP, 'pigtraxadmin', 1);
INSERT INTO pigtraxrefdata."City" (name, "lastUpdated", "userUpdated", "id_Country") VALUES ('Bom Jesus dos Pobres', CURRENT_TIMESTAMP, 'pigtraxadmin', 1);
INSERT INTO pigtraxrefdata."City" (name, "lastUpdated", "userUpdated", "id_Country") VALUES ('Bom Lugar', CURRENT_TIMESTAMP, 'pigtraxadmin', 1);
INSERT INTO pigtraxrefdata."City" (name, "lastUpdated", "userUpdated", "id_Country") VALUES ('Bom Nome', CURRENT_TIMESTAMP, 'pigtraxadmin', 1);
INSERT INTO pigtraxrefdata."City" (name, "lastUpdated", "userUpdated", "id_Country") VALUES ('Bom Retiro da Esperança', CURRENT_TIMESTAMP, 'pigtraxadmin', 1);
INSERT INTO pigtraxrefdata."City" (name, "lastUpdated", "userUpdated", "id_Country") VALUES ('Bom Retiro do Sul', CURRENT_TIMESTAMP, 'pigtraxadmin', 1);
INSERT INTO pigtraxrefdata."City" (name, "lastUpdated", "userUpdated", "id_Country") VALUES ('Bom Sossego', CURRENT_TIMESTAMP, 'pigtraxadmin', 1);
INSERT INTO pigtraxrefdata."City" (name, "lastUpdated", "userUpdated", "id_Country") VALUES ('Bom Sucesso', CURRENT_TIMESTAMP, 'pigtraxadmin', 1);
INSERT INTO pigtraxrefdata."City" (name, "lastUpdated", "userUpdated", "id_Country") VALUES ('Bom Sucesso de Itararé', CURRENT_TIMESTAMP, 'pigtraxadmin', 1);
INSERT INTO pigtraxrefdata."City" (name, "lastUpdated", "userUpdated", "id_Country") VALUES ('Bom Sucesso do Sul', CURRENT_TIMESTAMP, 'pigtraxadmin', 1);
INSERT INTO pigtraxrefdata."City" (name, "lastUpdated", "userUpdated", "id_Country") VALUES ('Bombinhas', CURRENT_TIMESTAMP, 'pigtraxadmin', 1);
INSERT INTO pigtraxrefdata."City" (name, "lastUpdated", "userUpdated", "id_Country") VALUES ('Bonança', CURRENT_TIMESTAMP, 'pigtraxadmin', 1);
INSERT INTO pigtraxrefdata."City" (name, "lastUpdated", "userUpdated", "id_Country") VALUES ('Bonfim', CURRENT_TIMESTAMP, 'pigtraxadmin', 1);
INSERT INTO pigtraxrefdata."City" (name, "lastUpdated", "userUpdated", "id_Country") VALUES ('Bonfim da Feira', CURRENT_TIMESTAMP, 'pigtraxadmin', 1);
INSERT INTO pigtraxrefdata."City" (name, "lastUpdated", "userUpdated", "id_Country") VALUES ('Bonfim de Ipirá', CURRENT_TIMESTAMP, 'pigtraxadmin', 1);
INSERT INTO pigtraxrefdata."City" (name, "lastUpdated", "userUpdated", "id_Country") VALUES ('Bonfim do Piauí', CURRENT_TIMESTAMP, 'pigtraxadmin', 1);
INSERT INTO pigtraxrefdata."City" (name, "lastUpdated", "userUpdated", "id_Country") VALUES ('Boninal', CURRENT_TIMESTAMP, 'pigtraxadmin', 1);
INSERT INTO pigtraxrefdata."City" (name, "lastUpdated", "userUpdated", "id_Country") VALUES ('Bonito', CURRENT_TIMESTAMP, 'pigtraxadmin', 1);
INSERT INTO pigtraxrefdata."City" (name, "lastUpdated", "userUpdated", "id_Country") VALUES ('Bonito de Minas', CURRENT_TIMESTAMP, 'pigtraxadmin', 1);
INSERT INTO pigtraxrefdata."City" (name, "lastUpdated", "userUpdated", "id_Country") VALUES ('Bonito de Santa Fé', CURRENT_TIMESTAMP, 'pigtraxadmin', 1);
INSERT INTO pigtraxrefdata."City" (name, "lastUpdated", "userUpdated", "id_Country") VALUES ('Bonópolis', CURRENT_TIMESTAMP, 'pigtraxadmin', 1);
INSERT INTO pigtraxrefdata."City" (name, "lastUpdated", "userUpdated", "id_Country") VALUES ('Boqueirão', CURRENT_TIMESTAMP, 'pigtraxadmin', 1);
INSERT INTO pigtraxrefdata."City" (name, "lastUpdated", "userUpdated", "id_Country") VALUES ('Boqueirão do Leão', CURRENT_TIMESTAMP, 'pigtraxadmin', 1);
INSERT INTO pigtraxrefdata."City" (name, "lastUpdated", "userUpdated", "id_Country") VALUES ('Boqueirão do Piauí', CURRENT_TIMESTAMP, 'pigtraxadmin', 1);
INSERT INTO pigtraxrefdata."City" (name, "lastUpdated", "userUpdated", "id_Country") VALUES ('Boquim', CURRENT_TIMESTAMP, 'pigtraxadmin', 1);
INSERT INTO pigtraxrefdata."City" (name, "lastUpdated", "userUpdated", "id_Country") VALUES ('Boquira', CURRENT_TIMESTAMP, 'pigtraxadmin', 1);
INSERT INTO pigtraxrefdata."City" (name, "lastUpdated", "userUpdated", "id_Country") VALUES ('Borá', CURRENT_TIMESTAMP, 'pigtraxadmin', 1);
INSERT INTO pigtraxrefdata."City" (name, "lastUpdated", "userUpdated", "id_Country") VALUES ('Boracéia', CURRENT_TIMESTAMP, 'pigtraxadmin', 1);
INSERT INTO pigtraxrefdata."City" (name, "lastUpdated", "userUpdated", "id_Country") VALUES ('Borba', CURRENT_TIMESTAMP, 'pigtraxadmin', 1);
INSERT INTO pigtraxrefdata."City" (name, "lastUpdated", "userUpdated", "id_Country") VALUES ('Borborema', CURRENT_TIMESTAMP, 'pigtraxadmin', 1);
INSERT INTO pigtraxrefdata."City" (name, "lastUpdated", "userUpdated", "id_Country") VALUES ('Borda da Mata', CURRENT_TIMESTAMP, 'pigtraxadmin', 1);
INSERT INTO pigtraxrefdata."City" (name, "lastUpdated", "userUpdated", "id_Country") VALUES ('Borda do Campo', CURRENT_TIMESTAMP, 'pigtraxadmin', 1);
INSERT INTO pigtraxrefdata."City" (name, "lastUpdated", "userUpdated", "id_Country") VALUES ('Borda do Campo de São Sebastião', CURRENT_TIMESTAMP, 'pigtraxadmin', 1);
INSERT INTO pigtraxrefdata."City" (name, "lastUpdated", "userUpdated", "id_Country") VALUES ('Borebi', CURRENT_TIMESTAMP, 'pigtraxadmin', 1);
INSERT INTO pigtraxrefdata."City" (name, "lastUpdated", "userUpdated", "id_Country") VALUES ('Borrazópolis', CURRENT_TIMESTAMP, 'pigtraxadmin', 1);
INSERT INTO pigtraxrefdata."City" (name, "lastUpdated", "userUpdated", "id_Country") VALUES ('Botafogo', CURRENT_TIMESTAMP, 'pigtraxadmin', 1);
INSERT INTO pigtraxrefdata."City" (name, "lastUpdated", "userUpdated", "id_Country") VALUES ('Botelho', CURRENT_TIMESTAMP, 'pigtraxadmin', 1);
INSERT INTO pigtraxrefdata."City" (name, "lastUpdated", "userUpdated", "id_Country") VALUES ('Botelhos', CURRENT_TIMESTAMP, 'pigtraxadmin', 1);
INSERT INTO pigtraxrefdata."City" (name, "lastUpdated", "userUpdated", "id_Country") VALUES ('Botucatu', CURRENT_TIMESTAMP, 'pigtraxadmin', 1);
INSERT INTO pigtraxrefdata."City" (name, "lastUpdated", "userUpdated", "id_Country") VALUES ('Botujuru', CURRENT_TIMESTAMP, 'pigtraxadmin', 1);
INSERT INTO pigtraxrefdata."City" (name, "lastUpdated", "userUpdated", "id_Country") VALUES ('Botumirim', CURRENT_TIMESTAMP, 'pigtraxadmin', 1);
INSERT INTO pigtraxrefdata."City" (name, "lastUpdated", "userUpdated", "id_Country") VALUES ('Botuporã', CURRENT_TIMESTAMP, 'pigtraxadmin', 1);
INSERT INTO pigtraxrefdata."City" (name, "lastUpdated", "userUpdated", "id_Country") VALUES ('Botuverá', CURRENT_TIMESTAMP, 'pigtraxadmin', 1);
INSERT INTO pigtraxrefdata."City" (name, "lastUpdated", "userUpdated", "id_Country") VALUES ('Bourbonia', CURRENT_TIMESTAMP, 'pigtraxadmin', 1);
INSERT INTO pigtraxrefdata."City" (name, "lastUpdated", "userUpdated", "id_Country") VALUES ('Bozano', CURRENT_TIMESTAMP, 'pigtraxadmin', 1);
INSERT INTO pigtraxrefdata."City" (name, "lastUpdated", "userUpdated", "id_Country") VALUES ('Braço do Norte', CURRENT_TIMESTAMP, 'pigtraxadmin', 1);
INSERT INTO pigtraxrefdata."City" (name, "lastUpdated", "userUpdated", "id_Country") VALUES ('Braço do Rio', CURRENT_TIMESTAMP, 'pigtraxadmin', 1);
INSERT INTO pigtraxrefdata."City" (name, "lastUpdated", "userUpdated", "id_Country") VALUES ('Braço do Trombudo', CURRENT_TIMESTAMP, 'pigtraxadmin', 1);
INSERT INTO pigtraxrefdata."City" (name, "lastUpdated", "userUpdated", "id_Country") VALUES ('Braga', CURRENT_TIMESTAMP, 'pigtraxadmin', 1);
INSERT INTO pigtraxrefdata."City" (name, "lastUpdated", "userUpdated", "id_Country") VALUES ('Bragança', CURRENT_TIMESTAMP, 'pigtraxadmin', 1);
INSERT INTO pigtraxrefdata."City" (name, "lastUpdated", "userUpdated", "id_Country") VALUES ('Bragantina', CURRENT_TIMESTAMP, 'pigtraxadmin', 1);
INSERT INTO pigtraxrefdata."City" (name, "lastUpdated", "userUpdated", "id_Country") VALUES ('Branquinha', CURRENT_TIMESTAMP, 'pigtraxadmin', 1);
INSERT INTO pigtraxrefdata."City" (name, "lastUpdated", "userUpdated", "id_Country") VALUES ('Brás Cubas', CURRENT_TIMESTAMP, 'pigtraxadmin', 1);
INSERT INTO pigtraxrefdata."City" (name, "lastUpdated", "userUpdated", "id_Country") VALUES ('Brás Pires', CURRENT_TIMESTAMP, 'pigtraxadmin', 1);
INSERT INTO pigtraxrefdata."City" (name, "lastUpdated", "userUpdated", "id_Country") VALUES ('Brasil Novo', CURRENT_TIMESTAMP, 'pigtraxadmin', 1);
INSERT INTO pigtraxrefdata."City" (name, "lastUpdated", "userUpdated", "id_Country") VALUES ('Brasilândia', CURRENT_TIMESTAMP, 'pigtraxadmin', 1);
INSERT INTO pigtraxrefdata."City" (name, "lastUpdated", "userUpdated", "id_Country") VALUES ('Brasileira', CURRENT_TIMESTAMP, 'pigtraxadmin', 1);
INSERT INTO pigtraxrefdata."City" (name, "lastUpdated", "userUpdated", "id_Country") VALUES ('Brasilia', CURRENT_TIMESTAMP, 'pigtraxadmin', 1);
INSERT INTO pigtraxrefdata."City" (name, "lastUpdated", "userUpdated", "id_Country") VALUES ('Brasília de Minas', CURRENT_TIMESTAMP, 'pigtraxadmin', 1);
INSERT INTO pigtraxrefdata."City" (name, "lastUpdated", "userUpdated", "id_Country") VALUES ('Brasília Legal', CURRENT_TIMESTAMP, 'pigtraxadmin', 1);
INSERT INTO pigtraxrefdata."City" (name, "lastUpdated", "userUpdated", "id_Country") VALUES ('Brasitânia', CURRENT_TIMESTAMP, 'pigtraxadmin', 1);
INSERT INTO pigtraxrefdata."City" (name, "lastUpdated", "userUpdated", "id_Country") VALUES ('Brasnorte', CURRENT_TIMESTAMP, 'pigtraxadmin', 1);
INSERT INTO pigtraxrefdata."City" (name, "lastUpdated", "userUpdated", "id_Country") VALUES ('Brasópolis', CURRENT_TIMESTAMP, 'pigtraxadmin', 1);
INSERT INTO pigtraxrefdata."City" (name, "lastUpdated", "userUpdated", "id_Country") VALUES ('Braúna', CURRENT_TIMESTAMP, 'pigtraxadmin', 1);
INSERT INTO pigtraxrefdata."City" (name, "lastUpdated", "userUpdated", "id_Country") VALUES ('Braúnas', CURRENT_TIMESTAMP, 'pigtraxadmin', 1);
INSERT INTO pigtraxrefdata."City" (name, "lastUpdated", "userUpdated", "id_Country") VALUES ('Brazabrantes', CURRENT_TIMESTAMP, 'pigtraxadmin', 1);
INSERT INTO pigtraxrefdata."City" (name, "lastUpdated", "userUpdated", "id_Country") VALUES ('Brejão', CURRENT_TIMESTAMP, 'pigtraxadmin', 1);
INSERT INTO pigtraxrefdata."City" (name, "lastUpdated", "userUpdated", "id_Country") VALUES ('Brejetuba', CURRENT_TIMESTAMP, 'pigtraxadmin', 1);
INSERT INTO pigtraxrefdata."City" (name, "lastUpdated", "userUpdated", "id_Country") VALUES ('Brejinho', CURRENT_TIMESTAMP, 'pigtraxadmin', 1);
INSERT INTO pigtraxrefdata."City" (name, "lastUpdated", "userUpdated", "id_Country") VALUES ('Brejinho das Ametistas', CURRENT_TIMESTAMP, 'pigtraxadmin', 1);
INSERT INTO pigtraxrefdata."City" (name, "lastUpdated", "userUpdated", "id_Country") VALUES ('Brejinho de Nazaré', CURRENT_TIMESTAMP, 'pigtraxadmin', 1);
INSERT INTO pigtraxrefdata."City" (name, "lastUpdated", "userUpdated", "id_Country") VALUES ('Brejo', CURRENT_TIMESTAMP, 'pigtraxadmin', 1);
INSERT INTO pigtraxrefdata."City" (name, "lastUpdated", "userUpdated", "id_Country") VALUES ('Brejo Alegre', CURRENT_TIMESTAMP, 'pigtraxadmin', 1);
INSERT INTO pigtraxrefdata."City" (name, "lastUpdated", "userUpdated", "id_Country") VALUES ('Brejo Bonito', CURRENT_TIMESTAMP, 'pigtraxadmin', 1);
INSERT INTO pigtraxrefdata."City" (name, "lastUpdated", "userUpdated", "id_Country") VALUES ('Brejo da Madre de Deus', CURRENT_TIMESTAMP, 'pigtraxadmin', 1);
INSERT INTO pigtraxrefdata."City" (name, "lastUpdated", "userUpdated", "id_Country") VALUES ('Brejo de Areia', CURRENT_TIMESTAMP, 'pigtraxadmin', 1);
INSERT INTO pigtraxrefdata."City" (name, "lastUpdated", "userUpdated", "id_Country") VALUES ('Brejo do Amparo', CURRENT_TIMESTAMP, 'pigtraxadmin', 1);
INSERT INTO pigtraxrefdata."City" (name, "lastUpdated", "userUpdated", "id_Country") VALUES ('Brejo do Cruz', CURRENT_TIMESTAMP, 'pigtraxadmin', 1);
INSERT INTO pigtraxrefdata."City" (name, "lastUpdated", "userUpdated", "id_Country") VALUES ('Brejo do Mutambal', CURRENT_TIMESTAMP, 'pigtraxadmin', 1);
INSERT INTO pigtraxrefdata."City" (name, "lastUpdated", "userUpdated", "id_Country") VALUES ('Brejo do Piauí', CURRENT_TIMESTAMP, 'pigtraxadmin', 1);
INSERT INTO pigtraxrefdata."City" (name, "lastUpdated", "userUpdated", "id_Country") VALUES ('Brejo dos Santos', CURRENT_TIMESTAMP, 'pigtraxadmin', 1);
INSERT INTO pigtraxrefdata."City" (name, "lastUpdated", "userUpdated", "id_Country") VALUES ('Brejo Grande', CURRENT_TIMESTAMP, 'pigtraxadmin', 1);
INSERT INTO pigtraxrefdata."City" (name, "lastUpdated", "userUpdated", "id_Country") VALUES ('Brejo Grande do Araguaia', CURRENT_TIMESTAMP, 'pigtraxadmin', 1);
INSERT INTO pigtraxrefdata."City" (name, "lastUpdated", "userUpdated", "id_Country") VALUES ('Brejo Luiza de Brito', CURRENT_TIMESTAMP, 'pigtraxadmin', 1);
INSERT INTO pigtraxrefdata."City" (name, "lastUpdated", "userUpdated", "id_Country") VALUES ('Brejo Santo', CURRENT_TIMESTAMP, 'pigtraxadmin', 1);
INSERT INTO pigtraxrefdata."City" (name, "lastUpdated", "userUpdated", "id_Country") VALUES ('Brejões', CURRENT_TIMESTAMP, 'pigtraxadmin', 1);
INSERT INTO pigtraxrefdata."City" (name, "lastUpdated", "userUpdated", "id_Country") VALUES ('Brejolândia', CURRENT_TIMESTAMP, 'pigtraxadmin', 1);
INSERT INTO pigtraxrefdata."City" (name, "lastUpdated", "userUpdated", "id_Country") VALUES ('Breu Branco', CURRENT_TIMESTAMP, 'pigtraxadmin', 1);
INSERT INTO pigtraxrefdata."City" (name, "lastUpdated", "userUpdated", "id_Country") VALUES ('Breves', CURRENT_TIMESTAMP, 'pigtraxadmin', 1);
INSERT INTO pigtraxrefdata."City" (name, "lastUpdated", "userUpdated", "id_Country") VALUES ('Britânia', CURRENT_TIMESTAMP, 'pigtraxadmin', 1);
INSERT INTO pigtraxrefdata."City" (name, "lastUpdated", "userUpdated", "id_Country") VALUES ('Brotas de Macaúbas', CURRENT_TIMESTAMP, 'pigtraxadmin', 1);
INSERT INTO pigtraxrefdata."City" (name, "lastUpdated", "userUpdated", "id_Country") VALUES ('Brumadinho', CURRENT_TIMESTAMP, 'pigtraxadmin', 1);
INSERT INTO pigtraxrefdata."City" (name, "lastUpdated", "userUpdated", "id_Country") VALUES ('Brumado', CURRENT_TIMESTAMP, 'pigtraxadmin', 1);
INSERT INTO pigtraxrefdata."City" (name, "lastUpdated", "userUpdated", "id_Country") VALUES ('Brumal', CURRENT_TIMESTAMP, 'pigtraxadmin', 1);
INSERT INTO pigtraxrefdata."City" (name, "lastUpdated", "userUpdated", "id_Country") VALUES ('Brusque', CURRENT_TIMESTAMP, 'pigtraxadmin', 1);
INSERT INTO pigtraxrefdata."City" (name, "lastUpdated", "userUpdated", "id_Country") VALUES ('Bueno Brandão', CURRENT_TIMESTAMP, 'pigtraxadmin', 1);
INSERT INTO pigtraxrefdata."City" (name, "lastUpdated", "userUpdated", "id_Country") VALUES ('Buenópolis', CURRENT_TIMESTAMP, 'pigtraxadmin', 1);
INSERT INTO pigtraxrefdata."City" (name, "lastUpdated", "userUpdated", "id_Country") VALUES ('Buenos Aires', CURRENT_TIMESTAMP, 'pigtraxadmin', 1);
INSERT INTO pigtraxrefdata."City" (name, "lastUpdated", "userUpdated", "id_Country") VALUES ('Buerarema', CURRENT_TIMESTAMP, 'pigtraxadmin', 1);
INSERT INTO pigtraxrefdata."City" (name, "lastUpdated", "userUpdated", "id_Country") VALUES ('Bugre', CURRENT_TIMESTAMP, 'pigtraxadmin', 1);
INSERT INTO pigtraxrefdata."City" (name, "lastUpdated", "userUpdated", "id_Country") VALUES ('Buíque', CURRENT_TIMESTAMP, 'pigtraxadmin', 1);
INSERT INTO pigtraxrefdata."City" (name, "lastUpdated", "userUpdated", "id_Country") VALUES ('Bujari', CURRENT_TIMESTAMP, 'pigtraxadmin', 1);
INSERT INTO pigtraxrefdata."City" (name, "lastUpdated", "userUpdated", "id_Country") VALUES ('Bujaru', CURRENT_TIMESTAMP, 'pigtraxadmin', 1);
INSERT INTO pigtraxrefdata."City" (name, "lastUpdated", "userUpdated", "id_Country") VALUES ('Buril', CURRENT_TIMESTAMP, 'pigtraxadmin', 1);
INSERT INTO pigtraxrefdata."City" (name, "lastUpdated", "userUpdated", "id_Country") VALUES ('Buritama', CURRENT_TIMESTAMP, 'pigtraxadmin', 1);
INSERT INTO pigtraxrefdata."City" (name, "lastUpdated", "userUpdated", "id_Country") VALUES ('Buriti', CURRENT_TIMESTAMP, 'pigtraxadmin', 1);
INSERT INTO pigtraxrefdata."City" (name, "lastUpdated", "userUpdated", "id_Country") VALUES ('Buriti Alegre', CURRENT_TIMESTAMP, 'pigtraxadmin', 1);
INSERT INTO pigtraxrefdata."City" (name, "lastUpdated", "userUpdated", "id_Country") VALUES ('Buriti Bravo', CURRENT_TIMESTAMP, 'pigtraxadmin', 1);
INSERT INTO pigtraxrefdata."City" (name, "lastUpdated", "userUpdated", "id_Country") VALUES ('Buriti de Goiás', CURRENT_TIMESTAMP, 'pigtraxadmin', 1);
INSERT INTO pigtraxrefdata."City" (name, "lastUpdated", "userUpdated", "id_Country") VALUES ('Buriti do Tocantins', CURRENT_TIMESTAMP, 'pigtraxadmin', 1);
INSERT INTO pigtraxrefdata."City" (name, "lastUpdated", "userUpdated", "id_Country") VALUES ('Buriti dos Lopes', CURRENT_TIMESTAMP, 'pigtraxadmin', 1);
INSERT INTO pigtraxrefdata."City" (name, "lastUpdated", "userUpdated", "id_Country") VALUES ('Buriti dos Montes', CURRENT_TIMESTAMP, 'pigtraxadmin', 1);
INSERT INTO pigtraxrefdata."City" (name, "lastUpdated", "userUpdated", "id_Country") VALUES ('Buriticupu', CURRENT_TIMESTAMP, 'pigtraxadmin', 1);
INSERT INTO pigtraxrefdata."City" (name, "lastUpdated", "userUpdated", "id_Country") VALUES ('Buritinópolis', CURRENT_TIMESTAMP, 'pigtraxadmin', 1);
INSERT INTO pigtraxrefdata."City" (name, "lastUpdated", "userUpdated", "id_Country") VALUES ('Buritirama', CURRENT_TIMESTAMP, 'pigtraxadmin', 1);
INSERT INTO pigtraxrefdata."City" (name, "lastUpdated", "userUpdated", "id_Country") VALUES ('Buritis', CURRENT_TIMESTAMP, 'pigtraxadmin', 1);
INSERT INTO pigtraxrefdata."City" (name, "lastUpdated", "userUpdated", "id_Country") VALUES ('Buritizal', CURRENT_TIMESTAMP, 'pigtraxadmin', 1);
INSERT INTO pigtraxrefdata."City" (name, "lastUpdated", "userUpdated", "id_Country") VALUES ('Buritizeiro', CURRENT_TIMESTAMP, 'pigtraxadmin', 1);
INSERT INTO pigtraxrefdata."City" (name, "lastUpdated", "userUpdated", "id_Country") VALUES ('Buritizinho', CURRENT_TIMESTAMP, 'pigtraxadmin', 1);
INSERT INTO pigtraxrefdata."City" (name, "lastUpdated", "userUpdated", "id_Country") VALUES ('Butiá', CURRENT_TIMESTAMP, 'pigtraxadmin', 1);
INSERT INTO pigtraxrefdata."City" (name, "lastUpdated", "userUpdated", "id_Country") VALUES ('Caapiranga', CURRENT_TIMESTAMP, 'pigtraxadmin', 1);
INSERT INTO pigtraxrefdata."City" (name, "lastUpdated", "userUpdated", "id_Country") VALUES ('Caaporã', CURRENT_TIMESTAMP, 'pigtraxadmin', 1);
INSERT INTO pigtraxrefdata."City" (name, "lastUpdated", "userUpdated", "id_Country") VALUES ('Caarapó', CURRENT_TIMESTAMP, 'pigtraxadmin', 1);
INSERT INTO pigtraxrefdata."City" (name, "lastUpdated", "userUpdated", "id_Country") VALUES ('Caatiba', CURRENT_TIMESTAMP, 'pigtraxadmin', 1);
INSERT INTO pigtraxrefdata."City" (name, "lastUpdated", "userUpdated", "id_Country") VALUES ('Cabaceiras', CURRENT_TIMESTAMP, 'pigtraxadmin', 1);
INSERT INTO pigtraxrefdata."City" (name, "lastUpdated", "userUpdated", "id_Country") VALUES ('Cabaceiras do Paraguaçu', CURRENT_TIMESTAMP, 'pigtraxadmin', 1);
INSERT INTO pigtraxrefdata."City" (name, "lastUpdated", "userUpdated", "id_Country") VALUES ('Cabanas', CURRENT_TIMESTAMP, 'pigtraxadmin', 1);
INSERT INTO pigtraxrefdata."City" (name, "lastUpdated", "userUpdated", "id_Country") VALUES ('Cabeceira da Jiboia', CURRENT_TIMESTAMP, 'pigtraxadmin', 1);
INSERT INTO pigtraxrefdata."City" (name, "lastUpdated", "userUpdated", "id_Country") VALUES ('Cabeceira Grande', CURRENT_TIMESTAMP, 'pigtraxadmin', 1);
INSERT INTO pigtraxrefdata."City" (name, "lastUpdated", "userUpdated", "id_Country") VALUES ('Cabeceiras', CURRENT_TIMESTAMP, 'pigtraxadmin', 1);
INSERT INTO pigtraxrefdata."City" (name, "lastUpdated", "userUpdated", "id_Country") VALUES ('Cabeceiras do Piauí', CURRENT_TIMESTAMP, 'pigtraxadmin', 1);
INSERT INTO pigtraxrefdata."City" (name, "lastUpdated", "userUpdated", "id_Country") VALUES ('Cabedelo', CURRENT_TIMESTAMP, 'pigtraxadmin', 1);
INSERT INTO pigtraxrefdata."City" (name, "lastUpdated", "userUpdated", "id_Country") VALUES ('Cabixi', CURRENT_TIMESTAMP, 'pigtraxadmin', 1);
INSERT INTO pigtraxrefdata."City" (name, "lastUpdated", "userUpdated", "id_Country") VALUES ('Cabo de Santo Agostinho', CURRENT_TIMESTAMP, 'pigtraxadmin', 1);
INSERT INTO pigtraxrefdata."City" (name, "lastUpdated", "userUpdated", "id_Country") VALUES ('Cabo Frio', CURRENT_TIMESTAMP, 'pigtraxadmin', 1);
INSERT INTO pigtraxrefdata."City" (name, "lastUpdated", "userUpdated", "id_Country") VALUES ('Cabo Verde', CURRENT_TIMESTAMP, 'pigtraxadmin', 1);
INSERT INTO pigtraxrefdata."City" (name, "lastUpdated", "userUpdated", "id_Country") VALUES ('Caboto', CURRENT_TIMESTAMP, 'pigtraxadmin', 1);
INSERT INTO pigtraxrefdata."City" (name, "lastUpdated", "userUpdated", "id_Country") VALUES ('Cabrália', CURRENT_TIMESTAMP, 'pigtraxadmin', 1);
INSERT INTO pigtraxrefdata."City" (name, "lastUpdated", "userUpdated", "id_Country") VALUES ('Cabrália Paulista', CURRENT_TIMESTAMP, 'pigtraxadmin', 1);
INSERT INTO pigtraxrefdata."City" (name, "lastUpdated", "userUpdated", "id_Country") VALUES ('Cabreúva', CURRENT_TIMESTAMP, 'pigtraxadmin', 1);
INSERT INTO pigtraxrefdata."City" (name, "lastUpdated", "userUpdated", "id_Country") VALUES ('Cabrobó', CURRENT_TIMESTAMP, 'pigtraxadmin', 1);
INSERT INTO pigtraxrefdata."City" (name, "lastUpdated", "userUpdated", "id_Country") VALUES ('Cabuçu', CURRENT_TIMESTAMP, 'pigtraxadmin', 1);
INSERT INTO pigtraxrefdata."City" (name, "lastUpdated", "userUpdated", "id_Country") VALUES ('Caçador', CURRENT_TIMESTAMP, 'pigtraxadmin', 1);
INSERT INTO pigtraxrefdata."City" (name, "lastUpdated", "userUpdated", "id_Country") VALUES ('Caçapava', CURRENT_TIMESTAMP, 'pigtraxadmin', 1);
INSERT INTO pigtraxrefdata."City" (name, "lastUpdated", "userUpdated", "id_Country") VALUES ('Caçapava do Sul', CURRENT_TIMESTAMP, 'pigtraxadmin', 1);
INSERT INTO pigtraxrefdata."City" (name, "lastUpdated", "userUpdated", "id_Country") VALUES ('Caçaratiba', CURRENT_TIMESTAMP, 'pigtraxadmin', 1);
INSERT INTO pigtraxrefdata."City" (name, "lastUpdated", "userUpdated", "id_Country") VALUES ('Caçarema', CURRENT_TIMESTAMP, 'pigtraxadmin', 1);
INSERT INTO pigtraxrefdata."City" (name, "lastUpdated", "userUpdated", "id_Country") VALUES ('Cacau Pirêra', CURRENT_TIMESTAMP, 'pigtraxadmin', 1);
INSERT INTO pigtraxrefdata."City" (name, "lastUpdated", "userUpdated", "id_Country") VALUES ('Cacaulândia', CURRENT_TIMESTAMP, 'pigtraxadmin', 1);
INSERT INTO pigtraxrefdata."City" (name, "lastUpdated", "userUpdated", "id_Country") VALUES ('Cacequi', CURRENT_TIMESTAMP, 'pigtraxadmin', 1);
INSERT INTO pigtraxrefdata."City" (name, "lastUpdated", "userUpdated", "id_Country") VALUES ('Cáceres', CURRENT_TIMESTAMP, 'pigtraxadmin', 1);
INSERT INTO pigtraxrefdata."City" (name, "lastUpdated", "userUpdated", "id_Country") VALUES ('Cacha Pregos', CURRENT_TIMESTAMP, 'pigtraxadmin', 1);
INSERT INTO pigtraxrefdata."City" (name, "lastUpdated", "userUpdated", "id_Country") VALUES ('Cachaço', CURRENT_TIMESTAMP, 'pigtraxadmin', 1);
INSERT INTO pigtraxrefdata."City" (name, "lastUpdated", "userUpdated", "id_Country") VALUES ('Cachoeira', CURRENT_TIMESTAMP, 'pigtraxadmin', 1);
INSERT INTO pigtraxrefdata."City" (name, "lastUpdated", "userUpdated", "id_Country") VALUES ('Cachoeira Alegre', CURRENT_TIMESTAMP, 'pigtraxadmin', 1);
INSERT INTO pigtraxrefdata."City" (name, "lastUpdated", "userUpdated", "id_Country") VALUES ('Cachoeira Alta', CURRENT_TIMESTAMP, 'pigtraxadmin', 1);
INSERT INTO pigtraxrefdata."City" (name, "lastUpdated", "userUpdated", "id_Country") VALUES ('Cachoeira da Prata', CURRENT_TIMESTAMP, 'pigtraxadmin', 1);
INSERT INTO pigtraxrefdata."City" (name, "lastUpdated", "userUpdated", "id_Country") VALUES ('Cachoeira de Emas', CURRENT_TIMESTAMP, 'pigtraxadmin', 1);
INSERT INTO pigtraxrefdata."City" (name, "lastUpdated", "userUpdated", "id_Country") VALUES ('Cachoeira de Goiás', CURRENT_TIMESTAMP, 'pigtraxadmin', 1);
INSERT INTO pigtraxrefdata."City" (name, "lastUpdated", "userUpdated", "id_Country") VALUES ('Cachoeira de Minas', CURRENT_TIMESTAMP, 'pigtraxadmin', 1);
INSERT INTO pigtraxrefdata."City" (name, "lastUpdated", "userUpdated", "id_Country") VALUES ('Cachoeira de Pajeú', CURRENT_TIMESTAMP, 'pigtraxadmin', 1);
INSERT INTO pigtraxrefdata."City" (name, "lastUpdated", "userUpdated", "id_Country") VALUES ('Cachoeira do Bom Jesus', CURRENT_TIMESTAMP, 'pigtraxadmin', 1);
INSERT INTO pigtraxrefdata."City" (name, "lastUpdated", "userUpdated", "id_Country") VALUES ('Cachoeira do Brumado', CURRENT_TIMESTAMP, 'pigtraxadmin', 1);
INSERT INTO pigtraxrefdata."City" (name, "lastUpdated", "userUpdated", "id_Country") VALUES ('Cachoeira do Campo', CURRENT_TIMESTAMP, 'pigtraxadmin', 1);
INSERT INTO pigtraxrefdata."City" (name, "lastUpdated", "userUpdated", "id_Country") VALUES ('Cachoeira do Manteiga', CURRENT_TIMESTAMP, 'pigtraxadmin', 1);
INSERT INTO pigtraxrefdata."City" (name, "lastUpdated", "userUpdated", "id_Country") VALUES ('Cachoeira do Mato', CURRENT_TIMESTAMP, 'pigtraxadmin', 1);
INSERT INTO pigtraxrefdata."City" (name, "lastUpdated", "userUpdated", "id_Country") VALUES ('Cachoeira do Norte', CURRENT_TIMESTAMP, 'pigtraxadmin', 1);
INSERT INTO pigtraxrefdata."City" (name, "lastUpdated", "userUpdated", "id_Country") VALUES ('Cachoeira do Piriá', CURRENT_TIMESTAMP, 'pigtraxadmin', 1);
INSERT INTO pigtraxrefdata."City" (name, "lastUpdated", "userUpdated", "id_Country") VALUES ('Cachoeira do Sul', CURRENT_TIMESTAMP, 'pigtraxadmin', 1);
INSERT INTO pigtraxrefdata."City" (name, "lastUpdated", "userUpdated", "id_Country") VALUES ('Cachoeira do Vale', CURRENT_TIMESTAMP, 'pigtraxadmin', 1);
INSERT INTO pigtraxrefdata."City" (name, "lastUpdated", "userUpdated", "id_Country") VALUES ('Cachoeira dos Índios', CURRENT_TIMESTAMP, 'pigtraxadmin', 1);
INSERT INTO pigtraxrefdata."City" (name, "lastUpdated", "userUpdated", "id_Country") VALUES ('Cachoeira Dourada', CURRENT_TIMESTAMP, 'pigtraxadmin', 1);
INSERT INTO pigtraxrefdata."City" (name, "lastUpdated", "userUpdated", "id_Country") VALUES ('Cachoeira Grande', CURRENT_TIMESTAMP, 'pigtraxadmin', 1);
INSERT INTO pigtraxrefdata."City" (name, "lastUpdated", "userUpdated", "id_Country") VALUES ('Cachoeira Paulista', CURRENT_TIMESTAMP, 'pigtraxadmin', 1);
INSERT INTO pigtraxrefdata."City" (name, "lastUpdated", "userUpdated", "id_Country") VALUES ('Cachoeiras de Macacu', CURRENT_TIMESTAMP, 'pigtraxadmin', 1);
INSERT INTO pigtraxrefdata."City" (name, "lastUpdated", "userUpdated", "id_Country") VALUES ('Cachoeirinha de Itaúna', CURRENT_TIMESTAMP, 'pigtraxadmin', 1);
INSERT INTO pigtraxrefdata."City" (name, "lastUpdated", "userUpdated", "id_Country") VALUES ('Cachoeiro de Itapemirim', CURRENT_TIMESTAMP, 'pigtraxadmin', 1);
INSERT INTO pigtraxrefdata."City" (name, "lastUpdated", "userUpdated", "id_Country") VALUES ('Cacimba de Areia', CURRENT_TIMESTAMP, 'pigtraxadmin', 1);
INSERT INTO pigtraxrefdata."City" (name, "lastUpdated", "userUpdated", "id_Country") VALUES ('Cacimba de Dentro', CURRENT_TIMESTAMP, 'pigtraxadmin', 1);
INSERT INTO pigtraxrefdata."City" (name, "lastUpdated", "userUpdated", "id_Country") VALUES ('Cacimbas', CURRENT_TIMESTAMP, 'pigtraxadmin', 1);
INSERT INTO pigtraxrefdata."City" (name, "lastUpdated", "userUpdated", "id_Country") VALUES ('Cacimbinhas', CURRENT_TIMESTAMP, 'pigtraxadmin', 1);
INSERT INTO pigtraxrefdata."City" (name, "lastUpdated", "userUpdated", "id_Country") VALUES ('Cacique Doble', CURRENT_TIMESTAMP, 'pigtraxadmin', 1);
INSERT INTO pigtraxrefdata."City" (name, "lastUpdated", "userUpdated", "id_Country") VALUES ('Cacoal', CURRENT_TIMESTAMP, 'pigtraxadmin', 1);
INSERT INTO pigtraxrefdata."City" (name, "lastUpdated", "userUpdated", "id_Country") VALUES ('Caconde', CURRENT_TIMESTAMP, 'pigtraxadmin', 1);
INSERT INTO pigtraxrefdata."City" (name, "lastUpdated", "userUpdated", "id_Country") VALUES ('Caçu', CURRENT_TIMESTAMP, 'pigtraxadmin', 1);
INSERT INTO pigtraxrefdata."City" (name, "lastUpdated", "userUpdated", "id_Country") VALUES ('Caculé', CURRENT_TIMESTAMP, 'pigtraxadmin', 1);
INSERT INTO pigtraxrefdata."City" (name, "lastUpdated", "userUpdated", "id_Country") VALUES ('Caetano Mendes', CURRENT_TIMESTAMP, 'pigtraxadmin', 1);
INSERT INTO pigtraxrefdata."City" (name, "lastUpdated", "userUpdated", "id_Country") VALUES ('Caetanópolis', CURRENT_TIMESTAMP, 'pigtraxadmin', 1);
INSERT INTO pigtraxrefdata."City" (name, "lastUpdated", "userUpdated", "id_Country") VALUES ('Caetanos', CURRENT_TIMESTAMP, 'pigtraxadmin', 1);
INSERT INTO pigtraxrefdata."City" (name, "lastUpdated", "userUpdated", "id_Country") VALUES ('Caeté', CURRENT_TIMESTAMP, 'pigtraxadmin', 1);
INSERT INTO pigtraxrefdata."City" (name, "lastUpdated", "userUpdated", "id_Country") VALUES ('Caeté-Açu', CURRENT_TIMESTAMP, 'pigtraxadmin', 1);
INSERT INTO pigtraxrefdata."City" (name, "lastUpdated", "userUpdated", "id_Country") VALUES ('Caetés', CURRENT_TIMESTAMP, 'pigtraxadmin', 1);
INSERT INTO pigtraxrefdata."City" (name, "lastUpdated", "userUpdated", "id_Country") VALUES ('Caetité', CURRENT_TIMESTAMP, 'pigtraxadmin', 1);
INSERT INTO pigtraxrefdata."City" (name, "lastUpdated", "userUpdated", "id_Country") VALUES ('Cafarnaum', CURRENT_TIMESTAMP, 'pigtraxadmin', 1);
INSERT INTO pigtraxrefdata."City" (name, "lastUpdated", "userUpdated", "id_Country") VALUES ('Café', CURRENT_TIMESTAMP, 'pigtraxadmin', 1);
INSERT INTO pigtraxrefdata."City" (name, "lastUpdated", "userUpdated", "id_Country") VALUES ('Cafeara', CURRENT_TIMESTAMP, 'pigtraxadmin', 1);
INSERT INTO pigtraxrefdata."City" (name, "lastUpdated", "userUpdated", "id_Country") VALUES ('Cafelândia', CURRENT_TIMESTAMP, 'pigtraxadmin', 1);
INSERT INTO pigtraxrefdata."City" (name, "lastUpdated", "userUpdated", "id_Country") VALUES ('Café-Mirim', CURRENT_TIMESTAMP, 'pigtraxadmin', 1);
INSERT INTO pigtraxrefdata."City" (name, "lastUpdated", "userUpdated", "id_Country") VALUES ('Cafezal', CURRENT_TIMESTAMP, 'pigtraxadmin', 1);
INSERT INTO pigtraxrefdata."City" (name, "lastUpdated", "userUpdated", "id_Country") VALUES ('Cágado', CURRENT_TIMESTAMP, 'pigtraxadmin', 1);
INSERT INTO pigtraxrefdata."City" (name, "lastUpdated", "userUpdated", "id_Country") VALUES ('Caiabu', CURRENT_TIMESTAMP, 'pigtraxadmin', 1);
INSERT INTO pigtraxrefdata."City" (name, "lastUpdated", "userUpdated", "id_Country") VALUES ('Caiana', CURRENT_TIMESTAMP, 'pigtraxadmin', 1);
INSERT INTO pigtraxrefdata."City" (name, "lastUpdated", "userUpdated", "id_Country") VALUES ('Caiapônia', CURRENT_TIMESTAMP, 'pigtraxadmin', 1);
INSERT INTO pigtraxrefdata."City" (name, "lastUpdated", "userUpdated", "id_Country") VALUES ('Caibaté', CURRENT_TIMESTAMP, 'pigtraxadmin', 1);
INSERT INTO pigtraxrefdata."City" (name, "lastUpdated", "userUpdated", "id_Country") VALUES ('Caibi', CURRENT_TIMESTAMP, 'pigtraxadmin', 1);
INSERT INTO pigtraxrefdata."City" (name, "lastUpdated", "userUpdated", "id_Country") VALUES ('Caiçara', CURRENT_TIMESTAMP, 'pigtraxadmin', 1);
INSERT INTO pigtraxrefdata."City" (name, "lastUpdated", "userUpdated", "id_Country") VALUES ('Caiçara do Norte', CURRENT_TIMESTAMP, 'pigtraxadmin', 1);
INSERT INTO pigtraxrefdata."City" (name, "lastUpdated", "userUpdated", "id_Country") VALUES ('Caiçara do Rio do Vento', CURRENT_TIMESTAMP, 'pigtraxadmin', 1);
INSERT INTO pigtraxrefdata."City" (name, "lastUpdated", "userUpdated", "id_Country") VALUES ('Caiçarinha da Penha', CURRENT_TIMESTAMP, 'pigtraxadmin', 1);
INSERT INTO pigtraxrefdata."City" (name, "lastUpdated", "userUpdated", "id_Country") VALUES ('Caicó', CURRENT_TIMESTAMP, 'pigtraxadmin', 1);
INSERT INTO pigtraxrefdata."City" (name, "lastUpdated", "userUpdated", "id_Country") VALUES ('Caieiras', CURRENT_TIMESTAMP, 'pigtraxadmin', 1);
INSERT INTO pigtraxrefdata."City" (name, "lastUpdated", "userUpdated", "id_Country") VALUES ('Caimbe', CURRENT_TIMESTAMP, 'pigtraxadmin', 1);
INSERT INTO pigtraxrefdata."City" (name, "lastUpdated", "userUpdated", "id_Country") VALUES ('Caio Prado', CURRENT_TIMESTAMP, 'pigtraxadmin', 1);
INSERT INTO pigtraxrefdata."City" (name, "lastUpdated", "userUpdated", "id_Country") VALUES ('Caipu', CURRENT_TIMESTAMP, 'pigtraxadmin', 1);
INSERT INTO pigtraxrefdata."City" (name, "lastUpdated", "userUpdated", "id_Country") VALUES ('Cairari', CURRENT_TIMESTAMP, 'pigtraxadmin', 1);
INSERT INTO pigtraxrefdata."City" (name, "lastUpdated", "userUpdated", "id_Country") VALUES ('Cairu', CURRENT_TIMESTAMP, 'pigtraxadmin', 1);
INSERT INTO pigtraxrefdata."City" (name, "lastUpdated", "userUpdated", "id_Country") VALUES ('Caité', CURRENT_TIMESTAMP, 'pigtraxadmin', 1);
INSERT INTO pigtraxrefdata."City" (name, "lastUpdated", "userUpdated", "id_Country") VALUES ('Caiuá', CURRENT_TIMESTAMP, 'pigtraxadmin', 1);
INSERT INTO pigtraxrefdata."City" (name, "lastUpdated", "userUpdated", "id_Country") VALUES ('Cajapió', CURRENT_TIMESTAMP, 'pigtraxadmin', 1);
INSERT INTO pigtraxrefdata."City" (name, "lastUpdated", "userUpdated", "id_Country") VALUES ('Cajati', CURRENT_TIMESTAMP, 'pigtraxadmin', 1);
INSERT INTO pigtraxrefdata."City" (name, "lastUpdated", "userUpdated", "id_Country") VALUES ('Cajazeiras do Piauí', CURRENT_TIMESTAMP, 'pigtraxadmin', 1);
INSERT INTO pigtraxrefdata."City" (name, "lastUpdated", "userUpdated", "id_Country") VALUES ('Cajazeirinhas', CURRENT_TIMESTAMP, 'pigtraxadmin', 1);
INSERT INTO pigtraxrefdata."City" (name, "lastUpdated", "userUpdated", "id_Country") VALUES ('Cajobi', CURRENT_TIMESTAMP, 'pigtraxadmin', 1);
INSERT INTO pigtraxrefdata."City" (name, "lastUpdated", "userUpdated", "id_Country") VALUES ('Cajueiro', CURRENT_TIMESTAMP, 'pigtraxadmin', 1);
INSERT INTO pigtraxrefdata."City" (name, "lastUpdated", "userUpdated", "id_Country") VALUES ('Cajueiro da Praia', CURRENT_TIMESTAMP, 'pigtraxadmin', 1);
INSERT INTO pigtraxrefdata."City" (name, "lastUpdated", "userUpdated", "id_Country") VALUES ('Cajuí', CURRENT_TIMESTAMP, 'pigtraxadmin', 1);
INSERT INTO pigtraxrefdata."City" (name, "lastUpdated", "userUpdated", "id_Country") VALUES ('Cajuri', CURRENT_TIMESTAMP, 'pigtraxadmin', 1);
INSERT INTO pigtraxrefdata."City" (name, "lastUpdated", "userUpdated", "id_Country") VALUES ('Cajuru', CURRENT_TIMESTAMP, 'pigtraxadmin', 1);
INSERT INTO pigtraxrefdata."City" (name, "lastUpdated", "userUpdated", "id_Country") VALUES ('Calama', CURRENT_TIMESTAMP, 'pigtraxadmin', 1);
INSERT INTO pigtraxrefdata."City" (name, "lastUpdated", "userUpdated", "id_Country") VALUES ('Calçado', CURRENT_TIMESTAMP, 'pigtraxadmin', 1);
INSERT INTO pigtraxrefdata."City" (name, "lastUpdated", "userUpdated", "id_Country") VALUES ('Calçoene', CURRENT_TIMESTAMP, 'pigtraxadmin', 1);
INSERT INTO pigtraxrefdata."City" (name, "lastUpdated", "userUpdated", "id_Country") VALUES ('Caldas', CURRENT_TIMESTAMP, 'pigtraxadmin', 1);
INSERT INTO pigtraxrefdata."City" (name, "lastUpdated", "userUpdated", "id_Country") VALUES ('Caldas Brandão', CURRENT_TIMESTAMP, 'pigtraxadmin', 1);
INSERT INTO pigtraxrefdata."City" (name, "lastUpdated", "userUpdated", "id_Country") VALUES ('Caldas Novas', CURRENT_TIMESTAMP, 'pigtraxadmin', 1);
INSERT INTO pigtraxrefdata."City" (name, "lastUpdated", "userUpdated", "id_Country") VALUES ('Caldazinha', CURRENT_TIMESTAMP, 'pigtraxadmin', 1);
INSERT INTO pigtraxrefdata."City" (name, "lastUpdated", "userUpdated", "id_Country") VALUES ('Caldeirão Grande', CURRENT_TIMESTAMP, 'pigtraxadmin', 1);
INSERT INTO pigtraxrefdata."City" (name, "lastUpdated", "userUpdated", "id_Country") VALUES ('Caldeirão Grande do Piauí', CURRENT_TIMESTAMP, 'pigtraxadmin', 1);
INSERT INTO pigtraxrefdata."City" (name, "lastUpdated", "userUpdated", "id_Country") VALUES ('Caldeirões', CURRENT_TIMESTAMP, 'pigtraxadmin', 1);
INSERT INTO pigtraxrefdata."City" (name, "lastUpdated", "userUpdated", "id_Country") VALUES ('Calheiros', CURRENT_TIMESTAMP, 'pigtraxadmin', 1);
INSERT INTO pigtraxrefdata."City" (name, "lastUpdated", "userUpdated", "id_Country") VALUES ('Califórnia', CURRENT_TIMESTAMP, 'pigtraxadmin', 1);
INSERT INTO pigtraxrefdata."City" (name, "lastUpdated", "userUpdated", "id_Country") VALUES ('Califórnia da Barra', CURRENT_TIMESTAMP, 'pigtraxadmin', 1);
INSERT INTO pigtraxrefdata."City" (name, "lastUpdated", "userUpdated", "id_Country") VALUES ('Calixto', CURRENT_TIMESTAMP, 'pigtraxadmin', 1);
INSERT INTO pigtraxrefdata."City" (name, "lastUpdated", "userUpdated", "id_Country") VALUES ('Calmon', CURRENT_TIMESTAMP, 'pigtraxadmin', 1);
INSERT INTO pigtraxrefdata."City" (name, "lastUpdated", "userUpdated", "id_Country") VALUES ('Calógeras', CURRENT_TIMESTAMP, 'pigtraxadmin', 1);
INSERT INTO pigtraxrefdata."City" (name, "lastUpdated", "userUpdated", "id_Country") VALUES ('Calogi', CURRENT_TIMESTAMP, 'pigtraxadmin', 1);
INSERT INTO pigtraxrefdata."City" (name, "lastUpdated", "userUpdated", "id_Country") VALUES ('Camacan', CURRENT_TIMESTAMP, 'pigtraxadmin', 1);
INSERT INTO pigtraxrefdata."City" (name, "lastUpdated", "userUpdated", "id_Country") VALUES ('Camaçari', CURRENT_TIMESTAMP, 'pigtraxadmin', 1);
INSERT INTO pigtraxrefdata."City" (name, "lastUpdated", "userUpdated", "id_Country") VALUES ('Camacho', CURRENT_TIMESTAMP, 'pigtraxadmin', 1);
INSERT INTO pigtraxrefdata."City" (name, "lastUpdated", "userUpdated", "id_Country") VALUES ('Camalaú', CURRENT_TIMESTAMP, 'pigtraxadmin', 1);
INSERT INTO pigtraxrefdata."City" (name, "lastUpdated", "userUpdated", "id_Country") VALUES ('Camamu', CURRENT_TIMESTAMP, 'pigtraxadmin', 1);
INSERT INTO pigtraxrefdata."City" (name, "lastUpdated", "userUpdated", "id_Country") VALUES ('Camanducaia', CURRENT_TIMESTAMP, 'pigtraxadmin', 1);
INSERT INTO pigtraxrefdata."City" (name, "lastUpdated", "userUpdated", "id_Country") VALUES ('Camapuã', CURRENT_TIMESTAMP, 'pigtraxadmin', 1);
INSERT INTO pigtraxrefdata."City" (name, "lastUpdated", "userUpdated", "id_Country") VALUES ('Camaquã', CURRENT_TIMESTAMP, 'pigtraxadmin', 1);
INSERT INTO pigtraxrefdata."City" (name, "lastUpdated", "userUpdated", "id_Country") VALUES ('Camará', CURRENT_TIMESTAMP, 'pigtraxadmin', 1);
INSERT INTO pigtraxrefdata."City" (name, "lastUpdated", "userUpdated", "id_Country") VALUES ('Camaragibe', CURRENT_TIMESTAMP, 'pigtraxadmin', 1);
INSERT INTO pigtraxrefdata."City" (name, "lastUpdated", "userUpdated", "id_Country") VALUES ('Camargo', CURRENT_TIMESTAMP, 'pigtraxadmin', 1);
INSERT INTO pigtraxrefdata."City" (name, "lastUpdated", "userUpdated", "id_Country") VALUES ('Camassandi', CURRENT_TIMESTAMP, 'pigtraxadmin', 1);
INSERT INTO pigtraxrefdata."City" (name, "lastUpdated", "userUpdated", "id_Country") VALUES ('Cambé', CURRENT_TIMESTAMP, 'pigtraxadmin', 1);
INSERT INTO pigtraxrefdata."City" (name, "lastUpdated", "userUpdated", "id_Country") VALUES ('Cambiasca', CURRENT_TIMESTAMP, 'pigtraxadmin', 1);
INSERT INTO pigtraxrefdata."City" (name, "lastUpdated", "userUpdated", "id_Country") VALUES ('Cambira', CURRENT_TIMESTAMP, 'pigtraxadmin', 1);
INSERT INTO pigtraxrefdata."City" (name, "lastUpdated", "userUpdated", "id_Country") VALUES ('Camboas', CURRENT_TIMESTAMP, 'pigtraxadmin', 1);
INSERT INTO pigtraxrefdata."City" (name, "lastUpdated", "userUpdated", "id_Country") VALUES ('Camboriú', CURRENT_TIMESTAMP, 'pigtraxadmin', 1);
INSERT INTO pigtraxrefdata."City" (name, "lastUpdated", "userUpdated", "id_Country") VALUES ('Cambuci', CURRENT_TIMESTAMP, 'pigtraxadmin', 1);
INSERT INTO pigtraxrefdata."City" (name, "lastUpdated", "userUpdated", "id_Country") VALUES ('Cambuí', CURRENT_TIMESTAMP, 'pigtraxadmin', 1);
INSERT INTO pigtraxrefdata."City" (name, "lastUpdated", "userUpdated", "id_Country") VALUES ('Cambuquira', CURRENT_TIMESTAMP, 'pigtraxadmin', 1);
INSERT INTO pigtraxrefdata."City" (name, "lastUpdated", "userUpdated", "id_Country") VALUES ('Camela', CURRENT_TIMESTAMP, 'pigtraxadmin', 1);
INSERT INTO pigtraxrefdata."City" (name, "lastUpdated", "userUpdated", "id_Country") VALUES ('Cametá', CURRENT_TIMESTAMP, 'pigtraxadmin', 1);
INSERT INTO pigtraxrefdata."City" (name, "lastUpdated", "userUpdated", "id_Country") VALUES ('Camilos', CURRENT_TIMESTAMP, 'pigtraxadmin', 1);
INSERT INTO pigtraxrefdata."City" (name, "lastUpdated", "userUpdated", "id_Country") VALUES ('Camocim', CURRENT_TIMESTAMP, 'pigtraxadmin', 1);
INSERT INTO pigtraxrefdata."City" (name, "lastUpdated", "userUpdated", "id_Country") VALUES ('Camocim de São Félix', CURRENT_TIMESTAMP, 'pigtraxadmin', 1);
INSERT INTO pigtraxrefdata."City" (name, "lastUpdated", "userUpdated", "id_Country") VALUES ('Campanário', CURRENT_TIMESTAMP, 'pigtraxadmin', 1);
INSERT INTO pigtraxrefdata."City" (name, "lastUpdated", "userUpdated", "id_Country") VALUES ('Campánario', CURRENT_TIMESTAMP, 'pigtraxadmin', 1);
INSERT INTO pigtraxrefdata."City" (name, "lastUpdated", "userUpdated", "id_Country") VALUES ('Campanha', CURRENT_TIMESTAMP, 'pigtraxadmin', 1);
INSERT INTO pigtraxrefdata."City" (name, "lastUpdated", "userUpdated", "id_Country") VALUES ('Campeche', CURRENT_TIMESTAMP, 'pigtraxadmin', 1);
INSERT INTO pigtraxrefdata."City" (name, "lastUpdated", "userUpdated", "id_Country") VALUES ('Campelo', CURRENT_TIMESTAMP, 'pigtraxadmin', 1);
INSERT INTO pigtraxrefdata."City" (name, "lastUpdated", "userUpdated", "id_Country") VALUES ('Campestre', CURRENT_TIMESTAMP, 'pigtraxadmin', 1);
INSERT INTO pigtraxrefdata."City" (name, "lastUpdated", "userUpdated", "id_Country") VALUES ('Campestre da Serra', CURRENT_TIMESTAMP, 'pigtraxadmin', 1);
INSERT INTO pigtraxrefdata."City" (name, "lastUpdated", "userUpdated", "id_Country") VALUES ('Campestre do Maranhão', CURRENT_TIMESTAMP, 'pigtraxadmin', 1);
INSERT INTO pigtraxrefdata."City" (name, "lastUpdated", "userUpdated", "id_Country") VALUES ('Campestrinho', CURRENT_TIMESTAMP, 'pigtraxadmin', 1);
INSERT INTO pigtraxrefdata."City" (name, "lastUpdated", "userUpdated", "id_Country") VALUES ('Campina da Lagoa', CURRENT_TIMESTAMP, 'pigtraxadmin', 1);
INSERT INTO pigtraxrefdata."City" (name, "lastUpdated", "userUpdated", "id_Country") VALUES ('Campina das Missões', CURRENT_TIMESTAMP, 'pigtraxadmin', 1);
INSERT INTO pigtraxrefdata."City" (name, "lastUpdated", "userUpdated", "id_Country") VALUES ('Campina do Simão', CURRENT_TIMESTAMP, 'pigtraxadmin', 1);
INSERT INTO pigtraxrefdata."City" (name, "lastUpdated", "userUpdated", "id_Country") VALUES ('Campina Grande', CURRENT_TIMESTAMP, 'pigtraxadmin', 1);
INSERT INTO pigtraxrefdata."City" (name, "lastUpdated", "userUpdated", "id_Country") VALUES ('Campina Grande do Sul', CURRENT_TIMESTAMP, 'pigtraxadmin', 1);
INSERT INTO pigtraxrefdata."City" (name, "lastUpdated", "userUpdated", "id_Country") VALUES ('Campina Verde', CURRENT_TIMESTAMP, 'pigtraxadmin', 1);
INSERT INTO pigtraxrefdata."City" (name, "lastUpdated", "userUpdated", "id_Country") VALUES ('Campinaçu', CURRENT_TIMESTAMP, 'pigtraxadmin', 1);
INSERT INTO pigtraxrefdata."City" (name, "lastUpdated", "userUpdated", "id_Country") VALUES ('Campinápolis', CURRENT_TIMESTAMP, 'pigtraxadmin', 1);
INSERT INTO pigtraxrefdata."City" (name, "lastUpdated", "userUpdated", "id_Country") VALUES ('Campinas', CURRENT_TIMESTAMP, 'pigtraxadmin', 1);
INSERT INTO pigtraxrefdata."City" (name, "lastUpdated", "userUpdated", "id_Country") VALUES ('Campinas do Piauí', CURRENT_TIMESTAMP, 'pigtraxadmin', 1);
INSERT INTO pigtraxrefdata."City" (name, "lastUpdated", "userUpdated", "id_Country") VALUES ('Campinas do Sul', CURRENT_TIMESTAMP, 'pigtraxadmin', 1);
INSERT INTO pigtraxrefdata."City" (name, "lastUpdated", "userUpdated", "id_Country") VALUES ('Campinho', CURRENT_TIMESTAMP, 'pigtraxadmin', 1);
INSERT INTO pigtraxrefdata."City" (name, "lastUpdated", "userUpdated", "id_Country") VALUES ('Campinhos', CURRENT_TIMESTAMP, 'pigtraxadmin', 1);
INSERT INTO pigtraxrefdata."City" (name, "lastUpdated", "userUpdated", "id_Country") VALUES ('Campinorte', CURRENT_TIMESTAMP, 'pigtraxadmin', 1);
INSERT INTO pigtraxrefdata."City" (name, "lastUpdated", "userUpdated", "id_Country") VALUES ('Campo Alegre', CURRENT_TIMESTAMP, 'pigtraxadmin', 1);
INSERT INTO pigtraxrefdata."City" (name, "lastUpdated", "userUpdated", "id_Country") VALUES ('Campo Alegre de Goiás', CURRENT_TIMESTAMP, 'pigtraxadmin', 1);
INSERT INTO pigtraxrefdata."City" (name, "lastUpdated", "userUpdated", "id_Country") VALUES ('Campo Alegre de Lourdes', CURRENT_TIMESTAMP, 'pigtraxadmin', 1);
INSERT INTO pigtraxrefdata."City" (name, "lastUpdated", "userUpdated", "id_Country") VALUES ('Campo Alegre de Minas', CURRENT_TIMESTAMP, 'pigtraxadmin', 1);
INSERT INTO pigtraxrefdata."City" (name, "lastUpdated", "userUpdated", "id_Country") VALUES ('Campo Alegre do Fidalgo', CURRENT_TIMESTAMP, 'pigtraxadmin', 1);
INSERT INTO pigtraxrefdata."City" (name, "lastUpdated", "userUpdated", "id_Country") VALUES ('Campo Azul', CURRENT_TIMESTAMP, 'pigtraxadmin', 1);
INSERT INTO pigtraxrefdata."City" (name, "lastUpdated", "userUpdated", "id_Country") VALUES ('Campo Belo', CURRENT_TIMESTAMP, 'pigtraxadmin', 1);
INSERT INTO pigtraxrefdata."City" (name, "lastUpdated", "userUpdated", "id_Country") VALUES ('Campo Belo do Sul', CURRENT_TIMESTAMP, 'pigtraxadmin', 1);
INSERT INTO pigtraxrefdata."City" (name, "lastUpdated", "userUpdated", "id_Country") VALUES ('Campo Bom', CURRENT_TIMESTAMP, 'pigtraxadmin', 1);
INSERT INTO pigtraxrefdata."City" (name, "lastUpdated", "userUpdated", "id_Country") VALUES ('Campo Bonito', CURRENT_TIMESTAMP, 'pigtraxadmin', 1);
INSERT INTO pigtraxrefdata."City" (name, "lastUpdated", "userUpdated", "id_Country") VALUES ('Campo da Água Verde', CURRENT_TIMESTAMP, 'pigtraxadmin', 1);
INSERT INTO pigtraxrefdata."City" (name, "lastUpdated", "userUpdated", "id_Country") VALUES ('Campo do Coelho', CURRENT_TIMESTAMP, 'pigtraxadmin', 1);
INSERT INTO pigtraxrefdata."City" (name, "lastUpdated", "userUpdated", "id_Country") VALUES ('Campo do Meio', CURRENT_TIMESTAMP, 'pigtraxadmin', 1);
INSERT INTO pigtraxrefdata."City" (name, "lastUpdated", "userUpdated", "id_Country") VALUES ('Campo do Tenente', CURRENT_TIMESTAMP, 'pigtraxadmin', 1);
INSERT INTO pigtraxrefdata."City" (name, "lastUpdated", "userUpdated", "id_Country") VALUES ('Campo Erê', CURRENT_TIMESTAMP, 'pigtraxadmin', 1);
INSERT INTO pigtraxrefdata."City" (name, "lastUpdated", "userUpdated", "id_Country") VALUES ('Campo Florido', CURRENT_TIMESTAMP, 'pigtraxadmin', 1);
INSERT INTO pigtraxrefdata."City" (name, "lastUpdated", "userUpdated", "id_Country") VALUES ('Campo Formoso', CURRENT_TIMESTAMP, 'pigtraxadmin', 1);
INSERT INTO pigtraxrefdata."City" (name, "lastUpdated", "userUpdated", "id_Country") VALUES ('Campo Grande', CURRENT_TIMESTAMP, 'pigtraxadmin', 1);
INSERT INTO pigtraxrefdata."City" (name, "lastUpdated", "userUpdated", "id_Country") VALUES ('Campo Grande do Piauí', CURRENT_TIMESTAMP, 'pigtraxadmin', 1);
INSERT INTO pigtraxrefdata."City" (name, "lastUpdated", "userUpdated", "id_Country") VALUES ('Campo Largo', CURRENT_TIMESTAMP, 'pigtraxadmin', 1);
INSERT INTO pigtraxrefdata."City" (name, "lastUpdated", "userUpdated", "id_Country") VALUES ('Campo Largo do Piauí', CURRENT_TIMESTAMP, 'pigtraxadmin', 1);
INSERT INTO pigtraxrefdata."City" (name, "lastUpdated", "userUpdated", "id_Country") VALUES ('Campo Magro', CURRENT_TIMESTAMP, 'pigtraxadmin', 1);
INSERT INTO pigtraxrefdata."City" (name, "lastUpdated", "userUpdated", "id_Country") VALUES ('Campo Maior', CURRENT_TIMESTAMP, 'pigtraxadmin', 1);
INSERT INTO pigtraxrefdata."City" (name, "lastUpdated", "userUpdated", "id_Country") VALUES ('Campo Mourão', CURRENT_TIMESTAMP, 'pigtraxadmin', 1);
INSERT INTO pigtraxrefdata."City" (name, "lastUpdated", "userUpdated", "id_Country") VALUES ('Campo Novo', CURRENT_TIMESTAMP, 'pigtraxadmin', 1);
INSERT INTO pigtraxrefdata."City" (name, "lastUpdated", "userUpdated", "id_Country") VALUES ('Campo Novo de Rondônia', CURRENT_TIMESTAMP, 'pigtraxadmin', 1);
INSERT INTO pigtraxrefdata."City" (name, "lastUpdated", "userUpdated", "id_Country") VALUES ('Campo Novo do Parecis', CURRENT_TIMESTAMP, 'pigtraxadmin', 1);
INSERT INTO pigtraxrefdata."City" (name, "lastUpdated", "userUpdated", "id_Country") VALUES ('Campo Redondo', CURRENT_TIMESTAMP, 'pigtraxadmin', 1);
INSERT INTO pigtraxrefdata."City" (name, "lastUpdated", "userUpdated", "id_Country") VALUES ('Campo Verde', CURRENT_TIMESTAMP, 'pigtraxadmin', 1);
INSERT INTO pigtraxrefdata."City" (name, "lastUpdated", "userUpdated", "id_Country") VALUES ('Campos Altos', CURRENT_TIMESTAMP, 'pigtraxadmin', 1);
INSERT INTO pigtraxrefdata."City" (name, "lastUpdated", "userUpdated", "id_Country") VALUES ('Campos Belos', CURRENT_TIMESTAMP, 'pigtraxadmin', 1);
INSERT INTO pigtraxrefdata."City" (name, "lastUpdated", "userUpdated", "id_Country") VALUES ('Campos Borges', CURRENT_TIMESTAMP, 'pigtraxadmin', 1);
INSERT INTO pigtraxrefdata."City" (name, "lastUpdated", "userUpdated", "id_Country") VALUES ('Campos de Cunha', CURRENT_TIMESTAMP, 'pigtraxadmin', 1);
INSERT INTO pigtraxrefdata."City" (name, "lastUpdated", "userUpdated", "id_Country") VALUES ('Campos de Júlio', CURRENT_TIMESTAMP, 'pigtraxadmin', 1);
INSERT INTO pigtraxrefdata."City" (name, "lastUpdated", "userUpdated", "id_Country") VALUES ('Campos do Jordão', CURRENT_TIMESTAMP, 'pigtraxadmin', 1);
INSERT INTO pigtraxrefdata."City" (name, "lastUpdated", "userUpdated", "id_Country") VALUES ('Campos dos Goytacazes', CURRENT_TIMESTAMP, 'pigtraxadmin', 1);
INSERT INTO pigtraxrefdata."City" (name, "lastUpdated", "userUpdated", "id_Country") VALUES ('Campos Elyseos', CURRENT_TIMESTAMP, 'pigtraxadmin', 1);
INSERT INTO pigtraxrefdata."City" (name, "lastUpdated", "userUpdated", "id_Country") VALUES ('Campos Gerais', CURRENT_TIMESTAMP, 'pigtraxadmin', 1);
INSERT INTO pigtraxrefdata."City" (name, "lastUpdated", "userUpdated", "id_Country") VALUES ('Campos Lindos', CURRENT_TIMESTAMP, 'pigtraxadmin', 1);
INSERT INTO pigtraxrefdata."City" (name, "lastUpdated", "userUpdated", "id_Country") VALUES ('Campos Novos', CURRENT_TIMESTAMP, 'pigtraxadmin', 1);
INSERT INTO pigtraxrefdata."City" (name, "lastUpdated", "userUpdated", "id_Country") VALUES ('Campos Novos Paulista', CURRENT_TIMESTAMP, 'pigtraxadmin', 1);
INSERT INTO pigtraxrefdata."City" (name, "lastUpdated", "userUpdated", "id_Country") VALUES ('Campos Sales', CURRENT_TIMESTAMP, 'pigtraxadmin', 1);
INSERT INTO pigtraxrefdata."City" (name, "lastUpdated", "userUpdated", "id_Country") VALUES ('Campos Verdes', CURRENT_TIMESTAMP, 'pigtraxadmin', 1);
INSERT INTO pigtraxrefdata."City" (name, "lastUpdated", "userUpdated", "id_Country") VALUES ('Camurugi', CURRENT_TIMESTAMP, 'pigtraxadmin', 1);
INSERT INTO pigtraxrefdata."City" (name, "lastUpdated", "userUpdated", "id_Country") VALUES ('Camurupim', CURRENT_TIMESTAMP, 'pigtraxadmin', 1);
INSERT INTO pigtraxrefdata."City" (name, "lastUpdated", "userUpdated", "id_Country") VALUES ('Camutanga', CURRENT_TIMESTAMP, 'pigtraxadmin', 1);
INSERT INTO pigtraxrefdata."City" (name, "lastUpdated", "userUpdated", "id_Country") VALUES ('Cana Verde', CURRENT_TIMESTAMP, 'pigtraxadmin', 1);
INSERT INTO pigtraxrefdata."City" (name, "lastUpdated", "userUpdated", "id_Country") VALUES ('Canaã', CURRENT_TIMESTAMP, 'pigtraxadmin', 1);
INSERT INTO pigtraxrefdata."City" (name, "lastUpdated", "userUpdated", "id_Country") VALUES ('Canaã dos Carajás', CURRENT_TIMESTAMP, 'pigtraxadmin', 1);
INSERT INTO pigtraxrefdata."City" (name, "lastUpdated", "userUpdated", "id_Country") VALUES ('Canaan', CURRENT_TIMESTAMP, 'pigtraxadmin', 1);
INSERT INTO pigtraxrefdata."City" (name, "lastUpdated", "userUpdated", "id_Country") VALUES ('Canabrava', CURRENT_TIMESTAMP, 'pigtraxadmin', 1);
INSERT INTO pigtraxrefdata."City" (name, "lastUpdated", "userUpdated", "id_Country") VALUES ('Canabrava do Norte', CURRENT_TIMESTAMP, 'pigtraxadmin', 1);
INSERT INTO pigtraxrefdata."City" (name, "lastUpdated", "userUpdated", "id_Country") VALUES ('Canafístula', CURRENT_TIMESTAMP, 'pigtraxadmin', 1);
INSERT INTO pigtraxrefdata."City" (name, "lastUpdated", "userUpdated", "id_Country") VALUES ('Canal', CURRENT_TIMESTAMP, 'pigtraxadmin', 1);
INSERT INTO pigtraxrefdata."City" (name, "lastUpdated", "userUpdated", "id_Country") VALUES ('Cananéia', CURRENT_TIMESTAMP, 'pigtraxadmin', 1);
INSERT INTO pigtraxrefdata."City" (name, "lastUpdated", "userUpdated", "id_Country") VALUES ('Canapi', CURRENT_TIMESTAMP, 'pigtraxadmin', 1);
INSERT INTO pigtraxrefdata."City" (name, "lastUpdated", "userUpdated", "id_Country") VALUES ('Canápolis', CURRENT_TIMESTAMP, 'pigtraxadmin', 1);
INSERT INTO pigtraxrefdata."City" (name, "lastUpdated", "userUpdated", "id_Country") VALUES ('Canarana', CURRENT_TIMESTAMP, 'pigtraxadmin', 1);
INSERT INTO pigtraxrefdata."City" (name, "lastUpdated", "userUpdated", "id_Country") VALUES ('Canasvieiras', CURRENT_TIMESTAMP, 'pigtraxadmin', 1);
INSERT INTO pigtraxrefdata."City" (name, "lastUpdated", "userUpdated", "id_Country") VALUES ('Canavieira', CURRENT_TIMESTAMP, 'pigtraxadmin', 1);
INSERT INTO pigtraxrefdata."City" (name, "lastUpdated", "userUpdated", "id_Country") VALUES ('Canavieiras', CURRENT_TIMESTAMP, 'pigtraxadmin', 1);
INSERT INTO pigtraxrefdata."City" (name, "lastUpdated", "userUpdated", "id_Country") VALUES ('Canché', CURRENT_TIMESTAMP, 'pigtraxadmin', 1);
INSERT INTO pigtraxrefdata."City" (name, "lastUpdated", "userUpdated", "id_Country") VALUES ('Candeal', CURRENT_TIMESTAMP, 'pigtraxadmin', 1);
INSERT INTO pigtraxrefdata."City" (name, "lastUpdated", "userUpdated", "id_Country") VALUES ('Candeias', CURRENT_TIMESTAMP, 'pigtraxadmin', 1);
INSERT INTO pigtraxrefdata."City" (name, "lastUpdated", "userUpdated", "id_Country") VALUES ('Candeias do Jamari', CURRENT_TIMESTAMP, 'pigtraxadmin', 1);
INSERT INTO pigtraxrefdata."City" (name, "lastUpdated", "userUpdated", "id_Country") VALUES ('Candelária', CURRENT_TIMESTAMP, 'pigtraxadmin', 1);
INSERT INTO pigtraxrefdata."City" (name, "lastUpdated", "userUpdated", "id_Country") VALUES ('Cândia', CURRENT_TIMESTAMP, 'pigtraxadmin', 1);
INSERT INTO pigtraxrefdata."City" (name, "lastUpdated", "userUpdated", "id_Country") VALUES ('Candiba', CURRENT_TIMESTAMP, 'pigtraxadmin', 1);
INSERT INTO pigtraxrefdata."City" (name, "lastUpdated", "userUpdated", "id_Country") VALUES ('Cândido de Abreu', CURRENT_TIMESTAMP, 'pigtraxadmin', 1);
INSERT INTO pigtraxrefdata."City" (name, "lastUpdated", "userUpdated", "id_Country") VALUES ('Cândido Godói', CURRENT_TIMESTAMP, 'pigtraxadmin', 1);
INSERT INTO pigtraxrefdata."City" (name, "lastUpdated", "userUpdated", "id_Country") VALUES ('Cândido Mendes', CURRENT_TIMESTAMP, 'pigtraxadmin', 1);
INSERT INTO pigtraxrefdata."City" (name, "lastUpdated", "userUpdated", "id_Country") VALUES ('Cândido Mota', CURRENT_TIMESTAMP, 'pigtraxadmin', 1);
INSERT INTO pigtraxrefdata."City" (name, "lastUpdated", "userUpdated", "id_Country") VALUES ('Cândido Rodrigues', CURRENT_TIMESTAMP, 'pigtraxadmin', 1);
INSERT INTO pigtraxrefdata."City" (name, "lastUpdated", "userUpdated", "id_Country") VALUES ('Candiota', CURRENT_TIMESTAMP, 'pigtraxadmin', 1);
INSERT INTO pigtraxrefdata."City" (name, "lastUpdated", "userUpdated", "id_Country") VALUES ('Candói', CURRENT_TIMESTAMP, 'pigtraxadmin', 1);
INSERT INTO pigtraxrefdata."City" (name, "lastUpdated", "userUpdated", "id_Country") VALUES ('Canela', CURRENT_TIMESTAMP, 'pigtraxadmin', 1);
INSERT INTO pigtraxrefdata."City" (name, "lastUpdated", "userUpdated", "id_Country") VALUES ('Canelinha', CURRENT_TIMESTAMP, 'pigtraxadmin', 1);
INSERT INTO pigtraxrefdata."City" (name, "lastUpdated", "userUpdated", "id_Country") VALUES ('Cangas', CURRENT_TIMESTAMP, 'pigtraxadmin', 1);
INSERT INTO pigtraxrefdata."City" (name, "lastUpdated", "userUpdated", "id_Country") VALUES ('Canguaretama', CURRENT_TIMESTAMP, 'pigtraxadmin', 1);
INSERT INTO pigtraxrefdata."City" (name, "lastUpdated", "userUpdated", "id_Country") VALUES ('Canguçu', CURRENT_TIMESTAMP, 'pigtraxadmin', 1);
INSERT INTO pigtraxrefdata."City" (name, "lastUpdated", "userUpdated", "id_Country") VALUES ('Canguera', CURRENT_TIMESTAMP, 'pigtraxadmin', 1);
INSERT INTO pigtraxrefdata."City" (name, "lastUpdated", "userUpdated", "id_Country") VALUES ('Canhoba', CURRENT_TIMESTAMP, 'pigtraxadmin', 1);
INSERT INTO pigtraxrefdata."City" (name, "lastUpdated", "userUpdated", "id_Country") VALUES ('Canhotinho', CURRENT_TIMESTAMP, 'pigtraxadmin', 1);
INSERT INTO pigtraxrefdata."City" (name, "lastUpdated", "userUpdated", "id_Country") VALUES ('Canindé', CURRENT_TIMESTAMP, 'pigtraxadmin', 1);
INSERT INTO pigtraxrefdata."City" (name, "lastUpdated", "userUpdated", "id_Country") VALUES ('Canindé de São Francisco', CURRENT_TIMESTAMP, 'pigtraxadmin', 1);
INSERT INTO pigtraxrefdata."City" (name, "lastUpdated", "userUpdated", "id_Country") VALUES ('Canindezinho', CURRENT_TIMESTAMP, 'pigtraxadmin', 1);
INSERT INTO pigtraxrefdata."City" (name, "lastUpdated", "userUpdated", "id_Country") VALUES ('Canitar', CURRENT_TIMESTAMP, 'pigtraxadmin', 1);
INSERT INTO pigtraxrefdata."City" (name, "lastUpdated", "userUpdated", "id_Country") VALUES ('Canoão', CURRENT_TIMESTAMP, 'pigtraxadmin', 1);
INSERT INTO pigtraxrefdata."City" (name, "lastUpdated", "userUpdated", "id_Country") VALUES ('Canoas', CURRENT_TIMESTAMP, 'pigtraxadmin', 1);
INSERT INTO pigtraxrefdata."City" (name, "lastUpdated", "userUpdated", "id_Country") VALUES ('Cansanção', CURRENT_TIMESTAMP, 'pigtraxadmin', 1);
INSERT INTO pigtraxrefdata."City" (name, "lastUpdated", "userUpdated", "id_Country") VALUES ('Cantá', CURRENT_TIMESTAMP, 'pigtraxadmin', 1);
INSERT INTO pigtraxrefdata."City" (name, "lastUpdated", "userUpdated", "id_Country") VALUES ('Cantagalo', CURRENT_TIMESTAMP, 'pigtraxadmin', 1);
INSERT INTO pigtraxrefdata."City" (name, "lastUpdated", "userUpdated", "id_Country") VALUES ('Cantanhede', CURRENT_TIMESTAMP, 'pigtraxadmin', 1);
INSERT INTO pigtraxrefdata."City" (name, "lastUpdated", "userUpdated", "id_Country") VALUES ('Canto do Buriti', CURRENT_TIMESTAMP, 'pigtraxadmin', 1);
INSERT INTO pigtraxrefdata."City" (name, "lastUpdated", "userUpdated", "id_Country") VALUES ('Canudos', CURRENT_TIMESTAMP, 'pigtraxadmin', 1);
INSERT INTO pigtraxrefdata."City" (name, "lastUpdated", "userUpdated", "id_Country") VALUES ('Canutama', CURRENT_TIMESTAMP, 'pigtraxadmin', 1);
INSERT INTO pigtraxrefdata."City" (name, "lastUpdated", "userUpdated", "id_Country") VALUES ('Capanema', CURRENT_TIMESTAMP, 'pigtraxadmin', 1);
INSERT INTO pigtraxrefdata."City" (name, "lastUpdated", "userUpdated", "id_Country") VALUES ('Capão Alto', CURRENT_TIMESTAMP, 'pigtraxadmin', 1);
INSERT INTO pigtraxrefdata."City" (name, "lastUpdated", "userUpdated", "id_Country") VALUES ('Capão da Porteira', CURRENT_TIMESTAMP, 'pigtraxadmin', 1);
INSERT INTO pigtraxrefdata."City" (name, "lastUpdated", "userUpdated", "id_Country") VALUES ('Capão do Cipó', CURRENT_TIMESTAMP, 'pigtraxadmin', 1);
INSERT INTO pigtraxrefdata."City" (name, "lastUpdated", "userUpdated", "id_Country") VALUES ('Capão do Leão', CURRENT_TIMESTAMP, 'pigtraxadmin', 1);
INSERT INTO pigtraxrefdata."City" (name, "lastUpdated", "userUpdated", "id_Country") VALUES ('Capão Grande', CURRENT_TIMESTAMP, 'pigtraxadmin', 1);
INSERT INTO pigtraxrefdata."City" (name, "lastUpdated", "userUpdated", "id_Country") VALUES ('Capão Novo', CURRENT_TIMESTAMP, 'pigtraxadmin', 1);
INSERT INTO pigtraxrefdata."City" (name, "lastUpdated", "userUpdated", "id_Country") VALUES ('Caparaó', CURRENT_TIMESTAMP, 'pigtraxadmin', 1);
INSERT INTO pigtraxrefdata."City" (name, "lastUpdated", "userUpdated", "id_Country") VALUES ('Capela', CURRENT_TIMESTAMP, 'pigtraxadmin', 1);
INSERT INTO pigtraxrefdata."City" (name, "lastUpdated", "userUpdated", "id_Country") VALUES ('Capela de Santana', CURRENT_TIMESTAMP, 'pigtraxadmin', 1);
INSERT INTO pigtraxrefdata."City" (name, "lastUpdated", "userUpdated", "id_Country") VALUES ('Capela do Alto', CURRENT_TIMESTAMP, 'pigtraxadmin', 1);
INSERT INTO pigtraxrefdata."City" (name, "lastUpdated", "userUpdated", "id_Country") VALUES ('Capela do Alto Alegre', CURRENT_TIMESTAMP, 'pigtraxadmin', 1);
INSERT INTO pigtraxrefdata."City" (name, "lastUpdated", "userUpdated", "id_Country") VALUES ('Capela Nova', CURRENT_TIMESTAMP, 'pigtraxadmin', 1);
INSERT INTO pigtraxrefdata."City" (name, "lastUpdated", "userUpdated", "id_Country") VALUES ('Capelinha', CURRENT_TIMESTAMP, 'pigtraxadmin', 1);
INSERT INTO pigtraxrefdata."City" (name, "lastUpdated", "userUpdated", "id_Country") VALUES ('Capetinga', CURRENT_TIMESTAMP, 'pigtraxadmin', 1);
INSERT INTO pigtraxrefdata."City" (name, "lastUpdated", "userUpdated", "id_Country") VALUES ('Capim', CURRENT_TIMESTAMP, 'pigtraxadmin', 1);
INSERT INTO pigtraxrefdata."City" (name, "lastUpdated", "userUpdated", "id_Country") VALUES ('Capim Branco', CURRENT_TIMESTAMP, 'pigtraxadmin', 1);
INSERT INTO pigtraxrefdata."City" (name, "lastUpdated", "userUpdated", "id_Country") VALUES ('Capim de Roça', CURRENT_TIMESTAMP, 'pigtraxadmin', 1);
INSERT INTO pigtraxrefdata."City" (name, "lastUpdated", "userUpdated", "id_Country") VALUES ('Capinzal', CURRENT_TIMESTAMP, 'pigtraxadmin', 1);
INSERT INTO pigtraxrefdata."City" (name, "lastUpdated", "userUpdated", "id_Country") VALUES ('Capinzal do Norte', CURRENT_TIMESTAMP, 'pigtraxadmin', 1);
INSERT INTO pigtraxrefdata."City" (name, "lastUpdated", "userUpdated", "id_Country") VALUES ('Capistrano', CURRENT_TIMESTAMP, 'pigtraxadmin', 1);
INSERT INTO pigtraxrefdata."City" (name, "lastUpdated", "userUpdated", "id_Country") VALUES ('Capitania', CURRENT_TIMESTAMP, 'pigtraxadmin', 1);
INSERT INTO pigtraxrefdata."City" (name, "lastUpdated", "userUpdated", "id_Country") VALUES ('Capitão', CURRENT_TIMESTAMP, 'pigtraxadmin', 1);
INSERT INTO pigtraxrefdata."City" (name, "lastUpdated", "userUpdated", "id_Country") VALUES ('Capitão Andrade', CURRENT_TIMESTAMP, 'pigtraxadmin', 1);
INSERT INTO pigtraxrefdata."City" (name, "lastUpdated", "userUpdated", "id_Country") VALUES ('Capitão Enéas', CURRENT_TIMESTAMP, 'pigtraxadmin', 1);
INSERT INTO pigtraxrefdata."City" (name, "lastUpdated", "userUpdated", "id_Country") VALUES ('Capitão Gervásio Oliveira', CURRENT_TIMESTAMP, 'pigtraxadmin', 1);
INSERT INTO pigtraxrefdata."City" (name, "lastUpdated", "userUpdated", "id_Country") VALUES ('Capitão Leônidas Marques', CURRENT_TIMESTAMP, 'pigtraxadmin', 1);
INSERT INTO pigtraxrefdata."City" (name, "lastUpdated", "userUpdated", "id_Country") VALUES ('Capitão Mor', CURRENT_TIMESTAMP, 'pigtraxadmin', 1);
INSERT INTO pigtraxrefdata."City" (name, "lastUpdated", "userUpdated", "id_Country") VALUES ('Capitão Poço', CURRENT_TIMESTAMP, 'pigtraxadmin', 1);
INSERT INTO pigtraxrefdata."City" (name, "lastUpdated", "userUpdated", "id_Country") VALUES ('Capitólio', CURRENT_TIMESTAMP, 'pigtraxadmin', 1);
INSERT INTO pigtraxrefdata."City" (name, "lastUpdated", "userUpdated", "id_Country") VALUES ('Capivari', CURRENT_TIMESTAMP, 'pigtraxadmin', 1);
INSERT INTO pigtraxrefdata."City" (name, "lastUpdated", "userUpdated", "id_Country") VALUES ('Capivari de Baixo', CURRENT_TIMESTAMP, 'pigtraxadmin', 1);
INSERT INTO pigtraxrefdata."City" (name, "lastUpdated", "userUpdated", "id_Country") VALUES ('Capivari do Sul', CURRENT_TIMESTAMP, 'pigtraxadmin', 1);
INSERT INTO pigtraxrefdata."City" (name, "lastUpdated", "userUpdated", "id_Country") VALUES ('Capixaba', CURRENT_TIMESTAMP, 'pigtraxadmin', 1);
INSERT INTO pigtraxrefdata."City" (name, "lastUpdated", "userUpdated", "id_Country") VALUES ('Capoeiras', CURRENT_TIMESTAMP, 'pigtraxadmin', 1);
INSERT INTO pigtraxrefdata."City" (name, "lastUpdated", "userUpdated", "id_Country") VALUES ('Caponga', CURRENT_TIMESTAMP, 'pigtraxadmin', 1);
INSERT INTO pigtraxrefdata."City" (name, "lastUpdated", "userUpdated", "id_Country") VALUES ('Caponga da Bernarda', CURRENT_TIMESTAMP, 'pigtraxadmin', 1);
INSERT INTO pigtraxrefdata."City" (name, "lastUpdated", "userUpdated", "id_Country") VALUES ('Capuava', CURRENT_TIMESTAMP, 'pigtraxadmin', 1);
INSERT INTO pigtraxrefdata."City" (name, "lastUpdated", "userUpdated", "id_Country") VALUES ('Caputira', CURRENT_TIMESTAMP, 'pigtraxadmin', 1);
INSERT INTO pigtraxrefdata."City" (name, "lastUpdated", "userUpdated", "id_Country") VALUES ('Caraá', CURRENT_TIMESTAMP, 'pigtraxadmin', 1);
INSERT INTO pigtraxrefdata."City" (name, "lastUpdated", "userUpdated", "id_Country") VALUES ('Carabuçu', CURRENT_TIMESTAMP, 'pigtraxadmin', 1);
INSERT INTO pigtraxrefdata."City" (name, "lastUpdated", "userUpdated", "id_Country") VALUES ('Caracol', CURRENT_TIMESTAMP, 'pigtraxadmin', 1);
INSERT INTO pigtraxrefdata."City" (name, "lastUpdated", "userUpdated", "id_Country") VALUES ('Caraí', CURRENT_TIMESTAMP, 'pigtraxadmin', 1);
INSERT INTO pigtraxrefdata."City" (name, "lastUpdated", "userUpdated", "id_Country") VALUES ('Caraíba do Norte', CURRENT_TIMESTAMP, 'pigtraxadmin', 1);
INSERT INTO pigtraxrefdata."City" (name, "lastUpdated", "userUpdated", "id_Country") VALUES ('Caraíbas', CURRENT_TIMESTAMP, 'pigtraxadmin', 1);
INSERT INTO pigtraxrefdata."City" (name, "lastUpdated", "userUpdated", "id_Country") VALUES ('Caraibeiras', CURRENT_TIMESTAMP, 'pigtraxadmin', 1);
INSERT INTO pigtraxrefdata."City" (name, "lastUpdated", "userUpdated", "id_Country") VALUES ('Carajá', CURRENT_TIMESTAMP, 'pigtraxadmin', 1);
INSERT INTO pigtraxrefdata."City" (name, "lastUpdated", "userUpdated", "id_Country") VALUES ('Carambeí', CURRENT_TIMESTAMP, 'pigtraxadmin', 1);
INSERT INTO pigtraxrefdata."City" (name, "lastUpdated", "userUpdated", "id_Country") VALUES ('Caramujo', CURRENT_TIMESTAMP, 'pigtraxadmin', 1);
INSERT INTO pigtraxrefdata."City" (name, "lastUpdated", "userUpdated", "id_Country") VALUES ('Caranaíba', CURRENT_TIMESTAMP, 'pigtraxadmin', 1);
INSERT INTO pigtraxrefdata."City" (name, "lastUpdated", "userUpdated", "id_Country") VALUES ('Carandaí', CURRENT_TIMESTAMP, 'pigtraxadmin', 1);
INSERT INTO pigtraxrefdata."City" (name, "lastUpdated", "userUpdated", "id_Country") VALUES ('Carangola', CURRENT_TIMESTAMP, 'pigtraxadmin', 1);
INSERT INTO pigtraxrefdata."City" (name, "lastUpdated", "userUpdated", "id_Country") VALUES ('Carapajó', CURRENT_TIMESTAMP, 'pigtraxadmin', 1);
INSERT INTO pigtraxrefdata."City" (name, "lastUpdated", "userUpdated", "id_Country") VALUES ('Caraparu', CURRENT_TIMESTAMP, 'pigtraxadmin', 1);
INSERT INTO pigtraxrefdata."City" (name, "lastUpdated", "userUpdated", "id_Country") VALUES ('Carapicuíba', CURRENT_TIMESTAMP, 'pigtraxadmin', 1);
INSERT INTO pigtraxrefdata."City" (name, "lastUpdated", "userUpdated", "id_Country") VALUES ('Carapina', CURRENT_TIMESTAMP, 'pigtraxadmin', 1);
INSERT INTO pigtraxrefdata."City" (name, "lastUpdated", "userUpdated", "id_Country") VALUES ('Carapotós', CURRENT_TIMESTAMP, 'pigtraxadmin', 1);
INSERT INTO pigtraxrefdata."City" (name, "lastUpdated", "userUpdated", "id_Country") VALUES ('Caratinga', CURRENT_TIMESTAMP, 'pigtraxadmin', 1);
INSERT INTO pigtraxrefdata."City" (name, "lastUpdated", "userUpdated", "id_Country") VALUES ('Carauari', CURRENT_TIMESTAMP, 'pigtraxadmin', 1);
INSERT INTO pigtraxrefdata."City" (name, "lastUpdated", "userUpdated", "id_Country") VALUES ('Caraúbas', CURRENT_TIMESTAMP, 'pigtraxadmin', 1);
INSERT INTO pigtraxrefdata."City" (name, "lastUpdated", "userUpdated", "id_Country") VALUES ('Caraúbas do Piauí', CURRENT_TIMESTAMP, 'pigtraxadmin', 1);
INSERT INTO pigtraxrefdata."City" (name, "lastUpdated", "userUpdated", "id_Country") VALUES ('Caravelas', CURRENT_TIMESTAMP, 'pigtraxadmin', 1);
INSERT INTO pigtraxrefdata."City" (name, "lastUpdated", "userUpdated", "id_Country") VALUES ('Carazinho', CURRENT_TIMESTAMP, 'pigtraxadmin', 1);
INSERT INTO pigtraxrefdata."City" (name, "lastUpdated", "userUpdated", "id_Country") VALUES ('Carbonita', CURRENT_TIMESTAMP, 'pigtraxadmin', 1);
INSERT INTO pigtraxrefdata."City" (name, "lastUpdated", "userUpdated", "id_Country") VALUES ('Cardeal', CURRENT_TIMESTAMP, 'pigtraxadmin', 1);
INSERT INTO pigtraxrefdata."City" (name, "lastUpdated", "userUpdated", "id_Country") VALUES ('Cardoso', CURRENT_TIMESTAMP, 'pigtraxadmin', 1);
INSERT INTO pigtraxrefdata."City" (name, "lastUpdated", "userUpdated", "id_Country") VALUES ('Cardoso Moreira', CURRENT_TIMESTAMP, 'pigtraxadmin', 1);
INSERT INTO pigtraxrefdata."City" (name, "lastUpdated", "userUpdated", "id_Country") VALUES ('Careaçu', CURRENT_TIMESTAMP, 'pigtraxadmin', 1);
INSERT INTO pigtraxrefdata."City" (name, "lastUpdated", "userUpdated", "id_Country") VALUES ('Careiro', CURRENT_TIMESTAMP, 'pigtraxadmin', 1);
INSERT INTO pigtraxrefdata."City" (name, "lastUpdated", "userUpdated", "id_Country") VALUES ('Careiro da Várzea', CURRENT_TIMESTAMP, 'pigtraxadmin', 1);
INSERT INTO pigtraxrefdata."City" (name, "lastUpdated", "userUpdated", "id_Country") VALUES ('Cariacica', CURRENT_TIMESTAMP, 'pigtraxadmin', 1);
INSERT INTO pigtraxrefdata."City" (name, "lastUpdated", "userUpdated", "id_Country") VALUES ('Caricé', CURRENT_TIMESTAMP, 'pigtraxadmin', 1);
INSERT INTO pigtraxrefdata."City" (name, "lastUpdated", "userUpdated", "id_Country") VALUES ('Caridade', CURRENT_TIMESTAMP, 'pigtraxadmin', 1);
INSERT INTO pigtraxrefdata."City" (name, "lastUpdated", "userUpdated", "id_Country") VALUES ('Caridade do Piauí', CURRENT_TIMESTAMP, 'pigtraxadmin', 1);
INSERT INTO pigtraxrefdata."City" (name, "lastUpdated", "userUpdated", "id_Country") VALUES ('Cariparé', CURRENT_TIMESTAMP, 'pigtraxadmin', 1);
INSERT INTO pigtraxrefdata."City" (name, "lastUpdated", "userUpdated", "id_Country") VALUES ('Caripi', CURRENT_TIMESTAMP, 'pigtraxadmin', 1);
INSERT INTO pigtraxrefdata."City" (name, "lastUpdated", "userUpdated", "id_Country") VALUES ('Carira', CURRENT_TIMESTAMP, 'pigtraxadmin', 1);
INSERT INTO pigtraxrefdata."City" (name, "lastUpdated", "userUpdated", "id_Country") VALUES ('Caririmirim', CURRENT_TIMESTAMP, 'pigtraxadmin', 1);
INSERT INTO pigtraxrefdata."City" (name, "lastUpdated", "userUpdated", "id_Country") VALUES ('Cariús', CURRENT_TIMESTAMP, 'pigtraxadmin', 1);
INSERT INTO pigtraxrefdata."City" (name, "lastUpdated", "userUpdated", "id_Country") VALUES ('Cariutaba', CURRENT_TIMESTAMP, 'pigtraxadmin', 1);
INSERT INTO pigtraxrefdata."City" (name, "lastUpdated", "userUpdated", "id_Country") VALUES ('Carlinda', CURRENT_TIMESTAMP, 'pigtraxadmin', 1);
INSERT INTO pigtraxrefdata."City" (name, "lastUpdated", "userUpdated", "id_Country") VALUES ('Carlópolis', CURRENT_TIMESTAMP, 'pigtraxadmin', 1);
INSERT INTO pigtraxrefdata."City" (name, "lastUpdated", "userUpdated", "id_Country") VALUES ('Carlos Barbosa', CURRENT_TIMESTAMP, 'pigtraxadmin', 1);
INSERT INTO pigtraxrefdata."City" (name, "lastUpdated", "userUpdated", "id_Country") VALUES ('Carmelópolis', CURRENT_TIMESTAMP, 'pigtraxadmin', 1);
INSERT INTO pigtraxrefdata."City" (name, "lastUpdated", "userUpdated", "id_Country") VALUES ('Carmo', CURRENT_TIMESTAMP, 'pigtraxadmin', 1);
INSERT INTO pigtraxrefdata."City" (name, "lastUpdated", "userUpdated", "id_Country") VALUES ('Carmo da Cachoeira', CURRENT_TIMESTAMP, 'pigtraxadmin', 1);
INSERT INTO pigtraxrefdata."City" (name, "lastUpdated", "userUpdated", "id_Country") VALUES ('Carmo da Mata', CURRENT_TIMESTAMP, 'pigtraxadmin', 1);
INSERT INTO pigtraxrefdata."City" (name, "lastUpdated", "userUpdated", "id_Country") VALUES ('Carmo de Minas', CURRENT_TIMESTAMP, 'pigtraxadmin', 1);
INSERT INTO pigtraxrefdata."City" (name, "lastUpdated", "userUpdated", "id_Country") VALUES ('Carmo do Cajuru', CURRENT_TIMESTAMP, 'pigtraxadmin', 1);
INSERT INTO pigtraxrefdata."City" (name, "lastUpdated", "userUpdated", "id_Country") VALUES ('Carmo do Paranaíba', CURRENT_TIMESTAMP, 'pigtraxadmin', 1);
INSERT INTO pigtraxrefdata."City" (name, "lastUpdated", "userUpdated", "id_Country") VALUES ('Carmo do Rio Claro', CURRENT_TIMESTAMP, 'pigtraxadmin', 1);
INSERT INTO pigtraxrefdata."City" (name, "lastUpdated", "userUpdated", "id_Country") VALUES ('Carmolândia', CURRENT_TIMESTAMP, 'pigtraxadmin', 1);
INSERT INTO pigtraxrefdata."City" (name, "lastUpdated", "userUpdated", "id_Country") VALUES ('Carmópolis', CURRENT_TIMESTAMP, 'pigtraxadmin', 1);
INSERT INTO pigtraxrefdata."City" (name, "lastUpdated", "userUpdated", "id_Country") VALUES ('Carmópolis de Minas', CURRENT_TIMESTAMP, 'pigtraxadmin', 1);
INSERT INTO pigtraxrefdata."City" (name, "lastUpdated", "userUpdated", "id_Country") VALUES ('Carnaíba', CURRENT_TIMESTAMP, 'pigtraxadmin', 1);
INSERT INTO pigtraxrefdata."City" (name, "lastUpdated", "userUpdated", "id_Country") VALUES ('Carnaíba de Baixo', CURRENT_TIMESTAMP, 'pigtraxadmin', 1);
INSERT INTO pigtraxrefdata."City" (name, "lastUpdated", "userUpdated", "id_Country") VALUES ('Carnaíba do Sertão', CURRENT_TIMESTAMP, 'pigtraxadmin', 1);
INSERT INTO pigtraxrefdata."City" (name, "lastUpdated", "userUpdated", "id_Country") VALUES ('Carnaúba', CURRENT_TIMESTAMP, 'pigtraxadmin', 1);
INSERT INTO pigtraxrefdata."City" (name, "lastUpdated", "userUpdated", "id_Country") VALUES ('Carnaúba dos Dantas', CURRENT_TIMESTAMP, 'pigtraxadmin', 1);
INSERT INTO pigtraxrefdata."City" (name, "lastUpdated", "userUpdated", "id_Country") VALUES ('Carnaubais', CURRENT_TIMESTAMP, 'pigtraxadmin', 1);
INSERT INTO pigtraxrefdata."City" (name, "lastUpdated", "userUpdated", "id_Country") VALUES ('Carnaubal', CURRENT_TIMESTAMP, 'pigtraxadmin', 1);
INSERT INTO pigtraxrefdata."City" (name, "lastUpdated", "userUpdated", "id_Country") VALUES ('Carnaubeira da Penha', CURRENT_TIMESTAMP, 'pigtraxadmin', 1);
INSERT INTO pigtraxrefdata."City" (name, "lastUpdated", "userUpdated", "id_Country") VALUES ('Carnaubinha', CURRENT_TIMESTAMP, 'pigtraxadmin', 1);
INSERT INTO pigtraxrefdata."City" (name, "lastUpdated", "userUpdated", "id_Country") VALUES ('Carneirinho', CURRENT_TIMESTAMP, 'pigtraxadmin', 1);
INSERT INTO pigtraxrefdata."City" (name, "lastUpdated", "userUpdated", "id_Country") VALUES ('Carneiro', CURRENT_TIMESTAMP, 'pigtraxadmin', 1);
INSERT INTO pigtraxrefdata."City" (name, "lastUpdated", "userUpdated", "id_Country") VALUES ('Carneiros', CURRENT_TIMESTAMP, 'pigtraxadmin', 1);
INSERT INTO pigtraxrefdata."City" (name, "lastUpdated", "userUpdated", "id_Country") VALUES ('Caroba', CURRENT_TIMESTAMP, 'pigtraxadmin', 1);
INSERT INTO pigtraxrefdata."City" (name, "lastUpdated", "userUpdated", "id_Country") VALUES ('Caroebe', CURRENT_TIMESTAMP, 'pigtraxadmin', 1);
INSERT INTO pigtraxrefdata."City" (name, "lastUpdated", "userUpdated", "id_Country") VALUES ('Carolina', CURRENT_TIMESTAMP, 'pigtraxadmin', 1);
INSERT INTO pigtraxrefdata."City" (name, "lastUpdated", "userUpdated", "id_Country") VALUES ('Carpina', CURRENT_TIMESTAMP, 'pigtraxadmin', 1);
INSERT INTO pigtraxrefdata."City" (name, "lastUpdated", "userUpdated", "id_Country") VALUES ('Carrancas', CURRENT_TIMESTAMP, 'pigtraxadmin', 1);
INSERT INTO pigtraxrefdata."City" (name, "lastUpdated", "userUpdated", "id_Country") VALUES ('Carrapateira', CURRENT_TIMESTAMP, 'pigtraxadmin', 1);
INSERT INTO pigtraxrefdata."City" (name, "lastUpdated", "userUpdated", "id_Country") VALUES ('Carrapateiras', CURRENT_TIMESTAMP, 'pigtraxadmin', 1);
INSERT INTO pigtraxrefdata."City" (name, "lastUpdated", "userUpdated", "id_Country") VALUES ('Carrapichel', CURRENT_TIMESTAMP, 'pigtraxadmin', 1);
INSERT INTO pigtraxrefdata."City" (name, "lastUpdated", "userUpdated", "id_Country") VALUES ('Carrasco Bonito', CURRENT_TIMESTAMP, 'pigtraxadmin', 1);
INSERT INTO pigtraxrefdata."City" (name, "lastUpdated", "userUpdated", "id_Country") VALUES ('Caruaru', CURRENT_TIMESTAMP, 'pigtraxadmin', 1);
INSERT INTO pigtraxrefdata."City" (name, "lastUpdated", "userUpdated", "id_Country") VALUES ('Caruataí', CURRENT_TIMESTAMP, 'pigtraxadmin', 1);
INSERT INTO pigtraxrefdata."City" (name, "lastUpdated", "userUpdated", "id_Country") VALUES ('Carutapera', CURRENT_TIMESTAMP, 'pigtraxadmin', 1);
INSERT INTO pigtraxrefdata."City" (name, "lastUpdated", "userUpdated", "id_Country") VALUES ('Carvalho de Brito', CURRENT_TIMESTAMP, 'pigtraxadmin', 1);
INSERT INTO pigtraxrefdata."City" (name, "lastUpdated", "userUpdated", "id_Country") VALUES ('Carvalhópolis', CURRENT_TIMESTAMP, 'pigtraxadmin', 1);
INSERT INTO pigtraxrefdata."City" (name, "lastUpdated", "userUpdated", "id_Country") VALUES ('Carvalhos', CURRENT_TIMESTAMP, 'pigtraxadmin', 1);
INSERT INTO pigtraxrefdata."City" (name, "lastUpdated", "userUpdated", "id_Country") VALUES ('Casa Branca', CURRENT_TIMESTAMP, 'pigtraxadmin', 1);
INSERT INTO pigtraxrefdata."City" (name, "lastUpdated", "userUpdated", "id_Country") VALUES ('Casa de Tábua', CURRENT_TIMESTAMP, 'pigtraxadmin', 1);
INSERT INTO pigtraxrefdata."City" (name, "lastUpdated", "userUpdated", "id_Country") VALUES ('Casa Grande', CURRENT_TIMESTAMP, 'pigtraxadmin', 1);
INSERT INTO pigtraxrefdata."City" (name, "lastUpdated", "userUpdated", "id_Country") VALUES ('Casca', CURRENT_TIMESTAMP, 'pigtraxadmin', 1);
INSERT INTO pigtraxrefdata."City" (name, "lastUpdated", "userUpdated", "id_Country") VALUES ('Cascalho Rico', CURRENT_TIMESTAMP, 'pigtraxadmin', 1);
INSERT INTO pigtraxrefdata."City" (name, "lastUpdated", "userUpdated", "id_Country") VALUES ('Cascavel', CURRENT_TIMESTAMP, 'pigtraxadmin', 1);
INSERT INTO pigtraxrefdata."City" (name, "lastUpdated", "userUpdated", "id_Country") VALUES ('Caseara', CURRENT_TIMESTAMP, 'pigtraxadmin', 1);
INSERT INTO pigtraxrefdata."City" (name, "lastUpdated", "userUpdated", "id_Country") VALUES ('Caseiros', CURRENT_TIMESTAMP, 'pigtraxadmin', 1);
INSERT INTO pigtraxrefdata."City" (name, "lastUpdated", "userUpdated", "id_Country") VALUES ('Casimiro de Abreu', CURRENT_TIMESTAMP, 'pigtraxadmin', 1);
INSERT INTO pigtraxrefdata."City" (name, "lastUpdated", "userUpdated", "id_Country") VALUES ('Casinhas', CURRENT_TIMESTAMP, 'pigtraxadmin', 1);
INSERT INTO pigtraxrefdata."City" (name, "lastUpdated", "userUpdated", "id_Country") VALUES ('Casserengue', CURRENT_TIMESTAMP, 'pigtraxadmin', 1);
INSERT INTO pigtraxrefdata."City" (name, "lastUpdated", "userUpdated", "id_Country") VALUES ('Cássia', CURRENT_TIMESTAMP, 'pigtraxadmin', 1);
INSERT INTO pigtraxrefdata."City" (name, "lastUpdated", "userUpdated", "id_Country") VALUES ('Cássia dos Coqueiros', CURRENT_TIMESTAMP, 'pigtraxadmin', 1);
INSERT INTO pigtraxrefdata."City" (name, "lastUpdated", "userUpdated", "id_Country") VALUES ('Cassilândia', CURRENT_TIMESTAMP, 'pigtraxadmin', 1);
INSERT INTO pigtraxrefdata."City" (name, "lastUpdated", "userUpdated", "id_Country") VALUES ('Castanhal', CURRENT_TIMESTAMP, 'pigtraxadmin', 1);
INSERT INTO pigtraxrefdata."City" (name, "lastUpdated", "userUpdated", "id_Country") VALUES ('Castanheira', CURRENT_TIMESTAMP, 'pigtraxadmin', 1);
INSERT INTO pigtraxrefdata."City" (name, "lastUpdated", "userUpdated", "id_Country") VALUES ('Castanheiras', CURRENT_TIMESTAMP, 'pigtraxadmin', 1);
INSERT INTO pigtraxrefdata."City" (name, "lastUpdated", "userUpdated", "id_Country") VALUES ('Castelândia', CURRENT_TIMESTAMP, 'pigtraxadmin', 1);
INSERT INTO pigtraxrefdata."City" (name, "lastUpdated", "userUpdated", "id_Country") VALUES ('Castelo', CURRENT_TIMESTAMP, 'pigtraxadmin', 1);
INSERT INTO pigtraxrefdata."City" (name, "lastUpdated", "userUpdated", "id_Country") VALUES ('Castelo do Piauí', CURRENT_TIMESTAMP, 'pigtraxadmin', 1);
INSERT INTO pigtraxrefdata."City" (name, "lastUpdated", "userUpdated", "id_Country") VALUES ('Castelo dos Sonhos', CURRENT_TIMESTAMP, 'pigtraxadmin', 1);
INSERT INTO pigtraxrefdata."City" (name, "lastUpdated", "userUpdated", "id_Country") VALUES ('Castelo Novo', CURRENT_TIMESTAMP, 'pigtraxadmin', 1);
INSERT INTO pigtraxrefdata."City" (name, "lastUpdated", "userUpdated", "id_Country") VALUES ('Castilho', CURRENT_TIMESTAMP, 'pigtraxadmin', 1);
INSERT INTO pigtraxrefdata."City" (name, "lastUpdated", "userUpdated", "id_Country") VALUES ('Castro', CURRENT_TIMESTAMP, 'pigtraxadmin', 1);
INSERT INTO pigtraxrefdata."City" (name, "lastUpdated", "userUpdated", "id_Country") VALUES ('Castro Alves', CURRENT_TIMESTAMP, 'pigtraxadmin', 1);
INSERT INTO pigtraxrefdata."City" (name, "lastUpdated", "userUpdated", "id_Country") VALUES ('Cataguases', CURRENT_TIMESTAMP, 'pigtraxadmin', 1);
INSERT INTO pigtraxrefdata."City" (name, "lastUpdated", "userUpdated", "id_Country") VALUES ('Catalão', CURRENT_TIMESTAMP, 'pigtraxadmin', 1);
INSERT INTO pigtraxrefdata."City" (name, "lastUpdated", "userUpdated", "id_Country") VALUES ('Catanduva', CURRENT_TIMESTAMP, 'pigtraxadmin', 1);
INSERT INTO pigtraxrefdata."City" (name, "lastUpdated", "userUpdated", "id_Country") VALUES ('Catanduvas', CURRENT_TIMESTAMP, 'pigtraxadmin', 1);
INSERT INTO pigtraxrefdata."City" (name, "lastUpdated", "userUpdated", "id_Country") VALUES ('Catarina', CURRENT_TIMESTAMP, 'pigtraxadmin', 1);
INSERT INTO pigtraxrefdata."City" (name, "lastUpdated", "userUpdated", "id_Country") VALUES ('Catas Altas', CURRENT_TIMESTAMP, 'pigtraxadmin', 1);
INSERT INTO pigtraxrefdata."City" (name, "lastUpdated", "userUpdated", "id_Country") VALUES ('Catas Altas da Noruega', CURRENT_TIMESTAMP, 'pigtraxadmin', 1);
INSERT INTO pigtraxrefdata."City" (name, "lastUpdated", "userUpdated", "id_Country") VALUES ('Catende', CURRENT_TIMESTAMP, 'pigtraxadmin', 1);
INSERT INTO pigtraxrefdata."City" (name, "lastUpdated", "userUpdated", "id_Country") VALUES ('Catiara', CURRENT_TIMESTAMP, 'pigtraxadmin', 1);
INSERT INTO pigtraxrefdata."City" (name, "lastUpdated", "userUpdated", "id_Country") VALUES ('Catiguá', CURRENT_TIMESTAMP, 'pigtraxadmin', 1);
INSERT INTO pigtraxrefdata."City" (name, "lastUpdated", "userUpdated", "id_Country") VALUES ('Catimbau', CURRENT_TIMESTAMP, 'pigtraxadmin', 1);
INSERT INTO pigtraxrefdata."City" (name, "lastUpdated", "userUpdated", "id_Country") VALUES ('Catinga do Moura', CURRENT_TIMESTAMP, 'pigtraxadmin', 1);
INSERT INTO pigtraxrefdata."City" (name, "lastUpdated", "userUpdated", "id_Country") VALUES ('Catingal', CURRENT_TIMESTAMP, 'pigtraxadmin', 1);
INSERT INTO pigtraxrefdata."City" (name, "lastUpdated", "userUpdated", "id_Country") VALUES ('Catingueira', CURRENT_TIMESTAMP, 'pigtraxadmin', 1);
INSERT INTO pigtraxrefdata."City" (name, "lastUpdated", "userUpdated", "id_Country") VALUES ('Catolândia', CURRENT_TIMESTAMP, 'pigtraxadmin', 1);
INSERT INTO pigtraxrefdata."City" (name, "lastUpdated", "userUpdated", "id_Country") VALUES ('Catolé da Pista', CURRENT_TIMESTAMP, 'pigtraxadmin', 1);
INSERT INTO pigtraxrefdata."City" (name, "lastUpdated", "userUpdated", "id_Country") VALUES ('Catolé do Rocha', CURRENT_TIMESTAMP, 'pigtraxadmin', 1);
INSERT INTO pigtraxrefdata."City" (name, "lastUpdated", "userUpdated", "id_Country") VALUES ('Catolés', CURRENT_TIMESTAMP, 'pigtraxadmin', 1);
INSERT INTO pigtraxrefdata."City" (name, "lastUpdated", "userUpdated", "id_Country") VALUES ('Catolezinho', CURRENT_TIMESTAMP, 'pigtraxadmin', 1);
INSERT INTO pigtraxrefdata."City" (name, "lastUpdated", "userUpdated", "id_Country") VALUES ('Catu', CURRENT_TIMESTAMP, 'pigtraxadmin', 1);
INSERT INTO pigtraxrefdata."City" (name, "lastUpdated", "userUpdated", "id_Country") VALUES ('Catuana', CURRENT_TIMESTAMP, 'pigtraxadmin', 1);
INSERT INTO pigtraxrefdata."City" (name, "lastUpdated", "userUpdated", "id_Country") VALUES ('Catuçaba', CURRENT_TIMESTAMP, 'pigtraxadmin', 1);
INSERT INTO pigtraxrefdata."City" (name, "lastUpdated", "userUpdated", "id_Country") VALUES ('Catuípe', CURRENT_TIMESTAMP, 'pigtraxadmin', 1);
INSERT INTO pigtraxrefdata."City" (name, "lastUpdated", "userUpdated", "id_Country") VALUES ('Catuji', CURRENT_TIMESTAMP, 'pigtraxadmin', 1);
INSERT INTO pigtraxrefdata."City" (name, "lastUpdated", "userUpdated", "id_Country") VALUES ('Catunda', CURRENT_TIMESTAMP, 'pigtraxadmin', 1);
INSERT INTO pigtraxrefdata."City" (name, "lastUpdated", "userUpdated", "id_Country") VALUES ('Catuné', CURRENT_TIMESTAMP, 'pigtraxadmin', 1);
INSERT INTO pigtraxrefdata."City" (name, "lastUpdated", "userUpdated", "id_Country") VALUES ('Catuni', CURRENT_TIMESTAMP, 'pigtraxadmin', 1);
INSERT INTO pigtraxrefdata."City" (name, "lastUpdated", "userUpdated", "id_Country") VALUES ('Caturaí', CURRENT_TIMESTAMP, 'pigtraxadmin', 1);
INSERT INTO pigtraxrefdata."City" (name, "lastUpdated", "userUpdated", "id_Country") VALUES ('Caturama', CURRENT_TIMESTAMP, 'pigtraxadmin', 1);
INSERT INTO pigtraxrefdata."City" (name, "lastUpdated", "userUpdated", "id_Country") VALUES ('Caturité', CURRENT_TIMESTAMP, 'pigtraxadmin', 1);
INSERT INTO pigtraxrefdata."City" (name, "lastUpdated", "userUpdated", "id_Country") VALUES ('Catuti', CURRENT_TIMESTAMP, 'pigtraxadmin', 1);
INSERT INTO pigtraxrefdata."City" (name, "lastUpdated", "userUpdated", "id_Country") VALUES ('Caucaia', CURRENT_TIMESTAMP, 'pigtraxadmin', 1);
INSERT INTO pigtraxrefdata."City" (name, "lastUpdated", "userUpdated", "id_Country") VALUES ('Cava Grande', CURRENT_TIMESTAMP, 'pigtraxadmin', 1);
INSERT INTO pigtraxrefdata."City" (name, "lastUpdated", "userUpdated", "id_Country") VALUES ('Cavalcante', CURRENT_TIMESTAMP, 'pigtraxadmin', 1);
INSERT INTO pigtraxrefdata."City" (name, "lastUpdated", "userUpdated", "id_Country") VALUES ('Cavaleiro', CURRENT_TIMESTAMP, 'pigtraxadmin', 1);
INSERT INTO pigtraxrefdata."City" (name, "lastUpdated", "userUpdated", "id_Country") VALUES ('Cavunge', CURRENT_TIMESTAMP, 'pigtraxadmin', 1);
INSERT INTO pigtraxrefdata."City" (name, "lastUpdated", "userUpdated", "id_Country") VALUES ('Caxambu', CURRENT_TIMESTAMP, 'pigtraxadmin', 1);
INSERT INTO pigtraxrefdata."City" (name, "lastUpdated", "userUpdated", "id_Country") VALUES ('Caxambu do Sul', CURRENT_TIMESTAMP, 'pigtraxadmin', 1);
INSERT INTO pigtraxrefdata."City" (name, "lastUpdated", "userUpdated", "id_Country") VALUES ('Caxias', CURRENT_TIMESTAMP, 'pigtraxadmin', 1);
INSERT INTO pigtraxrefdata."City" (name, "lastUpdated", "userUpdated", "id_Country") VALUES ('Caxias do Sul', CURRENT_TIMESTAMP, 'pigtraxadmin', 1);
INSERT INTO pigtraxrefdata."City" (name, "lastUpdated", "userUpdated", "id_Country") VALUES ('Caxingó', CURRENT_TIMESTAMP, 'pigtraxadmin', 1);
INSERT INTO pigtraxrefdata."City" (name, "lastUpdated", "userUpdated", "id_Country") VALUES ('Caxitoré', CURRENT_TIMESTAMP, 'pigtraxadmin', 1);
INSERT INTO pigtraxrefdata."City" (name, "lastUpdated", "userUpdated", "id_Country") VALUES ('Ceará-Mirim', CURRENT_TIMESTAMP, 'pigtraxadmin', 1);
INSERT INTO pigtraxrefdata."City" (name, "lastUpdated", "userUpdated", "id_Country") VALUES ('Cedral', CURRENT_TIMESTAMP, 'pigtraxadmin', 1);
INSERT INTO pigtraxrefdata."City" (name, "lastUpdated", "userUpdated", "id_Country") VALUES ('Cedro', CURRENT_TIMESTAMP, 'pigtraxadmin', 1);
INSERT INTO pigtraxrefdata."City" (name, "lastUpdated", "userUpdated", "id_Country") VALUES ('Cedro de São João', CURRENT_TIMESTAMP, 'pigtraxadmin', 1);
INSERT INTO pigtraxrefdata."City" (name, "lastUpdated", "userUpdated", "id_Country") VALUES ('Cedro do Abaeté', CURRENT_TIMESTAMP, 'pigtraxadmin', 1);
INSERT INTO pigtraxrefdata."City" (name, "lastUpdated", "userUpdated", "id_Country") VALUES ('Celina', CURRENT_TIMESTAMP, 'pigtraxadmin', 1);
INSERT INTO pigtraxrefdata."City" (name, "lastUpdated", "userUpdated", "id_Country") VALUES ('Celso Ramos', CURRENT_TIMESTAMP, 'pigtraxadmin', 1);
INSERT INTO pigtraxrefdata."City" (name, "lastUpdated", "userUpdated", "id_Country") VALUES ('Centenário', CURRENT_TIMESTAMP, 'pigtraxadmin', 1);
INSERT INTO pigtraxrefdata."City" (name, "lastUpdated", "userUpdated", "id_Country") VALUES ('Centenário do Sul', CURRENT_TIMESTAMP, 'pigtraxadmin', 1);
INSERT INTO pigtraxrefdata."City" (name, "lastUpdated", "userUpdated", "id_Country") VALUES ('Central', CURRENT_TIMESTAMP, 'pigtraxadmin', 1);
INSERT INTO pigtraxrefdata."City" (name, "lastUpdated", "userUpdated", "id_Country") VALUES ('Central de Minas', CURRENT_TIMESTAMP, 'pigtraxadmin', 1);
INSERT INTO pigtraxrefdata."City" (name, "lastUpdated", "userUpdated", "id_Country") VALUES ('Central de Santa Helena', CURRENT_TIMESTAMP, 'pigtraxadmin', 1);
INSERT INTO pigtraxrefdata."City" (name, "lastUpdated", "userUpdated", "id_Country") VALUES ('Central do Maranhão', CURRENT_TIMESTAMP, 'pigtraxadmin', 1);
INSERT INTO pigtraxrefdata."City" (name, "lastUpdated", "userUpdated", "id_Country") VALUES ('Centralina', CURRENT_TIMESTAMP, 'pigtraxadmin', 1);
INSERT INTO pigtraxrefdata."City" (name, "lastUpdated", "userUpdated", "id_Country") VALUES ('Centro do Guilherme', CURRENT_TIMESTAMP, 'pigtraxadmin', 1);
INSERT INTO pigtraxrefdata."City" (name, "lastUpdated", "userUpdated", "id_Country") VALUES ('Centro Novo do Maranhão', CURRENT_TIMESTAMP, 'pigtraxadmin', 1);
INSERT INTO pigtraxrefdata."City" (name, "lastUpdated", "userUpdated", "id_Country") VALUES ('Cepilho', CURRENT_TIMESTAMP, 'pigtraxadmin', 1);
INSERT INTO pigtraxrefdata."City" (name, "lastUpdated", "userUpdated", "id_Country") VALUES ('Cercadinho', CURRENT_TIMESTAMP, 'pigtraxadmin', 1);
INSERT INTO pigtraxrefdata."City" (name, "lastUpdated", "userUpdated", "id_Country") VALUES ('Cerejeiras', CURRENT_TIMESTAMP, 'pigtraxadmin', 1);
INSERT INTO pigtraxrefdata."City" (name, "lastUpdated", "userUpdated", "id_Country") VALUES ('Ceres', CURRENT_TIMESTAMP, 'pigtraxadmin', 1);
INSERT INTO pigtraxrefdata."City" (name, "lastUpdated", "userUpdated", "id_Country") VALUES ('Cerqueira César', CURRENT_TIMESTAMP, 'pigtraxadmin', 1);
INSERT INTO pigtraxrefdata."City" (name, "lastUpdated", "userUpdated", "id_Country") VALUES ('Cerquilho', CURRENT_TIMESTAMP, 'pigtraxadmin', 1);
INSERT INTO pigtraxrefdata."City" (name, "lastUpdated", "userUpdated", "id_Country") VALUES ('Cerrito', CURRENT_TIMESTAMP, 'pigtraxadmin', 1);
INSERT INTO pigtraxrefdata."City" (name, "lastUpdated", "userUpdated", "id_Country") VALUES ('Cerro Azul', CURRENT_TIMESTAMP, 'pigtraxadmin', 1);
INSERT INTO pigtraxrefdata."City" (name, "lastUpdated", "userUpdated", "id_Country") VALUES ('Cerro Branco', CURRENT_TIMESTAMP, 'pigtraxadmin', 1);
INSERT INTO pigtraxrefdata."City" (name, "lastUpdated", "userUpdated", "id_Country") VALUES ('Cerro Corá', CURRENT_TIMESTAMP, 'pigtraxadmin', 1);
INSERT INTO pigtraxrefdata."City" (name, "lastUpdated", "userUpdated", "id_Country") VALUES ('Cerro Grande', CURRENT_TIMESTAMP, 'pigtraxadmin', 1);
INSERT INTO pigtraxrefdata."City" (name, "lastUpdated", "userUpdated", "id_Country") VALUES ('Cerro Grande do Sul', CURRENT_TIMESTAMP, 'pigtraxadmin', 1);
INSERT INTO pigtraxrefdata."City" (name, "lastUpdated", "userUpdated", "id_Country") VALUES ('Cerro Largo', CURRENT_TIMESTAMP, 'pigtraxadmin', 1);
INSERT INTO pigtraxrefdata."City" (name, "lastUpdated", "userUpdated", "id_Country") VALUES ('Cerro Negro', CURRENT_TIMESTAMP, 'pigtraxadmin', 1);
INSERT INTO pigtraxrefdata."City" (name, "lastUpdated", "userUpdated", "id_Country") VALUES ('Cervo', CURRENT_TIMESTAMP, 'pigtraxadmin', 1);
INSERT INTO pigtraxrefdata."City" (name, "lastUpdated", "userUpdated", "id_Country") VALUES ('Cesário Lange', CURRENT_TIMESTAMP, 'pigtraxadmin', 1);
INSERT INTO pigtraxrefdata."City" (name, "lastUpdated", "userUpdated", "id_Country") VALUES ('Céu Azul', CURRENT_TIMESTAMP, 'pigtraxadmin', 1);
INSERT INTO pigtraxrefdata."City" (name, "lastUpdated", "userUpdated", "id_Country") VALUES ('Cezar de Souza', CURRENT_TIMESTAMP, 'pigtraxadmin', 1);
INSERT INTO pigtraxrefdata."City" (name, "lastUpdated", "userUpdated", "id_Country") VALUES ('Cezarina', CURRENT_TIMESTAMP, 'pigtraxadmin', 1);
INSERT INTO pigtraxrefdata."City" (name, "lastUpdated", "userUpdated", "id_Country") VALUES ('Chã de Alegria', CURRENT_TIMESTAMP, 'pigtraxadmin', 1);
INSERT INTO pigtraxrefdata."City" (name, "lastUpdated", "userUpdated", "id_Country") VALUES ('Chã do Rocha', CURRENT_TIMESTAMP, 'pigtraxadmin', 1);
INSERT INTO pigtraxrefdata."City" (name, "lastUpdated", "userUpdated", "id_Country") VALUES ('Chã Grande', CURRENT_TIMESTAMP, 'pigtraxadmin', 1);
INSERT INTO pigtraxrefdata."City" (name, "lastUpdated", "userUpdated", "id_Country") VALUES ('Chã Preta', CURRENT_TIMESTAMP, 'pigtraxadmin', 1);
INSERT INTO pigtraxrefdata."City" (name, "lastUpdated", "userUpdated", "id_Country") VALUES ('Chácara', CURRENT_TIMESTAMP, 'pigtraxadmin', 1);
INSERT INTO pigtraxrefdata."City" (name, "lastUpdated", "userUpdated", "id_Country") VALUES ('Chalé', CURRENT_TIMESTAMP, 'pigtraxadmin', 1);
INSERT INTO pigtraxrefdata."City" (name, "lastUpdated", "userUpdated", "id_Country") VALUES ('Chapada', CURRENT_TIMESTAMP, 'pigtraxadmin', 1);
INSERT INTO pigtraxrefdata."City" (name, "lastUpdated", "userUpdated", "id_Country") VALUES ('Chapada da Natividade', CURRENT_TIMESTAMP, 'pigtraxadmin', 1);
INSERT INTO pigtraxrefdata."City" (name, "lastUpdated", "userUpdated", "id_Country") VALUES ('Chapada de Areia', CURRENT_TIMESTAMP, 'pigtraxadmin', 1);
INSERT INTO pigtraxrefdata."City" (name, "lastUpdated", "userUpdated", "id_Country") VALUES ('Chapada do Norte', CURRENT_TIMESTAMP, 'pigtraxadmin', 1);
INSERT INTO pigtraxrefdata."City" (name, "lastUpdated", "userUpdated", "id_Country") VALUES ('Chapada dos Guimarães', CURRENT_TIMESTAMP, 'pigtraxadmin', 1);
INSERT INTO pigtraxrefdata."City" (name, "lastUpdated", "userUpdated", "id_Country") VALUES ('Chapada Gaúcha', CURRENT_TIMESTAMP, 'pigtraxadmin', 1);
INSERT INTO pigtraxrefdata."City" (name, "lastUpdated", "userUpdated", "id_Country") VALUES ('Chapadão do Céu', CURRENT_TIMESTAMP, 'pigtraxadmin', 1);
INSERT INTO pigtraxrefdata."City" (name, "lastUpdated", "userUpdated", "id_Country") VALUES ('Chapadão do Lageado', CURRENT_TIMESTAMP, 'pigtraxadmin', 1);
INSERT INTO pigtraxrefdata."City" (name, "lastUpdated", "userUpdated", "id_Country") VALUES ('Chapadão do Sul', CURRENT_TIMESTAMP, 'pigtraxadmin', 1);
INSERT INTO pigtraxrefdata."City" (name, "lastUpdated", "userUpdated", "id_Country") VALUES ('Chapadinha', CURRENT_TIMESTAMP, 'pigtraxadmin', 1);
INSERT INTO pigtraxrefdata."City" (name, "lastUpdated", "userUpdated", "id_Country") VALUES ('Chapecó', CURRENT_TIMESTAMP, 'pigtraxadmin', 1);
INSERT INTO pigtraxrefdata."City" (name, "lastUpdated", "userUpdated", "id_Country") VALUES ('Charqueada', CURRENT_TIMESTAMP, 'pigtraxadmin', 1);
INSERT INTO pigtraxrefdata."City" (name, "lastUpdated", "userUpdated", "id_Country") VALUES ('Charqueadas', CURRENT_TIMESTAMP, 'pigtraxadmin', 1);
INSERT INTO pigtraxrefdata."City" (name, "lastUpdated", "userUpdated", "id_Country") VALUES ('Charrua', CURRENT_TIMESTAMP, 'pigtraxadmin', 1);
INSERT INTO pigtraxrefdata."City" (name, "lastUpdated", "userUpdated", "id_Country") VALUES ('Chaval', CURRENT_TIMESTAMP, 'pigtraxadmin', 1);
INSERT INTO pigtraxrefdata."City" (name, "lastUpdated", "userUpdated", "id_Country") VALUES ('Chavantes', CURRENT_TIMESTAMP, 'pigtraxadmin', 1);
INSERT INTO pigtraxrefdata."City" (name, "lastUpdated", "userUpdated", "id_Country") VALUES ('Chaves', CURRENT_TIMESTAMP, 'pigtraxadmin', 1);
INSERT INTO pigtraxrefdata."City" (name, "lastUpdated", "userUpdated", "id_Country") VALUES ('Chaveslândia', CURRENT_TIMESTAMP, 'pigtraxadmin', 1);
INSERT INTO pigtraxrefdata."City" (name, "lastUpdated", "userUpdated", "id_Country") VALUES ('Chiador', CURRENT_TIMESTAMP, 'pigtraxadmin', 1);
INSERT INTO pigtraxrefdata."City" (name, "lastUpdated", "userUpdated", "id_Country") VALUES ('Chiapetta', CURRENT_TIMESTAMP, 'pigtraxadmin', 1);
INSERT INTO pigtraxrefdata."City" (name, "lastUpdated", "userUpdated", "id_Country") VALUES ('Chonim', CURRENT_TIMESTAMP, 'pigtraxadmin', 1);
INSERT INTO pigtraxrefdata."City" (name, "lastUpdated", "userUpdated", "id_Country") VALUES ('Chonin de Baixo', CURRENT_TIMESTAMP, 'pigtraxadmin', 1);
INSERT INTO pigtraxrefdata."City" (name, "lastUpdated", "userUpdated", "id_Country") VALUES ('Chopinzinho', CURRENT_TIMESTAMP, 'pigtraxadmin', 1);
INSERT INTO pigtraxrefdata."City" (name, "lastUpdated", "userUpdated", "id_Country") VALUES ('Choró', CURRENT_TIMESTAMP, 'pigtraxadmin', 1);
INSERT INTO pigtraxrefdata."City" (name, "lastUpdated", "userUpdated", "id_Country") VALUES ('Chorozinho', CURRENT_TIMESTAMP, 'pigtraxadmin', 1);
INSERT INTO pigtraxrefdata."City" (name, "lastUpdated", "userUpdated", "id_Country") VALUES ('Chorrochó', CURRENT_TIMESTAMP, 'pigtraxadmin', 1);
INSERT INTO pigtraxrefdata."City" (name, "lastUpdated", "userUpdated", "id_Country") VALUES ('Chuí', CURRENT_TIMESTAMP, 'pigtraxadmin', 1);
INSERT INTO pigtraxrefdata."City" (name, "lastUpdated", "userUpdated", "id_Country") VALUES ('Chupinguaia', CURRENT_TIMESTAMP, 'pigtraxadmin', 1);
INSERT INTO pigtraxrefdata."City" (name, "lastUpdated", "userUpdated", "id_Country") VALUES ('Cianorte', CURRENT_TIMESTAMP, 'pigtraxadmin', 1);
INSERT INTO pigtraxrefdata."City" (name, "lastUpdated", "userUpdated", "id_Country") VALUES ('Cícero Dantas', CURRENT_TIMESTAMP, 'pigtraxadmin', 1);
INSERT INTO pigtraxrefdata."City" (name, "lastUpdated", "userUpdated", "id_Country") VALUES ('Cidade Gaúcha', CURRENT_TIMESTAMP, 'pigtraxadmin', 1);
INSERT INTO pigtraxrefdata."City" (name, "lastUpdated", "userUpdated", "id_Country") VALUES ('Cidade Kemel', CURRENT_TIMESTAMP, 'pigtraxadmin', 1);
INSERT INTO pigtraxrefdata."City" (name, "lastUpdated", "userUpdated", "id_Country") VALUES ('Cidade Ocidental', CURRENT_TIMESTAMP, 'pigtraxadmin', 1);
INSERT INTO pigtraxrefdata."City" (name, "lastUpdated", "userUpdated", "id_Country") VALUES ('Cidelândia', CURRENT_TIMESTAMP, 'pigtraxadmin', 1);
INSERT INTO pigtraxrefdata."City" (name, "lastUpdated", "userUpdated", "id_Country") VALUES ('Cidreira', CURRENT_TIMESTAMP, 'pigtraxadmin', 1);
INSERT INTO pigtraxrefdata."City" (name, "lastUpdated", "userUpdated", "id_Country") VALUES ('Cimbres', CURRENT_TIMESTAMP, 'pigtraxadmin', 1);
INSERT INTO pigtraxrefdata."City" (name, "lastUpdated", "userUpdated", "id_Country") VALUES ('Cipó', CURRENT_TIMESTAMP, 'pigtraxadmin', 1);
INSERT INTO pigtraxrefdata."City" (name, "lastUpdated", "userUpdated", "id_Country") VALUES ('Cipó-Guaçu', CURRENT_TIMESTAMP, 'pigtraxadmin', 1);
INSERT INTO pigtraxrefdata."City" (name, "lastUpdated", "userUpdated", "id_Country") VALUES ('Cipotânea', CURRENT_TIMESTAMP, 'pigtraxadmin', 1);
INSERT INTO pigtraxrefdata."City" (name, "lastUpdated", "userUpdated", "id_Country") VALUES ('Ciríaco', CURRENT_TIMESTAMP, 'pigtraxadmin', 1);
INSERT INTO pigtraxrefdata."City" (name, "lastUpdated", "userUpdated", "id_Country") VALUES ('Cisneiros', CURRENT_TIMESTAMP, 'pigtraxadmin', 1);
INSERT INTO pigtraxrefdata."City" (name, "lastUpdated", "userUpdated", "id_Country") VALUES ('Cisterna', CURRENT_TIMESTAMP, 'pigtraxadmin', 1);
INSERT INTO pigtraxrefdata."City" (name, "lastUpdated", "userUpdated", "id_Country") VALUES ('Claranã', CURRENT_TIMESTAMP, 'pigtraxadmin', 1);
INSERT INTO pigtraxrefdata."City" (name, "lastUpdated", "userUpdated", "id_Country") VALUES ('Claraval', CURRENT_TIMESTAMP, 'pigtraxadmin', 1);
INSERT INTO pigtraxrefdata."City" (name, "lastUpdated", "userUpdated", "id_Country") VALUES ('Claro dos Poções', CURRENT_TIMESTAMP, 'pigtraxadmin', 1);
INSERT INTO pigtraxrefdata."City" (name, "lastUpdated", "userUpdated", "id_Country") VALUES ('Clementina', CURRENT_TIMESTAMP, 'pigtraxadmin', 1);
INSERT INTO pigtraxrefdata."City" (name, "lastUpdated", "userUpdated", "id_Country") VALUES ('Clevelândia', CURRENT_TIMESTAMP, 'pigtraxadmin', 1);
INSERT INTO pigtraxrefdata."City" (name, "lastUpdated", "userUpdated", "id_Country") VALUES ('Clevelândia do Norte', CURRENT_TIMESTAMP, 'pigtraxadmin', 1);
INSERT INTO pigtraxrefdata."City" (name, "lastUpdated", "userUpdated", "id_Country") VALUES ('Coaraci', CURRENT_TIMESTAMP, 'pigtraxadmin', 1);
INSERT INTO pigtraxrefdata."City" (name, "lastUpdated", "userUpdated", "id_Country") VALUES ('Coari', CURRENT_TIMESTAMP, 'pigtraxadmin', 1);
INSERT INTO pigtraxrefdata."City" (name, "lastUpdated", "userUpdated", "id_Country") VALUES ('Cocaes', CURRENT_TIMESTAMP, 'pigtraxadmin', 1);
INSERT INTO pigtraxrefdata."City" (name, "lastUpdated", "userUpdated", "id_Country") VALUES ('Cocais', CURRENT_TIMESTAMP, 'pigtraxadmin', 1);
INSERT INTO pigtraxrefdata."City" (name, "lastUpdated", "userUpdated", "id_Country") VALUES ('Cocal', CURRENT_TIMESTAMP, 'pigtraxadmin', 1);
INSERT INTO pigtraxrefdata."City" (name, "lastUpdated", "userUpdated", "id_Country") VALUES ('Cocal de Telha', CURRENT_TIMESTAMP, 'pigtraxadmin', 1);
INSERT INTO pigtraxrefdata."City" (name, "lastUpdated", "userUpdated", "id_Country") VALUES ('Cocal do Sul', CURRENT_TIMESTAMP, 'pigtraxadmin', 1);
INSERT INTO pigtraxrefdata."City" (name, "lastUpdated", "userUpdated", "id_Country") VALUES ('Cocal dos Alves', CURRENT_TIMESTAMP, 'pigtraxadmin', 1);
INSERT INTO pigtraxrefdata."City" (name, "lastUpdated", "userUpdated", "id_Country") VALUES ('Cocalinho', CURRENT_TIMESTAMP, 'pigtraxadmin', 1);
INSERT INTO pigtraxrefdata."City" (name, "lastUpdated", "userUpdated", "id_Country") VALUES ('Cocalzinho de Goiás', CURRENT_TIMESTAMP, 'pigtraxadmin', 1);
INSERT INTO pigtraxrefdata."City" (name, "lastUpdated", "userUpdated", "id_Country") VALUES ('Cocaú', CURRENT_TIMESTAMP, 'pigtraxadmin', 1);
INSERT INTO pigtraxrefdata."City" (name, "lastUpdated", "userUpdated", "id_Country") VALUES ('Cocos', CURRENT_TIMESTAMP, 'pigtraxadmin', 1);
INSERT INTO pigtraxrefdata."City" (name, "lastUpdated", "userUpdated", "id_Country") VALUES ('Codajás', CURRENT_TIMESTAMP, 'pigtraxadmin', 1);
INSERT INTO pigtraxrefdata."City" (name, "lastUpdated", "userUpdated", "id_Country") VALUES ('Codia', CURRENT_TIMESTAMP, 'pigtraxadmin', 1);
INSERT INTO pigtraxrefdata."City" (name, "lastUpdated", "userUpdated", "id_Country") VALUES ('Codó', CURRENT_TIMESTAMP, 'pigtraxadmin', 1);
INSERT INTO pigtraxrefdata."City" (name, "lastUpdated", "userUpdated", "id_Country") VALUES ('Coelho da Rocha', CURRENT_TIMESTAMP, 'pigtraxadmin', 1);
INSERT INTO pigtraxrefdata."City" (name, "lastUpdated", "userUpdated", "id_Country") VALUES ('Coelho Neto', CURRENT_TIMESTAMP, 'pigtraxadmin', 1);
INSERT INTO pigtraxrefdata."City" (name, "lastUpdated", "userUpdated", "id_Country") VALUES ('Coimbra', CURRENT_TIMESTAMP, 'pigtraxadmin', 1);
INSERT INTO pigtraxrefdata."City" (name, "lastUpdated", "userUpdated", "id_Country") VALUES ('Coité do Nóia', CURRENT_TIMESTAMP, 'pigtraxadmin', 1);
INSERT INTO pigtraxrefdata."City" (name, "lastUpdated", "userUpdated", "id_Country") VALUES ('Coivaras', CURRENT_TIMESTAMP, 'pigtraxadmin', 1);
INSERT INTO pigtraxrefdata."City" (name, "lastUpdated", "userUpdated", "id_Country") VALUES ('Colares', CURRENT_TIMESTAMP, 'pigtraxadmin', 1);
INSERT INTO pigtraxrefdata."City" (name, "lastUpdated", "userUpdated", "id_Country") VALUES ('Colíder', CURRENT_TIMESTAMP, 'pigtraxadmin', 1);
INSERT INTO pigtraxrefdata."City" (name, "lastUpdated", "userUpdated", "id_Country") VALUES ('Colina', CURRENT_TIMESTAMP, 'pigtraxadmin', 1);
INSERT INTO pigtraxrefdata."City" (name, "lastUpdated", "userUpdated", "id_Country") VALUES ('Colina Verde', CURRENT_TIMESTAMP, 'pigtraxadmin', 1);
INSERT INTO pigtraxrefdata."City" (name, "lastUpdated", "userUpdated", "id_Country") VALUES ('Colinas', CURRENT_TIMESTAMP, 'pigtraxadmin', 1);
INSERT INTO pigtraxrefdata."City" (name, "lastUpdated", "userUpdated", "id_Country") VALUES ('Colinas do Sul', CURRENT_TIMESTAMP, 'pigtraxadmin', 1);
INSERT INTO pigtraxrefdata."City" (name, "lastUpdated", "userUpdated", "id_Country") VALUES ('Colinas do Tocantins', CURRENT_TIMESTAMP, 'pigtraxadmin', 1);
INSERT INTO pigtraxrefdata."City" (name, "lastUpdated", "userUpdated", "id_Country") VALUES ('Colméia', CURRENT_TIMESTAMP, 'pigtraxadmin', 1);
INSERT INTO pigtraxrefdata."City" (name, "lastUpdated", "userUpdated", "id_Country") VALUES ('Colniza', CURRENT_TIMESTAMP, 'pigtraxadmin', 1);
INSERT INTO pigtraxrefdata."City" (name, "lastUpdated", "userUpdated", "id_Country") VALUES ('Colômbia', CURRENT_TIMESTAMP, 'pigtraxadmin', 1);
INSERT INTO pigtraxrefdata."City" (name, "lastUpdated", "userUpdated", "id_Country") VALUES ('Colombo', CURRENT_TIMESTAMP, 'pigtraxadmin', 1);
INSERT INTO pigtraxrefdata."City" (name, "lastUpdated", "userUpdated", "id_Country") VALUES ('Colônia', CURRENT_TIMESTAMP, 'pigtraxadmin', 1);
INSERT INTO pigtraxrefdata."City" (name, "lastUpdated", "userUpdated", "id_Country") VALUES ('Colônia do Gurguéia', CURRENT_TIMESTAMP, 'pigtraxadmin', 1);
INSERT INTO pigtraxrefdata."City" (name, "lastUpdated", "userUpdated", "id_Country") VALUES ('Colônia do Piauí', CURRENT_TIMESTAMP, 'pigtraxadmin', 1);
INSERT INTO pigtraxrefdata."City" (name, "lastUpdated", "userUpdated", "id_Country") VALUES ('Colônia Leopoldina', CURRENT_TIMESTAMP, 'pigtraxadmin', 1);
INSERT INTO pigtraxrefdata."City" (name, "lastUpdated", "userUpdated", "id_Country") VALUES ('Colônia Rodrigo Silva', CURRENT_TIMESTAMP, 'pigtraxadmin', 1);
INSERT INTO pigtraxrefdata."City" (name, "lastUpdated", "userUpdated", "id_Country") VALUES ('Colorado', CURRENT_TIMESTAMP, 'pigtraxadmin', 1);
INSERT INTO pigtraxrefdata."City" (name, "lastUpdated", "userUpdated", "id_Country") VALUES ('Colorado do Oeste', CURRENT_TIMESTAMP, 'pigtraxadmin', 1);
INSERT INTO pigtraxrefdata."City" (name, "lastUpdated", "userUpdated", "id_Country") VALUES ('Coluna', CURRENT_TIMESTAMP, 'pigtraxadmin', 1);
INSERT INTO pigtraxrefdata."City" (name, "lastUpdated", "userUpdated", "id_Country") VALUES ('Comandatuba', CURRENT_TIMESTAMP, 'pigtraxadmin', 1);
INSERT INTO pigtraxrefdata."City" (name, "lastUpdated", "userUpdated", "id_Country") VALUES ('Combinado', CURRENT_TIMESTAMP, 'pigtraxadmin', 1);
INSERT INTO pigtraxrefdata."City" (name, "lastUpdated", "userUpdated", "id_Country") VALUES ('Comendador Gomes', CURRENT_TIMESTAMP, 'pigtraxadmin', 1);
INSERT INTO pigtraxrefdata."City" (name, "lastUpdated", "userUpdated", "id_Country") VALUES ('Comendador Levy Gasparian', CURRENT_TIMESTAMP, 'pigtraxadmin', 1);
INSERT INTO pigtraxrefdata."City" (name, "lastUpdated", "userUpdated", "id_Country") VALUES ('Comendador Venâncio', CURRENT_TIMESTAMP, 'pigtraxadmin', 1);
INSERT INTO pigtraxrefdata."City" (name, "lastUpdated", "userUpdated", "id_Country") VALUES ('Comercinho', CURRENT_TIMESTAMP, 'pigtraxadmin', 1);
INSERT INTO pigtraxrefdata."City" (name, "lastUpdated", "userUpdated", "id_Country") VALUES ('Comércio', CURRENT_TIMESTAMP, 'pigtraxadmin', 1);
INSERT INTO pigtraxrefdata."City" (name, "lastUpdated", "userUpdated", "id_Country") VALUES ('Comodoro', CURRENT_TIMESTAMP, 'pigtraxadmin', 1);
INSERT INTO pigtraxrefdata."City" (name, "lastUpdated", "userUpdated", "id_Country") VALUES ('Conceição', CURRENT_TIMESTAMP, 'pigtraxadmin', 1);
INSERT INTO pigtraxrefdata."City" (name, "lastUpdated", "userUpdated", "id_Country") VALUES ('Conceição da Aparecida', CURRENT_TIMESTAMP, 'pigtraxadmin', 1);
INSERT INTO pigtraxrefdata."City" (name, "lastUpdated", "userUpdated", "id_Country") VALUES ('Conceição da Barra', CURRENT_TIMESTAMP, 'pigtraxadmin', 1);
INSERT INTO pigtraxrefdata."City" (name, "lastUpdated", "userUpdated", "id_Country") VALUES ('Conceição da Barra de Minas', CURRENT_TIMESTAMP, 'pigtraxadmin', 1);
INSERT INTO pigtraxrefdata."City" (name, "lastUpdated", "userUpdated", "id_Country") VALUES ('Conceição da Boa Vista', CURRENT_TIMESTAMP, 'pigtraxadmin', 1);
INSERT INTO pigtraxrefdata."City" (name, "lastUpdated", "userUpdated", "id_Country") VALUES ('Conceição da Feira', CURRENT_TIMESTAMP, 'pigtraxadmin', 1);
INSERT INTO pigtraxrefdata."City" (name, "lastUpdated", "userUpdated", "id_Country") VALUES ('Conceição das Alagoas', CURRENT_TIMESTAMP, 'pigtraxadmin', 1);
INSERT INTO pigtraxrefdata."City" (name, "lastUpdated", "userUpdated", "id_Country") VALUES ('Conceição das Crioulas', CURRENT_TIMESTAMP, 'pigtraxadmin', 1);
INSERT INTO pigtraxrefdata."City" (name, "lastUpdated", "userUpdated", "id_Country") VALUES ('Conceição das Pedras', CURRENT_TIMESTAMP, 'pigtraxadmin', 1);
INSERT INTO pigtraxrefdata."City" (name, "lastUpdated", "userUpdated", "id_Country") VALUES ('Conceição de Campinas', CURRENT_TIMESTAMP, 'pigtraxadmin', 1);
INSERT INTO pigtraxrefdata."City" (name, "lastUpdated", "userUpdated", "id_Country") VALUES ('Conceição de Ipanema', CURRENT_TIMESTAMP, 'pigtraxadmin', 1);
INSERT INTO pigtraxrefdata."City" (name, "lastUpdated", "userUpdated", "id_Country") VALUES ('Conceição de Itaguá', CURRENT_TIMESTAMP, 'pigtraxadmin', 1);
INSERT INTO pigtraxrefdata."City" (name, "lastUpdated", "userUpdated", "id_Country") VALUES ('Conceição de Jacareí', CURRENT_TIMESTAMP, 'pigtraxadmin', 1);
INSERT INTO pigtraxrefdata."City" (name, "lastUpdated", "userUpdated", "id_Country") VALUES ('Conceição de Macabu', CURRENT_TIMESTAMP, 'pigtraxadmin', 1);
INSERT INTO pigtraxrefdata."City" (name, "lastUpdated", "userUpdated", "id_Country") VALUES ('Conceição de Monte Alegre', CURRENT_TIMESTAMP, 'pigtraxadmin', 1);
INSERT INTO pigtraxrefdata."City" (name, "lastUpdated", "userUpdated", "id_Country") VALUES ('Conceição de Piracicaba', CURRENT_TIMESTAMP, 'pigtraxadmin', 1);
INSERT INTO pigtraxrefdata."City" (name, "lastUpdated", "userUpdated", "id_Country") VALUES ('Conceição do Almeida', CURRENT_TIMESTAMP, 'pigtraxadmin', 1);
INSERT INTO pigtraxrefdata."City" (name, "lastUpdated", "userUpdated", "id_Country") VALUES ('Conceição do Canindé', CURRENT_TIMESTAMP, 'pigtraxadmin', 1);
INSERT INTO pigtraxrefdata."City" (name, "lastUpdated", "userUpdated", "id_Country") VALUES ('Conceição do Capim', CURRENT_TIMESTAMP, 'pigtraxadmin', 1);
INSERT INTO pigtraxrefdata."City" (name, "lastUpdated", "userUpdated", "id_Country") VALUES ('Conceição do Castelo', CURRENT_TIMESTAMP, 'pigtraxadmin', 1);
INSERT INTO pigtraxrefdata."City" (name, "lastUpdated", "userUpdated", "id_Country") VALUES ('Conceição do Coité', CURRENT_TIMESTAMP, 'pigtraxadmin', 1);
INSERT INTO pigtraxrefdata."City" (name, "lastUpdated", "userUpdated", "id_Country") VALUES ('Conceição do Jacuípe', CURRENT_TIMESTAMP, 'pigtraxadmin', 1);
INSERT INTO pigtraxrefdata."City" (name, "lastUpdated", "userUpdated", "id_Country") VALUES ('Conceição do Lago-Açu', CURRENT_TIMESTAMP, 'pigtraxadmin', 1);
INSERT INTO pigtraxrefdata."City" (name, "lastUpdated", "userUpdated", "id_Country") VALUES ('Conceição do Muqui', CURRENT_TIMESTAMP, 'pigtraxadmin', 1);
INSERT INTO pigtraxrefdata."City" (name, "lastUpdated", "userUpdated", "id_Country") VALUES ('Conceição do Pará', CURRENT_TIMESTAMP, 'pigtraxadmin', 1);
INSERT INTO pigtraxrefdata."City" (name, "lastUpdated", "userUpdated", "id_Country") VALUES ('Conceição do Rio Verde', CURRENT_TIMESTAMP, 'pigtraxadmin', 1);
INSERT INTO pigtraxrefdata."City" (name, "lastUpdated", "userUpdated", "id_Country") VALUES ('Conceição do Tocantins', CURRENT_TIMESTAMP, 'pigtraxadmin', 1);
INSERT INTO pigtraxrefdata."City" (name, "lastUpdated", "userUpdated", "id_Country") VALUES ('Conceição dos Ouros', CURRENT_TIMESTAMP, 'pigtraxadmin', 1);
INSERT INTO pigtraxrefdata."City" (name, "lastUpdated", "userUpdated", "id_Country") VALUES ('Conchal', CURRENT_TIMESTAMP, 'pigtraxadmin', 1);
INSERT INTO pigtraxrefdata."City" (name, "lastUpdated", "userUpdated", "id_Country") VALUES ('Conchas', CURRENT_TIMESTAMP, 'pigtraxadmin', 1);
INSERT INTO pigtraxrefdata."City" (name, "lastUpdated", "userUpdated", "id_Country") VALUES ('Concórdia', CURRENT_TIMESTAMP, 'pigtraxadmin', 1);
INSERT INTO pigtraxrefdata."City" (name, "lastUpdated", "userUpdated", "id_Country") VALUES ('Concórdia do Mucuri', CURRENT_TIMESTAMP, 'pigtraxadmin', 1);
INSERT INTO pigtraxrefdata."City" (name, "lastUpdated", "userUpdated", "id_Country") VALUES ('Concórdia do Pará', CURRENT_TIMESTAMP, 'pigtraxadmin', 1);
INSERT INTO pigtraxrefdata."City" (name, "lastUpdated", "userUpdated", "id_Country") VALUES ('Condado', CURRENT_TIMESTAMP, 'pigtraxadmin', 1);
INSERT INTO pigtraxrefdata."City" (name, "lastUpdated", "userUpdated", "id_Country") VALUES ('Condado do Norte', CURRENT_TIMESTAMP, 'pigtraxadmin', 1);
INSERT INTO pigtraxrefdata."City" (name, "lastUpdated", "userUpdated", "id_Country") VALUES ('Conde', CURRENT_TIMESTAMP, 'pigtraxadmin', 1);
INSERT INTO pigtraxrefdata."City" (name, "lastUpdated", "userUpdated", "id_Country") VALUES ('Condeixa', CURRENT_TIMESTAMP, 'pigtraxadmin', 1);
INSERT INTO pigtraxrefdata."City" (name, "lastUpdated", "userUpdated", "id_Country") VALUES ('Condeúba', CURRENT_TIMESTAMP, 'pigtraxadmin', 1);
INSERT INTO pigtraxrefdata."City" (name, "lastUpdated", "userUpdated", "id_Country") VALUES ('Condor', CURRENT_TIMESTAMP, 'pigtraxadmin', 1);
INSERT INTO pigtraxrefdata."City" (name, "lastUpdated", "userUpdated", "id_Country") VALUES ('Conduru', CURRENT_TIMESTAMP, 'pigtraxadmin', 1);
INSERT INTO pigtraxrefdata."City" (name, "lastUpdated", "userUpdated", "id_Country") VALUES ('Cônego Marinho', CURRENT_TIMESTAMP, 'pigtraxadmin', 1);
INSERT INTO pigtraxrefdata."City" (name, "lastUpdated", "userUpdated", "id_Country") VALUES ('Confins', CURRENT_TIMESTAMP, 'pigtraxadmin', 1);
INSERT INTO pigtraxrefdata."City" (name, "lastUpdated", "userUpdated", "id_Country") VALUES ('Confresa', CURRENT_TIMESTAMP, 'pigtraxadmin', 1);
INSERT INTO pigtraxrefdata."City" (name, "lastUpdated", "userUpdated", "id_Country") VALUES ('Congo', CURRENT_TIMESTAMP, 'pigtraxadmin', 1);
INSERT INTO pigtraxrefdata."City" (name, "lastUpdated", "userUpdated", "id_Country") VALUES ('Congonhal', CURRENT_TIMESTAMP, 'pigtraxadmin', 1);
INSERT INTO pigtraxrefdata."City" (name, "lastUpdated", "userUpdated", "id_Country") VALUES ('Congonhas', CURRENT_TIMESTAMP, 'pigtraxadmin', 1);
INSERT INTO pigtraxrefdata."City" (name, "lastUpdated", "userUpdated", "id_Country") VALUES ('Congonhas do Norte', CURRENT_TIMESTAMP, 'pigtraxadmin', 1);
INSERT INTO pigtraxrefdata."City" (name, "lastUpdated", "userUpdated", "id_Country") VALUES ('Congonhinhas', CURRENT_TIMESTAMP, 'pigtraxadmin', 1);
INSERT INTO pigtraxrefdata."City" (name, "lastUpdated", "userUpdated", "id_Country") VALUES ('Conquista', CURRENT_TIMESTAMP, 'pigtraxadmin', 1);
INSERT INTO pigtraxrefdata."City" (name, "lastUpdated", "userUpdated", "id_Country") VALUES ('Conquista D''Oeste', CURRENT_TIMESTAMP, 'pigtraxadmin', 1);
INSERT INTO pigtraxrefdata."City" (name, "lastUpdated", "userUpdated", "id_Country") VALUES ('Conrado', CURRENT_TIMESTAMP, 'pigtraxadmin', 1);
INSERT INTO pigtraxrefdata."City" (name, "lastUpdated", "userUpdated", "id_Country") VALUES ('Conselheiro Lafaiete', CURRENT_TIMESTAMP, 'pigtraxadmin', 1);
INSERT INTO pigtraxrefdata."City" (name, "lastUpdated", "userUpdated", "id_Country") VALUES ('Conselheiro Mairinck', CURRENT_TIMESTAMP, 'pigtraxadmin', 1);
INSERT INTO pigtraxrefdata."City" (name, "lastUpdated", "userUpdated", "id_Country") VALUES ('Conselheiro Paulino', CURRENT_TIMESTAMP, 'pigtraxadmin', 1);
INSERT INTO pigtraxrefdata."City" (name, "lastUpdated", "userUpdated", "id_Country") VALUES ('Conselheiro Pena', CURRENT_TIMESTAMP, 'pigtraxadmin', 1);
INSERT INTO pigtraxrefdata."City" (name, "lastUpdated", "userUpdated", "id_Country") VALUES ('Conservatória', CURRENT_TIMESTAMP, 'pigtraxadmin', 1);
INSERT INTO pigtraxrefdata."City" (name, "lastUpdated", "userUpdated", "id_Country") VALUES ('Consolação', CURRENT_TIMESTAMP, 'pigtraxadmin', 1);
INSERT INTO pigtraxrefdata."City" (name, "lastUpdated", "userUpdated", "id_Country") VALUES ('Constantina', CURRENT_TIMESTAMP, 'pigtraxadmin', 1);
INSERT INTO pigtraxrefdata."City" (name, "lastUpdated", "userUpdated", "id_Country") VALUES ('Contagem', CURRENT_TIMESTAMP, 'pigtraxadmin', 1);
INSERT INTO pigtraxrefdata."City" (name, "lastUpdated", "userUpdated", "id_Country") VALUES ('Contenda', CURRENT_TIMESTAMP, 'pigtraxadmin', 1);
INSERT INTO pigtraxrefdata."City" (name, "lastUpdated", "userUpdated", "id_Country") VALUES ('Contendas do Sincorá', CURRENT_TIMESTAMP, 'pigtraxadmin', 1);
INSERT INTO pigtraxrefdata."City" (name, "lastUpdated", "userUpdated", "id_Country") VALUES ('Contrato', CURRENT_TIMESTAMP, 'pigtraxadmin', 1);
INSERT INTO pigtraxrefdata."City" (name, "lastUpdated", "userUpdated", "id_Country") VALUES ('Contria', CURRENT_TIMESTAMP, 'pigtraxadmin', 1);
INSERT INTO pigtraxrefdata."City" (name, "lastUpdated", "userUpdated", "id_Country") VALUES ('Coqueiral', CURRENT_TIMESTAMP, 'pigtraxadmin', 1);
INSERT INTO pigtraxrefdata."City" (name, "lastUpdated", "userUpdated", "id_Country") VALUES ('Coqueiro Seco', CURRENT_TIMESTAMP, 'pigtraxadmin', 1);
INSERT INTO pigtraxrefdata."City" (name, "lastUpdated", "userUpdated", "id_Country") VALUES ('Coqueiros', CURRENT_TIMESTAMP, 'pigtraxadmin', 1);
INSERT INTO pigtraxrefdata."City" (name, "lastUpdated", "userUpdated", "id_Country") VALUES ('Coração de Jesus', CURRENT_TIMESTAMP, 'pigtraxadmin', 1);
INSERT INTO pigtraxrefdata."City" (name, "lastUpdated", "userUpdated", "id_Country") VALUES ('Coração de Maria', CURRENT_TIMESTAMP, 'pigtraxadmin', 1);
INSERT INTO pigtraxrefdata."City" (name, "lastUpdated", "userUpdated", "id_Country") VALUES ('Corbélia', CURRENT_TIMESTAMP, 'pigtraxadmin', 1);
INSERT INTO pigtraxrefdata."City" (name, "lastUpdated", "userUpdated", "id_Country") VALUES ('Cordeiro', CURRENT_TIMESTAMP, 'pigtraxadmin', 1);
INSERT INTO pigtraxrefdata."City" (name, "lastUpdated", "userUpdated", "id_Country") VALUES ('Cordeiro de Minas', CURRENT_TIMESTAMP, 'pigtraxadmin', 1);
INSERT INTO pigtraxrefdata."City" (name, "lastUpdated", "userUpdated", "id_Country") VALUES ('Cordeirópolis', CURRENT_TIMESTAMP, 'pigtraxadmin', 1);
INSERT INTO pigtraxrefdata."City" (name, "lastUpdated", "userUpdated", "id_Country") VALUES ('Cordeiros', CURRENT_TIMESTAMP, 'pigtraxadmin', 1);
INSERT INTO pigtraxrefdata."City" (name, "lastUpdated", "userUpdated", "id_Country") VALUES ('Cordilheira Alta', CURRENT_TIMESTAMP, 'pigtraxadmin', 1);
INSERT INTO pigtraxrefdata."City" (name, "lastUpdated", "userUpdated", "id_Country") VALUES ('Cordisburgo', CURRENT_TIMESTAMP, 'pigtraxadmin', 1);
INSERT INTO pigtraxrefdata."City" (name, "lastUpdated", "userUpdated", "id_Country") VALUES ('Cordislândia', CURRENT_TIMESTAMP, 'pigtraxadmin', 1);
INSERT INTO pigtraxrefdata."City" (name, "lastUpdated", "userUpdated", "id_Country") VALUES ('Coreaú', CURRENT_TIMESTAMP, 'pigtraxadmin', 1);
INSERT INTO pigtraxrefdata."City" (name, "lastUpdated", "userUpdated", "id_Country") VALUES ('Coremas', CURRENT_TIMESTAMP, 'pigtraxadmin', 1);
INSERT INTO pigtraxrefdata."City" (name, "lastUpdated", "userUpdated", "id_Country") VALUES ('Corguinho', CURRENT_TIMESTAMP, 'pigtraxadmin', 1);
INSERT INTO pigtraxrefdata."City" (name, "lastUpdated", "userUpdated", "id_Country") VALUES ('Coribe', CURRENT_TIMESTAMP, 'pigtraxadmin', 1);
INSERT INTO pigtraxrefdata."City" (name, "lastUpdated", "userUpdated", "id_Country") VALUES ('Corinto', CURRENT_TIMESTAMP, 'pigtraxadmin', 1);
INSERT INTO pigtraxrefdata."City" (name, "lastUpdated", "userUpdated", "id_Country") VALUES ('Cornélio Procópio', CURRENT_TIMESTAMP, 'pigtraxadmin', 1);
INSERT INTO pigtraxrefdata."City" (name, "lastUpdated", "userUpdated", "id_Country") VALUES ('Coroaci', CURRENT_TIMESTAMP, 'pigtraxadmin', 1);
INSERT INTO pigtraxrefdata."City" (name, "lastUpdated", "userUpdated", "id_Country") VALUES ('Coroados', CURRENT_TIMESTAMP, 'pigtraxadmin', 1);
INSERT INTO pigtraxrefdata."City" (name, "lastUpdated", "userUpdated", "id_Country") VALUES ('Coroatá', CURRENT_TIMESTAMP, 'pigtraxadmin', 1);
INSERT INTO pigtraxrefdata."City" (name, "lastUpdated", "userUpdated", "id_Country") VALUES ('Coromandel', CURRENT_TIMESTAMP, 'pigtraxadmin', 1);
INSERT INTO pigtraxrefdata."City" (name, "lastUpdated", "userUpdated", "id_Country") VALUES ('Coronel Barros', CURRENT_TIMESTAMP, 'pigtraxadmin', 1);
INSERT INTO pigtraxrefdata."City" (name, "lastUpdated", "userUpdated", "id_Country") VALUES ('Coronel Bicaco', CURRENT_TIMESTAMP, 'pigtraxadmin', 1);
INSERT INTO pigtraxrefdata."City" (name, "lastUpdated", "userUpdated", "id_Country") VALUES ('Coronel Domingos Soares', CURRENT_TIMESTAMP, 'pigtraxadmin', 1);
INSERT INTO pigtraxrefdata."City" (name, "lastUpdated", "userUpdated", "id_Country") VALUES ('Coronel Ezequiel', CURRENT_TIMESTAMP, 'pigtraxadmin', 1);
INSERT INTO pigtraxrefdata."City" (name, "lastUpdated", "userUpdated", "id_Country") VALUES ('Coronel Fabriciano', CURRENT_TIMESTAMP, 'pigtraxadmin', 1);
INSERT INTO pigtraxrefdata."City" (name, "lastUpdated", "userUpdated", "id_Country") VALUES ('Coronel Freitas', CURRENT_TIMESTAMP, 'pigtraxadmin', 1);
INSERT INTO pigtraxrefdata."City" (name, "lastUpdated", "userUpdated", "id_Country") VALUES ('Coronel Goulart', CURRENT_TIMESTAMP, 'pigtraxadmin', 1);
INSERT INTO pigtraxrefdata."City" (name, "lastUpdated", "userUpdated", "id_Country") VALUES ('Coronel João Borges', CURRENT_TIMESTAMP, 'pigtraxadmin', 1);
INSERT INTO pigtraxrefdata."City" (name, "lastUpdated", "userUpdated", "id_Country") VALUES ('Coronel João Pessoa', CURRENT_TIMESTAMP, 'pigtraxadmin', 1);
INSERT INTO pigtraxrefdata."City" (name, "lastUpdated", "userUpdated", "id_Country") VALUES ('Coronel João Sá', CURRENT_TIMESTAMP, 'pigtraxadmin', 1);
INSERT INTO pigtraxrefdata."City" (name, "lastUpdated", "userUpdated", "id_Country") VALUES ('Coronel José Dias', CURRENT_TIMESTAMP, 'pigtraxadmin', 1);
INSERT INTO pigtraxrefdata."City" (name, "lastUpdated", "userUpdated", "id_Country") VALUES ('Coronel Macedo', CURRENT_TIMESTAMP, 'pigtraxadmin', 1);
INSERT INTO pigtraxrefdata."City" (name, "lastUpdated", "userUpdated", "id_Country") VALUES ('Coronel Martins', CURRENT_TIMESTAMP, 'pigtraxadmin', 1);
INSERT INTO pigtraxrefdata."City" (name, "lastUpdated", "userUpdated", "id_Country") VALUES ('Coronel Murta', CURRENT_TIMESTAMP, 'pigtraxadmin', 1);
INSERT INTO pigtraxrefdata."City" (name, "lastUpdated", "userUpdated", "id_Country") VALUES ('Coronel Octaviano Alves', CURRENT_TIMESTAMP, 'pigtraxadmin', 1);
INSERT INTO pigtraxrefdata."City" (name, "lastUpdated", "userUpdated", "id_Country") VALUES ('Coronel Pacheco', CURRENT_TIMESTAMP, 'pigtraxadmin', 1);
INSERT INTO pigtraxrefdata."City" (name, "lastUpdated", "userUpdated", "id_Country") VALUES ('Coronel Sapucaia', CURRENT_TIMESTAMP, 'pigtraxadmin', 1);
INSERT INTO pigtraxrefdata."City" (name, "lastUpdated", "userUpdated", "id_Country") VALUES ('Coronel Vivida', CURRENT_TIMESTAMP, 'pigtraxadmin', 1);
INSERT INTO pigtraxrefdata."City" (name, "lastUpdated", "userUpdated", "id_Country") VALUES ('Coronel Xavier Chaves', CURRENT_TIMESTAMP, 'pigtraxadmin', 1);
INSERT INTO pigtraxrefdata."City" (name, "lastUpdated", "userUpdated", "id_Country") VALUES ('Córrego', CURRENT_TIMESTAMP, 'pigtraxadmin', 1);
INSERT INTO pigtraxrefdata."City" (name, "lastUpdated", "userUpdated", "id_Country") VALUES ('Córrego Danta', CURRENT_TIMESTAMP, 'pigtraxadmin', 1);
INSERT INTO pigtraxrefdata."City" (name, "lastUpdated", "userUpdated", "id_Country") VALUES ('Córrego de São Mateus', CURRENT_TIMESTAMP, 'pigtraxadmin', 1);
INSERT INTO pigtraxrefdata."City" (name, "lastUpdated", "userUpdated", "id_Country") VALUES ('Córrego do Bom Jesus', CURRENT_TIMESTAMP, 'pigtraxadmin', 1);
INSERT INTO pigtraxrefdata."City" (name, "lastUpdated", "userUpdated", "id_Country") VALUES ('Córrego do Ouro', CURRENT_TIMESTAMP, 'pigtraxadmin', 1);
INSERT INTO pigtraxrefdata."City" (name, "lastUpdated", "userUpdated", "id_Country") VALUES ('Córrego dos Monos', CURRENT_TIMESTAMP, 'pigtraxadmin', 1);
INSERT INTO pigtraxrefdata."City" (name, "lastUpdated", "userUpdated", "id_Country") VALUES ('Córrego Fundo', CURRENT_TIMESTAMP, 'pigtraxadmin', 1);
INSERT INTO pigtraxrefdata."City" (name, "lastUpdated", "userUpdated", "id_Country") VALUES ('Córrego Novo', CURRENT_TIMESTAMP, 'pigtraxadmin', 1);
INSERT INTO pigtraxrefdata."City" (name, "lastUpdated", "userUpdated", "id_Country") VALUES ('Córrego Rico', CURRENT_TIMESTAMP, 'pigtraxadmin', 1);
INSERT INTO pigtraxrefdata."City" (name, "lastUpdated", "userUpdated", "id_Country") VALUES ('Correia de Almeida', CURRENT_TIMESTAMP, 'pigtraxadmin', 1);
INSERT INTO pigtraxrefdata."City" (name, "lastUpdated", "userUpdated", "id_Country") VALUES ('Correia Pinto', CURRENT_TIMESTAMP, 'pigtraxadmin', 1);
INSERT INTO pigtraxrefdata."City" (name, "lastUpdated", "userUpdated", "id_Country") VALUES ('Corrente', CURRENT_TIMESTAMP, 'pigtraxadmin', 1);
INSERT INTO pigtraxrefdata."City" (name, "lastUpdated", "userUpdated", "id_Country") VALUES ('Correntes', CURRENT_TIMESTAMP, 'pigtraxadmin', 1);
INSERT INTO pigtraxrefdata."City" (name, "lastUpdated", "userUpdated", "id_Country") VALUES ('Correntina', CURRENT_TIMESTAMP, 'pigtraxadmin', 1);
INSERT INTO pigtraxrefdata."City" (name, "lastUpdated", "userUpdated", "id_Country") VALUES ('Correntinho', CURRENT_TIMESTAMP, 'pigtraxadmin', 1);
INSERT INTO pigtraxrefdata."City" (name, "lastUpdated", "userUpdated", "id_Country") VALUES ('Corta Mão', CURRENT_TIMESTAMP, 'pigtraxadmin', 1);
INSERT INTO pigtraxrefdata."City" (name, "lastUpdated", "userUpdated", "id_Country") VALUES ('Cortês', CURRENT_TIMESTAMP, 'pigtraxadmin', 1);
INSERT INTO pigtraxrefdata."City" (name, "lastUpdated", "userUpdated", "id_Country") VALUES ('Corumbá', CURRENT_TIMESTAMP, 'pigtraxadmin', 1);
INSERT INTO pigtraxrefdata."City" (name, "lastUpdated", "userUpdated", "id_Country") VALUES ('Corumbá de Goiás', CURRENT_TIMESTAMP, 'pigtraxadmin', 1);
INSERT INTO pigtraxrefdata."City" (name, "lastUpdated", "userUpdated", "id_Country") VALUES ('Corumbaíba', CURRENT_TIMESTAMP, 'pigtraxadmin', 1);
INSERT INTO pigtraxrefdata."City" (name, "lastUpdated", "userUpdated", "id_Country") VALUES ('Corumbataí', CURRENT_TIMESTAMP, 'pigtraxadmin', 1);
INSERT INTO pigtraxrefdata."City" (name, "lastUpdated", "userUpdated", "id_Country") VALUES ('Corumbataí do Sul', CURRENT_TIMESTAMP, 'pigtraxadmin', 1);
INSERT INTO pigtraxrefdata."City" (name, "lastUpdated", "userUpdated", "id_Country") VALUES ('Corumbiara', CURRENT_TIMESTAMP, 'pigtraxadmin', 1);
INSERT INTO pigtraxrefdata."City" (name, "lastUpdated", "userUpdated", "id_Country") VALUES ('Corupá', CURRENT_TIMESTAMP, 'pigtraxadmin', 1);
INSERT INTO pigtraxrefdata."City" (name, "lastUpdated", "userUpdated", "id_Country") VALUES ('Coruripe', CURRENT_TIMESTAMP, 'pigtraxadmin', 1);
INSERT INTO pigtraxrefdata."City" (name, "lastUpdated", "userUpdated", "id_Country") VALUES ('Cosmópolis', CURRENT_TIMESTAMP, 'pigtraxadmin', 1);
INSERT INTO pigtraxrefdata."City" (name, "lastUpdated", "userUpdated", "id_Country") VALUES ('Cosmorama', CURRENT_TIMESTAMP, 'pigtraxadmin', 1);
INSERT INTO pigtraxrefdata."City" (name, "lastUpdated", "userUpdated", "id_Country") VALUES ('Costa do Sol', CURRENT_TIMESTAMP, 'pigtraxadmin', 1);
INSERT INTO pigtraxrefdata."City" (name, "lastUpdated", "userUpdated", "id_Country") VALUES ('Costa Machado', CURRENT_TIMESTAMP, 'pigtraxadmin', 1);
INSERT INTO pigtraxrefdata."City" (name, "lastUpdated", "userUpdated", "id_Country") VALUES ('Costa Marques', CURRENT_TIMESTAMP, 'pigtraxadmin', 1);
INSERT INTO pigtraxrefdata."City" (name, "lastUpdated", "userUpdated", "id_Country") VALUES ('Costa Rica', CURRENT_TIMESTAMP, 'pigtraxadmin', 1);
INSERT INTO pigtraxrefdata."City" (name, "lastUpdated", "userUpdated", "id_Country") VALUES ('Costas', CURRENT_TIMESTAMP, 'pigtraxadmin', 1);
INSERT INTO pigtraxrefdata."City" (name, "lastUpdated", "userUpdated", "id_Country") VALUES ('Cotaxé', CURRENT_TIMESTAMP, 'pigtraxadmin', 1);
INSERT INTO pigtraxrefdata."City" (name, "lastUpdated", "userUpdated", "id_Country") VALUES ('Cotegipe', CURRENT_TIMESTAMP, 'pigtraxadmin', 1);
INSERT INTO pigtraxrefdata."City" (name, "lastUpdated", "userUpdated", "id_Country") VALUES ('Cotiporã', CURRENT_TIMESTAMP, 'pigtraxadmin', 1);
INSERT INTO pigtraxrefdata."City" (name, "lastUpdated", "userUpdated", "id_Country") VALUES ('Cotriguaçu', CURRENT_TIMESTAMP, 'pigtraxadmin', 1);
INSERT INTO pigtraxrefdata."City" (name, "lastUpdated", "userUpdated", "id_Country") VALUES ('Coutinho', CURRENT_TIMESTAMP, 'pigtraxadmin', 1);
INSERT INTO pigtraxrefdata."City" (name, "lastUpdated", "userUpdated", "id_Country") VALUES ('Couto de Magalhães de Minas', CURRENT_TIMESTAMP, 'pigtraxadmin', 1);
INSERT INTO pigtraxrefdata."City" (name, "lastUpdated", "userUpdated", "id_Country") VALUES ('Couto Magalhães', CURRENT_TIMESTAMP, 'pigtraxadmin', 1);
INSERT INTO pigtraxrefdata."City" (name, "lastUpdated", "userUpdated", "id_Country") VALUES ('Coxilha', CURRENT_TIMESTAMP, 'pigtraxadmin', 1);
INSERT INTO pigtraxrefdata."City" (name, "lastUpdated", "userUpdated", "id_Country") VALUES ('Coxim', CURRENT_TIMESTAMP, 'pigtraxadmin', 1);
INSERT INTO pigtraxrefdata."City" (name, "lastUpdated", "userUpdated", "id_Country") VALUES ('Coxipó da Ponte', CURRENT_TIMESTAMP, 'pigtraxadmin', 1);
INSERT INTO pigtraxrefdata."City" (name, "lastUpdated", "userUpdated", "id_Country") VALUES ('Coxixola', CURRENT_TIMESTAMP, 'pigtraxadmin', 1);
INSERT INTO pigtraxrefdata."City" (name, "lastUpdated", "userUpdated", "id_Country") VALUES ('Craíbas', CURRENT_TIMESTAMP, 'pigtraxadmin', 1);
INSERT INTO pigtraxrefdata."City" (name, "lastUpdated", "userUpdated", "id_Country") VALUES ('Crateús', CURRENT_TIMESTAMP, 'pigtraxadmin', 1);
INSERT INTO pigtraxrefdata."City" (name, "lastUpdated", "userUpdated", "id_Country") VALUES ('Crato', CURRENT_TIMESTAMP, 'pigtraxadmin', 1);
INSERT INTO pigtraxrefdata."City" (name, "lastUpdated", "userUpdated", "id_Country") VALUES ('Cravinhos', CURRENT_TIMESTAMP, 'pigtraxadmin', 1);
INSERT INTO pigtraxrefdata."City" (name, "lastUpdated", "userUpdated", "id_Country") VALUES ('Cravolândia', CURRENT_TIMESTAMP, 'pigtraxadmin', 1);
INSERT INTO pigtraxrefdata."City" (name, "lastUpdated", "userUpdated", "id_Country") VALUES ('Criciúma', CURRENT_TIMESTAMP, 'pigtraxadmin', 1);
INSERT INTO pigtraxrefdata."City" (name, "lastUpdated", "userUpdated", "id_Country") VALUES ('Crisólia', CURRENT_TIMESTAMP, 'pigtraxadmin', 1);
INSERT INTO pigtraxrefdata."City" (name, "lastUpdated", "userUpdated", "id_Country") VALUES ('Cristais', CURRENT_TIMESTAMP, 'pigtraxadmin', 1);
INSERT INTO pigtraxrefdata."City" (name, "lastUpdated", "userUpdated", "id_Country") VALUES ('Cristais Paulista', CURRENT_TIMESTAMP, 'pigtraxadmin', 1);
INSERT INTO pigtraxrefdata."City" (name, "lastUpdated", "userUpdated", "id_Country") VALUES ('Cristal', CURRENT_TIMESTAMP, 'pigtraxadmin', 1);
INSERT INTO pigtraxrefdata."City" (name, "lastUpdated", "userUpdated", "id_Country") VALUES ('Cristal do Norte', CURRENT_TIMESTAMP, 'pigtraxadmin', 1);
INSERT INTO pigtraxrefdata."City" (name, "lastUpdated", "userUpdated", "id_Country") VALUES ('Cristal do Sul', CURRENT_TIMESTAMP, 'pigtraxadmin', 1);
INSERT INTO pigtraxrefdata."City" (name, "lastUpdated", "userUpdated", "id_Country") VALUES ('Cristalândia', CURRENT_TIMESTAMP, 'pigtraxadmin', 1);
INSERT INTO pigtraxrefdata."City" (name, "lastUpdated", "userUpdated", "id_Country") VALUES ('Cristalândia do Piauí', CURRENT_TIMESTAMP, 'pigtraxadmin', 1);
INSERT INTO pigtraxrefdata."City" (name, "lastUpdated", "userUpdated", "id_Country") VALUES ('Cristália', CURRENT_TIMESTAMP, 'pigtraxadmin', 1);
INSERT INTO pigtraxrefdata."City" (name, "lastUpdated", "userUpdated", "id_Country") VALUES ('Cristalina', CURRENT_TIMESTAMP, 'pigtraxadmin', 1);
INSERT INTO pigtraxrefdata."City" (name, "lastUpdated", "userUpdated", "id_Country") VALUES ('Cristiano Otoni', CURRENT_TIMESTAMP, 'pigtraxadmin', 1);
INSERT INTO pigtraxrefdata."City" (name, "lastUpdated", "userUpdated", "id_Country") VALUES ('Cristianópolis', CURRENT_TIMESTAMP, 'pigtraxadmin', 1);
INSERT INTO pigtraxrefdata."City" (name, "lastUpdated", "userUpdated", "id_Country") VALUES ('Cristina', CURRENT_TIMESTAMP, 'pigtraxadmin', 1);
INSERT INTO pigtraxrefdata."City" (name, "lastUpdated", "userUpdated", "id_Country") VALUES ('Cristinápolis', CURRENT_TIMESTAMP, 'pigtraxadmin', 1);
INSERT INTO pigtraxrefdata."City" (name, "lastUpdated", "userUpdated", "id_Country") VALUES ('Cristino Castro', CURRENT_TIMESTAMP, 'pigtraxadmin', 1);
INSERT INTO pigtraxrefdata."City" (name, "lastUpdated", "userUpdated", "id_Country") VALUES ('Cristópolis', CURRENT_TIMESTAMP, 'pigtraxadmin', 1);
INSERT INTO pigtraxrefdata."City" (name, "lastUpdated", "userUpdated", "id_Country") VALUES ('Crixás', CURRENT_TIMESTAMP, 'pigtraxadmin', 1);
INSERT INTO pigtraxrefdata."City" (name, "lastUpdated", "userUpdated", "id_Country") VALUES ('Crixás do Tocantins', CURRENT_TIMESTAMP, 'pigtraxadmin', 1);
INSERT INTO pigtraxrefdata."City" (name, "lastUpdated", "userUpdated", "id_Country") VALUES ('Croata', CURRENT_TIMESTAMP, 'pigtraxadmin', 1);
INSERT INTO pigtraxrefdata."City" (name, "lastUpdated", "userUpdated", "id_Country") VALUES ('Croatá', CURRENT_TIMESTAMP, 'pigtraxadmin', 1);
INSERT INTO pigtraxrefdata."City" (name, "lastUpdated", "userUpdated", "id_Country") VALUES ('Cromínia', CURRENT_TIMESTAMP, 'pigtraxadmin', 1);
INSERT INTO pigtraxrefdata."City" (name, "lastUpdated", "userUpdated", "id_Country") VALUES ('Cruanji', CURRENT_TIMESTAMP, 'pigtraxadmin', 1);
INSERT INTO pigtraxrefdata."City" (name, "lastUpdated", "userUpdated", "id_Country") VALUES ('Crucilândia', CURRENT_TIMESTAMP, 'pigtraxadmin', 1);
INSERT INTO pigtraxrefdata."City" (name, "lastUpdated", "userUpdated", "id_Country") VALUES ('Cruxati', CURRENT_TIMESTAMP, 'pigtraxadmin', 1);
INSERT INTO pigtraxrefdata."City" (name, "lastUpdated", "userUpdated", "id_Country") VALUES ('Cruz', CURRENT_TIMESTAMP, 'pigtraxadmin', 1);
INSERT INTO pigtraxrefdata."City" (name, "lastUpdated", "userUpdated", "id_Country") VALUES ('Cruz Alta', CURRENT_TIMESTAMP, 'pigtraxadmin', 1);
INSERT INTO pigtraxrefdata."City" (name, "lastUpdated", "userUpdated", "id_Country") VALUES ('Cruz das Almas', CURRENT_TIMESTAMP, 'pigtraxadmin', 1);
INSERT INTO pigtraxrefdata."City" (name, "lastUpdated", "userUpdated", "id_Country") VALUES ('Cruz das Posses', CURRENT_TIMESTAMP, 'pigtraxadmin', 1);
INSERT INTO pigtraxrefdata."City" (name, "lastUpdated", "userUpdated", "id_Country") VALUES ('Cruz do Espírito Santo', CURRENT_TIMESTAMP, 'pigtraxadmin', 1);
INSERT INTO pigtraxrefdata."City" (name, "lastUpdated", "userUpdated", "id_Country") VALUES ('Cruz dos Araújos', CURRENT_TIMESTAMP, 'pigtraxadmin', 1);
INSERT INTO pigtraxrefdata."City" (name, "lastUpdated", "userUpdated", "id_Country") VALUES ('Cruz Machado', CURRENT_TIMESTAMP, 'pigtraxadmin', 1);
INSERT INTO pigtraxrefdata."City" (name, "lastUpdated", "userUpdated", "id_Country") VALUES ('Cruzália', CURRENT_TIMESTAMP, 'pigtraxadmin', 1);
INSERT INTO pigtraxrefdata."City" (name, "lastUpdated", "userUpdated", "id_Country") VALUES ('Cruzeiro', CURRENT_TIMESTAMP, 'pigtraxadmin', 1);
INSERT INTO pigtraxrefdata."City" (name, "lastUpdated", "userUpdated", "id_Country") VALUES ('Cruzeiro da Fortaleza', CURRENT_TIMESTAMP, 'pigtraxadmin', 1);
INSERT INTO pigtraxrefdata."City" (name, "lastUpdated", "userUpdated", "id_Country") VALUES ('Cruzeiro do Iguaçu', CURRENT_TIMESTAMP, 'pigtraxadmin', 1);
INSERT INTO pigtraxrefdata."City" (name, "lastUpdated", "userUpdated", "id_Country") VALUES ('Cruzeiro do Norte', CURRENT_TIMESTAMP, 'pigtraxadmin', 1);
INSERT INTO pigtraxrefdata."City" (name, "lastUpdated", "userUpdated", "id_Country") VALUES ('Cruzeiro do Oeste', CURRENT_TIMESTAMP, 'pigtraxadmin', 1);
INSERT INTO pigtraxrefdata."City" (name, "lastUpdated", "userUpdated", "id_Country") VALUES ('Cruzeiro do Sul', CURRENT_TIMESTAMP, 'pigtraxadmin', 1);
INSERT INTO pigtraxrefdata."City" (name, "lastUpdated", "userUpdated", "id_Country") VALUES ('Cruzeta', CURRENT_TIMESTAMP, 'pigtraxadmin', 1);
INSERT INTO pigtraxrefdata."City" (name, "lastUpdated", "userUpdated", "id_Country") VALUES ('Cruzília', CURRENT_TIMESTAMP, 'pigtraxadmin', 1);
INSERT INTO pigtraxrefdata."City" (name, "lastUpdated", "userUpdated", "id_Country") VALUES ('Cruzmaltina', CURRENT_TIMESTAMP, 'pigtraxadmin', 1);
INSERT INTO pigtraxrefdata."City" (name, "lastUpdated", "userUpdated", "id_Country") VALUES ('Cubatão', CURRENT_TIMESTAMP, 'pigtraxadmin', 1);
INSERT INTO pigtraxrefdata."City" (name, "lastUpdated", "userUpdated", "id_Country") VALUES ('Cubati', CURRENT_TIMESTAMP, 'pigtraxadmin', 1);
INSERT INTO pigtraxrefdata."City" (name, "lastUpdated", "userUpdated", "id_Country") VALUES ('Cuiabá', CURRENT_TIMESTAMP, 'pigtraxadmin', 1);
INSERT INTO pigtraxrefdata."City" (name, "lastUpdated", "userUpdated", "id_Country") VALUES ('Cuiabá Paulista', CURRENT_TIMESTAMP, 'pigtraxadmin', 1);
INSERT INTO pigtraxrefdata."City" (name, "lastUpdated", "userUpdated", "id_Country") VALUES ('Cuité', CURRENT_TIMESTAMP, 'pigtraxadmin', 1);
INSERT INTO pigtraxrefdata."City" (name, "lastUpdated", "userUpdated", "id_Country") VALUES ('Cuité de Mamanguape', CURRENT_TIMESTAMP, 'pigtraxadmin', 1);
INSERT INTO pigtraxrefdata."City" (name, "lastUpdated", "userUpdated", "id_Country") VALUES ('Cuitegi', CURRENT_TIMESTAMP, 'pigtraxadmin', 1);
INSERT INTO pigtraxrefdata."City" (name, "lastUpdated", "userUpdated", "id_Country") VALUES ('Cujubim', CURRENT_TIMESTAMP, 'pigtraxadmin', 1);
INSERT INTO pigtraxrefdata."City" (name, "lastUpdated", "userUpdated", "id_Country") VALUES ('Culturama', CURRENT_TIMESTAMP, 'pigtraxadmin', 1);
INSERT INTO pigtraxrefdata."City" (name, "lastUpdated", "userUpdated", "id_Country") VALUES ('Cumaru', CURRENT_TIMESTAMP, 'pigtraxadmin', 1);
INSERT INTO pigtraxrefdata."City" (name, "lastUpdated", "userUpdated", "id_Country") VALUES ('Cumaru do Norte', CURRENT_TIMESTAMP, 'pigtraxadmin', 1);
INSERT INTO pigtraxrefdata."City" (name, "lastUpdated", "userUpdated", "id_Country") VALUES ('Cumbe', CURRENT_TIMESTAMP, 'pigtraxadmin', 1);
INSERT INTO pigtraxrefdata."City" (name, "lastUpdated", "userUpdated", "id_Country") VALUES ('Cumuruxatiba', CURRENT_TIMESTAMP, 'pigtraxadmin', 1);
INSERT INTO pigtraxrefdata."City" (name, "lastUpdated", "userUpdated", "id_Country") VALUES ('Cunha', CURRENT_TIMESTAMP, 'pigtraxadmin', 1);
INSERT INTO pigtraxrefdata."City" (name, "lastUpdated", "userUpdated", "id_Country") VALUES ('Cunha Porã', CURRENT_TIMESTAMP, 'pigtraxadmin', 1);
INSERT INTO pigtraxrefdata."City" (name, "lastUpdated", "userUpdated", "id_Country") VALUES ('Cunhambebe', CURRENT_TIMESTAMP, 'pigtraxadmin', 1);
INSERT INTO pigtraxrefdata."City" (name, "lastUpdated", "userUpdated", "id_Country") VALUES ('Cunhataí', CURRENT_TIMESTAMP, 'pigtraxadmin', 1);
INSERT INTO pigtraxrefdata."City" (name, "lastUpdated", "userUpdated", "id_Country") VALUES ('Cuparaque', CURRENT_TIMESTAMP, 'pigtraxadmin', 1);
INSERT INTO pigtraxrefdata."City" (name, "lastUpdated", "userUpdated", "id_Country") VALUES ('Cupira', CURRENT_TIMESTAMP, 'pigtraxadmin', 1);
INSERT INTO pigtraxrefdata."City" (name, "lastUpdated", "userUpdated", "id_Country") VALUES ('Cupissura', CURRENT_TIMESTAMP, 'pigtraxadmin', 1);
INSERT INTO pigtraxrefdata."City" (name, "lastUpdated", "userUpdated", "id_Country") VALUES ('Curaçá', CURRENT_TIMESTAMP, 'pigtraxadmin', 1);
INSERT INTO pigtraxrefdata."City" (name, "lastUpdated", "userUpdated", "id_Country") VALUES ('Curado', CURRENT_TIMESTAMP, 'pigtraxadmin', 1);
INSERT INTO pigtraxrefdata."City" (name, "lastUpdated", "userUpdated", "id_Country") VALUES ('Curimatá', CURRENT_TIMESTAMP, 'pigtraxadmin', 1);
INSERT INTO pigtraxrefdata."City" (name, "lastUpdated", "userUpdated", "id_Country") VALUES ('Curimataí', CURRENT_TIMESTAMP, 'pigtraxadmin', 1);
INSERT INTO pigtraxrefdata."City" (name, "lastUpdated", "userUpdated", "id_Country") VALUES ('Curionópolis', CURRENT_TIMESTAMP, 'pigtraxadmin', 1);
INSERT INTO pigtraxrefdata."City" (name, "lastUpdated", "userUpdated", "id_Country") VALUES ('Curitiba', CURRENT_TIMESTAMP, 'pigtraxadmin', 1);
INSERT INTO pigtraxrefdata."City" (name, "lastUpdated", "userUpdated", "id_Country") VALUES ('Curitibanos', CURRENT_TIMESTAMP, 'pigtraxadmin', 1);
INSERT INTO pigtraxrefdata."City" (name, "lastUpdated", "userUpdated", "id_Country") VALUES ('Curiúva', CURRENT_TIMESTAMP, 'pigtraxadmin', 1);
INSERT INTO pigtraxrefdata."City" (name, "lastUpdated", "userUpdated", "id_Country") VALUES ('Currais', CURRENT_TIMESTAMP, 'pigtraxadmin', 1);
INSERT INTO pigtraxrefdata."City" (name, "lastUpdated", "userUpdated", "id_Country") VALUES ('Currais Novos', CURRENT_TIMESTAMP, 'pigtraxadmin', 1);
INSERT INTO pigtraxrefdata."City" (name, "lastUpdated", "userUpdated", "id_Country") VALUES ('Curral de Dentro', CURRENT_TIMESTAMP, 'pigtraxadmin', 1);
INSERT INTO pigtraxrefdata."City" (name, "lastUpdated", "userUpdated", "id_Country") VALUES ('Curral Novo', CURRENT_TIMESTAMP, 'pigtraxadmin', 1);
INSERT INTO pigtraxrefdata."City" (name, "lastUpdated", "userUpdated", "id_Country") VALUES ('Curral Novo de Minas', CURRENT_TIMESTAMP, 'pigtraxadmin', 1);
INSERT INTO pigtraxrefdata."City" (name, "lastUpdated", "userUpdated", "id_Country") VALUES ('Curral Novo do Piauí', CURRENT_TIMESTAMP, 'pigtraxadmin', 1);
INSERT INTO pigtraxrefdata."City" (name, "lastUpdated", "userUpdated", "id_Country") VALUES ('Curral Velho', CURRENT_TIMESTAMP, 'pigtraxadmin', 1);
INSERT INTO pigtraxrefdata."City" (name, "lastUpdated", "userUpdated", "id_Country") VALUES ('Curralinho', CURRENT_TIMESTAMP, 'pigtraxadmin', 1);
INSERT INTO pigtraxrefdata."City" (name, "lastUpdated", "userUpdated", "id_Country") VALUES ('Curralinhos', CURRENT_TIMESTAMP, 'pigtraxadmin', 1);
INSERT INTO pigtraxrefdata."City" (name, "lastUpdated", "userUpdated", "id_Country") VALUES ('Curuá', CURRENT_TIMESTAMP, 'pigtraxadmin', 1);
INSERT INTO pigtraxrefdata."City" (name, "lastUpdated", "userUpdated", "id_Country") VALUES ('Curuai', CURRENT_TIMESTAMP, 'pigtraxadmin', 1);
INSERT INTO pigtraxrefdata."City" (name, "lastUpdated", "userUpdated", "id_Country") VALUES ('Curuçá', CURRENT_TIMESTAMP, 'pigtraxadmin', 1);
INSERT INTO pigtraxrefdata."City" (name, "lastUpdated", "userUpdated", "id_Country") VALUES ('Curuçambaba', CURRENT_TIMESTAMP, 'pigtraxadmin', 1);
INSERT INTO pigtraxrefdata."City" (name, "lastUpdated", "userUpdated", "id_Country") VALUES ('Curupá', CURRENT_TIMESTAMP, 'pigtraxadmin', 1);
INSERT INTO pigtraxrefdata."City" (name, "lastUpdated", "userUpdated", "id_Country") VALUES ('Cururupu', CURRENT_TIMESTAMP, 'pigtraxadmin', 1);
INSERT INTO pigtraxrefdata."City" (name, "lastUpdated", "userUpdated", "id_Country") VALUES ('Curvelândia', CURRENT_TIMESTAMP, 'pigtraxadmin', 1);
INSERT INTO pigtraxrefdata."City" (name, "lastUpdated", "userUpdated", "id_Country") VALUES ('Curvelo', CURRENT_TIMESTAMP, 'pigtraxadmin', 1);
INSERT INTO pigtraxrefdata."City" (name, "lastUpdated", "userUpdated", "id_Country") VALUES ('Custódia', CURRENT_TIMESTAMP, 'pigtraxadmin', 1);
INSERT INTO pigtraxrefdata."City" (name, "lastUpdated", "userUpdated", "id_Country") VALUES ('Custódio Lima', CURRENT_TIMESTAMP, 'pigtraxadmin', 1);
INSERT INTO pigtraxrefdata."City" (name, "lastUpdated", "userUpdated", "id_Country") VALUES ('Cutias', CURRENT_TIMESTAMP, 'pigtraxadmin', 1);
INSERT INTO pigtraxrefdata."City" (name, "lastUpdated", "userUpdated", "id_Country") VALUES ('Dalbérgia', CURRENT_TIMESTAMP, 'pigtraxadmin', 1);
INSERT INTO pigtraxrefdata."City" (name, "lastUpdated", "userUpdated", "id_Country") VALUES ('Damianópolis', CURRENT_TIMESTAMP, 'pigtraxadmin', 1);
INSERT INTO pigtraxrefdata."City" (name, "lastUpdated", "userUpdated", "id_Country") VALUES ('Damião', CURRENT_TIMESTAMP, 'pigtraxadmin', 1);
INSERT INTO pigtraxrefdata."City" (name, "lastUpdated", "userUpdated", "id_Country") VALUES ('Damião Carneiro', CURRENT_TIMESTAMP, 'pigtraxadmin', 1);
INSERT INTO pigtraxrefdata."City" (name, "lastUpdated", "userUpdated", "id_Country") VALUES ('Damolândia', CURRENT_TIMESTAMP, 'pigtraxadmin', 1);
INSERT INTO pigtraxrefdata."City" (name, "lastUpdated", "userUpdated", "id_Country") VALUES ('Dantilândia', CURRENT_TIMESTAMP, 'pigtraxadmin', 1);
INSERT INTO pigtraxrefdata."City" (name, "lastUpdated", "userUpdated", "id_Country") VALUES ('Darcinópolis', CURRENT_TIMESTAMP, 'pigtraxadmin', 1);
INSERT INTO pigtraxrefdata."City" (name, "lastUpdated", "userUpdated", "id_Country") VALUES ('Dário Meira', CURRENT_TIMESTAMP, 'pigtraxadmin', 1);
INSERT INTO pigtraxrefdata."City" (name, "lastUpdated", "userUpdated", "id_Country") VALUES ('Datas', CURRENT_TIMESTAMP, 'pigtraxadmin', 1);
INSERT INTO pigtraxrefdata."City" (name, "lastUpdated", "userUpdated", "id_Country") VALUES ('David Canabarro', CURRENT_TIMESTAMP, 'pigtraxadmin', 1);
INSERT INTO pigtraxrefdata."City" (name, "lastUpdated", "userUpdated", "id_Country") VALUES ('Davidópolis', CURRENT_TIMESTAMP, 'pigtraxadmin', 1);
INSERT INTO pigtraxrefdata."City" (name, "lastUpdated", "userUpdated", "id_Country") VALUES ('Davinópolis', CURRENT_TIMESTAMP, 'pigtraxadmin', 1);
INSERT INTO pigtraxrefdata."City" (name, "lastUpdated", "userUpdated", "id_Country") VALUES ('Debrasa', CURRENT_TIMESTAMP, 'pigtraxadmin', 1);
INSERT INTO pigtraxrefdata."City" (name, "lastUpdated", "userUpdated", "id_Country") VALUES ('Delfim Moreira', CURRENT_TIMESTAMP, 'pigtraxadmin', 1);
INSERT INTO pigtraxrefdata."City" (name, "lastUpdated", "userUpdated", "id_Country") VALUES ('Delfino', CURRENT_TIMESTAMP, 'pigtraxadmin', 1);
INSERT INTO pigtraxrefdata."City" (name, "lastUpdated", "userUpdated", "id_Country") VALUES ('Delfinópolis', CURRENT_TIMESTAMP, 'pigtraxadmin', 1);
INSERT INTO pigtraxrefdata."City" (name, "lastUpdated", "userUpdated", "id_Country") VALUES ('Delmiro Gouveia', CURRENT_TIMESTAMP, 'pigtraxadmin', 1);
INSERT INTO pigtraxrefdata."City" (name, "lastUpdated", "userUpdated", "id_Country") VALUES ('Delta', CURRENT_TIMESTAMP, 'pigtraxadmin', 1);
INSERT INTO pigtraxrefdata."City" (name, "lastUpdated", "userUpdated", "id_Country") VALUES ('Demerval Lobão', CURRENT_TIMESTAMP, 'pigtraxadmin', 1);
INSERT INTO pigtraxrefdata."City" (name, "lastUpdated", "userUpdated", "id_Country") VALUES ('Denise', CURRENT_TIMESTAMP, 'pigtraxadmin', 1);
INSERT INTO pigtraxrefdata."City" (name, "lastUpdated", "userUpdated", "id_Country") VALUES ('Deodápolis', CURRENT_TIMESTAMP, 'pigtraxadmin', 1);
INSERT INTO pigtraxrefdata."City" (name, "lastUpdated", "userUpdated", "id_Country") VALUES ('Deputado Irapuan Pinheiro', CURRENT_TIMESTAMP, 'pigtraxadmin', 1);
INSERT INTO pigtraxrefdata."City" (name, "lastUpdated", "userUpdated", "id_Country") VALUES ('Derrubadas', CURRENT_TIMESTAMP, 'pigtraxadmin', 1);
INSERT INTO pigtraxrefdata."City" (name, "lastUpdated", "userUpdated", "id_Country") VALUES ('Descalvado', CURRENT_TIMESTAMP, 'pigtraxadmin', 1);
INSERT INTO pigtraxrefdata."City" (name, "lastUpdated", "userUpdated", "id_Country") VALUES ('Descanso', CURRENT_TIMESTAMP, 'pigtraxadmin', 1);
INSERT INTO pigtraxrefdata."City" (name, "lastUpdated", "userUpdated", "id_Country") VALUES ('Deserto', CURRENT_TIMESTAMP, 'pigtraxadmin', 1);
INSERT INTO pigtraxrefdata."City" (name, "lastUpdated", "userUpdated", "id_Country") VALUES ('Desterro', CURRENT_TIMESTAMP, 'pigtraxadmin', 1);
INSERT INTO pigtraxrefdata."City" (name, "lastUpdated", "userUpdated", "id_Country") VALUES ('Desterro do Melo', CURRENT_TIMESTAMP, 'pigtraxadmin', 1);
INSERT INTO pigtraxrefdata."City" (name, "lastUpdated", "userUpdated", "id_Country") VALUES ('Dezesseis de Novembro', CURRENT_TIMESTAMP, 'pigtraxadmin', 1);
INSERT INTO pigtraxrefdata."City" (name, "lastUpdated", "userUpdated", "id_Country") VALUES ('Diadema', CURRENT_TIMESTAMP, 'pigtraxadmin', 1);
INSERT INTO pigtraxrefdata."City" (name, "lastUpdated", "userUpdated", "id_Country") VALUES ('Diamante', CURRENT_TIMESTAMP, 'pigtraxadmin', 1);
INSERT INTO pigtraxrefdata."City" (name, "lastUpdated", "userUpdated", "id_Country") VALUES ('Diamante de Ubá', CURRENT_TIMESTAMP, 'pigtraxadmin', 1);
INSERT INTO pigtraxrefdata."City" (name, "lastUpdated", "userUpdated", "id_Country") VALUES ('Diamante do Sul', CURRENT_TIMESTAMP, 'pigtraxadmin', 1);
INSERT INTO pigtraxrefdata."City" (name, "lastUpdated", "userUpdated", "id_Country") VALUES ('Diamante D''Oeste', CURRENT_TIMESTAMP, 'pigtraxadmin', 1);
INSERT INTO pigtraxrefdata."City" (name, "lastUpdated", "userUpdated", "id_Country") VALUES ('Diamantina', CURRENT_TIMESTAMP, 'pigtraxadmin', 1);
INSERT INTO pigtraxrefdata."City" (name, "lastUpdated", "userUpdated", "id_Country") VALUES ('Diamantino', CURRENT_TIMESTAMP, 'pigtraxadmin', 1);
INSERT INTO pigtraxrefdata."City" (name, "lastUpdated", "userUpdated", "id_Country") VALUES ('Dianópolis', CURRENT_TIMESTAMP, 'pigtraxadmin', 1);
INSERT INTO pigtraxrefdata."City" (name, "lastUpdated", "userUpdated", "id_Country") VALUES ('Dias d''Ávila', CURRENT_TIMESTAMP, 'pigtraxadmin', 1);
INSERT INTO pigtraxrefdata."City" (name, "lastUpdated", "userUpdated", "id_Country") VALUES ('Dilermando de Aguiar', CURRENT_TIMESTAMP, 'pigtraxadmin', 1);
INSERT INTO pigtraxrefdata."City" (name, "lastUpdated", "userUpdated", "id_Country") VALUES ('Diogo de Vasconcelos', CURRENT_TIMESTAMP, 'pigtraxadmin', 1);
INSERT INTO pigtraxrefdata."City" (name, "lastUpdated", "userUpdated", "id_Country") VALUES ('Diolândia', CURRENT_TIMESTAMP, 'pigtraxadmin', 1);
INSERT INTO pigtraxrefdata."City" (name, "lastUpdated", "userUpdated", "id_Country") VALUES ('Dionísio', CURRENT_TIMESTAMP, 'pigtraxadmin', 1);
INSERT INTO pigtraxrefdata."City" (name, "lastUpdated", "userUpdated", "id_Country") VALUES ('Dionísio Cerqueira', CURRENT_TIMESTAMP, 'pigtraxadmin', 1);
INSERT INTO pigtraxrefdata."City" (name, "lastUpdated", "userUpdated", "id_Country") VALUES ('Diorama', CURRENT_TIMESTAMP, 'pigtraxadmin', 1);
INSERT INTO pigtraxrefdata."City" (name, "lastUpdated", "userUpdated", "id_Country") VALUES ('Dirce Reis', CURRENT_TIMESTAMP, 'pigtraxadmin', 1);
INSERT INTO pigtraxrefdata."City" (name, "lastUpdated", "userUpdated", "id_Country") VALUES ('Dirceu Arcoverde', CURRENT_TIMESTAMP, 'pigtraxadmin', 1);
INSERT INTO pigtraxrefdata."City" (name, "lastUpdated", "userUpdated", "id_Country") VALUES ('Divina Pastora', CURRENT_TIMESTAMP, 'pigtraxadmin', 1);
INSERT INTO pigtraxrefdata."City" (name, "lastUpdated", "userUpdated", "id_Country") VALUES ('Divinésia', CURRENT_TIMESTAMP, 'pigtraxadmin', 1);
INSERT INTO pigtraxrefdata."City" (name, "lastUpdated", "userUpdated", "id_Country") VALUES ('Divino', CURRENT_TIMESTAMP, 'pigtraxadmin', 1);
INSERT INTO pigtraxrefdata."City" (name, "lastUpdated", "userUpdated", "id_Country") VALUES ('Divino das Laranjeiras', CURRENT_TIMESTAMP, 'pigtraxadmin', 1);
INSERT INTO pigtraxrefdata."City" (name, "lastUpdated", "userUpdated", "id_Country") VALUES ('Divino de São Lourenço', CURRENT_TIMESTAMP, 'pigtraxadmin', 1);
INSERT INTO pigtraxrefdata."City" (name, "lastUpdated", "userUpdated", "id_Country") VALUES ('Divino de Virgolândia', CURRENT_TIMESTAMP, 'pigtraxadmin', 1);
INSERT INTO pigtraxrefdata."City" (name, "lastUpdated", "userUpdated", "id_Country") VALUES ('Divino do Traíra', CURRENT_TIMESTAMP, 'pigtraxadmin', 1);
INSERT INTO pigtraxrefdata."City" (name, "lastUpdated", "userUpdated", "id_Country") VALUES ('Divino Espírito Santo', CURRENT_TIMESTAMP, 'pigtraxadmin', 1);
INSERT INTO pigtraxrefdata."City" (name, "lastUpdated", "userUpdated", "id_Country") VALUES ('Divinolândia', CURRENT_TIMESTAMP, 'pigtraxadmin', 1);
INSERT INTO pigtraxrefdata."City" (name, "lastUpdated", "userUpdated", "id_Country") VALUES ('Divinolândia de Minas', CURRENT_TIMESTAMP, 'pigtraxadmin', 1);
INSERT INTO pigtraxrefdata."City" (name, "lastUpdated", "userUpdated", "id_Country") VALUES ('Divinópolis', CURRENT_TIMESTAMP, 'pigtraxadmin', 1);
INSERT INTO pigtraxrefdata."City" (name, "lastUpdated", "userUpdated", "id_Country") VALUES ('Divinópolis de Goiás', CURRENT_TIMESTAMP, 'pigtraxadmin', 1);
INSERT INTO pigtraxrefdata."City" (name, "lastUpdated", "userUpdated", "id_Country") VALUES ('Divinópolis do Tocantins', CURRENT_TIMESTAMP, 'pigtraxadmin', 1);
INSERT INTO pigtraxrefdata."City" (name, "lastUpdated", "userUpdated", "id_Country") VALUES ('Divisa Alegre', CURRENT_TIMESTAMP, 'pigtraxadmin', 1);
INSERT INTO pigtraxrefdata."City" (name, "lastUpdated", "userUpdated", "id_Country") VALUES ('Divisa Nova', CURRENT_TIMESTAMP, 'pigtraxadmin', 1);
INSERT INTO pigtraxrefdata."City" (name, "lastUpdated", "userUpdated", "id_Country") VALUES ('Divisópolis', CURRENT_TIMESTAMP, 'pigtraxadmin', 1);
INSERT INTO pigtraxrefdata."City" (name, "lastUpdated", "userUpdated", "id_Country") VALUES ('Dobrada', CURRENT_TIMESTAMP, 'pigtraxadmin', 1);
INSERT INTO pigtraxrefdata."City" (name, "lastUpdated", "userUpdated", "id_Country") VALUES ('Dois Córregos', CURRENT_TIMESTAMP, 'pigtraxadmin', 1);
INSERT INTO pigtraxrefdata."City" (name, "lastUpdated", "userUpdated", "id_Country") VALUES ('Dois de Abril', CURRENT_TIMESTAMP, 'pigtraxadmin', 1);
INSERT INTO pigtraxrefdata."City" (name, "lastUpdated", "userUpdated", "id_Country") VALUES ('Dois Irmãos', CURRENT_TIMESTAMP, 'pigtraxadmin', 1);
INSERT INTO pigtraxrefdata."City" (name, "lastUpdated", "userUpdated", "id_Country") VALUES ('Dois Irmãos das Missões', CURRENT_TIMESTAMP, 'pigtraxadmin', 1);
INSERT INTO pigtraxrefdata."City" (name, "lastUpdated", "userUpdated", "id_Country") VALUES ('Dois Irmãos do Buriti', CURRENT_TIMESTAMP, 'pigtraxadmin', 1);
INSERT INTO pigtraxrefdata."City" (name, "lastUpdated", "userUpdated", "id_Country") VALUES ('Dois Irmãos do Tocantins', CURRENT_TIMESTAMP, 'pigtraxadmin', 1);
INSERT INTO pigtraxrefdata."City" (name, "lastUpdated", "userUpdated", "id_Country") VALUES ('Dois Lajeados', CURRENT_TIMESTAMP, 'pigtraxadmin', 1);
INSERT INTO pigtraxrefdata."City" (name, "lastUpdated", "userUpdated", "id_Country") VALUES ('Dois Riachos', CURRENT_TIMESTAMP, 'pigtraxadmin', 1);
INSERT INTO pigtraxrefdata."City" (name, "lastUpdated", "userUpdated", "id_Country") VALUES ('Dois Vizinhos', CURRENT_TIMESTAMP, 'pigtraxadmin', 1);
INSERT INTO pigtraxrefdata."City" (name, "lastUpdated", "userUpdated", "id_Country") VALUES ('Dolcinópolis', CURRENT_TIMESTAMP, 'pigtraxadmin', 1);
INSERT INTO pigtraxrefdata."City" (name, "lastUpdated", "userUpdated", "id_Country") VALUES ('Dolearina', CURRENT_TIMESTAMP, 'pigtraxadmin', 1);
INSERT INTO pigtraxrefdata."City" (name, "lastUpdated", "userUpdated", "id_Country") VALUES ('Dom Aquino', CURRENT_TIMESTAMP, 'pigtraxadmin', 1);
INSERT INTO pigtraxrefdata."City" (name, "lastUpdated", "userUpdated", "id_Country") VALUES ('Dom Basílio', CURRENT_TIMESTAMP, 'pigtraxadmin', 1);
INSERT INTO pigtraxrefdata."City" (name, "lastUpdated", "userUpdated", "id_Country") VALUES ('Dom Bosco', CURRENT_TIMESTAMP, 'pigtraxadmin', 1);
INSERT INTO pigtraxrefdata."City" (name, "lastUpdated", "userUpdated", "id_Country") VALUES ('Dom Cavati', CURRENT_TIMESTAMP, 'pigtraxadmin', 1);
INSERT INTO pigtraxrefdata."City" (name, "lastUpdated", "userUpdated", "id_Country") VALUES ('Dom Corrêa', CURRENT_TIMESTAMP, 'pigtraxadmin', 1);
INSERT INTO pigtraxrefdata."City" (name, "lastUpdated", "userUpdated", "id_Country") VALUES ('Dom Eliseu', CURRENT_TIMESTAMP, 'pigtraxadmin', 1);
INSERT INTO pigtraxrefdata."City" (name, "lastUpdated", "userUpdated", "id_Country") VALUES ('Dom Expedito Lopes', CURRENT_TIMESTAMP, 'pigtraxadmin', 1);
INSERT INTO pigtraxrefdata."City" (name, "lastUpdated", "userUpdated", "id_Country") VALUES ('Dom Feliciano', CURRENT_TIMESTAMP, 'pigtraxadmin', 1);
INSERT INTO pigtraxrefdata."City" (name, "lastUpdated", "userUpdated", "id_Country") VALUES ('Dom Inocêncio', CURRENT_TIMESTAMP, 'pigtraxadmin', 1);
INSERT INTO pigtraxrefdata."City" (name, "lastUpdated", "userUpdated", "id_Country") VALUES ('Dom Joaquim', CURRENT_TIMESTAMP, 'pigtraxadmin', 1);
INSERT INTO pigtraxrefdata."City" (name, "lastUpdated", "userUpdated", "id_Country") VALUES ('Dom Leme', CURRENT_TIMESTAMP, 'pigtraxadmin', 1);
INSERT INTO pigtraxrefdata."City" (name, "lastUpdated", "userUpdated", "id_Country") VALUES ('Dom Maurício', CURRENT_TIMESTAMP, 'pigtraxadmin', 1);
INSERT INTO pigtraxrefdata."City" (name, "lastUpdated", "userUpdated", "id_Country") VALUES ('Dom Modesto', CURRENT_TIMESTAMP, 'pigtraxadmin', 1);
INSERT INTO pigtraxrefdata."City" (name, "lastUpdated", "userUpdated", "id_Country") VALUES ('Dom Pedrito', CURRENT_TIMESTAMP, 'pigtraxadmin', 1);
INSERT INTO pigtraxrefdata."City" (name, "lastUpdated", "userUpdated", "id_Country") VALUES ('Dom Pedro', CURRENT_TIMESTAMP, 'pigtraxadmin', 1);
INSERT INTO pigtraxrefdata."City" (name, "lastUpdated", "userUpdated", "id_Country") VALUES ('Dom Quintino', CURRENT_TIMESTAMP, 'pigtraxadmin', 1);
INSERT INTO pigtraxrefdata."City" (name, "lastUpdated", "userUpdated", "id_Country") VALUES ('Dom Silvério', CURRENT_TIMESTAMP, 'pigtraxadmin', 1);
INSERT INTO pigtraxrefdata."City" (name, "lastUpdated", "userUpdated", "id_Country") VALUES ('Dom Viçoso', CURRENT_TIMESTAMP, 'pigtraxadmin', 1);
INSERT INTO pigtraxrefdata."City" (name, "lastUpdated", "userUpdated", "id_Country") VALUES ('Domélia', CURRENT_TIMESTAMP, 'pigtraxadmin', 1);
INSERT INTO pigtraxrefdata."City" (name, "lastUpdated", "userUpdated", "id_Country") VALUES ('Domiciano Ribeiro', CURRENT_TIMESTAMP, 'pigtraxadmin', 1);
INSERT INTO pigtraxrefdata."City" (name, "lastUpdated", "userUpdated", "id_Country") VALUES ('Domingos Martins', CURRENT_TIMESTAMP, 'pigtraxadmin', 1);
INSERT INTO pigtraxrefdata."City" (name, "lastUpdated", "userUpdated", "id_Country") VALUES ('Dona Emma', CURRENT_TIMESTAMP, 'pigtraxadmin', 1);
INSERT INTO pigtraxrefdata."City" (name, "lastUpdated", "userUpdated", "id_Country") VALUES ('Dona Eusébia', CURRENT_TIMESTAMP, 'pigtraxadmin', 1);
INSERT INTO pigtraxrefdata."City" (name, "lastUpdated", "userUpdated", "id_Country") VALUES ('Dona Francisca', CURRENT_TIMESTAMP, 'pigtraxadmin', 1);
INSERT INTO pigtraxrefdata."City" (name, "lastUpdated", "userUpdated", "id_Country") VALUES ('Dona Inês', CURRENT_TIMESTAMP, 'pigtraxadmin', 1);
INSERT INTO pigtraxrefdata."City" (name, "lastUpdated", "userUpdated", "id_Country") VALUES ('Dorândia', CURRENT_TIMESTAMP, 'pigtraxadmin', 1);
INSERT INTO pigtraxrefdata."City" (name, "lastUpdated", "userUpdated", "id_Country") VALUES ('Dores de Campos', CURRENT_TIMESTAMP, 'pigtraxadmin', 1);
INSERT INTO pigtraxrefdata."City" (name, "lastUpdated", "userUpdated", "id_Country") VALUES ('Dores de Guanhães', CURRENT_TIMESTAMP, 'pigtraxadmin', 1);
INSERT INTO pigtraxrefdata."City" (name, "lastUpdated", "userUpdated", "id_Country") VALUES ('Dores de Macabu', CURRENT_TIMESTAMP, 'pigtraxadmin', 1);
INSERT INTO pigtraxrefdata."City" (name, "lastUpdated", "userUpdated", "id_Country") VALUES ('Dores do Indaiá', CURRENT_TIMESTAMP, 'pigtraxadmin', 1);
INSERT INTO pigtraxrefdata."City" (name, "lastUpdated", "userUpdated", "id_Country") VALUES ('Dores do Paraibuna', CURRENT_TIMESTAMP, 'pigtraxadmin', 1);
INSERT INTO pigtraxrefdata."City" (name, "lastUpdated", "userUpdated", "id_Country") VALUES ('Dores do Rio Preto', CURRENT_TIMESTAMP, 'pigtraxadmin', 1);
INSERT INTO pigtraxrefdata."City" (name, "lastUpdated", "userUpdated", "id_Country") VALUES ('Dores do Turvo', CURRENT_TIMESTAMP, 'pigtraxadmin', 1);
INSERT INTO pigtraxrefdata."City" (name, "lastUpdated", "userUpdated", "id_Country") VALUES ('Doresópolis', CURRENT_TIMESTAMP, 'pigtraxadmin', 1);
INSERT INTO pigtraxrefdata."City" (name, "lastUpdated", "userUpdated", "id_Country") VALUES ('Dormentes', CURRENT_TIMESTAMP, 'pigtraxadmin', 1);
INSERT INTO pigtraxrefdata."City" (name, "lastUpdated", "userUpdated", "id_Country") VALUES ('Dos Boêmios', CURRENT_TIMESTAMP, 'pigtraxadmin', 1);
INSERT INTO pigtraxrefdata."City" (name, "lastUpdated", "userUpdated", "id_Country") VALUES ('Douradina', CURRENT_TIMESTAMP, 'pigtraxadmin', 1);
INSERT INTO pigtraxrefdata."City" (name, "lastUpdated", "userUpdated", "id_Country") VALUES ('Douradinho', CURRENT_TIMESTAMP, 'pigtraxadmin', 1);
INSERT INTO pigtraxrefdata."City" (name, "lastUpdated", "userUpdated", "id_Country") VALUES ('Dourado', CURRENT_TIMESTAMP, 'pigtraxadmin', 1);
INSERT INTO pigtraxrefdata."City" (name, "lastUpdated", "userUpdated", "id_Country") VALUES ('Doutor Antônio Paranhos', CURRENT_TIMESTAMP, 'pigtraxadmin', 1);
INSERT INTO pigtraxrefdata."City" (name, "lastUpdated", "userUpdated", "id_Country") VALUES ('Doutor Camargo', CURRENT_TIMESTAMP, 'pigtraxadmin', 1);
INSERT INTO pigtraxrefdata."City" (name, "lastUpdated", "userUpdated", "id_Country") VALUES ('Doutor Lund', CURRENT_TIMESTAMP, 'pigtraxadmin', 1);
INSERT INTO pigtraxrefdata."City" (name, "lastUpdated", "userUpdated", "id_Country") VALUES ('Doutor Maurício Cardoso', CURRENT_TIMESTAMP, 'pigtraxadmin', 1);
INSERT INTO pigtraxrefdata."City" (name, "lastUpdated", "userUpdated", "id_Country") VALUES ('Doutor Oliveira Castro', CURRENT_TIMESTAMP, 'pigtraxadmin', 1);
INSERT INTO pigtraxrefdata."City" (name, "lastUpdated", "userUpdated", "id_Country") VALUES ('Doutor Pedrinho', CURRENT_TIMESTAMP, 'pigtraxadmin', 1);
INSERT INTO pigtraxrefdata."City" (name, "lastUpdated", "userUpdated", "id_Country") VALUES ('Doutor Ricardo', CURRENT_TIMESTAMP, 'pigtraxadmin', 1);
INSERT INTO pigtraxrefdata."City" (name, "lastUpdated", "userUpdated", "id_Country") VALUES ('Doutor Severiano', CURRENT_TIMESTAMP, 'pigtraxadmin', 1);
INSERT INTO pigtraxrefdata."City" (name, "lastUpdated", "userUpdated", "id_Country") VALUES ('Doutor Ulysses', CURRENT_TIMESTAMP, 'pigtraxadmin', 1);
INSERT INTO pigtraxrefdata."City" (name, "lastUpdated", "userUpdated", "id_Country") VALUES ('Doverlândia', CURRENT_TIMESTAMP, 'pigtraxadmin', 1);
INSERT INTO pigtraxrefdata."City" (name, "lastUpdated", "userUpdated", "id_Country") VALUES ('Dr. Sá Fortes', CURRENT_TIMESTAMP, 'pigtraxadmin', 1);
INSERT INTO pigtraxrefdata."City" (name, "lastUpdated", "userUpdated", "id_Country") VALUES ('Dracena', CURRENT_TIMESTAMP, 'pigtraxadmin', 1);
INSERT INTO pigtraxrefdata."City" (name, "lastUpdated", "userUpdated", "id_Country") VALUES ('Duartina', CURRENT_TIMESTAMP, 'pigtraxadmin', 1);
INSERT INTO pigtraxrefdata."City" (name, "lastUpdated", "userUpdated", "id_Country") VALUES ('Duas Barras', CURRENT_TIMESTAMP, 'pigtraxadmin', 1);
INSERT INTO pigtraxrefdata."City" (name, "lastUpdated", "userUpdated", "id_Country") VALUES ('Duas Barras do Morro', CURRENT_TIMESTAMP, 'pigtraxadmin', 1);
INSERT INTO pigtraxrefdata."City" (name, "lastUpdated", "userUpdated", "id_Country") VALUES ('Duas Estradas', CURRENT_TIMESTAMP, 'pigtraxadmin', 1);
INSERT INTO pigtraxrefdata."City" (name, "lastUpdated", "userUpdated", "id_Country") VALUES ('Dueré', CURRENT_TIMESTAMP, 'pigtraxadmin', 1);
INSERT INTO pigtraxrefdata."City" (name, "lastUpdated", "userUpdated", "id_Country") VALUES ('Dumont', CURRENT_TIMESTAMP, 'pigtraxadmin', 1);
INSERT INTO pigtraxrefdata."City" (name, "lastUpdated", "userUpdated", "id_Country") VALUES ('Duplo Céu', CURRENT_TIMESTAMP, 'pigtraxadmin', 1);
INSERT INTO pigtraxrefdata."City" (name, "lastUpdated", "userUpdated", "id_Country") VALUES ('Duque Bacelar', CURRENT_TIMESTAMP, 'pigtraxadmin', 1);
INSERT INTO pigtraxrefdata."City" (name, "lastUpdated", "userUpdated", "id_Country") VALUES ('Duque de Caxias', CURRENT_TIMESTAMP, 'pigtraxadmin', 1);
INSERT INTO pigtraxrefdata."City" (name, "lastUpdated", "userUpdated", "id_Country") VALUES ('Durandé', CURRENT_TIMESTAMP, 'pigtraxadmin', 1);
INSERT INTO pigtraxrefdata."City" (name, "lastUpdated", "userUpdated", "id_Country") VALUES ('Echaporã', CURRENT_TIMESTAMP, 'pigtraxadmin', 1);
INSERT INTO pigtraxrefdata."City" (name, "lastUpdated", "userUpdated", "id_Country") VALUES ('Ecoporanga', CURRENT_TIMESTAMP, 'pigtraxadmin', 1);
INSERT INTO pigtraxrefdata."City" (name, "lastUpdated", "userUpdated", "id_Country") VALUES ('Edealina', CURRENT_TIMESTAMP, 'pigtraxadmin', 1);
INSERT INTO pigtraxrefdata."City" (name, "lastUpdated", "userUpdated", "id_Country") VALUES ('Edéia', CURRENT_TIMESTAMP, 'pigtraxadmin', 1);
INSERT INTO pigtraxrefdata."City" (name, "lastUpdated", "userUpdated", "id_Country") VALUES ('Eirunepé', CURRENT_TIMESTAMP, 'pigtraxadmin', 1);
INSERT INTO pigtraxrefdata."City" (name, "lastUpdated", "userUpdated", "id_Country") VALUES ('Eldorado', CURRENT_TIMESTAMP, 'pigtraxadmin', 1);
INSERT INTO pigtraxrefdata."City" (name, "lastUpdated", "userUpdated", "id_Country") VALUES ('Eldorado do Sul', CURRENT_TIMESTAMP, 'pigtraxadmin', 1);
INSERT INTO pigtraxrefdata."City" (name, "lastUpdated", "userUpdated", "id_Country") VALUES ('Eldorado dos Carajás', CURRENT_TIMESTAMP, 'pigtraxadmin', 1);
INSERT INTO pigtraxrefdata."City" (name, "lastUpdated", "userUpdated", "id_Country") VALUES ('Elesbão Veloso', CURRENT_TIMESTAMP, 'pigtraxadmin', 1);
INSERT INTO pigtraxrefdata."City" (name, "lastUpdated", "userUpdated", "id_Country") VALUES ('Elias Fausto', CURRENT_TIMESTAMP, 'pigtraxadmin', 1);
INSERT INTO pigtraxrefdata."City" (name, "lastUpdated", "userUpdated", "id_Country") VALUES ('Eliseu Martins', CURRENT_TIMESTAMP, 'pigtraxadmin', 1);
INSERT INTO pigtraxrefdata."City" (name, "lastUpdated", "userUpdated", "id_Country") VALUES ('Elisiário', CURRENT_TIMESTAMP, 'pigtraxadmin', 1);
INSERT INTO pigtraxrefdata."City" (name, "lastUpdated", "userUpdated", "id_Country") VALUES ('Elísio Medrado', CURRENT_TIMESTAMP, 'pigtraxadmin', 1);
INSERT INTO pigtraxrefdata."City" (name, "lastUpdated", "userUpdated", "id_Country") VALUES ('Elói Mendes', CURRENT_TIMESTAMP, 'pigtraxadmin', 1);
INSERT INTO pigtraxrefdata."City" (name, "lastUpdated", "userUpdated", "id_Country") VALUES ('Ema', CURRENT_TIMESTAMP, 'pigtraxadmin', 1);
INSERT INTO pigtraxrefdata."City" (name, "lastUpdated", "userUpdated", "id_Country") VALUES ('Emas', CURRENT_TIMESTAMP, 'pigtraxadmin', 1);
INSERT INTO pigtraxrefdata."City" (name, "lastUpdated", "userUpdated", "id_Country") VALUES ('Embaúba', CURRENT_TIMESTAMP, 'pigtraxadmin', 1);
INSERT INTO pigtraxrefdata."City" (name, "lastUpdated", "userUpdated", "id_Country") VALUES ('Emboraí', CURRENT_TIMESTAMP, 'pigtraxadmin', 1);
INSERT INTO pigtraxrefdata."City" (name, "lastUpdated", "userUpdated", "id_Country") VALUES ('Embu', CURRENT_TIMESTAMP, 'pigtraxadmin', 1);
INSERT INTO pigtraxrefdata."City" (name, "lastUpdated", "userUpdated", "id_Country") VALUES ('Embu-Guaçu', CURRENT_TIMESTAMP, 'pigtraxadmin', 1);
INSERT INTO pigtraxrefdata."City" (name, "lastUpdated", "userUpdated", "id_Country") VALUES ('Emilianópolis', CURRENT_TIMESTAMP, 'pigtraxadmin', 1);
INSERT INTO pigtraxrefdata."City" (name, "lastUpdated", "userUpdated", "id_Country") VALUES ('Encantado', CURRENT_TIMESTAMP, 'pigtraxadmin', 1);
INSERT INTO pigtraxrefdata."City" (name, "lastUpdated", "userUpdated", "id_Country") VALUES ('Encantado d''Oeste', CURRENT_TIMESTAMP, 'pigtraxadmin', 1);
INSERT INTO pigtraxrefdata."City" (name, "lastUpdated", "userUpdated", "id_Country") VALUES ('Encanto', CURRENT_TIMESTAMP, 'pigtraxadmin', 1);
INSERT INTO pigtraxrefdata."City" (name, "lastUpdated", "userUpdated", "id_Country") VALUES ('Encruzilhada', CURRENT_TIMESTAMP, 'pigtraxadmin', 1);
INSERT INTO pigtraxrefdata."City" (name, "lastUpdated", "userUpdated", "id_Country") VALUES ('Encruzilhada do Sul', CURRENT_TIMESTAMP, 'pigtraxadmin', 1);
INSERT INTO pigtraxrefdata."City" (name, "lastUpdated", "userUpdated", "id_Country") VALUES ('Enéas Marques', CURRENT_TIMESTAMP, 'pigtraxadmin', 1);
INSERT INTO pigtraxrefdata."City" (name, "lastUpdated", "userUpdated", "id_Country") VALUES ('Eneida', CURRENT_TIMESTAMP, 'pigtraxadmin', 1);
INSERT INTO pigtraxrefdata."City" (name, "lastUpdated", "userUpdated", "id_Country") VALUES ('Engenheiro Ávidos', CURRENT_TIMESTAMP, 'pigtraxadmin', 1);
INSERT INTO pigtraxrefdata."City" (name, "lastUpdated", "userUpdated", "id_Country") VALUES ('Engenheiro Beltrão', CURRENT_TIMESTAMP, 'pigtraxadmin', 1);
INSERT INTO pigtraxrefdata."City" (name, "lastUpdated", "userUpdated", "id_Country") VALUES ('Engenheiro Caldas', CURRENT_TIMESTAMP, 'pigtraxadmin', 1);
INSERT INTO pigtraxrefdata."City" (name, "lastUpdated", "userUpdated", "id_Country") VALUES ('Engenheiro Coelho', CURRENT_TIMESTAMP, 'pigtraxadmin', 1);
INSERT INTO pigtraxrefdata."City" (name, "lastUpdated", "userUpdated", "id_Country") VALUES ('Engenheiro João Tomé', CURRENT_TIMESTAMP, 'pigtraxadmin', 1);
INSERT INTO pigtraxrefdata."City" (name, "lastUpdated", "userUpdated", "id_Country") VALUES ('Engenheiro Navarro', CURRENT_TIMESTAMP, 'pigtraxadmin', 1);
INSERT INTO pigtraxrefdata."City" (name, "lastUpdated", "userUpdated", "id_Country") VALUES ('Engenheiro Passos', CURRENT_TIMESTAMP, 'pigtraxadmin', 1);
INSERT INTO pigtraxrefdata."City" (name, "lastUpdated", "userUpdated", "id_Country") VALUES ('Engenheiro Paulo de Frontin', CURRENT_TIMESTAMP, 'pigtraxadmin', 1);
INSERT INTO pigtraxrefdata."City" (name, "lastUpdated", "userUpdated", "id_Country") VALUES ('Engenheiro Pontes', CURRENT_TIMESTAMP, 'pigtraxadmin', 1);
INSERT INTO pigtraxrefdata."City" (name, "lastUpdated", "userUpdated", "id_Country") VALUES ('Engenheiro Schmidt', CURRENT_TIMESTAMP, 'pigtraxadmin', 1);
INSERT INTO pigtraxrefdata."City" (name, "lastUpdated", "userUpdated", "id_Country") VALUES ('Engenheiro Schnoor', CURRENT_TIMESTAMP, 'pigtraxadmin', 1);
INSERT INTO pigtraxrefdata."City" (name, "lastUpdated", "userUpdated", "id_Country") VALUES ('Engenho do Ribeiro', CURRENT_TIMESTAMP, 'pigtraxadmin', 1);
INSERT INTO pigtraxrefdata."City" (name, "lastUpdated", "userUpdated", "id_Country") VALUES ('Engenho Velho', CURRENT_TIMESTAMP, 'pigtraxadmin', 1);
INSERT INTO pigtraxrefdata."City" (name, "lastUpdated", "userUpdated", "id_Country") VALUES ('Enseada de Brito', CURRENT_TIMESTAMP, 'pigtraxadmin', 1);
INSERT INTO pigtraxrefdata."City" (name, "lastUpdated", "userUpdated", "id_Country") VALUES ('Entre Folhas', CURRENT_TIMESTAMP, 'pigtraxadmin', 1);
INSERT INTO pigtraxrefdata."City" (name, "lastUpdated", "userUpdated", "id_Country") VALUES ('Entre Rios', CURRENT_TIMESTAMP, 'pigtraxadmin', 1);
INSERT INTO pigtraxrefdata."City" (name, "lastUpdated", "userUpdated", "id_Country") VALUES ('Entre Rios do Oeste', CURRENT_TIMESTAMP, 'pigtraxadmin', 1);
INSERT INTO pigtraxrefdata."City" (name, "lastUpdated", "userUpdated", "id_Country") VALUES ('Entre Rios do Sul', CURRENT_TIMESTAMP, 'pigtraxadmin', 1);
INSERT INTO pigtraxrefdata."City" (name, "lastUpdated", "userUpdated", "id_Country") VALUES ('Entre-Ijuís', CURRENT_TIMESTAMP, 'pigtraxadmin', 1);
INSERT INTO pigtraxrefdata."City" (name, "lastUpdated", "userUpdated", "id_Country") VALUES ('Entremontes', CURRENT_TIMESTAMP, 'pigtraxadmin', 1);
INSERT INTO pigtraxrefdata."City" (name, "lastUpdated", "userUpdated", "id_Country") VALUES ('Envira', CURRENT_TIMESTAMP, 'pigtraxadmin', 1);
INSERT INTO pigtraxrefdata."City" (name, "lastUpdated", "userUpdated", "id_Country") VALUES ('Epaminondas Otoni', CURRENT_TIMESTAMP, 'pigtraxadmin', 1);
INSERT INTO pigtraxrefdata."City" (name, "lastUpdated", "userUpdated", "id_Country") VALUES ('Epitaciolândia', CURRENT_TIMESTAMP, 'pigtraxadmin', 1);
INSERT INTO pigtraxrefdata."City" (name, "lastUpdated", "userUpdated", "id_Country") VALUES ('Equador', CURRENT_TIMESTAMP, 'pigtraxadmin', 1);
INSERT INTO pigtraxrefdata."City" (name, "lastUpdated", "userUpdated", "id_Country") VALUES ('Erebango', CURRENT_TIMESTAMP, 'pigtraxadmin', 1);
INSERT INTO pigtraxrefdata."City" (name, "lastUpdated", "userUpdated", "id_Country") VALUES ('Erechim', CURRENT_TIMESTAMP, 'pigtraxadmin', 1);
INSERT INTO pigtraxrefdata."City" (name, "lastUpdated", "userUpdated", "id_Country") VALUES ('Ererê', CURRENT_TIMESTAMP, 'pigtraxadmin', 1);
INSERT INTO pigtraxrefdata."City" (name, "lastUpdated", "userUpdated", "id_Country") VALUES ('Érico Cardoso', CURRENT_TIMESTAMP, 'pigtraxadmin', 1);
INSERT INTO pigtraxrefdata."City" (name, "lastUpdated", "userUpdated", "id_Country") VALUES ('Ermo', CURRENT_TIMESTAMP, 'pigtraxadmin', 1);
INSERT INTO pigtraxrefdata."City" (name, "lastUpdated", "userUpdated", "id_Country") VALUES ('Ernestina', CURRENT_TIMESTAMP, 'pigtraxadmin', 1);
INSERT INTO pigtraxrefdata."City" (name, "lastUpdated", "userUpdated", "id_Country") VALUES ('Erval Seco', CURRENT_TIMESTAMP, 'pigtraxadmin', 1);
INSERT INTO pigtraxrefdata."City" (name, "lastUpdated", "userUpdated", "id_Country") VALUES ('Erval Velho', CURRENT_TIMESTAMP, 'pigtraxadmin', 1);
INSERT INTO pigtraxrefdata."City" (name, "lastUpdated", "userUpdated", "id_Country") VALUES ('Ervália', CURRENT_TIMESTAMP, 'pigtraxadmin', 1);
INSERT INTO pigtraxrefdata."City" (name, "lastUpdated", "userUpdated", "id_Country") VALUES ('Escada', CURRENT_TIMESTAMP, 'pigtraxadmin', 1);
INSERT INTO pigtraxrefdata."City" (name, "lastUpdated", "userUpdated", "id_Country") VALUES ('Esmeralda', CURRENT_TIMESTAMP, 'pigtraxadmin', 1);
INSERT INTO pigtraxrefdata."City" (name, "lastUpdated", "userUpdated", "id_Country") VALUES ('Esmeraldas', CURRENT_TIMESTAMP, 'pigtraxadmin', 1);
INSERT INTO pigtraxrefdata."City" (name, "lastUpdated", "userUpdated", "id_Country") VALUES ('Esmeraldas de Ferros', CURRENT_TIMESTAMP, 'pigtraxadmin', 1);
INSERT INTO pigtraxrefdata."City" (name, "lastUpdated", "userUpdated", "id_Country") VALUES ('Espera Feliz', CURRENT_TIMESTAMP, 'pigtraxadmin', 1);
INSERT INTO pigtraxrefdata."City" (name, "lastUpdated", "userUpdated", "id_Country") VALUES ('Esperança', CURRENT_TIMESTAMP, 'pigtraxadmin', 1);
INSERT INTO pigtraxrefdata."City" (name, "lastUpdated", "userUpdated", "id_Country") VALUES ('Esperança do Sul', CURRENT_TIMESTAMP, 'pigtraxadmin', 1);
INSERT INTO pigtraxrefdata."City" (name, "lastUpdated", "userUpdated", "id_Country") VALUES ('Esperança Nova', CURRENT_TIMESTAMP, 'pigtraxadmin', 1);
INSERT INTO pigtraxrefdata."City" (name, "lastUpdated", "userUpdated", "id_Country") VALUES ('Esperantina', CURRENT_TIMESTAMP, 'pigtraxadmin', 1);
INSERT INTO pigtraxrefdata."City" (name, "lastUpdated", "userUpdated", "id_Country") VALUES ('Esperantinópolis', CURRENT_TIMESTAMP, 'pigtraxadmin', 1);
INSERT INTO pigtraxrefdata."City" (name, "lastUpdated", "userUpdated", "id_Country") VALUES ('Espigão', CURRENT_TIMESTAMP, 'pigtraxadmin', 1);
INSERT INTO pigtraxrefdata."City" (name, "lastUpdated", "userUpdated", "id_Country") VALUES ('Espigão Alto do Iguaçu', CURRENT_TIMESTAMP, 'pigtraxadmin', 1);
INSERT INTO pigtraxrefdata."City" (name, "lastUpdated", "userUpdated", "id_Country") VALUES ('Espigão do Leste', CURRENT_TIMESTAMP, 'pigtraxadmin', 1);
INSERT INTO pigtraxrefdata."City" (name, "lastUpdated", "userUpdated", "id_Country") VALUES ('Espigão D''Oeste', CURRENT_TIMESTAMP, 'pigtraxadmin', 1);
INSERT INTO pigtraxrefdata."City" (name, "lastUpdated", "userUpdated", "id_Country") VALUES ('Espinosa', CURRENT_TIMESTAMP, 'pigtraxadmin', 1);
INSERT INTO pigtraxrefdata."City" (name, "lastUpdated", "userUpdated", "id_Country") VALUES ('Espírito Santo', CURRENT_TIMESTAMP, 'pigtraxadmin', 1);
INSERT INTO pigtraxrefdata."City" (name, "lastUpdated", "userUpdated", "id_Country") VALUES ('Espírito Santo do Dourado', CURRENT_TIMESTAMP, 'pigtraxadmin', 1);
INSERT INTO pigtraxrefdata."City" (name, "lastUpdated", "userUpdated", "id_Country") VALUES ('Espírito Santo do Pinhal', CURRENT_TIMESTAMP, 'pigtraxadmin', 1);
INSERT INTO pigtraxrefdata."City" (name, "lastUpdated", "userUpdated", "id_Country") VALUES ('Espírito Santo do Tauá', CURRENT_TIMESTAMP, 'pigtraxadmin', 1);
INSERT INTO pigtraxrefdata."City" (name, "lastUpdated", "userUpdated", "id_Country") VALUES ('Espírito Santo do Turvo', CURRENT_TIMESTAMP, 'pigtraxadmin', 1);
INSERT INTO pigtraxrefdata."City" (name, "lastUpdated", "userUpdated", "id_Country") VALUES ('Esplanada', CURRENT_TIMESTAMP, 'pigtraxadmin', 1);
INSERT INTO pigtraxrefdata."City" (name, "lastUpdated", "userUpdated", "id_Country") VALUES ('Espraiado', CURRENT_TIMESTAMP, 'pigtraxadmin', 1);
INSERT INTO pigtraxrefdata."City" (name, "lastUpdated", "userUpdated", "id_Country") VALUES ('Espumoso', CURRENT_TIMESTAMP, 'pigtraxadmin', 1);
INSERT INTO pigtraxrefdata."City" (name, "lastUpdated", "userUpdated", "id_Country") VALUES ('Estação', CURRENT_TIMESTAMP, 'pigtraxadmin', 1);
INSERT INTO pigtraxrefdata."City" (name, "lastUpdated", "userUpdated", "id_Country") VALUES ('Estação Cocal', CURRENT_TIMESTAMP, 'pigtraxadmin', 1);
INSERT INTO pigtraxrefdata."City" (name, "lastUpdated", "userUpdated", "id_Country") VALUES ('Estância', CURRENT_TIMESTAMP, 'pigtraxadmin', 1);
INSERT INTO pigtraxrefdata."City" (name, "lastUpdated", "userUpdated", "id_Country") VALUES ('Estância Grande', CURRENT_TIMESTAMP, 'pigtraxadmin', 1);
INSERT INTO pigtraxrefdata."City" (name, "lastUpdated", "userUpdated", "id_Country") VALUES ('Estância Velha', CURRENT_TIMESTAMP, 'pigtraxadmin', 1);
INSERT INTO pigtraxrefdata."City" (name, "lastUpdated", "userUpdated", "id_Country") VALUES ('Estandarte', CURRENT_TIMESTAMP, 'pigtraxadmin', 1);
INSERT INTO pigtraxrefdata."City" (name, "lastUpdated", "userUpdated", "id_Country") VALUES ('Esteio', CURRENT_TIMESTAMP, 'pigtraxadmin', 1);
INSERT INTO pigtraxrefdata."City" (name, "lastUpdated", "userUpdated", "id_Country") VALUES ('Esteios', CURRENT_TIMESTAMP, 'pigtraxadmin', 1);
INSERT INTO pigtraxrefdata."City" (name, "lastUpdated", "userUpdated", "id_Country") VALUES ('Estêvão de Araújo', CURRENT_TIMESTAMP, 'pigtraxadmin', 1);
INSERT INTO pigtraxrefdata."City" (name, "lastUpdated", "userUpdated", "id_Country") VALUES ('Estiva Gerbi', CURRENT_TIMESTAMP, 'pigtraxadmin', 1);
INSERT INTO pigtraxrefdata."City" (name, "lastUpdated", "userUpdated", "id_Country") VALUES ('Estreito', CURRENT_TIMESTAMP, 'pigtraxadmin', 1);
INSERT INTO pigtraxrefdata."City" (name, "lastUpdated", "userUpdated", "id_Country") VALUES ('Estrela', CURRENT_TIMESTAMP, 'pigtraxadmin', 1);
INSERT INTO pigtraxrefdata."City" (name, "lastUpdated", "userUpdated", "id_Country") VALUES ('Estrela da Barra', CURRENT_TIMESTAMP, 'pigtraxadmin', 1);
INSERT INTO pigtraxrefdata."City" (name, "lastUpdated", "userUpdated", "id_Country") VALUES ('Estrela Dalva', CURRENT_TIMESTAMP, 'pigtraxadmin', 1);
INSERT INTO pigtraxrefdata."City" (name, "lastUpdated", "userUpdated", "id_Country") VALUES ('Estrela de Alagoas', CURRENT_TIMESTAMP, 'pigtraxadmin', 1);
INSERT INTO pigtraxrefdata."City" (name, "lastUpdated", "userUpdated", "id_Country") VALUES ('Estrela de Jordânia', CURRENT_TIMESTAMP, 'pigtraxadmin', 1);
INSERT INTO pigtraxrefdata."City" (name, "lastUpdated", "userUpdated", "id_Country") VALUES ('Estrela do Indaiá', CURRENT_TIMESTAMP, 'pigtraxadmin', 1);
INSERT INTO pigtraxrefdata."City" (name, "lastUpdated", "userUpdated", "id_Country") VALUES ('Estrela do Norte', CURRENT_TIMESTAMP, 'pigtraxadmin', 1);
INSERT INTO pigtraxrefdata."City" (name, "lastUpdated", "userUpdated", "id_Country") VALUES ('Estrela do Sul', CURRENT_TIMESTAMP, 'pigtraxadmin', 1);
INSERT INTO pigtraxrefdata."City" (name, "lastUpdated", "userUpdated", "id_Country") VALUES ('Estrela d''Oeste', CURRENT_TIMESTAMP, 'pigtraxadmin', 1);
INSERT INTO pigtraxrefdata."City" (name, "lastUpdated", "userUpdated", "id_Country") VALUES ('Estrela Velha', CURRENT_TIMESTAMP, 'pigtraxadmin', 1);
INSERT INTO pigtraxrefdata."City" (name, "lastUpdated", "userUpdated", "id_Country") VALUES ('Euclidelândia', CURRENT_TIMESTAMP, 'pigtraxadmin', 1);
INSERT INTO pigtraxrefdata."City" (name, "lastUpdated", "userUpdated", "id_Country") VALUES ('Euclides da Cunha', CURRENT_TIMESTAMP, 'pigtraxadmin', 1);
INSERT INTO pigtraxrefdata."City" (name, "lastUpdated", "userUpdated", "id_Country") VALUES ('Eugênio de Castro', CURRENT_TIMESTAMP, 'pigtraxadmin', 1);
INSERT INTO pigtraxrefdata."City" (name, "lastUpdated", "userUpdated", "id_Country") VALUES ('Eugênio de Melo', CURRENT_TIMESTAMP, 'pigtraxadmin', 1);
INSERT INTO pigtraxrefdata."City" (name, "lastUpdated", "userUpdated", "id_Country") VALUES ('Eugenópolis', CURRENT_TIMESTAMP, 'pigtraxadmin', 1);
INSERT INTO pigtraxrefdata."City" (name, "lastUpdated", "userUpdated", "id_Country") VALUES ('Eunápolis', CURRENT_TIMESTAMP, 'pigtraxadmin', 1);
INSERT INTO pigtraxrefdata."City" (name, "lastUpdated", "userUpdated", "id_Country") VALUES ('Eusébio', CURRENT_TIMESTAMP, 'pigtraxadmin', 1);
INSERT INTO pigtraxrefdata."City" (name, "lastUpdated", "userUpdated", "id_Country") VALUES ('Euxenita', CURRENT_TIMESTAMP, 'pigtraxadmin', 1);
INSERT INTO pigtraxrefdata."City" (name, "lastUpdated", "userUpdated", "id_Country") VALUES ('Evaristo', CURRENT_TIMESTAMP, 'pigtraxadmin', 1);
INSERT INTO pigtraxrefdata."City" (name, "lastUpdated", "userUpdated", "id_Country") VALUES ('Ewbank da Câmara', CURRENT_TIMESTAMP, 'pigtraxadmin', 1);
INSERT INTO pigtraxrefdata."City" (name, "lastUpdated", "userUpdated", "id_Country") VALUES ('Extrema', CURRENT_TIMESTAMP, 'pigtraxadmin', 1);
INSERT INTO pigtraxrefdata."City" (name, "lastUpdated", "userUpdated", "id_Country") VALUES ('Extremoz', CURRENT_TIMESTAMP, 'pigtraxadmin', 1);
INSERT INTO pigtraxrefdata."City" (name, "lastUpdated", "userUpdated", "id_Country") VALUES ('Exu', CURRENT_TIMESTAMP, 'pigtraxadmin', 1);
INSERT INTO pigtraxrefdata."City" (name, "lastUpdated", "userUpdated", "id_Country") VALUES ('Fagundes', CURRENT_TIMESTAMP, 'pigtraxadmin', 1);
INSERT INTO pigtraxrefdata."City" (name, "lastUpdated", "userUpdated", "id_Country") VALUES ('Fagundes Varela', CURRENT_TIMESTAMP, 'pigtraxadmin', 1);
INSERT INTO pigtraxrefdata."City" (name, "lastUpdated", "userUpdated", "id_Country") VALUES ('Faina', CURRENT_TIMESTAMP, 'pigtraxadmin', 1);
INSERT INTO pigtraxrefdata."City" (name, "lastUpdated", "userUpdated", "id_Country") VALUES ('Faisqueira', CURRENT_TIMESTAMP, 'pigtraxadmin', 1);
INSERT INTO pigtraxrefdata."City" (name, "lastUpdated", "userUpdated", "id_Country") VALUES ('Fama', CURRENT_TIMESTAMP, 'pigtraxadmin', 1);
INSERT INTO pigtraxrefdata."City" (name, "lastUpdated", "userUpdated", "id_Country") VALUES ('Faria Lemos', CURRENT_TIMESTAMP, 'pigtraxadmin', 1);
INSERT INTO pigtraxrefdata."City" (name, "lastUpdated", "userUpdated", "id_Country") VALUES ('Farias', CURRENT_TIMESTAMP, 'pigtraxadmin', 1);
INSERT INTO pigtraxrefdata."City" (name, "lastUpdated", "userUpdated", "id_Country") VALUES ('Farias Brito', CURRENT_TIMESTAMP, 'pigtraxadmin', 1);
INSERT INTO pigtraxrefdata."City" (name, "lastUpdated", "userUpdated", "id_Country") VALUES ('Faro', CURRENT_TIMESTAMP, 'pigtraxadmin', 1);
INSERT INTO pigtraxrefdata."City" (name, "lastUpdated", "userUpdated", "id_Country") VALUES ('Farol', CURRENT_TIMESTAMP, 'pigtraxadmin', 1);
INSERT INTO pigtraxrefdata."City" (name, "lastUpdated", "userUpdated", "id_Country") VALUES ('Farroupilha', CURRENT_TIMESTAMP, 'pigtraxadmin', 1);
INSERT INTO pigtraxrefdata."City" (name, "lastUpdated", "userUpdated", "id_Country") VALUES ('Fartura', CURRENT_TIMESTAMP, 'pigtraxadmin', 1);
INSERT INTO pigtraxrefdata."City" (name, "lastUpdated", "userUpdated", "id_Country") VALUES ('Fartura do Piauí', CURRENT_TIMESTAMP, 'pigtraxadmin', 1);
INSERT INTO pigtraxrefdata."City" (name, "lastUpdated", "userUpdated", "id_Country") VALUES ('Fátima', CURRENT_TIMESTAMP, 'pigtraxadmin', 1);
INSERT INTO pigtraxrefdata."City" (name, "lastUpdated", "userUpdated", "id_Country") VALUES ('Fátima do Sul', CURRENT_TIMESTAMP, 'pigtraxadmin', 1);
INSERT INTO pigtraxrefdata."City" (name, "lastUpdated", "userUpdated", "id_Country") VALUES ('Favelândia', CURRENT_TIMESTAMP, 'pigtraxadmin', 1);
INSERT INTO pigtraxrefdata."City" (name, "lastUpdated", "userUpdated", "id_Country") VALUES ('Faxinal', CURRENT_TIMESTAMP, 'pigtraxadmin', 1);
INSERT INTO pigtraxrefdata."City" (name, "lastUpdated", "userUpdated", "id_Country") VALUES ('Faxinal do Soturno', CURRENT_TIMESTAMP, 'pigtraxadmin', 1);
INSERT INTO pigtraxrefdata."City" (name, "lastUpdated", "userUpdated", "id_Country") VALUES ('Faxinal dos Guedes', CURRENT_TIMESTAMP, 'pigtraxadmin', 1);
INSERT INTO pigtraxrefdata."City" (name, "lastUpdated", "userUpdated", "id_Country") VALUES ('Faxinalzinho', CURRENT_TIMESTAMP, 'pigtraxadmin', 1);
INSERT INTO pigtraxrefdata."City" (name, "lastUpdated", "userUpdated", "id_Country") VALUES ('Fazenda Fialho', CURRENT_TIMESTAMP, 'pigtraxadmin', 1);
INSERT INTO pigtraxrefdata."City" (name, "lastUpdated", "userUpdated", "id_Country") VALUES ('Fazenda Guandu', CURRENT_TIMESTAMP, 'pigtraxadmin', 1);
INSERT INTO pigtraxrefdata."City" (name, "lastUpdated", "userUpdated", "id_Country") VALUES ('Fazenda Nova', CURRENT_TIMESTAMP, 'pigtraxadmin', 1);
INSERT INTO pigtraxrefdata."City" (name, "lastUpdated", "userUpdated", "id_Country") VALUES ('Fazenda Rio Grande', CURRENT_TIMESTAMP, 'pigtraxadmin', 1);
INSERT INTO pigtraxrefdata."City" (name, "lastUpdated", "userUpdated", "id_Country") VALUES ('Fazenda São José', CURRENT_TIMESTAMP, 'pigtraxadmin', 1);
INSERT INTO pigtraxrefdata."City" (name, "lastUpdated", "userUpdated", "id_Country") VALUES ('Fazenda Souza', CURRENT_TIMESTAMP, 'pigtraxadmin', 1);
INSERT INTO pigtraxrefdata."City" (name, "lastUpdated", "userUpdated", "id_Country") VALUES ('Fazenda Velha', CURRENT_TIMESTAMP, 'pigtraxadmin', 1);
INSERT INTO pigtraxrefdata."City" (name, "lastUpdated", "userUpdated", "id_Country") VALUES ('Fazenda Vilanova', CURRENT_TIMESTAMP, 'pigtraxadmin', 1);
INSERT INTO pigtraxrefdata."City" (name, "lastUpdated", "userUpdated", "id_Country") VALUES ('Fazendinha', CURRENT_TIMESTAMP, 'pigtraxadmin', 1);
INSERT INTO pigtraxrefdata."City" (name, "lastUpdated", "userUpdated", "id_Country") VALUES ('Feijó', CURRENT_TIMESTAMP, 'pigtraxadmin', 1);
INSERT INTO pigtraxrefdata."City" (name, "lastUpdated", "userUpdated", "id_Country") VALUES ('Feira da Mata', CURRENT_TIMESTAMP, 'pigtraxadmin', 1);
INSERT INTO pigtraxrefdata."City" (name, "lastUpdated", "userUpdated", "id_Country") VALUES ('Feira Grande', CURRENT_TIMESTAMP, 'pigtraxadmin', 1);
INSERT INTO pigtraxrefdata."City" (name, "lastUpdated", "userUpdated", "id_Country") VALUES ('Feira Nova', CURRENT_TIMESTAMP, 'pigtraxadmin', 1);
INSERT INTO pigtraxrefdata."City" (name, "lastUpdated", "userUpdated", "id_Country") VALUES ('Feiticeiro', CURRENT_TIMESTAMP, 'pigtraxadmin', 1);
INSERT INTO pigtraxrefdata."City" (name, "lastUpdated", "userUpdated", "id_Country") VALUES ('Feitoria', CURRENT_TIMESTAMP, 'pigtraxadmin', 1);
INSERT INTO pigtraxrefdata."City" (name, "lastUpdated", "userUpdated", "id_Country") VALUES ('Felipe Guerra', CURRENT_TIMESTAMP, 'pigtraxadmin', 1);
INSERT INTO pigtraxrefdata."City" (name, "lastUpdated", "userUpdated", "id_Country") VALUES ('Felisburgo', CURRENT_TIMESTAMP, 'pigtraxadmin', 1);
INSERT INTO pigtraxrefdata."City" (name, "lastUpdated", "userUpdated", "id_Country") VALUES ('Felixlândia', CURRENT_TIMESTAMP, 'pigtraxadmin', 1);
INSERT INTO pigtraxrefdata."City" (name, "lastUpdated", "userUpdated", "id_Country") VALUES ('Feliz', CURRENT_TIMESTAMP, 'pigtraxadmin', 1);
INSERT INTO pigtraxrefdata."City" (name, "lastUpdated", "userUpdated", "id_Country") VALUES ('Feliz Deserto', CURRENT_TIMESTAMP, 'pigtraxadmin', 1);
INSERT INTO pigtraxrefdata."City" (name, "lastUpdated", "userUpdated", "id_Country") VALUES ('Feliz Natal', CURRENT_TIMESTAMP, 'pigtraxadmin', 1);
INSERT INTO pigtraxrefdata."City" (name, "lastUpdated", "userUpdated", "id_Country") VALUES ('Felizardo', CURRENT_TIMESTAMP, 'pigtraxadmin', 1);
INSERT INTO pigtraxrefdata."City" (name, "lastUpdated", "userUpdated", "id_Country") VALUES ('Fênix', CURRENT_TIMESTAMP, 'pigtraxadmin', 1);
INSERT INTO pigtraxrefdata."City" (name, "lastUpdated", "userUpdated", "id_Country") VALUES ('Fernandes Belo', CURRENT_TIMESTAMP, 'pigtraxadmin', 1);
INSERT INTO pigtraxrefdata."City" (name, "lastUpdated", "userUpdated", "id_Country") VALUES ('Fernandes Pinheiro', CURRENT_TIMESTAMP, 'pigtraxadmin', 1);
INSERT INTO pigtraxrefdata."City" (name, "lastUpdated", "userUpdated", "id_Country") VALUES ('Fernandes Tourinho', CURRENT_TIMESTAMP, 'pigtraxadmin', 1);
INSERT INTO pigtraxrefdata."City" (name, "lastUpdated", "userUpdated", "id_Country") VALUES ('Fernando de Noronha', CURRENT_TIMESTAMP, 'pigtraxadmin', 1);
INSERT INTO pigtraxrefdata."City" (name, "lastUpdated", "userUpdated", "id_Country") VALUES ('Fernando Falcão', CURRENT_TIMESTAMP, 'pigtraxadmin', 1);
INSERT INTO pigtraxrefdata."City" (name, "lastUpdated", "userUpdated", "id_Country") VALUES ('Fernando Pedroza', CURRENT_TIMESTAMP, 'pigtraxadmin', 1);
INSERT INTO pigtraxrefdata."City" (name, "lastUpdated", "userUpdated", "id_Country") VALUES ('Fernando Prestes', CURRENT_TIMESTAMP, 'pigtraxadmin', 1);
INSERT INTO pigtraxrefdata."City" (name, "lastUpdated", "userUpdated", "id_Country") VALUES ('Fernandópolis', CURRENT_TIMESTAMP, 'pigtraxadmin', 1);
INSERT INTO pigtraxrefdata."City" (name, "lastUpdated", "userUpdated", "id_Country") VALUES ('Fernão', CURRENT_TIMESTAMP, 'pigtraxadmin', 1);
INSERT INTO pigtraxrefdata."City" (name, "lastUpdated", "userUpdated", "id_Country") VALUES ('Fernão Dias', CURRENT_TIMESTAMP, 'pigtraxadmin', 1);
INSERT INTO pigtraxrefdata."City" (name, "lastUpdated", "userUpdated", "id_Country") VALUES ('Ferraria', CURRENT_TIMESTAMP, 'pigtraxadmin', 1);
INSERT INTO pigtraxrefdata."City" (name, "lastUpdated", "userUpdated", "id_Country") VALUES ('Ferraz de Vasconcelos', CURRENT_TIMESTAMP, 'pigtraxadmin', 1);
INSERT INTO pigtraxrefdata."City" (name, "lastUpdated", "userUpdated", "id_Country") VALUES ('Ferreira Gomes', CURRENT_TIMESTAMP, 'pigtraxadmin', 1);
INSERT INTO pigtraxrefdata."City" (name, "lastUpdated", "userUpdated", "id_Country") VALUES ('Ferreirópolis', CURRENT_TIMESTAMP, 'pigtraxadmin', 1);
INSERT INTO pigtraxrefdata."City" (name, "lastUpdated", "userUpdated", "id_Country") VALUES ('Ferreiros', CURRENT_TIMESTAMP, 'pigtraxadmin', 1);
INSERT INTO pigtraxrefdata."City" (name, "lastUpdated", "userUpdated", "id_Country") VALUES ('Ferros', CURRENT_TIMESTAMP, 'pigtraxadmin', 1);
INSERT INTO pigtraxrefdata."City" (name, "lastUpdated", "userUpdated", "id_Country") VALUES ('Ferruginha', CURRENT_TIMESTAMP, 'pigtraxadmin', 1);
INSERT INTO pigtraxrefdata."City" (name, "lastUpdated", "userUpdated", "id_Country") VALUES ('Fervedouro', CURRENT_TIMESTAMP, 'pigtraxadmin', 1);
INSERT INTO pigtraxrefdata."City" (name, "lastUpdated", "userUpdated", "id_Country") VALUES ('Fidalgo', CURRENT_TIMESTAMP, 'pigtraxadmin', 1);
INSERT INTO pigtraxrefdata."City" (name, "lastUpdated", "userUpdated", "id_Country") VALUES ('Fidelândia', CURRENT_TIMESTAMP, 'pigtraxadmin', 1);
INSERT INTO pigtraxrefdata."City" (name, "lastUpdated", "userUpdated", "id_Country") VALUES ('Figueira do Oeste', CURRENT_TIMESTAMP, 'pigtraxadmin', 1);
INSERT INTO pigtraxrefdata."City" (name, "lastUpdated", "userUpdated", "id_Country") VALUES ('Figueirão', CURRENT_TIMESTAMP, 'pigtraxadmin', 1);
INSERT INTO pigtraxrefdata."City" (name, "lastUpdated", "userUpdated", "id_Country") VALUES ('Figueirópolis', CURRENT_TIMESTAMP, 'pigtraxadmin', 1);
INSERT INTO pigtraxrefdata."City" (name, "lastUpdated", "userUpdated", "id_Country") VALUES ('Figueirópolis D''Oeste', CURRENT_TIMESTAMP, 'pigtraxadmin', 1);
INSERT INTO pigtraxrefdata."City" (name, "lastUpdated", "userUpdated", "id_Country") VALUES ('Filadélfia', CURRENT_TIMESTAMP, 'pigtraxadmin', 1);
INSERT INTO pigtraxrefdata."City" (name, "lastUpdated", "userUpdated", "id_Country") VALUES ('Firmino Alves', CURRENT_TIMESTAMP, 'pigtraxadmin', 1);
INSERT INTO pigtraxrefdata."City" (name, "lastUpdated", "userUpdated", "id_Country") VALUES ('Firminópolis', CURRENT_TIMESTAMP, 'pigtraxadmin', 1);
INSERT INTO pigtraxrefdata."City" (name, "lastUpdated", "userUpdated", "id_Country") VALUES ('Flamengo', CURRENT_TIMESTAMP, 'pigtraxadmin', 1);
INSERT INTO pigtraxrefdata."City" (name, "lastUpdated", "userUpdated", "id_Country") VALUES ('Fleicheiras', CURRENT_TIMESTAMP, 'pigtraxadmin', 1);
INSERT INTO pigtraxrefdata."City" (name, "lastUpdated", "userUpdated", "id_Country") VALUES ('Flor da Serra do Sul', CURRENT_TIMESTAMP, 'pigtraxadmin', 1);
INSERT INTO pigtraxrefdata."City" (name, "lastUpdated", "userUpdated", "id_Country") VALUES ('Flora Rica', CURRENT_TIMESTAMP, 'pigtraxadmin', 1);
INSERT INTO pigtraxrefdata."City" (name, "lastUpdated", "userUpdated", "id_Country") VALUES ('Floraí', CURRENT_TIMESTAMP, 'pigtraxadmin', 1);
INSERT INTO pigtraxrefdata."City" (name, "lastUpdated", "userUpdated", "id_Country") VALUES ('Florália', CURRENT_TIMESTAMP, 'pigtraxadmin', 1);
INSERT INTO pigtraxrefdata."City" (name, "lastUpdated", "userUpdated", "id_Country") VALUES ('Florânia', CURRENT_TIMESTAMP, 'pigtraxadmin', 1);
INSERT INTO pigtraxrefdata."City" (name, "lastUpdated", "userUpdated", "id_Country") VALUES ('Floreal', CURRENT_TIMESTAMP, 'pigtraxadmin', 1);
INSERT INTO pigtraxrefdata."City" (name, "lastUpdated", "userUpdated", "id_Country") VALUES ('Flores', CURRENT_TIMESTAMP, 'pigtraxadmin', 1);
INSERT INTO pigtraxrefdata."City" (name, "lastUpdated", "userUpdated", "id_Country") VALUES ('Flores da Cunha', CURRENT_TIMESTAMP, 'pigtraxadmin', 1);
INSERT INTO pigtraxrefdata."City" (name, "lastUpdated", "userUpdated", "id_Country") VALUES ('Flores de Goiás', CURRENT_TIMESTAMP, 'pigtraxadmin', 1);
INSERT INTO pigtraxrefdata."City" (name, "lastUpdated", "userUpdated", "id_Country") VALUES ('Flores do Piauí', CURRENT_TIMESTAMP, 'pigtraxadmin', 1);
INSERT INTO pigtraxrefdata."City" (name, "lastUpdated", "userUpdated", "id_Country") VALUES ('Floresta Azul', CURRENT_TIMESTAMP, 'pigtraxadmin', 1);
INSERT INTO pigtraxrefdata."City" (name, "lastUpdated", "userUpdated", "id_Country") VALUES ('Floresta do Araguaia', CURRENT_TIMESTAMP, 'pigtraxadmin', 1);
INSERT INTO pigtraxrefdata."City" (name, "lastUpdated", "userUpdated", "id_Country") VALUES ('Floresta do Piauí', CURRENT_TIMESTAMP, 'pigtraxadmin', 1);
INSERT INTO pigtraxrefdata."City" (name, "lastUpdated", "userUpdated", "id_Country") VALUES ('Floresta do Sul', CURRENT_TIMESTAMP, 'pigtraxadmin', 1);
INSERT INTO pigtraxrefdata."City" (name, "lastUpdated", "userUpdated", "id_Country") VALUES ('Florestal', CURRENT_TIMESTAMP, 'pigtraxadmin', 1);
INSERT INTO pigtraxrefdata."City" (name, "lastUpdated", "userUpdated", "id_Country") VALUES ('Florestópolis', CURRENT_TIMESTAMP, 'pigtraxadmin', 1);
INSERT INTO pigtraxrefdata."City" (name, "lastUpdated", "userUpdated", "id_Country") VALUES ('Floriano', CURRENT_TIMESTAMP, 'pigtraxadmin', 1);
INSERT INTO pigtraxrefdata."City" (name, "lastUpdated", "userUpdated", "id_Country") VALUES ('Florianópolis', CURRENT_TIMESTAMP, 'pigtraxadmin', 1);
INSERT INTO pigtraxrefdata."City" (name, "lastUpdated", "userUpdated", "id_Country") VALUES ('Flórida', CURRENT_TIMESTAMP, 'pigtraxadmin', 1);
INSERT INTO pigtraxrefdata."City" (name, "lastUpdated", "userUpdated", "id_Country") VALUES ('Flórida Paulista', CURRENT_TIMESTAMP, 'pigtraxadmin', 1);
INSERT INTO pigtraxrefdata."City" (name, "lastUpdated", "userUpdated", "id_Country") VALUES ('Florínia', CURRENT_TIMESTAMP, 'pigtraxadmin', 1);
INSERT INTO pigtraxrefdata."City" (name, "lastUpdated", "userUpdated", "id_Country") VALUES ('Fonseca', CURRENT_TIMESTAMP, 'pigtraxadmin', 1);
INSERT INTO pigtraxrefdata."City" (name, "lastUpdated", "userUpdated", "id_Country") VALUES ('Fonte Boa', CURRENT_TIMESTAMP, 'pigtraxadmin', 1);
INSERT INTO pigtraxrefdata."City" (name, "lastUpdated", "userUpdated", "id_Country") VALUES ('Fontoura Xavier', CURRENT_TIMESTAMP, 'pigtraxadmin', 1);
INSERT INTO pigtraxrefdata."City" (name, "lastUpdated", "userUpdated", "id_Country") VALUES ('Formiga', CURRENT_TIMESTAMP, 'pigtraxadmin', 1);
INSERT INTO pigtraxrefdata."City" (name, "lastUpdated", "userUpdated", "id_Country") VALUES ('Formigueiro', CURRENT_TIMESTAMP, 'pigtraxadmin', 1);
INSERT INTO pigtraxrefdata."City" (name, "lastUpdated", "userUpdated", "id_Country") VALUES ('Formosa', CURRENT_TIMESTAMP, 'pigtraxadmin', 1);
INSERT INTO pigtraxrefdata."City" (name, "lastUpdated", "userUpdated", "id_Country") VALUES ('Formosa da Serra Negra', CURRENT_TIMESTAMP, 'pigtraxadmin', 1);
INSERT INTO pigtraxrefdata."City" (name, "lastUpdated", "userUpdated", "id_Country") VALUES ('Formosa do Oeste', CURRENT_TIMESTAMP, 'pigtraxadmin', 1);
INSERT INTO pigtraxrefdata."City" (name, "lastUpdated", "userUpdated", "id_Country") VALUES ('Formoso', CURRENT_TIMESTAMP, 'pigtraxadmin', 1);
INSERT INTO pigtraxrefdata."City" (name, "lastUpdated", "userUpdated", "id_Country") VALUES ('Formoso do Araguaia', CURRENT_TIMESTAMP, 'pigtraxadmin', 1);
INSERT INTO pigtraxrefdata."City" (name, "lastUpdated", "userUpdated", "id_Country") VALUES ('Forquilha', CURRENT_TIMESTAMP, 'pigtraxadmin', 1);
INSERT INTO pigtraxrefdata."City" (name, "lastUpdated", "userUpdated", "id_Country") VALUES ('Forquilhinha', CURRENT_TIMESTAMP, 'pigtraxadmin', 1);
INSERT INTO pigtraxrefdata."City" (name, "lastUpdated", "userUpdated", "id_Country") VALUES ('Fortaleza', CURRENT_TIMESTAMP, 'pigtraxadmin', 1);
INSERT INTO pigtraxrefdata."City" (name, "lastUpdated", "userUpdated", "id_Country") VALUES ('Fortaleza de Minas', CURRENT_TIMESTAMP, 'pigtraxadmin', 1);
INSERT INTO pigtraxrefdata."City" (name, "lastUpdated", "userUpdated", "id_Country") VALUES ('Fortaleza do Tabocão', CURRENT_TIMESTAMP, 'pigtraxadmin', 1);
INSERT INTO pigtraxrefdata."City" (name, "lastUpdated", "userUpdated", "id_Country") VALUES ('Fortaleza dos Nogueiras', CURRENT_TIMESTAMP, 'pigtraxadmin', 1);
INSERT INTO pigtraxrefdata."City" (name, "lastUpdated", "userUpdated", "id_Country") VALUES ('Fortaleza dos Valos', CURRENT_TIMESTAMP, 'pigtraxadmin', 1);
INSERT INTO pigtraxrefdata."City" (name, "lastUpdated", "userUpdated", "id_Country") VALUES ('Fortim', CURRENT_TIMESTAMP, 'pigtraxadmin', 1);
INSERT INTO pigtraxrefdata."City" (name, "lastUpdated", "userUpdated", "id_Country") VALUES ('Fortuna', CURRENT_TIMESTAMP, 'pigtraxadmin', 1);
INSERT INTO pigtraxrefdata."City" (name, "lastUpdated", "userUpdated", "id_Country") VALUES ('Fortuna de Minas', CURRENT_TIMESTAMP, 'pigtraxadmin', 1);
INSERT INTO pigtraxrefdata."City" (name, "lastUpdated", "userUpdated", "id_Country") VALUES ('Foz do Iguaçu', CURRENT_TIMESTAMP, 'pigtraxadmin', 1);
INSERT INTO pigtraxrefdata."City" (name, "lastUpdated", "userUpdated", "id_Country") VALUES ('Foz do Jordão', CURRENT_TIMESTAMP, 'pigtraxadmin', 1);
INSERT INTO pigtraxrefdata."City" (name, "lastUpdated", "userUpdated", "id_Country") VALUES ('Frade', CURRENT_TIMESTAMP, 'pigtraxadmin', 1);
INSERT INTO pigtraxrefdata."City" (name, "lastUpdated", "userUpdated", "id_Country") VALUES ('Fragosos', CURRENT_TIMESTAMP, 'pigtraxadmin', 1);
INSERT INTO pigtraxrefdata."City" (name, "lastUpdated", "userUpdated", "id_Country") VALUES ('Fraiburgo', CURRENT_TIMESTAMP, 'pigtraxadmin', 1);
INSERT INTO pigtraxrefdata."City" (name, "lastUpdated", "userUpdated", "id_Country") VALUES ('Franca', CURRENT_TIMESTAMP, 'pigtraxadmin', 1);
INSERT INTO pigtraxrefdata."City" (name, "lastUpdated", "userUpdated", "id_Country") VALUES ('França', CURRENT_TIMESTAMP, 'pigtraxadmin', 1);
INSERT INTO pigtraxrefdata."City" (name, "lastUpdated", "userUpdated", "id_Country") VALUES ('Francinópolis', CURRENT_TIMESTAMP, 'pigtraxadmin', 1);
INSERT INTO pigtraxrefdata."City" (name, "lastUpdated", "userUpdated", "id_Country") VALUES ('Francisco Alves', CURRENT_TIMESTAMP, 'pigtraxadmin', 1);
INSERT INTO pigtraxrefdata."City" (name, "lastUpdated", "userUpdated", "id_Country") VALUES ('Francisco Ayres', CURRENT_TIMESTAMP, 'pigtraxadmin', 1);
INSERT INTO pigtraxrefdata."City" (name, "lastUpdated", "userUpdated", "id_Country") VALUES ('Francisco Badaró', CURRENT_TIMESTAMP, 'pigtraxadmin', 1);
INSERT INTO pigtraxrefdata."City" (name, "lastUpdated", "userUpdated", "id_Country") VALUES ('Francisco Beltrão', CURRENT_TIMESTAMP, 'pigtraxadmin', 1);
INSERT INTO pigtraxrefdata."City" (name, "lastUpdated", "userUpdated", "id_Country") VALUES ('Francisco Dantas', CURRENT_TIMESTAMP, 'pigtraxadmin', 1);
INSERT INTO pigtraxrefdata."City" (name, "lastUpdated", "userUpdated", "id_Country") VALUES ('Francisco Dumont', CURRENT_TIMESTAMP, 'pigtraxadmin', 1);
INSERT INTO pigtraxrefdata."City" (name, "lastUpdated", "userUpdated", "id_Country") VALUES ('Francisco Macedo', CURRENT_TIMESTAMP, 'pigtraxadmin', 1);
INSERT INTO pigtraxrefdata."City" (name, "lastUpdated", "userUpdated", "id_Country") VALUES ('Francisco Morato', CURRENT_TIMESTAMP, 'pigtraxadmin', 1);
INSERT INTO pigtraxrefdata."City" (name, "lastUpdated", "userUpdated", "id_Country") VALUES ('Francisco Santos', CURRENT_TIMESTAMP, 'pigtraxadmin', 1);
INSERT INTO pigtraxrefdata."City" (name, "lastUpdated", "userUpdated", "id_Country") VALUES ('Franciscópolis', CURRENT_TIMESTAMP, 'pigtraxadmin', 1);
INSERT INTO pigtraxrefdata."City" (name, "lastUpdated", "userUpdated", "id_Country") VALUES ('Frecheirinha', CURRENT_TIMESTAMP, 'pigtraxadmin', 1);
INSERT INTO pigtraxrefdata."City" (name, "lastUpdated", "userUpdated", "id_Country") VALUES ('Frederico Westphalen', CURRENT_TIMESTAMP, 'pigtraxadmin', 1);
INSERT INTO pigtraxrefdata."City" (name, "lastUpdated", "userUpdated", "id_Country") VALUES ('Freguesia do Andirá', CURRENT_TIMESTAMP, 'pigtraxadmin', 1);
INSERT INTO pigtraxrefdata."City" (name, "lastUpdated", "userUpdated", "id_Country") VALUES ('Frei Gaspar', CURRENT_TIMESTAMP, 'pigtraxadmin', 1);
INSERT INTO pigtraxrefdata."City" (name, "lastUpdated", "userUpdated", "id_Country") VALUES ('Frei Inocêncio', CURRENT_TIMESTAMP, 'pigtraxadmin', 1);
INSERT INTO pigtraxrefdata."City" (name, "lastUpdated", "userUpdated", "id_Country") VALUES ('Frei Martinho', CURRENT_TIMESTAMP, 'pigtraxadmin', 1);
INSERT INTO pigtraxrefdata."City" (name, "lastUpdated", "userUpdated", "id_Country") VALUES ('Frei Miguelinho', CURRENT_TIMESTAMP, 'pigtraxadmin', 1);
INSERT INTO pigtraxrefdata."City" (name, "lastUpdated", "userUpdated", "id_Country") VALUES ('Frei Paulo', CURRENT_TIMESTAMP, 'pigtraxadmin', 1);
INSERT INTO pigtraxrefdata."City" (name, "lastUpdated", "userUpdated", "id_Country") VALUES ('Freire Cardoso', CURRENT_TIMESTAMP, 'pigtraxadmin', 1);
INSERT INTO pigtraxrefdata."City" (name, "lastUpdated", "userUpdated", "id_Country") VALUES ('Frexeiras', CURRENT_TIMESTAMP, 'pigtraxadmin', 1);
INSERT INTO pigtraxrefdata."City" (name, "lastUpdated", "userUpdated", "id_Country") VALUES ('Fronteira', CURRENT_TIMESTAMP, 'pigtraxadmin', 1);
INSERT INTO pigtraxrefdata."City" (name, "lastUpdated", "userUpdated", "id_Country") VALUES ('Fronteira dos Vales', CURRENT_TIMESTAMP, 'pigtraxadmin', 1);
INSERT INTO pigtraxrefdata."City" (name, "lastUpdated", "userUpdated", "id_Country") VALUES ('Fronteiras', CURRENT_TIMESTAMP, 'pigtraxadmin', 1);
INSERT INTO pigtraxrefdata."City" (name, "lastUpdated", "userUpdated", "id_Country") VALUES ('Fruta de Leite', CURRENT_TIMESTAMP, 'pigtraxadmin', 1);
INSERT INTO pigtraxrefdata."City" (name, "lastUpdated", "userUpdated", "id_Country") VALUES ('Frutal', CURRENT_TIMESTAMP, 'pigtraxadmin', 1);
INSERT INTO pigtraxrefdata."City" (name, "lastUpdated", "userUpdated", "id_Country") VALUES ('Frutal do Campo', CURRENT_TIMESTAMP, 'pigtraxadmin', 1);
INSERT INTO pigtraxrefdata."City" (name, "lastUpdated", "userUpdated", "id_Country") VALUES ('Frutuoso Gomes', CURRENT_TIMESTAMP, 'pigtraxadmin', 1);
INSERT INTO pigtraxrefdata."City" (name, "lastUpdated", "userUpdated", "id_Country") VALUES ('Funil', CURRENT_TIMESTAMP, 'pigtraxadmin', 1);
INSERT INTO pigtraxrefdata."City" (name, "lastUpdated", "userUpdated", "id_Country") VALUES ('Funilândia', CURRENT_TIMESTAMP, 'pigtraxadmin', 1);
INSERT INTO pigtraxrefdata."City" (name, "lastUpdated", "userUpdated", "id_Country") VALUES ('Furquim', CURRENT_TIMESTAMP, 'pigtraxadmin', 1);
INSERT INTO pigtraxrefdata."City" (name, "lastUpdated", "userUpdated", "id_Country") VALUES ('Gabriel Monteiro', CURRENT_TIMESTAMP, 'pigtraxadmin', 1);
INSERT INTO pigtraxrefdata."City" (name, "lastUpdated", "userUpdated", "id_Country") VALUES ('Gadelha', CURRENT_TIMESTAMP, 'pigtraxadmin', 1);
INSERT INTO pigtraxrefdata."City" (name, "lastUpdated", "userUpdated", "id_Country") VALUES ('Gado Bravo', CURRENT_TIMESTAMP, 'pigtraxadmin', 1);
INSERT INTO pigtraxrefdata."City" (name, "lastUpdated", "userUpdated", "id_Country") VALUES ('Galante', CURRENT_TIMESTAMP, 'pigtraxadmin', 1);
INSERT INTO pigtraxrefdata."City" (name, "lastUpdated", "userUpdated", "id_Country") VALUES ('Galeão', CURRENT_TIMESTAMP, 'pigtraxadmin', 1);
INSERT INTO pigtraxrefdata."City" (name, "lastUpdated", "userUpdated", "id_Country") VALUES ('Gália', CURRENT_TIMESTAMP, 'pigtraxadmin', 1);
INSERT INTO pigtraxrefdata."City" (name, "lastUpdated", "userUpdated", "id_Country") VALUES ('Galiléia', CURRENT_TIMESTAMP, 'pigtraxadmin', 1);
INSERT INTO pigtraxrefdata."City" (name, "lastUpdated", "userUpdated", "id_Country") VALUES ('Galinhos', CURRENT_TIMESTAMP, 'pigtraxadmin', 1);
INSERT INTO pigtraxrefdata."City" (name, "lastUpdated", "userUpdated", "id_Country") VALUES ('Galvão', CURRENT_TIMESTAMP, 'pigtraxadmin', 1);
INSERT INTO pigtraxrefdata."City" (name, "lastUpdated", "userUpdated", "id_Country") VALUES ('Gamboa', CURRENT_TIMESTAMP, 'pigtraxadmin', 1);
INSERT INTO pigtraxrefdata."City" (name, "lastUpdated", "userUpdated", "id_Country") VALUES ('Gameleira', CURRENT_TIMESTAMP, 'pigtraxadmin', 1);
INSERT INTO pigtraxrefdata."City" (name, "lastUpdated", "userUpdated", "id_Country") VALUES ('Gameleira de Goiás', CURRENT_TIMESTAMP, 'pigtraxadmin', 1);
INSERT INTO pigtraxrefdata."City" (name, "lastUpdated", "userUpdated", "id_Country") VALUES ('Gameleira do Jacaré', CURRENT_TIMESTAMP, 'pigtraxadmin', 1);
INSERT INTO pigtraxrefdata."City" (name, "lastUpdated", "userUpdated", "id_Country") VALUES ('Gameleiras', CURRENT_TIMESTAMP, 'pigtraxadmin', 1);
INSERT INTO pigtraxrefdata."City" (name, "lastUpdated", "userUpdated", "id_Country") VALUES ('Gandu', CURRENT_TIMESTAMP, 'pigtraxadmin', 1);
INSERT INTO pigtraxrefdata."City" (name, "lastUpdated", "userUpdated", "id_Country") VALUES ('Garanhuns', CURRENT_TIMESTAMP, 'pigtraxadmin', 1);
INSERT INTO pigtraxrefdata."City" (name, "lastUpdated", "userUpdated", "id_Country") VALUES ('Garapuava', CURRENT_TIMESTAMP, 'pigtraxadmin', 1);
INSERT INTO pigtraxrefdata."City" (name, "lastUpdated", "userUpdated", "id_Country") VALUES ('Gararu', CURRENT_TIMESTAMP, 'pigtraxadmin', 1);
INSERT INTO pigtraxrefdata."City" (name, "lastUpdated", "userUpdated", "id_Country") VALUES ('Garça', CURRENT_TIMESTAMP, 'pigtraxadmin', 1);
INSERT INTO pigtraxrefdata."City" (name, "lastUpdated", "userUpdated", "id_Country") VALUES ('Gardênia', CURRENT_TIMESTAMP, 'pigtraxadmin', 1);
INSERT INTO pigtraxrefdata."City" (name, "lastUpdated", "userUpdated", "id_Country") VALUES ('Garibaldi', CURRENT_TIMESTAMP, 'pigtraxadmin', 1);
INSERT INTO pigtraxrefdata."City" (name, "lastUpdated", "userUpdated", "id_Country") VALUES ('Garopaba', CURRENT_TIMESTAMP, 'pigtraxadmin', 1);
INSERT INTO pigtraxrefdata."City" (name, "lastUpdated", "userUpdated", "id_Country") VALUES ('Garrafão', CURRENT_TIMESTAMP, 'pigtraxadmin', 1);
INSERT INTO pigtraxrefdata."City" (name, "lastUpdated", "userUpdated", "id_Country") VALUES ('Garrafão do Norte', CURRENT_TIMESTAMP, 'pigtraxadmin', 1);
INSERT INTO pigtraxrefdata."City" (name, "lastUpdated", "userUpdated", "id_Country") VALUES ('Garruchos', CURRENT_TIMESTAMP, 'pigtraxadmin', 1);
INSERT INTO pigtraxrefdata."City" (name, "lastUpdated", "userUpdated", "id_Country") VALUES ('Garuva', CURRENT_TIMESTAMP, 'pigtraxadmin', 1);
INSERT INTO pigtraxrefdata."City" (name, "lastUpdated", "userUpdated", "id_Country") VALUES ('Gastão Vidigal', CURRENT_TIMESTAMP, 'pigtraxadmin', 1);
INSERT INTO pigtraxrefdata."City" (name, "lastUpdated", "userUpdated", "id_Country") VALUES ('Gaúcha do Norte', CURRENT_TIMESTAMP, 'pigtraxadmin', 1);
INSERT INTO pigtraxrefdata."City" (name, "lastUpdated", "userUpdated", "id_Country") VALUES ('Gaurama', CURRENT_TIMESTAMP, 'pigtraxadmin', 1);
INSERT INTO pigtraxrefdata."City" (name, "lastUpdated", "userUpdated", "id_Country") VALUES ('Gavião', CURRENT_TIMESTAMP, 'pigtraxadmin', 1);
INSERT INTO pigtraxrefdata."City" (name, "lastUpdated", "userUpdated", "id_Country") VALUES ('Gavião Peixoto', CURRENT_TIMESTAMP, 'pigtraxadmin', 1);
INSERT INTO pigtraxrefdata."City" (name, "lastUpdated", "userUpdated", "id_Country") VALUES ('Geminiano', CURRENT_TIMESTAMP, 'pigtraxadmin', 1);
INSERT INTO pigtraxrefdata."City" (name, "lastUpdated", "userUpdated", "id_Country") VALUES ('General Câmara', CURRENT_TIMESTAMP, 'pigtraxadmin', 1);
INSERT INTO pigtraxrefdata."City" (name, "lastUpdated", "userUpdated", "id_Country") VALUES ('General Carneiro', CURRENT_TIMESTAMP, 'pigtraxadmin', 1);
INSERT INTO pigtraxrefdata."City" (name, "lastUpdated", "userUpdated", "id_Country") VALUES ('General Maynard', CURRENT_TIMESTAMP, 'pigtraxadmin', 1);
INSERT INTO pigtraxrefdata."City" (name, "lastUpdated", "userUpdated", "id_Country") VALUES ('General Salgado', CURRENT_TIMESTAMP, 'pigtraxadmin', 1);
INSERT INTO pigtraxrefdata."City" (name, "lastUpdated", "userUpdated", "id_Country") VALUES ('General Sampaio', CURRENT_TIMESTAMP, 'pigtraxadmin', 1);
INSERT INTO pigtraxrefdata."City" (name, "lastUpdated", "userUpdated", "id_Country") VALUES ('General Tibúrcio', CURRENT_TIMESTAMP, 'pigtraxadmin', 1);
INSERT INTO pigtraxrefdata."City" (name, "lastUpdated", "userUpdated", "id_Country") VALUES ('Gentil', CURRENT_TIMESTAMP, 'pigtraxadmin', 1);
INSERT INTO pigtraxrefdata."City" (name, "lastUpdated", "userUpdated", "id_Country") VALUES ('Gentio do Ouro', CURRENT_TIMESTAMP, 'pigtraxadmin', 1);
INSERT INTO pigtraxrefdata."City" (name, "lastUpdated", "userUpdated", "id_Country") VALUES ('Geolândia', CURRENT_TIMESTAMP, 'pigtraxadmin', 1);
INSERT INTO pigtraxrefdata."City" (name, "lastUpdated", "userUpdated", "id_Country") VALUES ('Gergelim', CURRENT_TIMESTAMP, 'pigtraxadmin', 1);
INSERT INTO pigtraxrefdata."City" (name, "lastUpdated", "userUpdated", "id_Country") VALUES ('Getúlio Vargas', CURRENT_TIMESTAMP, 'pigtraxadmin', 1);
INSERT INTO pigtraxrefdata."City" (name, "lastUpdated", "userUpdated", "id_Country") VALUES ('Gilbués', CURRENT_TIMESTAMP, 'pigtraxadmin', 1);
INSERT INTO pigtraxrefdata."City" (name, "lastUpdated", "userUpdated", "id_Country") VALUES ('Giqui', CURRENT_TIMESTAMP, 'pigtraxadmin', 1);
INSERT INTO pigtraxrefdata."City" (name, "lastUpdated", "userUpdated", "id_Country") VALUES ('Girau do Ponciano', CURRENT_TIMESTAMP, 'pigtraxadmin', 1);
INSERT INTO pigtraxrefdata."City" (name, "lastUpdated", "userUpdated", "id_Country") VALUES ('Gironda', CURRENT_TIMESTAMP, 'pigtraxadmin', 1);
INSERT INTO pigtraxrefdata."City" (name, "lastUpdated", "userUpdated", "id_Country") VALUES ('Giru', CURRENT_TIMESTAMP, 'pigtraxadmin', 1);
INSERT INTO pigtraxrefdata."City" (name, "lastUpdated", "userUpdated", "id_Country") VALUES ('Giruá', CURRENT_TIMESTAMP, 'pigtraxadmin', 1);
INSERT INTO pigtraxrefdata."City" (name, "lastUpdated", "userUpdated", "id_Country") VALUES ('Glaucilândia', CURRENT_TIMESTAMP, 'pigtraxadmin', 1);
INSERT INTO pigtraxrefdata."City" (name, "lastUpdated", "userUpdated", "id_Country") VALUES ('Glaura', CURRENT_TIMESTAMP, 'pigtraxadmin', 1);
INSERT INTO pigtraxrefdata."City" (name, "lastUpdated", "userUpdated", "id_Country") VALUES ('Glória', CURRENT_TIMESTAMP, 'pigtraxadmin', 1);
INSERT INTO pigtraxrefdata."City" (name, "lastUpdated", "userUpdated", "id_Country") VALUES ('Glória de Dourados', CURRENT_TIMESTAMP, 'pigtraxadmin', 1);
INSERT INTO pigtraxrefdata."City" (name, "lastUpdated", "userUpdated", "id_Country") VALUES ('Glória do Goitá', CURRENT_TIMESTAMP, 'pigtraxadmin', 1);
INSERT INTO pigtraxrefdata."City" (name, "lastUpdated", "userUpdated", "id_Country") VALUES ('Glória D''Oeste', CURRENT_TIMESTAMP, 'pigtraxadmin', 1);
INSERT INTO pigtraxrefdata."City" (name, "lastUpdated", "userUpdated", "id_Country") VALUES ('Glorinha', CURRENT_TIMESTAMP, 'pigtraxadmin', 1);
INSERT INTO pigtraxrefdata."City" (name, "lastUpdated", "userUpdated", "id_Country") VALUES ('Glucínio', CURRENT_TIMESTAMP, 'pigtraxadmin', 1);
INSERT INTO pigtraxrefdata."City" (name, "lastUpdated", "userUpdated", "id_Country") VALUES ('Godofredo Viana', CURRENT_TIMESTAMP, 'pigtraxadmin', 1);
INSERT INTO pigtraxrefdata."City" (name, "lastUpdated", "userUpdated", "id_Country") VALUES ('Godoy Moreira', CURRENT_TIMESTAMP, 'pigtraxadmin', 1);
INSERT INTO pigtraxrefdata."City" (name, "lastUpdated", "userUpdated", "id_Country") VALUES ('Goiabeira', CURRENT_TIMESTAMP, 'pigtraxadmin', 1);
INSERT INTO pigtraxrefdata."City" (name, "lastUpdated", "userUpdated", "id_Country") VALUES ('Goiabeiras', CURRENT_TIMESTAMP, 'pigtraxadmin', 1);
INSERT INTO pigtraxrefdata."City" (name, "lastUpdated", "userUpdated", "id_Country") VALUES ('Goialândia', CURRENT_TIMESTAMP, 'pigtraxadmin', 1);
INSERT INTO pigtraxrefdata."City" (name, "lastUpdated", "userUpdated", "id_Country") VALUES ('Goianases', CURRENT_TIMESTAMP, 'pigtraxadmin', 1);
INSERT INTO pigtraxrefdata."City" (name, "lastUpdated", "userUpdated", "id_Country") VALUES ('Goiandira', CURRENT_TIMESTAMP, 'pigtraxadmin', 1);
INSERT INTO pigtraxrefdata."City" (name, "lastUpdated", "userUpdated", "id_Country") VALUES ('Goianésia', CURRENT_TIMESTAMP, 'pigtraxadmin', 1);
INSERT INTO pigtraxrefdata."City" (name, "lastUpdated", "userUpdated", "id_Country") VALUES ('Goianésia do Pará', CURRENT_TIMESTAMP, 'pigtraxadmin', 1);
INSERT INTO pigtraxrefdata."City" (name, "lastUpdated", "userUpdated", "id_Country") VALUES ('Goiânia', CURRENT_TIMESTAMP, 'pigtraxadmin', 1);
INSERT INTO pigtraxrefdata."City" (name, "lastUpdated", "userUpdated", "id_Country") VALUES ('Goianinha', CURRENT_TIMESTAMP, 'pigtraxadmin', 1);
INSERT INTO pigtraxrefdata."City" (name, "lastUpdated", "userUpdated", "id_Country") VALUES ('Goianira', CURRENT_TIMESTAMP, 'pigtraxadmin', 1);
INSERT INTO pigtraxrefdata."City" (name, "lastUpdated", "userUpdated", "id_Country") VALUES ('Goianorte', CURRENT_TIMESTAMP, 'pigtraxadmin', 1);
INSERT INTO pigtraxrefdata."City" (name, "lastUpdated", "userUpdated", "id_Country") VALUES ('Goiás', CURRENT_TIMESTAMP, 'pigtraxadmin', 1);
INSERT INTO pigtraxrefdata."City" (name, "lastUpdated", "userUpdated", "id_Country") VALUES ('Goiasminas', CURRENT_TIMESTAMP, 'pigtraxadmin', 1);
INSERT INTO pigtraxrefdata."City" (name, "lastUpdated", "userUpdated", "id_Country") VALUES ('Goiatins', CURRENT_TIMESTAMP, 'pigtraxadmin', 1);
INSERT INTO pigtraxrefdata."City" (name, "lastUpdated", "userUpdated", "id_Country") VALUES ('Goiatuba', CURRENT_TIMESTAMP, 'pigtraxadmin', 1);
INSERT INTO pigtraxrefdata."City" (name, "lastUpdated", "userUpdated", "id_Country") VALUES ('Goioerê', CURRENT_TIMESTAMP, 'pigtraxadmin', 1);
INSERT INTO pigtraxrefdata."City" (name, "lastUpdated", "userUpdated", "id_Country") VALUES ('Goioxim', CURRENT_TIMESTAMP, 'pigtraxadmin', 1);
INSERT INTO pigtraxrefdata."City" (name, "lastUpdated", "userUpdated", "id_Country") VALUES ('Gonçalves', CURRENT_TIMESTAMP, 'pigtraxadmin', 1);
INSERT INTO pigtraxrefdata."City" (name, "lastUpdated", "userUpdated", "id_Country") VALUES ('Gonçalves Dias', CURRENT_TIMESTAMP, 'pigtraxadmin', 1);
INSERT INTO pigtraxrefdata."City" (name, "lastUpdated", "userUpdated", "id_Country") VALUES ('Gonçalves Ferreira', CURRENT_TIMESTAMP, 'pigtraxadmin', 1);
INSERT INTO pigtraxrefdata."City" (name, "lastUpdated", "userUpdated", "id_Country") VALUES ('Gongogi', CURRENT_TIMESTAMP, 'pigtraxadmin', 1);
INSERT INTO pigtraxrefdata."City" (name, "lastUpdated", "userUpdated", "id_Country") VALUES ('Gonzaga', CURRENT_TIMESTAMP, 'pigtraxadmin', 1);
INSERT INTO pigtraxrefdata."City" (name, "lastUpdated", "userUpdated", "id_Country") VALUES ('Gouveia', CURRENT_TIMESTAMP, 'pigtraxadmin', 1);
INSERT INTO pigtraxrefdata."City" (name, "lastUpdated", "userUpdated", "id_Country") VALUES ('Gouvelândia', CURRENT_TIMESTAMP, 'pigtraxadmin', 1);
INSERT INTO pigtraxrefdata."City" (name, "lastUpdated", "userUpdated", "id_Country") VALUES ('Governador Archer', CURRENT_TIMESTAMP, 'pigtraxadmin', 1);
INSERT INTO pigtraxrefdata."City" (name, "lastUpdated", "userUpdated", "id_Country") VALUES ('Governador Celso Ramos', CURRENT_TIMESTAMP, 'pigtraxadmin', 1);
INSERT INTO pigtraxrefdata."City" (name, "lastUpdated", "userUpdated", "id_Country") VALUES ('Governador Dix-Sept Rosado', CURRENT_TIMESTAMP, 'pigtraxadmin', 1);
INSERT INTO pigtraxrefdata."City" (name, "lastUpdated", "userUpdated", "id_Country") VALUES ('Governador Dr. João Durval Carneiro', CURRENT_TIMESTAMP, 'pigtraxadmin', 1);
INSERT INTO pigtraxrefdata."City" (name, "lastUpdated", "userUpdated", "id_Country") VALUES ('Governador Edison Lobão', CURRENT_TIMESTAMP, 'pigtraxadmin', 1);
INSERT INTO pigtraxrefdata."City" (name, "lastUpdated", "userUpdated", "id_Country") VALUES ('Governador Eugênio Barros', CURRENT_TIMESTAMP, 'pigtraxadmin', 1);
INSERT INTO pigtraxrefdata."City" (name, "lastUpdated", "userUpdated", "id_Country") VALUES ('Governador Jorge Teixeira', CURRENT_TIMESTAMP, 'pigtraxadmin', 1);
INSERT INTO pigtraxrefdata."City" (name, "lastUpdated", "userUpdated", "id_Country") VALUES ('Governador Lacerda de Aguiar', CURRENT_TIMESTAMP, 'pigtraxadmin', 1);
INSERT INTO pigtraxrefdata."City" (name, "lastUpdated", "userUpdated", "id_Country") VALUES ('Governador Lindenberg', CURRENT_TIMESTAMP, 'pigtraxadmin', 1);
INSERT INTO pigtraxrefdata."City" (name, "lastUpdated", "userUpdated", "id_Country") VALUES ('Governador Luiz Rocha', CURRENT_TIMESTAMP, 'pigtraxadmin', 1);
INSERT INTO pigtraxrefdata."City" (name, "lastUpdated", "userUpdated", "id_Country") VALUES ('Governador Mangabeira', CURRENT_TIMESTAMP, 'pigtraxadmin', 1);
INSERT INTO pigtraxrefdata."City" (name, "lastUpdated", "userUpdated", "id_Country") VALUES ('Governador Newton Bello', CURRENT_TIMESTAMP, 'pigtraxadmin', 1);
INSERT INTO pigtraxrefdata."City" (name, "lastUpdated", "userUpdated", "id_Country") VALUES ('Governador Nunes Freire', CURRENT_TIMESTAMP, 'pigtraxadmin', 1);
INSERT INTO pigtraxrefdata."City" (name, "lastUpdated", "userUpdated", "id_Country") VALUES ('Governador Portela', CURRENT_TIMESTAMP, 'pigtraxadmin', 1);
INSERT INTO pigtraxrefdata."City" (name, "lastUpdated", "userUpdated", "id_Country") VALUES ('Governador Valadares', CURRENT_TIMESTAMP, 'pigtraxadmin', 1);
INSERT INTO pigtraxrefdata."City" (name, "lastUpdated", "userUpdated", "id_Country") VALUES ('Graça', CURRENT_TIMESTAMP, 'pigtraxadmin', 1);
INSERT INTO pigtraxrefdata."City" (name, "lastUpdated", "userUpdated", "id_Country") VALUES ('Graça Aranha', CURRENT_TIMESTAMP, 'pigtraxadmin', 1);
INSERT INTO pigtraxrefdata."City" (name, "lastUpdated", "userUpdated", "id_Country") VALUES ('Graciosa', CURRENT_TIMESTAMP, 'pigtraxadmin', 1);
INSERT INTO pigtraxrefdata."City" (name, "lastUpdated", "userUpdated", "id_Country") VALUES ('Grajaú', CURRENT_TIMESTAMP, 'pigtraxadmin', 1);
INSERT INTO pigtraxrefdata."City" (name, "lastUpdated", "userUpdated", "id_Country") VALUES ('Gramadão', CURRENT_TIMESTAMP, 'pigtraxadmin', 1);
INSERT INTO pigtraxrefdata."City" (name, "lastUpdated", "userUpdated", "id_Country") VALUES ('Gramadinho', CURRENT_TIMESTAMP, 'pigtraxadmin', 1);
INSERT INTO pigtraxrefdata."City" (name, "lastUpdated", "userUpdated", "id_Country") VALUES ('Gramado', CURRENT_TIMESTAMP, 'pigtraxadmin', 1);
INSERT INTO pigtraxrefdata."City" (name, "lastUpdated", "userUpdated", "id_Country") VALUES ('Gramado dos Loureiros', CURRENT_TIMESTAMP, 'pigtraxadmin', 1);
INSERT INTO pigtraxrefdata."City" (name, "lastUpdated", "userUpdated", "id_Country") VALUES ('Gramado Xavier', CURRENT_TIMESTAMP, 'pigtraxadmin', 1);
INSERT INTO pigtraxrefdata."City" (name, "lastUpdated", "userUpdated", "id_Country") VALUES ('Granada', CURRENT_TIMESTAMP, 'pigtraxadmin', 1);
INSERT INTO pigtraxrefdata."City" (name, "lastUpdated", "userUpdated", "id_Country") VALUES ('Grande Garcia', CURRENT_TIMESTAMP, 'pigtraxadmin', 1);
INSERT INTO pigtraxrefdata."City" (name, "lastUpdated", "userUpdated", "id_Country") VALUES ('Grandes Rios', CURRENT_TIMESTAMP, 'pigtraxadmin', 1);
INSERT INTO pigtraxrefdata."City" (name, "lastUpdated", "userUpdated", "id_Country") VALUES ('Granito', CURRENT_TIMESTAMP, 'pigtraxadmin', 1);
INSERT INTO pigtraxrefdata."City" (name, "lastUpdated", "userUpdated", "id_Country") VALUES ('Granja', CURRENT_TIMESTAMP, 'pigtraxadmin', 1);
INSERT INTO pigtraxrefdata."City" (name, "lastUpdated", "userUpdated", "id_Country") VALUES ('Granjeiro', CURRENT_TIMESTAMP, 'pigtraxadmin', 1);
INSERT INTO pigtraxrefdata."City" (name, "lastUpdated", "userUpdated", "id_Country") VALUES ('Grão Mogol', CURRENT_TIMESTAMP, 'pigtraxadmin', 1);
INSERT INTO pigtraxrefdata."City" (name, "lastUpdated", "userUpdated", "id_Country") VALUES ('Grão Pará', CURRENT_TIMESTAMP, 'pigtraxadmin', 1);
INSERT INTO pigtraxrefdata."City" (name, "lastUpdated", "userUpdated", "id_Country") VALUES ('Gravatá', CURRENT_TIMESTAMP, 'pigtraxadmin', 1);
INSERT INTO pigtraxrefdata."City" (name, "lastUpdated", "userUpdated", "id_Country") VALUES ('Gravatal', CURRENT_TIMESTAMP, 'pigtraxadmin', 1);
INSERT INTO pigtraxrefdata."City" (name, "lastUpdated", "userUpdated", "id_Country") VALUES ('Groaíras', CURRENT_TIMESTAMP, 'pigtraxadmin', 1);
INSERT INTO pigtraxrefdata."City" (name, "lastUpdated", "userUpdated", "id_Country") VALUES ('Grossos', CURRENT_TIMESTAMP, 'pigtraxadmin', 1);
INSERT INTO pigtraxrefdata."City" (name, "lastUpdated", "userUpdated", "id_Country") VALUES ('Grota', CURRENT_TIMESTAMP, 'pigtraxadmin', 1);
INSERT INTO pigtraxrefdata."City" (name, "lastUpdated", "userUpdated", "id_Country") VALUES ('Grupiara', CURRENT_TIMESTAMP, 'pigtraxadmin', 1);
INSERT INTO pigtraxrefdata."City" (name, "lastUpdated", "userUpdated", "id_Country") VALUES ('Grussaí', CURRENT_TIMESTAMP, 'pigtraxadmin', 1);
INSERT INTO pigtraxrefdata."City" (name, "lastUpdated", "userUpdated", "id_Country") VALUES ('Guabiju', CURRENT_TIMESTAMP, 'pigtraxadmin', 1);
INSERT INTO pigtraxrefdata."City" (name, "lastUpdated", "userUpdated", "id_Country") VALUES ('Guaçuí', CURRENT_TIMESTAMP, 'pigtraxadmin', 1);
INSERT INTO pigtraxrefdata."City" (name, "lastUpdated", "userUpdated", "id_Country") VALUES ('Guadalupe', CURRENT_TIMESTAMP, 'pigtraxadmin', 1);
INSERT INTO pigtraxrefdata."City" (name, "lastUpdated", "userUpdated", "id_Country") VALUES ('Guaí', CURRENT_TIMESTAMP, 'pigtraxadmin', 1);
INSERT INTO pigtraxrefdata."City" (name, "lastUpdated", "userUpdated", "id_Country") VALUES ('Guaíba', CURRENT_TIMESTAMP, 'pigtraxadmin', 1);
INSERT INTO pigtraxrefdata."City" (name, "lastUpdated", "userUpdated", "id_Country") VALUES ('Guaibim', CURRENT_TIMESTAMP, 'pigtraxadmin', 1);
INSERT INTO pigtraxrefdata."City" (name, "lastUpdated", "userUpdated", "id_Country") VALUES ('Guaiçara', CURRENT_TIMESTAMP, 'pigtraxadmin', 1);
INSERT INTO pigtraxrefdata."City" (name, "lastUpdated", "userUpdated", "id_Country") VALUES ('Guaicuí', CURRENT_TIMESTAMP, 'pigtraxadmin', 1);
INSERT INTO pigtraxrefdata."City" (name, "lastUpdated", "userUpdated", "id_Country") VALUES ('Guaimbê', CURRENT_TIMESTAMP, 'pigtraxadmin', 1);
INSERT INTO pigtraxrefdata."City" (name, "lastUpdated", "userUpdated", "id_Country") VALUES ('Guaiporã', CURRENT_TIMESTAMP, 'pigtraxadmin', 1);
INSERT INTO pigtraxrefdata."City" (name, "lastUpdated", "userUpdated", "id_Country") VALUES ('Guaíra', CURRENT_TIMESTAMP, 'pigtraxadmin', 1);
INSERT INTO pigtraxrefdata."City" (name, "lastUpdated", "userUpdated", "id_Country") VALUES ('Guairaçá', CURRENT_TIMESTAMP, 'pigtraxadmin', 1);
INSERT INTO pigtraxrefdata."City" (name, "lastUpdated", "userUpdated", "id_Country") VALUES ('Guaiúba', CURRENT_TIMESTAMP, 'pigtraxadmin', 1);
INSERT INTO pigtraxrefdata."City" (name, "lastUpdated", "userUpdated", "id_Country") VALUES ('Guajará', CURRENT_TIMESTAMP, 'pigtraxadmin', 1);
INSERT INTO pigtraxrefdata."City" (name, "lastUpdated", "userUpdated", "id_Country") VALUES ('Guajará-Mirim', CURRENT_TIMESTAMP, 'pigtraxadmin', 1);
INSERT INTO pigtraxrefdata."City" (name, "lastUpdated", "userUpdated", "id_Country") VALUES ('Guajeru', CURRENT_TIMESTAMP, 'pigtraxadmin', 1);
INSERT INTO pigtraxrefdata."City" (name, "lastUpdated", "userUpdated", "id_Country") VALUES ('Gualdrapas', CURRENT_TIMESTAMP, 'pigtraxadmin', 1);
INSERT INTO pigtraxrefdata."City" (name, "lastUpdated", "userUpdated", "id_Country") VALUES ('Guamaré', CURRENT_TIMESTAMP, 'pigtraxadmin', 1);
INSERT INTO pigtraxrefdata."City" (name, "lastUpdated", "userUpdated", "id_Country") VALUES ('Guamiranga', CURRENT_TIMESTAMP, 'pigtraxadmin', 1);
INSERT INTO pigtraxrefdata."City" (name, "lastUpdated", "userUpdated", "id_Country") VALUES ('Guamirim', CURRENT_TIMESTAMP, 'pigtraxadmin', 1);
INSERT INTO pigtraxrefdata."City" (name, "lastUpdated", "userUpdated", "id_Country") VALUES ('Guanacés', CURRENT_TIMESTAMP, 'pigtraxadmin', 1);
INSERT INTO pigtraxrefdata."City" (name, "lastUpdated", "userUpdated", "id_Country") VALUES ('Guanambi', CURRENT_TIMESTAMP, 'pigtraxadmin', 1);
INSERT INTO pigtraxrefdata."City" (name, "lastUpdated", "userUpdated", "id_Country") VALUES ('Guanhães', CURRENT_TIMESTAMP, 'pigtraxadmin', 1);
INSERT INTO pigtraxrefdata."City" (name, "lastUpdated", "userUpdated", "id_Country") VALUES ('Guanumbi', CURRENT_TIMESTAMP, 'pigtraxadmin', 1);
INSERT INTO pigtraxrefdata."City" (name, "lastUpdated", "userUpdated", "id_Country") VALUES ('Guapé', CURRENT_TIMESTAMP, 'pigtraxadmin', 1);
INSERT INTO pigtraxrefdata."City" (name, "lastUpdated", "userUpdated", "id_Country") VALUES ('Guapiaçu', CURRENT_TIMESTAMP, 'pigtraxadmin', 1);
INSERT INTO pigtraxrefdata."City" (name, "lastUpdated", "userUpdated", "id_Country") VALUES ('Guapiara', CURRENT_TIMESTAMP, 'pigtraxadmin', 1);
INSERT INTO pigtraxrefdata."City" (name, "lastUpdated", "userUpdated", "id_Country") VALUES ('Guapimirim', CURRENT_TIMESTAMP, 'pigtraxadmin', 1);
INSERT INTO pigtraxrefdata."City" (name, "lastUpdated", "userUpdated", "id_Country") VALUES ('Guapirama', CURRENT_TIMESTAMP, 'pigtraxadmin', 1);
INSERT INTO pigtraxrefdata."City" (name, "lastUpdated", "userUpdated", "id_Country") VALUES ('Guapó', CURRENT_TIMESTAMP, 'pigtraxadmin', 1);
INSERT INTO pigtraxrefdata."City" (name, "lastUpdated", "userUpdated", "id_Country") VALUES ('Guaporanga', CURRENT_TIMESTAMP, 'pigtraxadmin', 1);
INSERT INTO pigtraxrefdata."City" (name, "lastUpdated", "userUpdated", "id_Country") VALUES ('Guaporé', CURRENT_TIMESTAMP, 'pigtraxadmin', 1);
INSERT INTO pigtraxrefdata."City" (name, "lastUpdated", "userUpdated", "id_Country") VALUES ('Guaporema', CURRENT_TIMESTAMP, 'pigtraxadmin', 1);
INSERT INTO pigtraxrefdata."City" (name, "lastUpdated", "userUpdated", "id_Country") VALUES ('Guará', CURRENT_TIMESTAMP, 'pigtraxadmin', 1);
INSERT INTO pigtraxrefdata."City" (name, "lastUpdated", "userUpdated", "id_Country") VALUES ('Guarabira', CURRENT_TIMESTAMP, 'pigtraxadmin', 1);
INSERT INTO pigtraxrefdata."City" (name, "lastUpdated", "userUpdated", "id_Country") VALUES ('Guaraçaí', CURRENT_TIMESTAMP, 'pigtraxadmin', 1);
INSERT INTO pigtraxrefdata."City" (name, "lastUpdated", "userUpdated", "id_Country") VALUES ('Guaraci', CURRENT_TIMESTAMP, 'pigtraxadmin', 1);
INSERT INTO pigtraxrefdata."City" (name, "lastUpdated", "userUpdated", "id_Country") VALUES ('Guaraciaba', CURRENT_TIMESTAMP, 'pigtraxadmin', 1);
INSERT INTO pigtraxrefdata."City" (name, "lastUpdated", "userUpdated", "id_Country") VALUES ('Guaraciaba do Norte', CURRENT_TIMESTAMP, 'pigtraxadmin', 1);
INSERT INTO pigtraxrefdata."City" (name, "lastUpdated", "userUpdated", "id_Country") VALUES ('Guaraciama', CURRENT_TIMESTAMP, 'pigtraxadmin', 1);
INSERT INTO pigtraxrefdata."City" (name, "lastUpdated", "userUpdated", "id_Country") VALUES ('Guaragi', CURRENT_TIMESTAMP, 'pigtraxadmin', 1);
INSERT INTO pigtraxrefdata."City" (name, "lastUpdated", "userUpdated", "id_Country") VALUES ('Guaraí', CURRENT_TIMESTAMP, 'pigtraxadmin', 1);
INSERT INTO pigtraxrefdata."City" (name, "lastUpdated", "userUpdated", "id_Country") VALUES ('Guaraíta', CURRENT_TIMESTAMP, 'pigtraxadmin', 1);
INSERT INTO pigtraxrefdata."City" (name, "lastUpdated", "userUpdated", "id_Country") VALUES ('Guaramiranga', CURRENT_TIMESTAMP, 'pigtraxadmin', 1);
INSERT INTO pigtraxrefdata."City" (name, "lastUpdated", "userUpdated", "id_Country") VALUES ('Guaramirim', CURRENT_TIMESTAMP, 'pigtraxadmin', 1);
INSERT INTO pigtraxrefdata."City" (name, "lastUpdated", "userUpdated", "id_Country") VALUES ('Guaraná', CURRENT_TIMESTAMP, 'pigtraxadmin', 1);
INSERT INTO pigtraxrefdata."City" (name, "lastUpdated", "userUpdated", "id_Country") VALUES ('Guaranésia', CURRENT_TIMESTAMP, 'pigtraxadmin', 1);
INSERT INTO pigtraxrefdata."City" (name, "lastUpdated", "userUpdated", "id_Country") VALUES ('Guarani', CURRENT_TIMESTAMP, 'pigtraxadmin', 1);
INSERT INTO pigtraxrefdata."City" (name, "lastUpdated", "userUpdated", "id_Country") VALUES ('Guarani das Missões', CURRENT_TIMESTAMP, 'pigtraxadmin', 1);
INSERT INTO pigtraxrefdata."City" (name, "lastUpdated", "userUpdated", "id_Country") VALUES ('Guarani de Goiás', CURRENT_TIMESTAMP, 'pigtraxadmin', 1);
INSERT INTO pigtraxrefdata."City" (name, "lastUpdated", "userUpdated", "id_Country") VALUES ('Guarani d''Oeste', CURRENT_TIMESTAMP, 'pigtraxadmin', 1);
INSERT INTO pigtraxrefdata."City" (name, "lastUpdated", "userUpdated", "id_Country") VALUES ('Guaraniaçu', CURRENT_TIMESTAMP, 'pigtraxadmin', 1);
INSERT INTO pigtraxrefdata."City" (name, "lastUpdated", "userUpdated", "id_Country") VALUES ('Guarantã', CURRENT_TIMESTAMP, 'pigtraxadmin', 1);
INSERT INTO pigtraxrefdata."City" (name, "lastUpdated", "userUpdated", "id_Country") VALUES ('Guarantã do Norte', CURRENT_TIMESTAMP, 'pigtraxadmin', 1);
INSERT INTO pigtraxrefdata."City" (name, "lastUpdated", "userUpdated", "id_Country") VALUES ('Guarapari', CURRENT_TIMESTAMP, 'pigtraxadmin', 1);
INSERT INTO pigtraxrefdata."City" (name, "lastUpdated", "userUpdated", "id_Country") VALUES ('Guarapiranga', CURRENT_TIMESTAMP, 'pigtraxadmin', 1);
INSERT INTO pigtraxrefdata."City" (name, "lastUpdated", "userUpdated", "id_Country") VALUES ('Guarapuã', CURRENT_TIMESTAMP, 'pigtraxadmin', 1);
INSERT INTO pigtraxrefdata."City" (name, "lastUpdated", "userUpdated", "id_Country") VALUES ('Guarapuava', CURRENT_TIMESTAMP, 'pigtraxadmin', 1);
INSERT INTO pigtraxrefdata."City" (name, "lastUpdated", "userUpdated", "id_Country") VALUES ('Guaraqueçaba', CURRENT_TIMESTAMP, 'pigtraxadmin', 1);
INSERT INTO pigtraxrefdata."City" (name, "lastUpdated", "userUpdated", "id_Country") VALUES ('Guarará', CURRENT_TIMESTAMP, 'pigtraxadmin', 1);
INSERT INTO pigtraxrefdata."City" (name, "lastUpdated", "userUpdated", "id_Country") VALUES ('Guararapes', CURRENT_TIMESTAMP, 'pigtraxadmin', 1);
INSERT INTO pigtraxrefdata."City" (name, "lastUpdated", "userUpdated", "id_Country") VALUES ('Guararema', CURRENT_TIMESTAMP, 'pigtraxadmin', 1);
INSERT INTO pigtraxrefdata."City" (name, "lastUpdated", "userUpdated", "id_Country") VALUES ('Guararu', CURRENT_TIMESTAMP, 'pigtraxadmin', 1);
INSERT INTO pigtraxrefdata."City" (name, "lastUpdated", "userUpdated", "id_Country") VALUES ('Guaratinga', CURRENT_TIMESTAMP, 'pigtraxadmin', 1);
INSERT INTO pigtraxrefdata."City" (name, "lastUpdated", "userUpdated", "id_Country") VALUES ('Guaratinguetá', CURRENT_TIMESTAMP, 'pigtraxadmin', 1);
INSERT INTO pigtraxrefdata."City" (name, "lastUpdated", "userUpdated", "id_Country") VALUES ('Guaratuba', CURRENT_TIMESTAMP, 'pigtraxadmin', 1);
INSERT INTO pigtraxrefdata."City" (name, "lastUpdated", "userUpdated", "id_Country") VALUES ('Guaravera', CURRENT_TIMESTAMP, 'pigtraxadmin', 1);
INSERT INTO pigtraxrefdata."City" (name, "lastUpdated", "userUpdated", "id_Country") VALUES ('Guarda dos Ferreiros', CURRENT_TIMESTAMP, 'pigtraxadmin', 1);
INSERT INTO pigtraxrefdata."City" (name, "lastUpdated", "userUpdated", "id_Country") VALUES ('Guarda-Mor', CURRENT_TIMESTAMP, 'pigtraxadmin', 1);
INSERT INTO pigtraxrefdata."City" (name, "lastUpdated", "userUpdated", "id_Country") VALUES ('Guardinha', CURRENT_TIMESTAMP, 'pigtraxadmin', 1);
INSERT INTO pigtraxrefdata."City" (name, "lastUpdated", "userUpdated", "id_Country") VALUES ('Guareí', CURRENT_TIMESTAMP, 'pigtraxadmin', 1);
INSERT INTO pigtraxrefdata."City" (name, "lastUpdated", "userUpdated", "id_Country") VALUES ('Guariba', CURRENT_TIMESTAMP, 'pigtraxadmin', 1);
INSERT INTO pigtraxrefdata."City" (name, "lastUpdated", "userUpdated", "id_Country") VALUES ('Guaribas', CURRENT_TIMESTAMP, 'pigtraxadmin', 1);
INSERT INTO pigtraxrefdata."City" (name, "lastUpdated", "userUpdated", "id_Country") VALUES ('Guaricanga', CURRENT_TIMESTAMP, 'pigtraxadmin', 1);
INSERT INTO pigtraxrefdata."City" (name, "lastUpdated", "userUpdated", "id_Country") VALUES ('Guarinos', CURRENT_TIMESTAMP, 'pigtraxadmin', 1);
INSERT INTO pigtraxrefdata."City" (name, "lastUpdated", "userUpdated", "id_Country") VALUES ('Guariroba', CURRENT_TIMESTAMP, 'pigtraxadmin', 1);
INSERT INTO pigtraxrefdata."City" (name, "lastUpdated", "userUpdated", "id_Country") VALUES ('Guarizinho', CURRENT_TIMESTAMP, 'pigtraxadmin', 1);
INSERT INTO pigtraxrefdata."City" (name, "lastUpdated", "userUpdated", "id_Country") VALUES ('Guarujá', CURRENT_TIMESTAMP, 'pigtraxadmin', 1);
INSERT INTO pigtraxrefdata."City" (name, "lastUpdated", "userUpdated", "id_Country") VALUES ('Guarujá do Sul', CURRENT_TIMESTAMP, 'pigtraxadmin', 1);
INSERT INTO pigtraxrefdata."City" (name, "lastUpdated", "userUpdated", "id_Country") VALUES ('Guarulhos', CURRENT_TIMESTAMP, 'pigtraxadmin', 1);
INSERT INTO pigtraxrefdata."City" (name, "lastUpdated", "userUpdated", "id_Country") VALUES ('Guatá', CURRENT_TIMESTAMP, 'pigtraxadmin', 1);
INSERT INTO pigtraxrefdata."City" (name, "lastUpdated", "userUpdated", "id_Country") VALUES ('Guatambú', CURRENT_TIMESTAMP, 'pigtraxadmin', 1);
INSERT INTO pigtraxrefdata."City" (name, "lastUpdated", "userUpdated", "id_Country") VALUES ('Guatapará', CURRENT_TIMESTAMP, 'pigtraxadmin', 1);
INSERT INTO pigtraxrefdata."City" (name, "lastUpdated", "userUpdated", "id_Country") VALUES ('Guaxupé', CURRENT_TIMESTAMP, 'pigtraxadmin', 1);
INSERT INTO pigtraxrefdata."City" (name, "lastUpdated", "userUpdated", "id_Country") VALUES ('Guia', CURRENT_TIMESTAMP, 'pigtraxadmin', 1);
INSERT INTO pigtraxrefdata."City" (name, "lastUpdated", "userUpdated", "id_Country") VALUES ('Guia de Pacobaíba', CURRENT_TIMESTAMP, 'pigtraxadmin', 1);
INSERT INTO pigtraxrefdata."City" (name, "lastUpdated", "userUpdated", "id_Country") VALUES ('Guia Lopes da Laguna', CURRENT_TIMESTAMP, 'pigtraxadmin', 1);
INSERT INTO pigtraxrefdata."City" (name, "lastUpdated", "userUpdated", "id_Country") VALUES ('Guidoval', CURRENT_TIMESTAMP, 'pigtraxadmin', 1);
INSERT INTO pigtraxrefdata."City" (name, "lastUpdated", "userUpdated", "id_Country") VALUES ('Guimarães', CURRENT_TIMESTAMP, 'pigtraxadmin', 1);
INSERT INTO pigtraxrefdata."City" (name, "lastUpdated", "userUpdated", "id_Country") VALUES ('Guimarânia', CURRENT_TIMESTAMP, 'pigtraxadmin', 1);
INSERT INTO pigtraxrefdata."City" (name, "lastUpdated", "userUpdated", "id_Country") VALUES ('Guiné', CURRENT_TIMESTAMP, 'pigtraxadmin', 1);
INSERT INTO pigtraxrefdata."City" (name, "lastUpdated", "userUpdated", "id_Country") VALUES ('Guirapá', CURRENT_TIMESTAMP, 'pigtraxadmin', 1);
INSERT INTO pigtraxrefdata."City" (name, "lastUpdated", "userUpdated", "id_Country") VALUES ('Guiratinga', CURRENT_TIMESTAMP, 'pigtraxadmin', 1);
INSERT INTO pigtraxrefdata."City" (name, "lastUpdated", "userUpdated", "id_Country") VALUES ('Guiricema', CURRENT_TIMESTAMP, 'pigtraxadmin', 1);
INSERT INTO pigtraxrefdata."City" (name, "lastUpdated", "userUpdated", "id_Country") VALUES ('Gurinhatã', CURRENT_TIMESTAMP, 'pigtraxadmin', 1);
INSERT INTO pigtraxrefdata."City" (name, "lastUpdated", "userUpdated", "id_Country") VALUES ('Gurinhém', CURRENT_TIMESTAMP, 'pigtraxadmin', 1);
INSERT INTO pigtraxrefdata."City" (name, "lastUpdated", "userUpdated", "id_Country") VALUES ('Guriú', CURRENT_TIMESTAMP, 'pigtraxadmin', 1);
INSERT INTO pigtraxrefdata."City" (name, "lastUpdated", "userUpdated", "id_Country") VALUES ('Gurjão', CURRENT_TIMESTAMP, 'pigtraxadmin', 1);
INSERT INTO pigtraxrefdata."City" (name, "lastUpdated", "userUpdated", "id_Country") VALUES ('Gurupá', CURRENT_TIMESTAMP, 'pigtraxadmin', 1);
INSERT INTO pigtraxrefdata."City" (name, "lastUpdated", "userUpdated", "id_Country") VALUES ('Gurupi', CURRENT_TIMESTAMP, 'pigtraxadmin', 1);
INSERT INTO pigtraxrefdata."City" (name, "lastUpdated", "userUpdated", "id_Country") VALUES ('Guzolândia', CURRENT_TIMESTAMP, 'pigtraxadmin', 1);
INSERT INTO pigtraxrefdata."City" (name, "lastUpdated", "userUpdated", "id_Country") VALUES ('Harmonia', CURRENT_TIMESTAMP, 'pigtraxadmin', 1);
INSERT INTO pigtraxrefdata."City" (name, "lastUpdated", "userUpdated", "id_Country") VALUES ('Heitoraí', CURRENT_TIMESTAMP, 'pigtraxadmin', 1);
INSERT INTO pigtraxrefdata."City" (name, "lastUpdated", "userUpdated", "id_Country") VALUES ('Heliodora', CURRENT_TIMESTAMP, 'pigtraxadmin', 1);
INSERT INTO pigtraxrefdata."City" (name, "lastUpdated", "userUpdated", "id_Country") VALUES ('Heliópolis', CURRENT_TIMESTAMP, 'pigtraxadmin', 1);
INSERT INTO pigtraxrefdata."City" (name, "lastUpdated", "userUpdated", "id_Country") VALUES ('Hematita', CURRENT_TIMESTAMP, 'pigtraxadmin', 1);
INSERT INTO pigtraxrefdata."City" (name, "lastUpdated", "userUpdated", "id_Country") VALUES ('Herculândia', CURRENT_TIMESTAMP, 'pigtraxadmin', 1);
INSERT INTO pigtraxrefdata."City" (name, "lastUpdated", "userUpdated", "id_Country") VALUES ('Hermilo Alves', CURRENT_TIMESTAMP, 'pigtraxadmin', 1);
INSERT INTO pigtraxrefdata."City" (name, "lastUpdated", "userUpdated", "id_Country") VALUES ('Herval', CURRENT_TIMESTAMP, 'pigtraxadmin', 1);
INSERT INTO pigtraxrefdata."City" (name, "lastUpdated", "userUpdated", "id_Country") VALUES ('Herval d''Oeste', CURRENT_TIMESTAMP, 'pigtraxadmin', 1);
INSERT INTO pigtraxrefdata."City" (name, "lastUpdated", "userUpdated", "id_Country") VALUES ('Herveira', CURRENT_TIMESTAMP, 'pigtraxadmin', 1);
INSERT INTO pigtraxrefdata."City" (name, "lastUpdated", "userUpdated", "id_Country") VALUES ('Hidrolândia', CURRENT_TIMESTAMP, 'pigtraxadmin', 1);
INSERT INTO pigtraxrefdata."City" (name, "lastUpdated", "userUpdated", "id_Country") VALUES ('Hidrolina', CURRENT_TIMESTAMP, 'pigtraxadmin', 1);
INSERT INTO pigtraxrefdata."City" (name, "lastUpdated", "userUpdated", "id_Country") VALUES ('Holambra', CURRENT_TIMESTAMP, 'pigtraxadmin', 1);
INSERT INTO pigtraxrefdata."City" (name, "lastUpdated", "userUpdated", "id_Country") VALUES ('Holanda', CURRENT_TIMESTAMP, 'pigtraxadmin', 1);
INSERT INTO pigtraxrefdata."City" (name, "lastUpdated", "userUpdated", "id_Country") VALUES ('Honório Serpa', CURRENT_TIMESTAMP, 'pigtraxadmin', 1);
INSERT INTO pigtraxrefdata."City" (name, "lastUpdated", "userUpdated", "id_Country") VALUES ('Honorópolis', CURRENT_TIMESTAMP, 'pigtraxadmin', 1);
INSERT INTO pigtraxrefdata."City" (name, "lastUpdated", "userUpdated", "id_Country") VALUES ('Horizonte', CURRENT_TIMESTAMP, 'pigtraxadmin', 1);
INSERT INTO pigtraxrefdata."City" (name, "lastUpdated", "userUpdated", "id_Country") VALUES ('Horizonte Alegre', CURRENT_TIMESTAMP, 'pigtraxadmin', 1);
INSERT INTO pigtraxrefdata."City" (name, "lastUpdated", "userUpdated", "id_Country") VALUES ('Horizontina', CURRENT_TIMESTAMP, 'pigtraxadmin', 1);
INSERT INTO pigtraxrefdata."City" (name, "lastUpdated", "userUpdated", "id_Country") VALUES ('Hortolândia', CURRENT_TIMESTAMP, 'pigtraxadmin', 1);
INSERT INTO pigtraxrefdata."City" (name, "lastUpdated", "userUpdated", "id_Country") VALUES ('Hugo Napoleão', CURRENT_TIMESTAMP, 'pigtraxadmin', 1);
INSERT INTO pigtraxrefdata."City" (name, "lastUpdated", "userUpdated", "id_Country") VALUES ('Hulha Negra', CURRENT_TIMESTAMP, 'pigtraxadmin', 1);
INSERT INTO pigtraxrefdata."City" (name, "lastUpdated", "userUpdated", "id_Country") VALUES ('Humaitá', CURRENT_TIMESTAMP, 'pigtraxadmin', 1);
INSERT INTO pigtraxrefdata."City" (name, "lastUpdated", "userUpdated", "id_Country") VALUES ('Humberto de Campos', CURRENT_TIMESTAMP, 'pigtraxadmin', 1);
INSERT INTO pigtraxrefdata."City" (name, "lastUpdated", "userUpdated", "id_Country") VALUES ('Iacanga', CURRENT_TIMESTAMP, 'pigtraxadmin', 1);
INSERT INTO pigtraxrefdata."City" (name, "lastUpdated", "userUpdated", "id_Country") VALUES ('Iaciara', CURRENT_TIMESTAMP, 'pigtraxadmin', 1);
INSERT INTO pigtraxrefdata."City" (name, "lastUpdated", "userUpdated", "id_Country") VALUES ('Iacri', CURRENT_TIMESTAMP, 'pigtraxadmin', 1);
INSERT INTO pigtraxrefdata."City" (name, "lastUpdated", "userUpdated", "id_Country") VALUES ('Iaçu', CURRENT_TIMESTAMP, 'pigtraxadmin', 1);
INSERT INTO pigtraxrefdata."City" (name, "lastUpdated", "userUpdated", "id_Country") VALUES ('Iapu', CURRENT_TIMESTAMP, 'pigtraxadmin', 1);
INSERT INTO pigtraxrefdata."City" (name, "lastUpdated", "userUpdated", "id_Country") VALUES ('Iara', CURRENT_TIMESTAMP, 'pigtraxadmin', 1);
INSERT INTO pigtraxrefdata."City" (name, "lastUpdated", "userUpdated", "id_Country") VALUES ('Iaras', CURRENT_TIMESTAMP, 'pigtraxadmin', 1);
INSERT INTO pigtraxrefdata."City" (name, "lastUpdated", "userUpdated", "id_Country") VALUES ('Iatecá', CURRENT_TIMESTAMP, 'pigtraxadmin', 1);
INSERT INTO pigtraxrefdata."City" (name, "lastUpdated", "userUpdated", "id_Country") VALUES ('Iati', CURRENT_TIMESTAMP, 'pigtraxadmin', 1);
INSERT INTO pigtraxrefdata."City" (name, "lastUpdated", "userUpdated", "id_Country") VALUES ('Ibaiti', CURRENT_TIMESTAMP, 'pigtraxadmin', 1);
INSERT INTO pigtraxrefdata."City" (name, "lastUpdated", "userUpdated", "id_Country") VALUES ('Ibarama', CURRENT_TIMESTAMP, 'pigtraxadmin', 1);
INSERT INTO pigtraxrefdata."City" (name, "lastUpdated", "userUpdated", "id_Country") VALUES ('Ibaretama', CURRENT_TIMESTAMP, 'pigtraxadmin', 1);
INSERT INTO pigtraxrefdata."City" (name, "lastUpdated", "userUpdated", "id_Country") VALUES ('Ibaté', CURRENT_TIMESTAMP, 'pigtraxadmin', 1);
INSERT INTO pigtraxrefdata."City" (name, "lastUpdated", "userUpdated", "id_Country") VALUES ('Ibateguara', CURRENT_TIMESTAMP, 'pigtraxadmin', 1);
INSERT INTO pigtraxrefdata."City" (name, "lastUpdated", "userUpdated", "id_Country") VALUES ('Ibatiba', CURRENT_TIMESTAMP, 'pigtraxadmin', 1);
INSERT INTO pigtraxrefdata."City" (name, "lastUpdated", "userUpdated", "id_Country") VALUES ('Ibema', CURRENT_TIMESTAMP, 'pigtraxadmin', 1);
INSERT INTO pigtraxrefdata."City" (name, "lastUpdated", "userUpdated", "id_Country") VALUES ('Ibertioga', CURRENT_TIMESTAMP, 'pigtraxadmin', 1);
INSERT INTO pigtraxrefdata."City" (name, "lastUpdated", "userUpdated", "id_Country") VALUES ('Ibes', CURRENT_TIMESTAMP, 'pigtraxadmin', 1);
INSERT INTO pigtraxrefdata."City" (name, "lastUpdated", "userUpdated", "id_Country") VALUES ('Ibiá', CURRENT_TIMESTAMP, 'pigtraxadmin', 1);
INSERT INTO pigtraxrefdata."City" (name, "lastUpdated", "userUpdated", "id_Country") VALUES ('Ibiaçá', CURRENT_TIMESTAMP, 'pigtraxadmin', 1);
INSERT INTO pigtraxrefdata."City" (name, "lastUpdated", "userUpdated", "id_Country") VALUES ('Ibiaci', CURRENT_TIMESTAMP, 'pigtraxadmin', 1);
INSERT INTO pigtraxrefdata."City" (name, "lastUpdated", "userUpdated", "id_Country") VALUES ('Ibiaí', CURRENT_TIMESTAMP, 'pigtraxadmin', 1);
INSERT INTO pigtraxrefdata."City" (name, "lastUpdated", "userUpdated", "id_Country") VALUES ('Ibiajara', CURRENT_TIMESTAMP, 'pigtraxadmin', 1);
INSERT INTO pigtraxrefdata."City" (name, "lastUpdated", "userUpdated", "id_Country") VALUES ('Ibiam', CURRENT_TIMESTAMP, 'pigtraxadmin', 1);
INSERT INTO pigtraxrefdata."City" (name, "lastUpdated", "userUpdated", "id_Country") VALUES ('Ibiapaba', CURRENT_TIMESTAMP, 'pigtraxadmin', 1);
INSERT INTO pigtraxrefdata."City" (name, "lastUpdated", "userUpdated", "id_Country") VALUES ('Ibiapina', CURRENT_TIMESTAMP, 'pigtraxadmin', 1);
INSERT INTO pigtraxrefdata."City" (name, "lastUpdated", "userUpdated", "id_Country") VALUES ('Ibiaporã', CURRENT_TIMESTAMP, 'pigtraxadmin', 1);
INSERT INTO pigtraxrefdata."City" (name, "lastUpdated", "userUpdated", "id_Country") VALUES ('Ibiara', CURRENT_TIMESTAMP, 'pigtraxadmin', 1);
INSERT INTO pigtraxrefdata."City" (name, "lastUpdated", "userUpdated", "id_Country") VALUES ('Ibiassucê', CURRENT_TIMESTAMP, 'pigtraxadmin', 1);
INSERT INTO pigtraxrefdata."City" (name, "lastUpdated", "userUpdated", "id_Country") VALUES ('Ibicaraí', CURRENT_TIMESTAMP, 'pigtraxadmin', 1);
INSERT INTO pigtraxrefdata."City" (name, "lastUpdated", "userUpdated", "id_Country") VALUES ('Ibicaré', CURRENT_TIMESTAMP, 'pigtraxadmin', 1);
INSERT INTO pigtraxrefdata."City" (name, "lastUpdated", "userUpdated", "id_Country") VALUES ('Ibicoara', CURRENT_TIMESTAMP, 'pigtraxadmin', 1);
INSERT INTO pigtraxrefdata."City" (name, "lastUpdated", "userUpdated", "id_Country") VALUES ('Ibicuã', CURRENT_TIMESTAMP, 'pigtraxadmin', 1);
INSERT INTO pigtraxrefdata."City" (name, "lastUpdated", "userUpdated", "id_Country") VALUES ('Ibicuí', CURRENT_TIMESTAMP, 'pigtraxadmin', 1);
INSERT INTO pigtraxrefdata."City" (name, "lastUpdated", "userUpdated", "id_Country") VALUES ('Ibicuitaba', CURRENT_TIMESTAMP, 'pigtraxadmin', 1);
INSERT INTO pigtraxrefdata."City" (name, "lastUpdated", "userUpdated", "id_Country") VALUES ('Ibicuitinga', CURRENT_TIMESTAMP, 'pigtraxadmin', 1);
INSERT INTO pigtraxrefdata."City" (name, "lastUpdated", "userUpdated", "id_Country") VALUES ('Ibimirim', CURRENT_TIMESTAMP, 'pigtraxadmin', 1);
INSERT INTO pigtraxrefdata."City" (name, "lastUpdated", "userUpdated", "id_Country") VALUES ('Ibipeba', CURRENT_TIMESTAMP, 'pigtraxadmin', 1);
INSERT INTO pigtraxrefdata."City" (name, "lastUpdated", "userUpdated", "id_Country") VALUES ('Ibipetum', CURRENT_TIMESTAMP, 'pigtraxadmin', 1);
INSERT INTO pigtraxrefdata."City" (name, "lastUpdated", "userUpdated", "id_Country") VALUES ('Ibipira', CURRENT_TIMESTAMP, 'pigtraxadmin', 1);
INSERT INTO pigtraxrefdata."City" (name, "lastUpdated", "userUpdated", "id_Country") VALUES ('Ibipitanga', CURRENT_TIMESTAMP, 'pigtraxadmin', 1);
INSERT INTO pigtraxrefdata."City" (name, "lastUpdated", "userUpdated", "id_Country") VALUES ('Ibiporã', CURRENT_TIMESTAMP, 'pigtraxadmin', 1);
INSERT INTO pigtraxrefdata."City" (name, "lastUpdated", "userUpdated", "id_Country") VALUES ('Ibiquera', CURRENT_TIMESTAMP, 'pigtraxadmin', 1);
INSERT INTO pigtraxrefdata."City" (name, "lastUpdated", "userUpdated", "id_Country") VALUES ('Ibirá', CURRENT_TIMESTAMP, 'pigtraxadmin', 1);
INSERT INTO pigtraxrefdata."City" (name, "lastUpdated", "userUpdated", "id_Country") VALUES ('Ibiracatu', CURRENT_TIMESTAMP, 'pigtraxadmin', 1);
INSERT INTO pigtraxrefdata."City" (name, "lastUpdated", "userUpdated", "id_Country") VALUES ('Ibiraci', CURRENT_TIMESTAMP, 'pigtraxadmin', 1);
INSERT INTO pigtraxrefdata."City" (name, "lastUpdated", "userUpdated", "id_Country") VALUES ('Ibiraçu', CURRENT_TIMESTAMP, 'pigtraxadmin', 1);
INSERT INTO pigtraxrefdata."City" (name, "lastUpdated", "userUpdated", "id_Country") VALUES ('Ibiraiaras', CURRENT_TIMESTAMP, 'pigtraxadmin', 1);
INSERT INTO pigtraxrefdata."City" (name, "lastUpdated", "userUpdated", "id_Country") VALUES ('Ibirajá', CURRENT_TIMESTAMP, 'pigtraxadmin', 1);
INSERT INTO pigtraxrefdata."City" (name, "lastUpdated", "userUpdated", "id_Country") VALUES ('Ibirajuba', CURRENT_TIMESTAMP, 'pigtraxadmin', 1);
INSERT INTO pigtraxrefdata."City" (name, "lastUpdated", "userUpdated", "id_Country") VALUES ('Ibirama', CURRENT_TIMESTAMP, 'pigtraxadmin', 1);
INSERT INTO pigtraxrefdata."City" (name, "lastUpdated", "userUpdated", "id_Country") VALUES ('Ibiranga', CURRENT_TIMESTAMP, 'pigtraxadmin', 1);
INSERT INTO pigtraxrefdata."City" (name, "lastUpdated", "userUpdated", "id_Country") VALUES ('Ibirapuã', CURRENT_TIMESTAMP, 'pigtraxadmin', 1);
INSERT INTO pigtraxrefdata."City" (name, "lastUpdated", "userUpdated", "id_Country") VALUES ('Ibirapuitã', CURRENT_TIMESTAMP, 'pigtraxadmin', 1);
INSERT INTO pigtraxrefdata."City" (name, "lastUpdated", "userUpdated", "id_Country") VALUES ('Ibirarema', CURRENT_TIMESTAMP, 'pigtraxadmin', 1);
INSERT INTO pigtraxrefdata."City" (name, "lastUpdated", "userUpdated", "id_Country") VALUES ('Ibirataia', CURRENT_TIMESTAMP, 'pigtraxadmin', 1);
INSERT INTO pigtraxrefdata."City" (name, "lastUpdated", "userUpdated", "id_Country") VALUES ('Ibiratinga', CURRENT_TIMESTAMP, 'pigtraxadmin', 1);
INSERT INTO pigtraxrefdata."City" (name, "lastUpdated", "userUpdated", "id_Country") VALUES ('Ibirité', CURRENT_TIMESTAMP, 'pigtraxadmin', 1);
INSERT INTO pigtraxrefdata."City" (name, "lastUpdated", "userUpdated", "id_Country") VALUES ('Ibirubá', CURRENT_TIMESTAMP, 'pigtraxadmin', 1);
INSERT INTO pigtraxrefdata."City" (name, "lastUpdated", "userUpdated", "id_Country") VALUES ('Ibitiara', CURRENT_TIMESTAMP, 'pigtraxadmin', 1);
INSERT INTO pigtraxrefdata."City" (name, "lastUpdated", "userUpdated", "id_Country") VALUES ('Ibitinga', CURRENT_TIMESTAMP, 'pigtraxadmin', 1);
INSERT INTO pigtraxrefdata."City" (name, "lastUpdated", "userUpdated", "id_Country") VALUES ('Ibitioca', CURRENT_TIMESTAMP, 'pigtraxadmin', 1);
INSERT INTO pigtraxrefdata."City" (name, "lastUpdated", "userUpdated", "id_Country") VALUES ('Ibitira', CURRENT_TIMESTAMP, 'pigtraxadmin', 1);
INSERT INTO pigtraxrefdata."City" (name, "lastUpdated", "userUpdated", "id_Country") VALUES ('Ibitirama', CURRENT_TIMESTAMP, 'pigtraxadmin', 1);
INSERT INTO pigtraxrefdata."City" (name, "lastUpdated", "userUpdated", "id_Country") VALUES ('Ibitiranga', CURRENT_TIMESTAMP, 'pigtraxadmin', 1);
INSERT INTO pigtraxrefdata."City" (name, "lastUpdated", "userUpdated", "id_Country") VALUES ('Ibitiruna', CURRENT_TIMESTAMP, 'pigtraxadmin', 1);
INSERT INTO pigtraxrefdata."City" (name, "lastUpdated", "userUpdated", "id_Country") VALUES ('Ibititá', CURRENT_TIMESTAMP, 'pigtraxadmin', 1);
INSERT INTO pigtraxrefdata."City" (name, "lastUpdated", "userUpdated", "id_Country") VALUES ('Ibitiúra de Minas', CURRENT_TIMESTAMP, 'pigtraxadmin', 1);
INSERT INTO pigtraxrefdata."City" (name, "lastUpdated", "userUpdated", "id_Country") VALUES ('Ibitiúva', CURRENT_TIMESTAMP, 'pigtraxadmin', 1);
INSERT INTO pigtraxrefdata."City" (name, "lastUpdated", "userUpdated", "id_Country") VALUES ('Ibituba', CURRENT_TIMESTAMP, 'pigtraxadmin', 1);
INSERT INTO pigtraxrefdata."City" (name, "lastUpdated", "userUpdated", "id_Country") VALUES ('Ibitupã', CURRENT_TIMESTAMP, 'pigtraxadmin', 1);
INSERT INTO pigtraxrefdata."City" (name, "lastUpdated", "userUpdated", "id_Country") VALUES ('Ibituruna', CURRENT_TIMESTAMP, 'pigtraxadmin', 1);
INSERT INTO pigtraxrefdata."City" (name, "lastUpdated", "userUpdated", "id_Country") VALUES ('Ibiúna', CURRENT_TIMESTAMP, 'pigtraxadmin', 1);
INSERT INTO pigtraxrefdata."City" (name, "lastUpdated", "userUpdated", "id_Country") VALUES ('Ibó', CURRENT_TIMESTAMP, 'pigtraxadmin', 1);
INSERT INTO pigtraxrefdata."City" (name, "lastUpdated", "userUpdated", "id_Country") VALUES ('Iborepi', CURRENT_TIMESTAMP, 'pigtraxadmin', 1);
INSERT INTO pigtraxrefdata."City" (name, "lastUpdated", "userUpdated", "id_Country") VALUES ('Ibotirama', CURRENT_TIMESTAMP, 'pigtraxadmin', 1);
INSERT INTO pigtraxrefdata."City" (name, "lastUpdated", "userUpdated", "id_Country") VALUES ('Ibuguaçu', CURRENT_TIMESTAMP, 'pigtraxadmin', 1);
INSERT INTO pigtraxrefdata."City" (name, "lastUpdated", "userUpdated", "id_Country") VALUES ('Icapuí', CURRENT_TIMESTAMP, 'pigtraxadmin', 1);
INSERT INTO pigtraxrefdata."City" (name, "lastUpdated", "userUpdated", "id_Country") VALUES ('Içara', CURRENT_TIMESTAMP, 'pigtraxadmin', 1);
INSERT INTO pigtraxrefdata."City" (name, "lastUpdated", "userUpdated", "id_Country") VALUES ('Icaraí', CURRENT_TIMESTAMP, 'pigtraxadmin', 1);
INSERT INTO pigtraxrefdata."City" (name, "lastUpdated", "userUpdated", "id_Country") VALUES ('Icaraí de Minas', CURRENT_TIMESTAMP, 'pigtraxadmin', 1);
INSERT INTO pigtraxrefdata."City" (name, "lastUpdated", "userUpdated", "id_Country") VALUES ('Icaraíma', CURRENT_TIMESTAMP, 'pigtraxadmin', 1);
INSERT INTO pigtraxrefdata."City" (name, "lastUpdated", "userUpdated", "id_Country") VALUES ('Icatu', CURRENT_TIMESTAMP, 'pigtraxadmin', 1);
INSERT INTO pigtraxrefdata."City" (name, "lastUpdated", "userUpdated", "id_Country") VALUES ('Icém', CURRENT_TIMESTAMP, 'pigtraxadmin', 1);
INSERT INTO pigtraxrefdata."City" (name, "lastUpdated", "userUpdated", "id_Country") VALUES ('Ichu', CURRENT_TIMESTAMP, 'pigtraxadmin', 1);
INSERT INTO pigtraxrefdata."City" (name, "lastUpdated", "userUpdated", "id_Country") VALUES ('Icó', CURRENT_TIMESTAMP, 'pigtraxadmin', 1);
INSERT INTO pigtraxrefdata."City" (name, "lastUpdated", "userUpdated", "id_Country") VALUES ('Iconha', CURRENT_TIMESTAMP, 'pigtraxadmin', 1);
INSERT INTO pigtraxrefdata."City" (name, "lastUpdated", "userUpdated", "id_Country") VALUES ('Icozinho', CURRENT_TIMESTAMP, 'pigtraxadmin', 1);
INSERT INTO pigtraxrefdata."City" (name, "lastUpdated", "userUpdated", "id_Country") VALUES ('Ida Iolanda', CURRENT_TIMESTAMP, 'pigtraxadmin', 1);
INSERT INTO pigtraxrefdata."City" (name, "lastUpdated", "userUpdated", "id_Country") VALUES ('Ideal', CURRENT_TIMESTAMP, 'pigtraxadmin', 1);
INSERT INTO pigtraxrefdata."City" (name, "lastUpdated", "userUpdated", "id_Country") VALUES ('Ielmo Marinho', CURRENT_TIMESTAMP, 'pigtraxadmin', 1);
INSERT INTO pigtraxrefdata."City" (name, "lastUpdated", "userUpdated", "id_Country") VALUES ('Igaci', CURRENT_TIMESTAMP, 'pigtraxadmin', 1);
INSERT INTO pigtraxrefdata."City" (name, "lastUpdated", "userUpdated", "id_Country") VALUES ('Igapó', CURRENT_TIMESTAMP, 'pigtraxadmin', 1);
INSERT INTO pigtraxrefdata."City" (name, "lastUpdated", "userUpdated", "id_Country") VALUES ('Igaporã', CURRENT_TIMESTAMP, 'pigtraxadmin', 1);
INSERT INTO pigtraxrefdata."City" (name, "lastUpdated", "userUpdated", "id_Country") VALUES ('Igara', CURRENT_TIMESTAMP, 'pigtraxadmin', 1);
INSERT INTO pigtraxrefdata."City" (name, "lastUpdated", "userUpdated", "id_Country") VALUES ('Igaraçu do Tietê', CURRENT_TIMESTAMP, 'pigtraxadmin', 1);
INSERT INTO pigtraxrefdata."City" (name, "lastUpdated", "userUpdated", "id_Country") VALUES ('Igaracy', CURRENT_TIMESTAMP, 'pigtraxadmin', 1);
INSERT INTO pigtraxrefdata."City" (name, "lastUpdated", "userUpdated", "id_Country") VALUES ('Igaraí', CURRENT_TIMESTAMP, 'pigtraxadmin', 1);
INSERT INTO pigtraxrefdata."City" (name, "lastUpdated", "userUpdated", "id_Country") VALUES ('Igarapava', CURRENT_TIMESTAMP, 'pigtraxadmin', 1);
INSERT INTO pigtraxrefdata."City" (name, "lastUpdated", "userUpdated", "id_Country") VALUES ('Igarapé', CURRENT_TIMESTAMP, 'pigtraxadmin', 1);
INSERT INTO pigtraxrefdata."City" (name, "lastUpdated", "userUpdated", "id_Country") VALUES ('Igarapé do Meio', CURRENT_TIMESTAMP, 'pigtraxadmin', 1);
INSERT INTO pigtraxrefdata."City" (name, "lastUpdated", "userUpdated", "id_Country") VALUES ('Igarapé Grande', CURRENT_TIMESTAMP, 'pigtraxadmin', 1);
INSERT INTO pigtraxrefdata."City" (name, "lastUpdated", "userUpdated", "id_Country") VALUES ('Igarapé-Açu', CURRENT_TIMESTAMP, 'pigtraxadmin', 1);
INSERT INTO pigtraxrefdata."City" (name, "lastUpdated", "userUpdated", "id_Country") VALUES ('Igarapeba', CURRENT_TIMESTAMP, 'pigtraxadmin', 1);
INSERT INTO pigtraxrefdata."City" (name, "lastUpdated", "userUpdated", "id_Country") VALUES ('Igarapé-Miri', CURRENT_TIMESTAMP, 'pigtraxadmin', 1);
INSERT INTO pigtraxrefdata."City" (name, "lastUpdated", "userUpdated", "id_Country") VALUES ('Igarassu', CURRENT_TIMESTAMP, 'pigtraxadmin', 1);
INSERT INTO pigtraxrefdata."City" (name, "lastUpdated", "userUpdated", "id_Country") VALUES ('Igaratá', CURRENT_TIMESTAMP, 'pigtraxadmin', 1);
INSERT INTO pigtraxrefdata."City" (name, "lastUpdated", "userUpdated", "id_Country") VALUES ('Igaratinga', CURRENT_TIMESTAMP, 'pigtraxadmin', 1);
INSERT INTO pigtraxrefdata."City" (name, "lastUpdated", "userUpdated", "id_Country") VALUES ('Igarité', CURRENT_TIMESTAMP, 'pigtraxadmin', 1);
INSERT INTO pigtraxrefdata."City" (name, "lastUpdated", "userUpdated", "id_Country") VALUES ('Igarói', CURRENT_TIMESTAMP, 'pigtraxadmin', 1);
INSERT INTO pigtraxrefdata."City" (name, "lastUpdated", "userUpdated", "id_Country") VALUES ('Igrapiúna', CURRENT_TIMESTAMP, 'pigtraxadmin', 1);
INSERT INTO pigtraxrefdata."City" (name, "lastUpdated", "userUpdated", "id_Country") VALUES ('Igreja Nova', CURRENT_TIMESTAMP, 'pigtraxadmin', 1);
INSERT INTO pigtraxrefdata."City" (name, "lastUpdated", "userUpdated", "id_Country") VALUES ('Igrejinha', CURRENT_TIMESTAMP, 'pigtraxadmin', 1);
INSERT INTO pigtraxrefdata."City" (name, "lastUpdated", "userUpdated", "id_Country") VALUES ('Iguá', CURRENT_TIMESTAMP, 'pigtraxadmin', 1);
INSERT INTO pigtraxrefdata."City" (name, "lastUpdated", "userUpdated", "id_Country") VALUES ('Iguaba Grande', CURRENT_TIMESTAMP, 'pigtraxadmin', 1);
INSERT INTO pigtraxrefdata."City" (name, "lastUpdated", "userUpdated", "id_Country") VALUES ('Iguabinha', CURRENT_TIMESTAMP, 'pigtraxadmin', 1);
INSERT INTO pigtraxrefdata."City" (name, "lastUpdated", "userUpdated", "id_Country") VALUES ('Iguape', CURRENT_TIMESTAMP, 'pigtraxadmin', 1);
INSERT INTO pigtraxrefdata."City" (name, "lastUpdated", "userUpdated", "id_Country") VALUES ('Iguaraci', CURRENT_TIMESTAMP, 'pigtraxadmin', 1);
INSERT INTO pigtraxrefdata."City" (name, "lastUpdated", "userUpdated", "id_Country") VALUES ('Iguaraçu', CURRENT_TIMESTAMP, 'pigtraxadmin', 1);
INSERT INTO pigtraxrefdata."City" (name, "lastUpdated", "userUpdated", "id_Country") VALUES ('Iguatemi', CURRENT_TIMESTAMP, 'pigtraxadmin', 1);
INSERT INTO pigtraxrefdata."City" (name, "lastUpdated", "userUpdated", "id_Country") VALUES ('Iguira', CURRENT_TIMESTAMP, 'pigtraxadmin', 1);
INSERT INTO pigtraxrefdata."City" (name, "lastUpdated", "userUpdated", "id_Country") VALUES ('Iguitu', CURRENT_TIMESTAMP, 'pigtraxadmin', 1);
INSERT INTO pigtraxrefdata."City" (name, "lastUpdated", "userUpdated", "id_Country") VALUES ('Ijaci', CURRENT_TIMESTAMP, 'pigtraxadmin', 1);
INSERT INTO pigtraxrefdata."City" (name, "lastUpdated", "userUpdated", "id_Country") VALUES ('Ijuí', CURRENT_TIMESTAMP, 'pigtraxadmin', 1);
INSERT INTO pigtraxrefdata."City" (name, "lastUpdated", "userUpdated", "id_Country") VALUES ('Ilha Comprida', CURRENT_TIMESTAMP, 'pigtraxadmin', 1);
INSERT INTO pigtraxrefdata."City" (name, "lastUpdated", "userUpdated", "id_Country") VALUES ('Ilha das Flores', CURRENT_TIMESTAMP, 'pigtraxadmin', 1);
INSERT INTO pigtraxrefdata."City" (name, "lastUpdated", "userUpdated", "id_Country") VALUES ('Ilha de Itamaracá', CURRENT_TIMESTAMP, 'pigtraxadmin', 1);
INSERT INTO pigtraxrefdata."City" (name, "lastUpdated", "userUpdated", "id_Country") VALUES ('Ilha de Santana', CURRENT_TIMESTAMP, 'pigtraxadmin', 1);
INSERT INTO pigtraxrefdata."City" (name, "lastUpdated", "userUpdated", "id_Country") VALUES ('Ilha Grande', CURRENT_TIMESTAMP, 'pigtraxadmin', 1);
INSERT INTO pigtraxrefdata."City" (name, "lastUpdated", "userUpdated", "id_Country") VALUES ('Ilha Solteira', CURRENT_TIMESTAMP, 'pigtraxadmin', 1);
INSERT INTO pigtraxrefdata."City" (name, "lastUpdated", "userUpdated", "id_Country") VALUES ('Ilhéus', CURRENT_TIMESTAMP, 'pigtraxadmin', 1);
INSERT INTO pigtraxrefdata."City" (name, "lastUpdated", "userUpdated", "id_Country") VALUES ('Ilhota', CURRENT_TIMESTAMP, 'pigtraxadmin', 1);
INSERT INTO pigtraxrefdata."City" (name, "lastUpdated", "userUpdated", "id_Country") VALUES ('Ilicínea', CURRENT_TIMESTAMP, 'pigtraxadmin', 1);
INSERT INTO pigtraxrefdata."City" (name, "lastUpdated", "userUpdated", "id_Country") VALUES ('Ilópolis', CURRENT_TIMESTAMP, 'pigtraxadmin', 1);
INSERT INTO pigtraxrefdata."City" (name, "lastUpdated", "userUpdated", "id_Country") VALUES ('Imaculada', CURRENT_TIMESTAMP, 'pigtraxadmin', 1);
INSERT INTO pigtraxrefdata."City" (name, "lastUpdated", "userUpdated", "id_Country") VALUES ('Imaruí', CURRENT_TIMESTAMP, 'pigtraxadmin', 1);
INSERT INTO pigtraxrefdata."City" (name, "lastUpdated", "userUpdated", "id_Country") VALUES ('Imbariê', CURRENT_TIMESTAMP, 'pigtraxadmin', 1);
INSERT INTO pigtraxrefdata."City" (name, "lastUpdated", "userUpdated", "id_Country") VALUES ('Imbaú', CURRENT_TIMESTAMP, 'pigtraxadmin', 1);
INSERT INTO pigtraxrefdata."City" (name, "lastUpdated", "userUpdated", "id_Country") VALUES ('Imbé', CURRENT_TIMESTAMP, 'pigtraxadmin', 1);
INSERT INTO pigtraxrefdata."City" (name, "lastUpdated", "userUpdated", "id_Country") VALUES ('Imbé de Minas', CURRENT_TIMESTAMP, 'pigtraxadmin', 1);
INSERT INTO pigtraxrefdata."City" (name, "lastUpdated", "userUpdated", "id_Country") VALUES ('Imbituba', CURRENT_TIMESTAMP, 'pigtraxadmin', 1);
INSERT INTO pigtraxrefdata."City" (name, "lastUpdated", "userUpdated", "id_Country") VALUES ('Imbituva', CURRENT_TIMESTAMP, 'pigtraxadmin', 1);
INSERT INTO pigtraxrefdata."City" (name, "lastUpdated", "userUpdated", "id_Country") VALUES ('Imbuia', CURRENT_TIMESTAMP, 'pigtraxadmin', 1);
INSERT INTO pigtraxrefdata."City" (name, "lastUpdated", "userUpdated", "id_Country") VALUES ('Imburana', CURRENT_TIMESTAMP, 'pigtraxadmin', 1);
INSERT INTO pigtraxrefdata."City" (name, "lastUpdated", "userUpdated", "id_Country") VALUES ('Imigrante', CURRENT_TIMESTAMP, 'pigtraxadmin', 1);
INSERT INTO pigtraxrefdata."City" (name, "lastUpdated", "userUpdated", "id_Country") VALUES ('Imperatriz', CURRENT_TIMESTAMP, 'pigtraxadmin', 1);
INSERT INTO pigtraxrefdata."City" (name, "lastUpdated", "userUpdated", "id_Country") VALUES ('Inácio Martins', CURRENT_TIMESTAMP, 'pigtraxadmin', 1);
INSERT INTO pigtraxrefdata."City" (name, "lastUpdated", "userUpdated", "id_Country") VALUES ('Inaciolândia', CURRENT_TIMESTAMP, 'pigtraxadmin', 1);
INSERT INTO pigtraxrefdata."City" (name, "lastUpdated", "userUpdated", "id_Country") VALUES ('Inajá', CURRENT_TIMESTAMP, 'pigtraxadmin', 1);
INSERT INTO pigtraxrefdata."City" (name, "lastUpdated", "userUpdated", "id_Country") VALUES ('Inconfidência', CURRENT_TIMESTAMP, 'pigtraxadmin', 1);
INSERT INTO pigtraxrefdata."City" (name, "lastUpdated", "userUpdated", "id_Country") VALUES ('Inconfidentes', CURRENT_TIMESTAMP, 'pigtraxadmin', 1);
INSERT INTO pigtraxrefdata."City" (name, "lastUpdated", "userUpdated", "id_Country") VALUES ('Indaí', CURRENT_TIMESTAMP, 'pigtraxadmin', 1);
INSERT INTO pigtraxrefdata."City" (name, "lastUpdated", "userUpdated", "id_Country") VALUES ('Indaiá do Aguapeí', CURRENT_TIMESTAMP, 'pigtraxadmin', 1);
INSERT INTO pigtraxrefdata."City" (name, "lastUpdated", "userUpdated", "id_Country") VALUES ('Indaiabira', CURRENT_TIMESTAMP, 'pigtraxadmin', 1);
INSERT INTO pigtraxrefdata."City" (name, "lastUpdated", "userUpdated", "id_Country") VALUES ('Indaiatuba', CURRENT_TIMESTAMP, 'pigtraxadmin', 1);
INSERT INTO pigtraxrefdata."City" (name, "lastUpdated", "userUpdated", "id_Country") VALUES ('Indápolis', CURRENT_TIMESTAMP, 'pigtraxadmin', 1);
INSERT INTO pigtraxrefdata."City" (name, "lastUpdated", "userUpdated", "id_Country") VALUES ('Independência', CURRENT_TIMESTAMP, 'pigtraxadmin', 1);
INSERT INTO pigtraxrefdata."City" (name, "lastUpdated", "userUpdated", "id_Country") VALUES ('Indiana', CURRENT_TIMESTAMP, 'pigtraxadmin', 1);
INSERT INTO pigtraxrefdata."City" (name, "lastUpdated", "userUpdated", "id_Country") VALUES ('Indianópolis', CURRENT_TIMESTAMP, 'pigtraxadmin', 1);
INSERT INTO pigtraxrefdata."City" (name, "lastUpdated", "userUpdated", "id_Country") VALUES ('Indiaporã', CURRENT_TIMESTAMP, 'pigtraxadmin', 1);
INSERT INTO pigtraxrefdata."City" (name, "lastUpdated", "userUpdated", "id_Country") VALUES ('Indiara', CURRENT_TIMESTAMP, 'pigtraxadmin', 1);
INSERT INTO pigtraxrefdata."City" (name, "lastUpdated", "userUpdated", "id_Country") VALUES ('Indiaroba', CURRENT_TIMESTAMP, 'pigtraxadmin', 1);
INSERT INTO pigtraxrefdata."City" (name, "lastUpdated", "userUpdated", "id_Country") VALUES ('Indiavaí', CURRENT_TIMESTAMP, 'pigtraxadmin', 1);
INSERT INTO pigtraxrefdata."City" (name, "lastUpdated", "userUpdated", "id_Country") VALUES ('Inema', CURRENT_TIMESTAMP, 'pigtraxadmin', 1);
INSERT INTO pigtraxrefdata."City" (name, "lastUpdated", "userUpdated", "id_Country") VALUES ('Ingá', CURRENT_TIMESTAMP, 'pigtraxadmin', 1);
INSERT INTO pigtraxrefdata."City" (name, "lastUpdated", "userUpdated", "id_Country") VALUES ('Ingaí', CURRENT_TIMESTAMP, 'pigtraxadmin', 1);
INSERT INTO pigtraxrefdata."City" (name, "lastUpdated", "userUpdated", "id_Country") VALUES ('Ingazeira', CURRENT_TIMESTAMP, 'pigtraxadmin', 1);
INSERT INTO pigtraxrefdata."City" (name, "lastUpdated", "userUpdated", "id_Country") VALUES ('Ingazeiras', CURRENT_TIMESTAMP, 'pigtraxadmin', 1);
INSERT INTO pigtraxrefdata."City" (name, "lastUpdated", "userUpdated", "id_Country") VALUES ('Ingleses do Rio Vermelho', CURRENT_TIMESTAMP, 'pigtraxadmin', 1);
INSERT INTO pigtraxrefdata."City" (name, "lastUpdated", "userUpdated", "id_Country") VALUES ('Inhacorá', CURRENT_TIMESTAMP, 'pigtraxadmin', 1);
INSERT INTO pigtraxrefdata."City" (name, "lastUpdated", "userUpdated", "id_Country") VALUES ('Inhaí', CURRENT_TIMESTAMP, 'pigtraxadmin', 1);
INSERT INTO pigtraxrefdata."City" (name, "lastUpdated", "userUpdated", "id_Country") VALUES ('Inhambupe', CURRENT_TIMESTAMP, 'pigtraxadmin', 1);
INSERT INTO pigtraxrefdata."City" (name, "lastUpdated", "userUpdated", "id_Country") VALUES ('Inhangapi', CURRENT_TIMESTAMP, 'pigtraxadmin', 1);
INSERT INTO pigtraxrefdata."City" (name, "lastUpdated", "userUpdated", "id_Country") VALUES ('Inhapi', CURRENT_TIMESTAMP, 'pigtraxadmin', 1);
INSERT INTO pigtraxrefdata."City" (name, "lastUpdated", "userUpdated", "id_Country") VALUES ('Inhapim', CURRENT_TIMESTAMP, 'pigtraxadmin', 1);
INSERT INTO pigtraxrefdata."City" (name, "lastUpdated", "userUpdated", "id_Country") VALUES ('Inhatá', CURRENT_TIMESTAMP, 'pigtraxadmin', 1);
INSERT INTO pigtraxrefdata."City" (name, "lastUpdated", "userUpdated", "id_Country") VALUES ('Inhaúma', CURRENT_TIMESTAMP, 'pigtraxadmin', 1);
INSERT INTO pigtraxrefdata."City" (name, "lastUpdated", "userUpdated", "id_Country") VALUES ('Inhaúmas', CURRENT_TIMESTAMP, 'pigtraxadmin', 1);
INSERT INTO pigtraxrefdata."City" (name, "lastUpdated", "userUpdated", "id_Country") VALUES ('Inhobim', CURRENT_TIMESTAMP, 'pigtraxadmin', 1);
INSERT INTO pigtraxrefdata."City" (name, "lastUpdated", "userUpdated", "id_Country") VALUES ('Inhomirim', CURRENT_TIMESTAMP, 'pigtraxadmin', 1);
INSERT INTO pigtraxrefdata."City" (name, "lastUpdated", "userUpdated", "id_Country") VALUES ('Inhuçu', CURRENT_TIMESTAMP, 'pigtraxadmin', 1);
INSERT INTO pigtraxrefdata."City" (name, "lastUpdated", "userUpdated", "id_Country") VALUES ('Inhuma', CURRENT_TIMESTAMP, 'pigtraxadmin', 1);
INSERT INTO pigtraxrefdata."City" (name, "lastUpdated", "userUpdated", "id_Country") VALUES ('Inhumas', CURRENT_TIMESTAMP, 'pigtraxadmin', 1);
INSERT INTO pigtraxrefdata."City" (name, "lastUpdated", "userUpdated", "id_Country") VALUES ('Inimutaba', CURRENT_TIMESTAMP, 'pigtraxadmin', 1);
INSERT INTO pigtraxrefdata."City" (name, "lastUpdated", "userUpdated", "id_Country") VALUES ('Inoã', CURRENT_TIMESTAMP, 'pigtraxadmin', 1);
INSERT INTO pigtraxrefdata."City" (name, "lastUpdated", "userUpdated", "id_Country") VALUES ('Inocência', CURRENT_TIMESTAMP, 'pigtraxadmin', 1);
INSERT INTO pigtraxrefdata."City" (name, "lastUpdated", "userUpdated", "id_Country") VALUES ('Interlândia', CURRENT_TIMESTAMP, 'pigtraxadmin', 1);
INSERT INTO pigtraxrefdata."City" (name, "lastUpdated", "userUpdated", "id_Country") VALUES ('Inúbia', CURRENT_TIMESTAMP, 'pigtraxadmin', 1);
INSERT INTO pigtraxrefdata."City" (name, "lastUpdated", "userUpdated", "id_Country") VALUES ('Inúbia Paulista', CURRENT_TIMESTAMP, 'pigtraxadmin', 1);
INSERT INTO pigtraxrefdata."City" (name, "lastUpdated", "userUpdated", "id_Country") VALUES ('Iomerê', CURRENT_TIMESTAMP, 'pigtraxadmin', 1);
INSERT INTO pigtraxrefdata."City" (name, "lastUpdated", "userUpdated", "id_Country") VALUES ('Ipaba', CURRENT_TIMESTAMP, 'pigtraxadmin', 1);
INSERT INTO pigtraxrefdata."City" (name, "lastUpdated", "userUpdated", "id_Country") VALUES ('Ipameri', CURRENT_TIMESTAMP, 'pigtraxadmin', 1);
INSERT INTO pigtraxrefdata."City" (name, "lastUpdated", "userUpdated", "id_Country") VALUES ('Ipanema', CURRENT_TIMESTAMP, 'pigtraxadmin', 1);
INSERT INTO pigtraxrefdata."City" (name, "lastUpdated", "userUpdated", "id_Country") VALUES ('Ipanguaçu', CURRENT_TIMESTAMP, 'pigtraxadmin', 1);
INSERT INTO pigtraxrefdata."City" (name, "lastUpdated", "userUpdated", "id_Country") VALUES ('Ipaporanga', CURRENT_TIMESTAMP, 'pigtraxadmin', 1);
INSERT INTO pigtraxrefdata."City" (name, "lastUpdated", "userUpdated", "id_Country") VALUES ('Ipatinga', CURRENT_TIMESTAMP, 'pigtraxadmin', 1);
INSERT INTO pigtraxrefdata."City" (name, "lastUpdated", "userUpdated", "id_Country") VALUES ('Ipê', CURRENT_TIMESTAMP, 'pigtraxadmin', 1);
INSERT INTO pigtraxrefdata."City" (name, "lastUpdated", "userUpdated", "id_Country") VALUES ('Ipecaetá', CURRENT_TIMESTAMP, 'pigtraxadmin', 1);
INSERT INTO pigtraxrefdata."City" (name, "lastUpdated", "userUpdated", "id_Country") VALUES ('Iperó', CURRENT_TIMESTAMP, 'pigtraxadmin', 1);
INSERT INTO pigtraxrefdata."City" (name, "lastUpdated", "userUpdated", "id_Country") VALUES ('Ipeúna', CURRENT_TIMESTAMP, 'pigtraxadmin', 1);
INSERT INTO pigtraxrefdata."City" (name, "lastUpdated", "userUpdated", "id_Country") VALUES ('Ipezal', CURRENT_TIMESTAMP, 'pigtraxadmin', 1);
INSERT INTO pigtraxrefdata."City" (name, "lastUpdated", "userUpdated", "id_Country") VALUES ('Ipiabas', CURRENT_TIMESTAMP, 'pigtraxadmin', 1);
INSERT INTO pigtraxrefdata."City" (name, "lastUpdated", "userUpdated", "id_Country") VALUES ('Ipiaçu', CURRENT_TIMESTAMP, 'pigtraxadmin', 1);
INSERT INTO pigtraxrefdata."City" (name, "lastUpdated", "userUpdated", "id_Country") VALUES ('Ipiaú', CURRENT_TIMESTAMP, 'pigtraxadmin', 1);
INSERT INTO pigtraxrefdata."City" (name, "lastUpdated", "userUpdated", "id_Country") VALUES ('Ipiguá', CURRENT_TIMESTAMP, 'pigtraxadmin', 1);
INSERT INTO pigtraxrefdata."City" (name, "lastUpdated", "userUpdated", "id_Country") VALUES ('Ipiiba', CURRENT_TIMESTAMP, 'pigtraxadmin', 1);
INSERT INTO pigtraxrefdata."City" (name, "lastUpdated", "userUpdated", "id_Country") VALUES ('Ipira', CURRENT_TIMESTAMP, 'pigtraxadmin', 1);
INSERT INTO pigtraxrefdata."City" (name, "lastUpdated", "userUpdated", "id_Country") VALUES ('Ipirá', CURRENT_TIMESTAMP, 'pigtraxadmin', 1);
INSERT INTO pigtraxrefdata."City" (name, "lastUpdated", "userUpdated", "id_Country") VALUES ('Ipiranga de Goiás', CURRENT_TIMESTAMP, 'pigtraxadmin', 1);
INSERT INTO pigtraxrefdata."City" (name, "lastUpdated", "userUpdated", "id_Country") VALUES ('Ipiranga do Norte', CURRENT_TIMESTAMP, 'pigtraxadmin', 1);
INSERT INTO pigtraxrefdata."City" (name, "lastUpdated", "userUpdated", "id_Country") VALUES ('Ipiranga do Piauí', CURRENT_TIMESTAMP, 'pigtraxadmin', 1);
INSERT INTO pigtraxrefdata."City" (name, "lastUpdated", "userUpdated", "id_Country") VALUES ('Ipiranga do Sul', CURRENT_TIMESTAMP, 'pigtraxadmin', 1);
INSERT INTO pigtraxrefdata."City" (name, "lastUpdated", "userUpdated", "id_Country") VALUES ('Ipituna', CURRENT_TIMESTAMP, 'pigtraxadmin', 1);
INSERT INTO pigtraxrefdata."City" (name, "lastUpdated", "userUpdated", "id_Country") VALUES ('Ipixuna', CURRENT_TIMESTAMP, 'pigtraxadmin', 1);
INSERT INTO pigtraxrefdata."City" (name, "lastUpdated", "userUpdated", "id_Country") VALUES ('Ipixuna do Pará', CURRENT_TIMESTAMP, 'pigtraxadmin', 1);
INSERT INTO pigtraxrefdata."City" (name, "lastUpdated", "userUpdated", "id_Country") VALUES ('Ipoema', CURRENT_TIMESTAMP, 'pigtraxadmin', 1);
INSERT INTO pigtraxrefdata."City" (name, "lastUpdated", "userUpdated", "id_Country") VALUES ('Ipojuca', CURRENT_TIMESTAMP, 'pigtraxadmin', 1);
INSERT INTO pigtraxrefdata."City" (name, "lastUpdated", "userUpdated", "id_Country") VALUES ('Ipoméia', CURRENT_TIMESTAMP, 'pigtraxadmin', 1);
INSERT INTO pigtraxrefdata."City" (name, "lastUpdated", "userUpdated", "id_Country") VALUES ('Iporá', CURRENT_TIMESTAMP, 'pigtraxadmin', 1);
INSERT INTO pigtraxrefdata."City" (name, "lastUpdated", "userUpdated", "id_Country") VALUES ('Iporã', CURRENT_TIMESTAMP, 'pigtraxadmin', 1);
INSERT INTO pigtraxrefdata."City" (name, "lastUpdated", "userUpdated", "id_Country") VALUES ('Iporã do Oeste', CURRENT_TIMESTAMP, 'pigtraxadmin', 1);
INSERT INTO pigtraxrefdata."City" (name, "lastUpdated", "userUpdated", "id_Country") VALUES ('Iporanga', CURRENT_TIMESTAMP, 'pigtraxadmin', 1);
INSERT INTO pigtraxrefdata."City" (name, "lastUpdated", "userUpdated", "id_Country") VALUES ('Ipu', CURRENT_TIMESTAMP, 'pigtraxadmin', 1);
INSERT INTO pigtraxrefdata."City" (name, "lastUpdated", "userUpdated", "id_Country") VALUES ('Ipuã', CURRENT_TIMESTAMP, 'pigtraxadmin', 1);
INSERT INTO pigtraxrefdata."City" (name, "lastUpdated", "userUpdated", "id_Country") VALUES ('Ipuaçu', CURRENT_TIMESTAMP, 'pigtraxadmin', 1);
INSERT INTO pigtraxrefdata."City" (name, "lastUpdated", "userUpdated", "id_Country") VALUES ('Ipubi', CURRENT_TIMESTAMP, 'pigtraxadmin', 1);
INSERT INTO pigtraxrefdata."City" (name, "lastUpdated", "userUpdated", "id_Country") VALUES ('Ipuca', CURRENT_TIMESTAMP, 'pigtraxadmin', 1);
INSERT INTO pigtraxrefdata."City" (name, "lastUpdated", "userUpdated", "id_Country") VALUES ('Ipueira', CURRENT_TIMESTAMP, 'pigtraxadmin', 1);
INSERT INTO pigtraxrefdata."City" (name, "lastUpdated", "userUpdated", "id_Country") VALUES ('Ipueiras', CURRENT_TIMESTAMP, 'pigtraxadmin', 1);
INSERT INTO pigtraxrefdata."City" (name, "lastUpdated", "userUpdated", "id_Country") VALUES ('Ipuiúna', CURRENT_TIMESTAMP, 'pigtraxadmin', 1);
INSERT INTO pigtraxrefdata."City" (name, "lastUpdated", "userUpdated", "id_Country") VALUES ('Ipumirim', CURRENT_TIMESTAMP, 'pigtraxadmin', 1);
INSERT INTO pigtraxrefdata."City" (name, "lastUpdated", "userUpdated", "id_Country") VALUES ('Ipupiara', CURRENT_TIMESTAMP, 'pigtraxadmin', 1);
INSERT INTO pigtraxrefdata."City" (name, "lastUpdated", "userUpdated", "id_Country") VALUES ('Iracema', CURRENT_TIMESTAMP, 'pigtraxadmin', 1);
INSERT INTO pigtraxrefdata."City" (name, "lastUpdated", "userUpdated", "id_Country") VALUES ('Iracema do Oeste', CURRENT_TIMESTAMP, 'pigtraxadmin', 1);
INSERT INTO pigtraxrefdata."City" (name, "lastUpdated", "userUpdated", "id_Country") VALUES ('Iracemápolis', CURRENT_TIMESTAMP, 'pigtraxadmin', 1);
INSERT INTO pigtraxrefdata."City" (name, "lastUpdated", "userUpdated", "id_Country") VALUES ('Iraceminha', CURRENT_TIMESTAMP, 'pigtraxadmin', 1);
INSERT INTO pigtraxrefdata."City" (name, "lastUpdated", "userUpdated", "id_Country") VALUES ('Iraguaçu', CURRENT_TIMESTAMP, 'pigtraxadmin', 1);
INSERT INTO pigtraxrefdata."City" (name, "lastUpdated", "userUpdated", "id_Country") VALUES ('Iraí', CURRENT_TIMESTAMP, 'pigtraxadmin', 1);
INSERT INTO pigtraxrefdata."City" (name, "lastUpdated", "userUpdated", "id_Country") VALUES ('Iraí de Minas', CURRENT_TIMESTAMP, 'pigtraxadmin', 1);
INSERT INTO pigtraxrefdata."City" (name, "lastUpdated", "userUpdated", "id_Country") VALUES ('Irajá', CURRENT_TIMESTAMP, 'pigtraxadmin', 1);
INSERT INTO pigtraxrefdata."City" (name, "lastUpdated", "userUpdated", "id_Country") VALUES ('Irajuba', CURRENT_TIMESTAMP, 'pigtraxadmin', 1);
INSERT INTO pigtraxrefdata."City" (name, "lastUpdated", "userUpdated", "id_Country") VALUES ('Iramaia', CURRENT_TIMESTAMP, 'pigtraxadmin', 1);
INSERT INTO pigtraxrefdata."City" (name, "lastUpdated", "userUpdated", "id_Country") VALUES ('Iranduba', CURRENT_TIMESTAMP, 'pigtraxadmin', 1);
INSERT INTO pigtraxrefdata."City" (name, "lastUpdated", "userUpdated", "id_Country") VALUES ('Irani', CURRENT_TIMESTAMP, 'pigtraxadmin', 1);
INSERT INTO pigtraxrefdata."City" (name, "lastUpdated", "userUpdated", "id_Country") VALUES ('Iraporanga', CURRENT_TIMESTAMP, 'pigtraxadmin', 1);
INSERT INTO pigtraxrefdata."City" (name, "lastUpdated", "userUpdated", "id_Country") VALUES ('Irapuã', CURRENT_TIMESTAMP, 'pigtraxadmin', 1);
INSERT INTO pigtraxrefdata."City" (name, "lastUpdated", "userUpdated", "id_Country") VALUES ('Irapuru', CURRENT_TIMESTAMP, 'pigtraxadmin', 1);
INSERT INTO pigtraxrefdata."City" (name, "lastUpdated", "userUpdated", "id_Country") VALUES ('Iraquara', CURRENT_TIMESTAMP, 'pigtraxadmin', 1);
INSERT INTO pigtraxrefdata."City" (name, "lastUpdated", "userUpdated", "id_Country") VALUES ('Irará', CURRENT_TIMESTAMP, 'pigtraxadmin', 1);
INSERT INTO pigtraxrefdata."City" (name, "lastUpdated", "userUpdated", "id_Country") VALUES ('Irati', CURRENT_TIMESTAMP, 'pigtraxadmin', 1);
INSERT INTO pigtraxrefdata."City" (name, "lastUpdated", "userUpdated", "id_Country") VALUES ('Iratinga', CURRENT_TIMESTAMP, 'pigtraxadmin', 1);
INSERT INTO pigtraxrefdata."City" (name, "lastUpdated", "userUpdated", "id_Country") VALUES ('Irauçuba', CURRENT_TIMESTAMP, 'pigtraxadmin', 1);
INSERT INTO pigtraxrefdata."City" (name, "lastUpdated", "userUpdated", "id_Country") VALUES ('Irecê', CURRENT_TIMESTAMP, 'pigtraxadmin', 1);
INSERT INTO pigtraxrefdata."City" (name, "lastUpdated", "userUpdated", "id_Country") VALUES ('Irerê', CURRENT_TIMESTAMP, 'pigtraxadmin', 1);
INSERT INTO pigtraxrefdata."City" (name, "lastUpdated", "userUpdated", "id_Country") VALUES ('Iretama', CURRENT_TIMESTAMP, 'pigtraxadmin', 1);
INSERT INTO pigtraxrefdata."City" (name, "lastUpdated", "userUpdated", "id_Country") VALUES ('Irineópolis', CURRENT_TIMESTAMP, 'pigtraxadmin', 1);
INSERT INTO pigtraxrefdata."City" (name, "lastUpdated", "userUpdated", "id_Country") VALUES ('Irituia', CURRENT_TIMESTAMP, 'pigtraxadmin', 1);
INSERT INTO pigtraxrefdata."City" (name, "lastUpdated", "userUpdated", "id_Country") VALUES ('Irundiara', CURRENT_TIMESTAMP, 'pigtraxadmin', 1);
INSERT INTO pigtraxrefdata."City" (name, "lastUpdated", "userUpdated", "id_Country") VALUES ('Irupi', CURRENT_TIMESTAMP, 'pigtraxadmin', 1);
INSERT INTO pigtraxrefdata."City" (name, "lastUpdated", "userUpdated", "id_Country") VALUES ('Isabel', CURRENT_TIMESTAMP, 'pigtraxadmin', 1);
INSERT INTO pigtraxrefdata."City" (name, "lastUpdated", "userUpdated", "id_Country") VALUES ('Isaías Coelho', CURRENT_TIMESTAMP, 'pigtraxadmin', 1);
INSERT INTO pigtraxrefdata."City" (name, "lastUpdated", "userUpdated", "id_Country") VALUES ('Israelândia', CURRENT_TIMESTAMP, 'pigtraxadmin', 1);
INSERT INTO pigtraxrefdata."City" (name, "lastUpdated", "userUpdated", "id_Country") VALUES ('Itá', CURRENT_TIMESTAMP, 'pigtraxadmin', 1);
INSERT INTO pigtraxrefdata."City" (name, "lastUpdated", "userUpdated", "id_Country") VALUES ('Itaara', CURRENT_TIMESTAMP, 'pigtraxadmin', 1);
INSERT INTO pigtraxrefdata."City" (name, "lastUpdated", "userUpdated", "id_Country") VALUES ('Itabaiana', CURRENT_TIMESTAMP, 'pigtraxadmin', 1);
INSERT INTO pigtraxrefdata."City" (name, "lastUpdated", "userUpdated", "id_Country") VALUES ('Itabaianinha', CURRENT_TIMESTAMP, 'pigtraxadmin', 1);
INSERT INTO pigtraxrefdata."City" (name, "lastUpdated", "userUpdated", "id_Country") VALUES ('Itabatã', CURRENT_TIMESTAMP, 'pigtraxadmin', 1);
INSERT INTO pigtraxrefdata."City" (name, "lastUpdated", "userUpdated", "id_Country") VALUES ('Itabela', CURRENT_TIMESTAMP, 'pigtraxadmin', 1);
INSERT INTO pigtraxrefdata."City" (name, "lastUpdated", "userUpdated", "id_Country") VALUES ('Itaberá', CURRENT_TIMESTAMP, 'pigtraxadmin', 1);
INSERT INTO pigtraxrefdata."City" (name, "lastUpdated", "userUpdated", "id_Country") VALUES ('Itaberaba', CURRENT_TIMESTAMP, 'pigtraxadmin', 1);
INSERT INTO pigtraxrefdata."City" (name, "lastUpdated", "userUpdated", "id_Country") VALUES ('Itaberaí', CURRENT_TIMESTAMP, 'pigtraxadmin', 1);
INSERT INTO pigtraxrefdata."City" (name, "lastUpdated", "userUpdated", "id_Country") VALUES ('Itabi', CURRENT_TIMESTAMP, 'pigtraxadmin', 1);
INSERT INTO pigtraxrefdata."City" (name, "lastUpdated", "userUpdated", "id_Country") VALUES ('Itabira', CURRENT_TIMESTAMP, 'pigtraxadmin', 1);
INSERT INTO pigtraxrefdata."City" (name, "lastUpdated", "userUpdated", "id_Country") VALUES ('Itabirinha', CURRENT_TIMESTAMP, 'pigtraxadmin', 1);
INSERT INTO pigtraxrefdata."City" (name, "lastUpdated", "userUpdated", "id_Country") VALUES ('Itabôa', CURRENT_TIMESTAMP, 'pigtraxadmin', 1);
INSERT INTO pigtraxrefdata."City" (name, "lastUpdated", "userUpdated", "id_Country") VALUES ('Itaboraí', CURRENT_TIMESTAMP, 'pigtraxadmin', 1);
INSERT INTO pigtraxrefdata."City" (name, "lastUpdated", "userUpdated", "id_Country") VALUES ('Itabuna', CURRENT_TIMESTAMP, 'pigtraxadmin', 1);
INSERT INTO pigtraxrefdata."City" (name, "lastUpdated", "userUpdated", "id_Country") VALUES ('Itacajá', CURRENT_TIMESTAMP, 'pigtraxadmin', 1);
INSERT INTO pigtraxrefdata."City" (name, "lastUpdated", "userUpdated", "id_Country") VALUES ('Itacambira', CURRENT_TIMESTAMP, 'pigtraxadmin', 1);
INSERT INTO pigtraxrefdata."City" (name, "lastUpdated", "userUpdated", "id_Country") VALUES ('Itacarambi', CURRENT_TIMESTAMP, 'pigtraxadmin', 1);
INSERT INTO pigtraxrefdata."City" (name, "lastUpdated", "userUpdated", "id_Country") VALUES ('Itacaré', CURRENT_TIMESTAMP, 'pigtraxadmin', 1);
INSERT INTO pigtraxrefdata."City" (name, "lastUpdated", "userUpdated", "id_Country") VALUES ('Itacima', CURRENT_TIMESTAMP, 'pigtraxadmin', 1);
INSERT INTO pigtraxrefdata."City" (name, "lastUpdated", "userUpdated", "id_Country") VALUES ('Itacoatiara', CURRENT_TIMESTAMP, 'pigtraxadmin', 1);
INSERT INTO pigtraxrefdata."City" (name, "lastUpdated", "userUpdated", "id_Country") VALUES ('Itacolomi', CURRENT_TIMESTAMP, 'pigtraxadmin', 1);
INSERT INTO pigtraxrefdata."City" (name, "lastUpdated", "userUpdated", "id_Country") VALUES ('Itacuruba', CURRENT_TIMESTAMP, 'pigtraxadmin', 1);
INSERT INTO pigtraxrefdata."City" (name, "lastUpdated", "userUpdated", "id_Country") VALUES ('Itacurussá', CURRENT_TIMESTAMP, 'pigtraxadmin', 1);
INSERT INTO pigtraxrefdata."City" (name, "lastUpdated", "userUpdated", "id_Country") VALUES ('Itaeté', CURRENT_TIMESTAMP, 'pigtraxadmin', 1);
INSERT INTO pigtraxrefdata."City" (name, "lastUpdated", "userUpdated", "id_Country") VALUES ('Itagi', CURRENT_TIMESTAMP, 'pigtraxadmin', 1);
INSERT INTO pigtraxrefdata."City" (name, "lastUpdated", "userUpdated", "id_Country") VALUES ('Itagibá', CURRENT_TIMESTAMP, 'pigtraxadmin', 1);
INSERT INTO pigtraxrefdata."City" (name, "lastUpdated", "userUpdated", "id_Country") VALUES ('Itagimirim', CURRENT_TIMESTAMP, 'pigtraxadmin', 1);
INSERT INTO pigtraxrefdata."City" (name, "lastUpdated", "userUpdated", "id_Country") VALUES ('Itaguaçu da Bahia', CURRENT_TIMESTAMP, 'pigtraxadmin', 1);
INSERT INTO pigtraxrefdata."City" (name, "lastUpdated", "userUpdated", "id_Country") VALUES ('Itaguaí', CURRENT_TIMESTAMP, 'pigtraxadmin', 1);
INSERT INTO pigtraxrefdata."City" (name, "lastUpdated", "userUpdated", "id_Country") VALUES ('Itaguajé', CURRENT_TIMESTAMP, 'pigtraxadmin', 1);
INSERT INTO pigtraxrefdata."City" (name, "lastUpdated", "userUpdated", "id_Country") VALUES ('Itaguara', CURRENT_TIMESTAMP, 'pigtraxadmin', 1);
INSERT INTO pigtraxrefdata."City" (name, "lastUpdated", "userUpdated", "id_Country") VALUES ('Itaguari', CURRENT_TIMESTAMP, 'pigtraxadmin', 1);
INSERT INTO pigtraxrefdata."City" (name, "lastUpdated", "userUpdated", "id_Country") VALUES ('Itaguaru', CURRENT_TIMESTAMP, 'pigtraxadmin', 1);
INSERT INTO pigtraxrefdata."City" (name, "lastUpdated", "userUpdated", "id_Country") VALUES ('Itaguatins', CURRENT_TIMESTAMP, 'pigtraxadmin', 1);
INSERT INTO pigtraxrefdata."City" (name, "lastUpdated", "userUpdated", "id_Country") VALUES ('Itaiá', CURRENT_TIMESTAMP, 'pigtraxadmin', 1);
INSERT INTO pigtraxrefdata."City" (name, "lastUpdated", "userUpdated", "id_Country") VALUES ('Itaíba', CURRENT_TIMESTAMP, 'pigtraxadmin', 1);
INSERT INTO pigtraxrefdata."City" (name, "lastUpdated", "userUpdated", "id_Country") VALUES ('Itaiçaba', CURRENT_TIMESTAMP, 'pigtraxadmin', 1);
INSERT INTO pigtraxrefdata."City" (name, "lastUpdated", "userUpdated", "id_Country") VALUES ('Itaim', CURRENT_TIMESTAMP, 'pigtraxadmin', 1);
INSERT INTO pigtraxrefdata."City" (name, "lastUpdated", "userUpdated", "id_Country") VALUES ('Itaimbé', CURRENT_TIMESTAMP, 'pigtraxadmin', 1);
INSERT INTO pigtraxrefdata."City" (name, "lastUpdated", "userUpdated", "id_Country") VALUES ('Itainópolis', CURRENT_TIMESTAMP, 'pigtraxadmin', 1);
INSERT INTO pigtraxrefdata."City" (name, "lastUpdated", "userUpdated", "id_Country") VALUES ('Itaiópolis', CURRENT_TIMESTAMP, 'pigtraxadmin', 1);
INSERT INTO pigtraxrefdata."City" (name, "lastUpdated", "userUpdated", "id_Country") VALUES ('Itaipaba', CURRENT_TIMESTAMP, 'pigtraxadmin', 1);
INSERT INTO pigtraxrefdata."City" (name, "lastUpdated", "userUpdated", "id_Country") VALUES ('Itaipava', CURRENT_TIMESTAMP, 'pigtraxadmin', 1);
INSERT INTO pigtraxrefdata."City" (name, "lastUpdated", "userUpdated", "id_Country") VALUES ('Itaipava do Grajaú', CURRENT_TIMESTAMP, 'pigtraxadmin', 1);
INSERT INTO pigtraxrefdata."City" (name, "lastUpdated", "userUpdated", "id_Country") VALUES ('Itaipé', CURRENT_TIMESTAMP, 'pigtraxadmin', 1);
INSERT INTO pigtraxrefdata."City" (name, "lastUpdated", "userUpdated", "id_Country") VALUES ('Itaipulândia', CURRENT_TIMESTAMP, 'pigtraxadmin', 1);
INSERT INTO pigtraxrefdata."City" (name, "lastUpdated", "userUpdated", "id_Country") VALUES ('Itaitinga', CURRENT_TIMESTAMP, 'pigtraxadmin', 1);
INSERT INTO pigtraxrefdata."City" (name, "lastUpdated", "userUpdated", "id_Country") VALUES ('Itaitu', CURRENT_TIMESTAMP, 'pigtraxadmin', 1);
INSERT INTO pigtraxrefdata."City" (name, "lastUpdated", "userUpdated", "id_Country") VALUES ('Itaituba', CURRENT_TIMESTAMP, 'pigtraxadmin', 1);
INSERT INTO pigtraxrefdata."City" (name, "lastUpdated", "userUpdated", "id_Country") VALUES ('Itajá', CURRENT_TIMESTAMP, 'pigtraxadmin', 1);
INSERT INTO pigtraxrefdata."City" (name, "lastUpdated", "userUpdated", "id_Country") VALUES ('Itajaí', CURRENT_TIMESTAMP, 'pigtraxadmin', 1);
INSERT INTO pigtraxrefdata."City" (name, "lastUpdated", "userUpdated", "id_Country") VALUES ('Itajobi', CURRENT_TIMESTAMP, 'pigtraxadmin', 1);
INSERT INTO pigtraxrefdata."City" (name, "lastUpdated", "userUpdated", "id_Country") VALUES ('Itaju', CURRENT_TIMESTAMP, 'pigtraxadmin', 1);
INSERT INTO pigtraxrefdata."City" (name, "lastUpdated", "userUpdated", "id_Country") VALUES ('Itaju do Colônia', CURRENT_TIMESTAMP, 'pigtraxadmin', 1);
INSERT INTO pigtraxrefdata."City" (name, "lastUpdated", "userUpdated", "id_Country") VALUES ('Itajubá', CURRENT_TIMESTAMP, 'pigtraxadmin', 1);
INSERT INTO pigtraxrefdata."City" (name, "lastUpdated", "userUpdated", "id_Country") VALUES ('Itajubaquara', CURRENT_TIMESTAMP, 'pigtraxadmin', 1);
INSERT INTO pigtraxrefdata."City" (name, "lastUpdated", "userUpdated", "id_Country") VALUES ('Itajuípe', CURRENT_TIMESTAMP, 'pigtraxadmin', 1);
INSERT INTO pigtraxrefdata."City" (name, "lastUpdated", "userUpdated", "id_Country") VALUES ('Itajuru', CURRENT_TIMESTAMP, 'pigtraxadmin', 1);
INSERT INTO pigtraxrefdata."City" (name, "lastUpdated", "userUpdated", "id_Country") VALUES ('Italva', CURRENT_TIMESTAMP, 'pigtraxadmin', 1);
INSERT INTO pigtraxrefdata."City" (name, "lastUpdated", "userUpdated", "id_Country") VALUES ('Itamaraju', CURRENT_TIMESTAMP, 'pigtraxadmin', 1);
INSERT INTO pigtraxrefdata."City" (name, "lastUpdated", "userUpdated", "id_Country") VALUES ('Itamarandiba', CURRENT_TIMESTAMP, 'pigtraxadmin', 1);
INSERT INTO pigtraxrefdata."City" (name, "lastUpdated", "userUpdated", "id_Country") VALUES ('Itamarati', CURRENT_TIMESTAMP, 'pigtraxadmin', 1);
INSERT INTO pigtraxrefdata."City" (name, "lastUpdated", "userUpdated", "id_Country") VALUES ('Itamarati de Minas', CURRENT_TIMESTAMP, 'pigtraxadmin', 1);
INSERT INTO pigtraxrefdata."City" (name, "lastUpdated", "userUpdated", "id_Country") VALUES ('Itamari', CURRENT_TIMESTAMP, 'pigtraxadmin', 1);
INSERT INTO pigtraxrefdata."City" (name, "lastUpdated", "userUpdated", "id_Country") VALUES ('Itambacuri', CURRENT_TIMESTAMP, 'pigtraxadmin', 1);
INSERT INTO pigtraxrefdata."City" (name, "lastUpdated", "userUpdated", "id_Country") VALUES ('Itambaracá', CURRENT_TIMESTAMP, 'pigtraxadmin', 1);
INSERT INTO pigtraxrefdata."City" (name, "lastUpdated", "userUpdated", "id_Country") VALUES ('Itambé', CURRENT_TIMESTAMP, 'pigtraxadmin', 1);
INSERT INTO pigtraxrefdata."City" (name, "lastUpdated", "userUpdated", "id_Country") VALUES ('Itambé do Mato Dentro', CURRENT_TIMESTAMP, 'pigtraxadmin', 1);
INSERT INTO pigtraxrefdata."City" (name, "lastUpdated", "userUpdated", "id_Country") VALUES ('Itambi', CURRENT_TIMESTAMP, 'pigtraxadmin', 1);
INSERT INTO pigtraxrefdata."City" (name, "lastUpdated", "userUpdated", "id_Country") VALUES ('Itamira', CURRENT_TIMESTAMP, 'pigtraxadmin', 1);
INSERT INTO pigtraxrefdata."City" (name, "lastUpdated", "userUpdated", "id_Country") VALUES ('Itamirim', CURRENT_TIMESTAMP, 'pigtraxadmin', 1);
INSERT INTO pigtraxrefdata."City" (name, "lastUpdated", "userUpdated", "id_Country") VALUES ('Itamogi', CURRENT_TIMESTAMP, 'pigtraxadmin', 1);
INSERT INTO pigtraxrefdata."City" (name, "lastUpdated", "userUpdated", "id_Country") VALUES ('Itamuri', CURRENT_TIMESTAMP, 'pigtraxadmin', 1);
INSERT INTO pigtraxrefdata."City" (name, "lastUpdated", "userUpdated", "id_Country") VALUES ('Itanagra', CURRENT_TIMESTAMP, 'pigtraxadmin', 1);
INSERT INTO pigtraxrefdata."City" (name, "lastUpdated", "userUpdated", "id_Country") VALUES ('Itanhaém', CURRENT_TIMESTAMP, 'pigtraxadmin', 1);
INSERT INTO pigtraxrefdata."City" (name, "lastUpdated", "userUpdated", "id_Country") VALUES ('Itanhandu', CURRENT_TIMESTAMP, 'pigtraxadmin', 1);
INSERT INTO pigtraxrefdata."City" (name, "lastUpdated", "userUpdated", "id_Country") VALUES ('Itanhangá', CURRENT_TIMESTAMP, 'pigtraxadmin', 1);
INSERT INTO pigtraxrefdata."City" (name, "lastUpdated", "userUpdated", "id_Country") VALUES ('Itanhém', CURRENT_TIMESTAMP, 'pigtraxadmin', 1);
INSERT INTO pigtraxrefdata."City" (name, "lastUpdated", "userUpdated", "id_Country") VALUES ('Itanhi', CURRENT_TIMESTAMP, 'pigtraxadmin', 1);
INSERT INTO pigtraxrefdata."City" (name, "lastUpdated", "userUpdated", "id_Country") VALUES ('Itanhomi', CURRENT_TIMESTAMP, 'pigtraxadmin', 1);
INSERT INTO pigtraxrefdata."City" (name, "lastUpdated", "userUpdated", "id_Country") VALUES ('Itanorte', CURRENT_TIMESTAMP, 'pigtraxadmin', 1);
INSERT INTO pigtraxrefdata."City" (name, "lastUpdated", "userUpdated", "id_Country") VALUES ('Itans', CURRENT_TIMESTAMP, 'pigtraxadmin', 1);
INSERT INTO pigtraxrefdata."City" (name, "lastUpdated", "userUpdated", "id_Country") VALUES ('Itaobim', CURRENT_TIMESTAMP, 'pigtraxadmin', 1);
INSERT INTO pigtraxrefdata."City" (name, "lastUpdated", "userUpdated", "id_Country") VALUES ('Itaoca', CURRENT_TIMESTAMP, 'pigtraxadmin', 1);
INSERT INTO pigtraxrefdata."City" (name, "lastUpdated", "userUpdated", "id_Country") VALUES ('Itaóca', CURRENT_TIMESTAMP, 'pigtraxadmin', 1);
INSERT INTO pigtraxrefdata."City" (name, "lastUpdated", "userUpdated", "id_Country") VALUES ('Itaoca de Cima', CURRENT_TIMESTAMP, 'pigtraxadmin', 1);
INSERT INTO pigtraxrefdata."City" (name, "lastUpdated", "userUpdated", "id_Country") VALUES ('Itaocara', CURRENT_TIMESTAMP, 'pigtraxadmin', 1);
INSERT INTO pigtraxrefdata."City" (name, "lastUpdated", "userUpdated", "id_Country") VALUES ('Itapaci', CURRENT_TIMESTAMP, 'pigtraxadmin', 1);
INSERT INTO pigtraxrefdata."City" (name, "lastUpdated", "userUpdated", "id_Country") VALUES ('Itapagé', CURRENT_TIMESTAMP, 'pigtraxadmin', 1);
INSERT INTO pigtraxrefdata."City" (name, "lastUpdated", "userUpdated", "id_Country") VALUES ('Itapagipe', CURRENT_TIMESTAMP, 'pigtraxadmin', 1);
INSERT INTO pigtraxrefdata."City" (name, "lastUpdated", "userUpdated", "id_Country") VALUES ('Itapanhoacanga', CURRENT_TIMESTAMP, 'pigtraxadmin', 1);
INSERT INTO pigtraxrefdata."City" (name, "lastUpdated", "userUpdated", "id_Country") VALUES ('Itaparica', CURRENT_TIMESTAMP, 'pigtraxadmin', 1);
INSERT INTO pigtraxrefdata."City" (name, "lastUpdated", "userUpdated", "id_Country") VALUES ('Itapé', CURRENT_TIMESTAMP, 'pigtraxadmin', 1);
INSERT INTO pigtraxrefdata."City" (name, "lastUpdated", "userUpdated", "id_Country") VALUES ('Itapebi', CURRENT_TIMESTAMP, 'pigtraxadmin', 1);
INSERT INTO pigtraxrefdata."City" (name, "lastUpdated", "userUpdated", "id_Country") VALUES ('Itapebussu', CURRENT_TIMESTAMP, 'pigtraxadmin', 1);
INSERT INTO pigtraxrefdata."City" (name, "lastUpdated", "userUpdated", "id_Country") VALUES ('Itapecerica', CURRENT_TIMESTAMP, 'pigtraxadmin', 1);
INSERT INTO pigtraxrefdata."City" (name, "lastUpdated", "userUpdated", "id_Country") VALUES ('Itapecerica da Serra', CURRENT_TIMESTAMP, 'pigtraxadmin', 1);
INSERT INTO pigtraxrefdata."City" (name, "lastUpdated", "userUpdated", "id_Country") VALUES ('Itapecuru Mirim', CURRENT_TIMESTAMP, 'pigtraxadmin', 1);
INSERT INTO pigtraxrefdata."City" (name, "lastUpdated", "userUpdated", "id_Country") VALUES ('Itapejara d''Oeste', CURRENT_TIMESTAMP, 'pigtraxadmin', 1);
INSERT INTO pigtraxrefdata."City" (name, "lastUpdated", "userUpdated", "id_Country") VALUES ('Itapema', CURRENT_TIMESTAMP, 'pigtraxadmin', 1);
INSERT INTO pigtraxrefdata."City" (name, "lastUpdated", "userUpdated", "id_Country") VALUES ('Itapemirim', CURRENT_TIMESTAMP, 'pigtraxadmin', 1);
INSERT INTO pigtraxrefdata."City" (name, "lastUpdated", "userUpdated", "id_Country") VALUES ('Itapera', CURRENT_TIMESTAMP, 'pigtraxadmin', 1);
INSERT INTO pigtraxrefdata."City" (name, "lastUpdated", "userUpdated", "id_Country") VALUES ('Itaperuçu', CURRENT_TIMESTAMP, 'pigtraxadmin', 1);
INSERT INTO pigtraxrefdata."City" (name, "lastUpdated", "userUpdated", "id_Country") VALUES ('Itapetim', CURRENT_TIMESTAMP, 'pigtraxadmin', 1);
INSERT INTO pigtraxrefdata."City" (name, "lastUpdated", "userUpdated", "id_Country") VALUES ('Itapetinga', CURRENT_TIMESTAMP, 'pigtraxadmin', 1);
INSERT INTO pigtraxrefdata."City" (name, "lastUpdated", "userUpdated", "id_Country") VALUES ('Itapetininga', CURRENT_TIMESTAMP, 'pigtraxadmin', 1);
INSERT INTO pigtraxrefdata."City" (name, "lastUpdated", "userUpdated", "id_Country") VALUES ('Itapeúna', CURRENT_TIMESTAMP, 'pigtraxadmin', 1);
INSERT INTO pigtraxrefdata."City" (name, "lastUpdated", "userUpdated", "id_Country") VALUES ('Itapeva', CURRENT_TIMESTAMP, 'pigtraxadmin', 1);
INSERT INTO pigtraxrefdata."City" (name, "lastUpdated", "userUpdated", "id_Country") VALUES ('Itapevi', CURRENT_TIMESTAMP, 'pigtraxadmin', 1);
INSERT INTO pigtraxrefdata."City" (name, "lastUpdated", "userUpdated", "id_Country") VALUES ('Itapicuru', CURRENT_TIMESTAMP, 'pigtraxadmin', 1);
INSERT INTO pigtraxrefdata."City" (name, "lastUpdated", "userUpdated", "id_Country") VALUES ('Itapina', CURRENT_TIMESTAMP, 'pigtraxadmin', 1);
INSERT INTO pigtraxrefdata."City" (name, "lastUpdated", "userUpdated", "id_Country") VALUES ('Itapipoca', CURRENT_TIMESTAMP, 'pigtraxadmin', 1);
INSERT INTO pigtraxrefdata."City" (name, "lastUpdated", "userUpdated", "id_Country") VALUES ('Itapiranga', CURRENT_TIMESTAMP, 'pigtraxadmin', 1);
INSERT INTO pigtraxrefdata."City" (name, "lastUpdated", "userUpdated", "id_Country") VALUES ('Itapirapuã', CURRENT_TIMESTAMP, 'pigtraxadmin', 1);
INSERT INTO pigtraxrefdata."City" (name, "lastUpdated", "userUpdated", "id_Country") VALUES ('Itapiratins', CURRENT_TIMESTAMP, 'pigtraxadmin', 1);
INSERT INTO pigtraxrefdata."City" (name, "lastUpdated", "userUpdated", "id_Country") VALUES ('Itapiru', CURRENT_TIMESTAMP, 'pigtraxadmin', 1);
INSERT INTO pigtraxrefdata."City" (name, "lastUpdated", "userUpdated", "id_Country") VALUES ('Itapiruçu', CURRENT_TIMESTAMP, 'pigtraxadmin', 1);
INSERT INTO pigtraxrefdata."City" (name, "lastUpdated", "userUpdated", "id_Country") VALUES ('Itapissuma', CURRENT_TIMESTAMP, 'pigtraxadmin', 1);
INSERT INTO pigtraxrefdata."City" (name, "lastUpdated", "userUpdated", "id_Country") VALUES ('Itapitanga', CURRENT_TIMESTAMP, 'pigtraxadmin', 1);
INSERT INTO pigtraxrefdata."City" (name, "lastUpdated", "userUpdated", "id_Country") VALUES ('Itapiúna', CURRENT_TIMESTAMP, 'pigtraxadmin', 1);
INSERT INTO pigtraxrefdata."City" (name, "lastUpdated", "userUpdated", "id_Country") VALUES ('Itapixuna', CURRENT_TIMESTAMP, 'pigtraxadmin', 1);
INSERT INTO pigtraxrefdata."City" (name, "lastUpdated", "userUpdated", "id_Country") VALUES ('Itapoá', CURRENT_TIMESTAMP, 'pigtraxadmin', 1);
INSERT INTO pigtraxrefdata."City" (name, "lastUpdated", "userUpdated", "id_Country") VALUES ('Itapocu', CURRENT_TIMESTAMP, 'pigtraxadmin', 1);
INSERT INTO pigtraxrefdata."City" (name, "lastUpdated", "userUpdated", "id_Country") VALUES ('Itápolis', CURRENT_TIMESTAMP, 'pigtraxadmin', 1);
INSERT INTO pigtraxrefdata."City" (name, "lastUpdated", "userUpdated", "id_Country") VALUES ('Itaporã', CURRENT_TIMESTAMP, 'pigtraxadmin', 1);
INSERT INTO pigtraxrefdata."City" (name, "lastUpdated", "userUpdated", "id_Country") VALUES ('Itaporã do Tocantins', CURRENT_TIMESTAMP, 'pigtraxadmin', 1);
INSERT INTO pigtraxrefdata."City" (name, "lastUpdated", "userUpdated", "id_Country") VALUES ('Itaporanga', CURRENT_TIMESTAMP, 'pigtraxadmin', 1);
INSERT INTO pigtraxrefdata."City" (name, "lastUpdated", "userUpdated", "id_Country") VALUES ('Itaporanga d''Ajuda', CURRENT_TIMESTAMP, 'pigtraxadmin', 1);
INSERT INTO pigtraxrefdata."City" (name, "lastUpdated", "userUpdated", "id_Country") VALUES ('Itapororoca', CURRENT_TIMESTAMP, 'pigtraxadmin', 1);
INSERT INTO pigtraxrefdata."City" (name, "lastUpdated", "userUpdated", "id_Country") VALUES ('Itapuã', CURRENT_TIMESTAMP, 'pigtraxadmin', 1);
INSERT INTO pigtraxrefdata."City" (name, "lastUpdated", "userUpdated", "id_Country") VALUES ('Itapuã do Oeste', CURRENT_TIMESTAMP, 'pigtraxadmin', 1);
INSERT INTO pigtraxrefdata."City" (name, "lastUpdated", "userUpdated", "id_Country") VALUES ('Itapuca', CURRENT_TIMESTAMP, 'pigtraxadmin', 1);
INSERT INTO pigtraxrefdata."City" (name, "lastUpdated", "userUpdated", "id_Country") VALUES ('Itapuí', CURRENT_TIMESTAMP, 'pigtraxadmin', 1);
INSERT INTO pigtraxrefdata."City" (name, "lastUpdated", "userUpdated", "id_Country") VALUES ('Itapura', CURRENT_TIMESTAMP, 'pigtraxadmin', 1);
INSERT INTO pigtraxrefdata."City" (name, "lastUpdated", "userUpdated", "id_Country") VALUES ('Itapuranga', CURRENT_TIMESTAMP, 'pigtraxadmin', 1);
INSERT INTO pigtraxrefdata."City" (name, "lastUpdated", "userUpdated", "id_Country") VALUES ('Itaquaquecetuba', CURRENT_TIMESTAMP, 'pigtraxadmin', 1);
INSERT INTO pigtraxrefdata."City" (name, "lastUpdated", "userUpdated", "id_Country") VALUES ('Itaquara', CURRENT_TIMESTAMP, 'pigtraxadmin', 1);
INSERT INTO pigtraxrefdata."City" (name, "lastUpdated", "userUpdated", "id_Country") VALUES ('Itaquaraí', CURRENT_TIMESTAMP, 'pigtraxadmin', 1);
INSERT INTO pigtraxrefdata."City" (name, "lastUpdated", "userUpdated", "id_Country") VALUES ('Itaquari', CURRENT_TIMESTAMP, 'pigtraxadmin', 1);
INSERT INTO pigtraxrefdata."City" (name, "lastUpdated", "userUpdated", "id_Country") VALUES ('Itaqui', CURRENT_TIMESTAMP, 'pigtraxadmin', 1);
INSERT INTO pigtraxrefdata."City" (name, "lastUpdated", "userUpdated", "id_Country") VALUES ('Itaquiraí', CURRENT_TIMESTAMP, 'pigtraxadmin', 1);
INSERT INTO pigtraxrefdata."City" (name, "lastUpdated", "userUpdated", "id_Country") VALUES ('Itaquitinga', CURRENT_TIMESTAMP, 'pigtraxadmin', 1);
INSERT INTO pigtraxrefdata."City" (name, "lastUpdated", "userUpdated", "id_Country") VALUES ('Itarana', CURRENT_TIMESTAMP, 'pigtraxadmin', 1);
INSERT INTO pigtraxrefdata."City" (name, "lastUpdated", "userUpdated", "id_Country") VALUES ('Itarantim', CURRENT_TIMESTAMP, 'pigtraxadmin', 1);
INSERT INTO pigtraxrefdata."City" (name, "lastUpdated", "userUpdated", "id_Country") VALUES ('Itararé', CURRENT_TIMESTAMP, 'pigtraxadmin', 1);
INSERT INTO pigtraxrefdata."City" (name, "lastUpdated", "userUpdated", "id_Country") VALUES ('Itarema', CURRENT_TIMESTAMP, 'pigtraxadmin', 1);
INSERT INTO pigtraxrefdata."City" (name, "lastUpdated", "userUpdated", "id_Country") VALUES ('Itariri', CURRENT_TIMESTAMP, 'pigtraxadmin', 1);
INSERT INTO pigtraxrefdata."City" (name, "lastUpdated", "userUpdated", "id_Country") VALUES ('Itarumã', CURRENT_TIMESTAMP, 'pigtraxadmin', 1);
INSERT INTO pigtraxrefdata."City" (name, "lastUpdated", "userUpdated", "id_Country") VALUES ('Itati', CURRENT_TIMESTAMP, 'pigtraxadmin', 1);
INSERT INTO pigtraxrefdata."City" (name, "lastUpdated", "userUpdated", "id_Country") VALUES ('Itatiaia', CURRENT_TIMESTAMP, 'pigtraxadmin', 1);
INSERT INTO pigtraxrefdata."City" (name, "lastUpdated", "userUpdated", "id_Country") VALUES ('Itatiaia do Alto Bonito', CURRENT_TIMESTAMP, 'pigtraxadmin', 1);
INSERT INTO pigtraxrefdata."City" (name, "lastUpdated", "userUpdated", "id_Country") VALUES ('Itatiaiuçu', CURRENT_TIMESTAMP, 'pigtraxadmin', 1);
INSERT INTO pigtraxrefdata."City" (name, "lastUpdated", "userUpdated", "id_Country") VALUES ('Itatiba', CURRENT_TIMESTAMP, 'pigtraxadmin', 1);
INSERT INTO pigtraxrefdata."City" (name, "lastUpdated", "userUpdated", "id_Country") VALUES ('Itatiba do Sul', CURRENT_TIMESTAMP, 'pigtraxadmin', 1);
INSERT INTO pigtraxrefdata."City" (name, "lastUpdated", "userUpdated", "id_Country") VALUES ('Itatim', CURRENT_TIMESTAMP, 'pigtraxadmin', 1);
INSERT INTO pigtraxrefdata."City" (name, "lastUpdated", "userUpdated", "id_Country") VALUES ('Itatinga', CURRENT_TIMESTAMP, 'pigtraxadmin', 1);
INSERT INTO pigtraxrefdata."City" (name, "lastUpdated", "userUpdated", "id_Country") VALUES ('Itatira', CURRENT_TIMESTAMP, 'pigtraxadmin', 1);
INSERT INTO pigtraxrefdata."City" (name, "lastUpdated", "userUpdated", "id_Country") VALUES ('Itatuba', CURRENT_TIMESTAMP, 'pigtraxadmin', 1);
INSERT INTO pigtraxrefdata."City" (name, "lastUpdated", "userUpdated", "id_Country") VALUES ('Itaú', CURRENT_TIMESTAMP, 'pigtraxadmin', 1);
INSERT INTO pigtraxrefdata."City" (name, "lastUpdated", "userUpdated", "id_Country") VALUES ('Itaú de Minas', CURRENT_TIMESTAMP, 'pigtraxadmin', 1);
INSERT INTO pigtraxrefdata."City" (name, "lastUpdated", "userUpdated", "id_Country") VALUES ('Itaúba', CURRENT_TIMESTAMP, 'pigtraxadmin', 1);
INSERT INTO pigtraxrefdata."City" (name, "lastUpdated", "userUpdated", "id_Country") VALUES ('Itaubal', CURRENT_TIMESTAMP, 'pigtraxadmin', 1);
INSERT INTO pigtraxrefdata."City" (name, "lastUpdated", "userUpdated", "id_Country") VALUES ('Itauçu', CURRENT_TIMESTAMP, 'pigtraxadmin', 1);
INSERT INTO pigtraxrefdata."City" (name, "lastUpdated", "userUpdated", "id_Country") VALUES ('Itaueira', CURRENT_TIMESTAMP, 'pigtraxadmin', 1);
INSERT INTO pigtraxrefdata."City" (name, "lastUpdated", "userUpdated", "id_Country") VALUES ('Itaum', CURRENT_TIMESTAMP, 'pigtraxadmin', 1);
INSERT INTO pigtraxrefdata."City" (name, "lastUpdated", "userUpdated", "id_Country") VALUES ('Itaúna', CURRENT_TIMESTAMP, 'pigtraxadmin', 1);
INSERT INTO pigtraxrefdata."City" (name, "lastUpdated", "userUpdated", "id_Country") VALUES ('Itaúna do Sul', CURRENT_TIMESTAMP, 'pigtraxadmin', 1);
INSERT INTO pigtraxrefdata."City" (name, "lastUpdated", "userUpdated", "id_Country") VALUES ('Itaverava', CURRENT_TIMESTAMP, 'pigtraxadmin', 1);
INSERT INTO pigtraxrefdata."City" (name, "lastUpdated", "userUpdated", "id_Country") VALUES ('Itinga', CURRENT_TIMESTAMP, 'pigtraxadmin', 1);
INSERT INTO pigtraxrefdata."City" (name, "lastUpdated", "userUpdated", "id_Country") VALUES ('Itinga do Maranhão', CURRENT_TIMESTAMP, 'pigtraxadmin', 1);
INSERT INTO pigtraxrefdata."City" (name, "lastUpdated", "userUpdated", "id_Country") VALUES ('Itiquira', CURRENT_TIMESTAMP, 'pigtraxadmin', 1);
INSERT INTO pigtraxrefdata."City" (name, "lastUpdated", "userUpdated", "id_Country") VALUES ('Itirapina', CURRENT_TIMESTAMP, 'pigtraxadmin', 1);
INSERT INTO pigtraxrefdata."City" (name, "lastUpdated", "userUpdated", "id_Country") VALUES ('Itirapuã', CURRENT_TIMESTAMP, 'pigtraxadmin', 1);
INSERT INTO pigtraxrefdata."City" (name, "lastUpdated", "userUpdated", "id_Country") VALUES ('Itiruçu', CURRENT_TIMESTAMP, 'pigtraxadmin', 1);
INSERT INTO pigtraxrefdata."City" (name, "lastUpdated", "userUpdated", "id_Country") VALUES ('Itiúba', CURRENT_TIMESTAMP, 'pigtraxadmin', 1);
INSERT INTO pigtraxrefdata."City" (name, "lastUpdated", "userUpdated", "id_Country") VALUES ('Itobi', CURRENT_TIMESTAMP, 'pigtraxadmin', 1);
INSERT INTO pigtraxrefdata."City" (name, "lastUpdated", "userUpdated", "id_Country") VALUES ('Itororó', CURRENT_TIMESTAMP, 'pigtraxadmin', 1);
INSERT INTO pigtraxrefdata."City" (name, "lastUpdated", "userUpdated", "id_Country") VALUES ('Itororó do Paranapanema', CURRENT_TIMESTAMP, 'pigtraxadmin', 1);
INSERT INTO pigtraxrefdata."City" (name, "lastUpdated", "userUpdated", "id_Country") VALUES ('Itoupava', CURRENT_TIMESTAMP, 'pigtraxadmin', 1);
INSERT INTO pigtraxrefdata."City" (name, "lastUpdated", "userUpdated", "id_Country") VALUES ('Itu', CURRENT_TIMESTAMP, 'pigtraxadmin', 1);
INSERT INTO pigtraxrefdata."City" (name, "lastUpdated", "userUpdated", "id_Country") VALUES ('Ituaçu', CURRENT_TIMESTAMP, 'pigtraxadmin', 1);
INSERT INTO pigtraxrefdata."City" (name, "lastUpdated", "userUpdated", "id_Country") VALUES ('Ituberá', CURRENT_TIMESTAMP, 'pigtraxadmin', 1);
INSERT INTO pigtraxrefdata."City" (name, "lastUpdated", "userUpdated", "id_Country") VALUES ('Itueta', CURRENT_TIMESTAMP, 'pigtraxadmin', 1);
INSERT INTO pigtraxrefdata."City" (name, "lastUpdated", "userUpdated", "id_Country") VALUES ('Ituiutaba', CURRENT_TIMESTAMP, 'pigtraxadmin', 1);
INSERT INTO pigtraxrefdata."City" (name, "lastUpdated", "userUpdated", "id_Country") VALUES ('Itumbiara', CURRENT_TIMESTAMP, 'pigtraxadmin', 1);
INSERT INTO pigtraxrefdata."City" (name, "lastUpdated", "userUpdated", "id_Country") VALUES ('Itumirim', CURRENT_TIMESTAMP, 'pigtraxadmin', 1);
INSERT INTO pigtraxrefdata."City" (name, "lastUpdated", "userUpdated", "id_Country") VALUES ('Itupeva', CURRENT_TIMESTAMP, 'pigtraxadmin', 1);
INSERT INTO pigtraxrefdata."City" (name, "lastUpdated", "userUpdated", "id_Country") VALUES ('Itupiranga', CURRENT_TIMESTAMP, 'pigtraxadmin', 1);
INSERT INTO pigtraxrefdata."City" (name, "lastUpdated", "userUpdated", "id_Country") VALUES ('Itutinga', CURRENT_TIMESTAMP, 'pigtraxadmin', 1);
INSERT INTO pigtraxrefdata."City" (name, "lastUpdated", "userUpdated", "id_Country") VALUES ('Ituverava', CURRENT_TIMESTAMP, 'pigtraxadmin', 1);
INSERT INTO pigtraxrefdata."City" (name, "lastUpdated", "userUpdated", "id_Country") VALUES ('Iubatinga', CURRENT_TIMESTAMP, 'pigtraxadmin', 1);
INSERT INTO pigtraxrefdata."City" (name, "lastUpdated", "userUpdated", "id_Country") VALUES ('Iuiú', CURRENT_TIMESTAMP, 'pigtraxadmin', 1);
INSERT INTO pigtraxrefdata."City" (name, "lastUpdated", "userUpdated", "id_Country") VALUES ('Ivaí', CURRENT_TIMESTAMP, 'pigtraxadmin', 1);
INSERT INTO pigtraxrefdata."City" (name, "lastUpdated", "userUpdated", "id_Country") VALUES ('Ivailândia', CURRENT_TIMESTAMP, 'pigtraxadmin', 1);
INSERT INTO pigtraxrefdata."City" (name, "lastUpdated", "userUpdated", "id_Country") VALUES ('Ivaiporã', CURRENT_TIMESTAMP, 'pigtraxadmin', 1);
INSERT INTO pigtraxrefdata."City" (name, "lastUpdated", "userUpdated", "id_Country") VALUES ('Ivaté', CURRENT_TIMESTAMP, 'pigtraxadmin', 1);
INSERT INTO pigtraxrefdata."City" (name, "lastUpdated", "userUpdated", "id_Country") VALUES ('Ivatuba', CURRENT_TIMESTAMP, 'pigtraxadmin', 1);
INSERT INTO pigtraxrefdata."City" (name, "lastUpdated", "userUpdated", "id_Country") VALUES ('Ivinhema', CURRENT_TIMESTAMP, 'pigtraxadmin', 1);
INSERT INTO pigtraxrefdata."City" (name, "lastUpdated", "userUpdated", "id_Country") VALUES ('Ivolândia', CURRENT_TIMESTAMP, 'pigtraxadmin', 1);
INSERT INTO pigtraxrefdata."City" (name, "lastUpdated", "userUpdated", "id_Country") VALUES ('Ivorá', CURRENT_TIMESTAMP, 'pigtraxadmin', 1);
INSERT INTO pigtraxrefdata."City" (name, "lastUpdated", "userUpdated", "id_Country") VALUES ('Ivoti', CURRENT_TIMESTAMP, 'pigtraxadmin', 1);
INSERT INTO pigtraxrefdata."City" (name, "lastUpdated", "userUpdated", "id_Country") VALUES ('J.K.', CURRENT_TIMESTAMP, 'pigtraxadmin', 1);
INSERT INTO pigtraxrefdata."City" (name, "lastUpdated", "userUpdated", "id_Country") VALUES ('Jabitacá', CURRENT_TIMESTAMP, 'pigtraxadmin', 1);
INSERT INTO pigtraxrefdata."City" (name, "lastUpdated", "userUpdated", "id_Country") VALUES ('Jaboatão', CURRENT_TIMESTAMP, 'pigtraxadmin', 1);
INSERT INTO pigtraxrefdata."City" (name, "lastUpdated", "userUpdated", "id_Country") VALUES ('Jaboatão dos Guararapes', CURRENT_TIMESTAMP, 'pigtraxadmin', 1);
INSERT INTO pigtraxrefdata."City" (name, "lastUpdated", "userUpdated", "id_Country") VALUES ('Jaborá', CURRENT_TIMESTAMP, 'pigtraxadmin', 1);
INSERT INTO pigtraxrefdata."City" (name, "lastUpdated", "userUpdated", "id_Country") VALUES ('Jaborandi', CURRENT_TIMESTAMP, 'pigtraxadmin', 1);
INSERT INTO pigtraxrefdata."City" (name, "lastUpdated", "userUpdated", "id_Country") VALUES ('Jaboti', CURRENT_TIMESTAMP, 'pigtraxadmin', 1);
INSERT INTO pigtraxrefdata."City" (name, "lastUpdated", "userUpdated", "id_Country") VALUES ('Jaboticaba', CURRENT_TIMESTAMP, 'pigtraxadmin', 1);
INSERT INTO pigtraxrefdata."City" (name, "lastUpdated", "userUpdated", "id_Country") VALUES ('Jaboticabal', CURRENT_TIMESTAMP, 'pigtraxadmin', 1);
INSERT INTO pigtraxrefdata."City" (name, "lastUpdated", "userUpdated", "id_Country") VALUES ('Jaboticatubas', CURRENT_TIMESTAMP, 'pigtraxadmin', 1);
INSERT INTO pigtraxrefdata."City" (name, "lastUpdated", "userUpdated", "id_Country") VALUES ('Jaburuna', CURRENT_TIMESTAMP, 'pigtraxadmin', 1);
INSERT INTO pigtraxrefdata."City" (name, "lastUpdated", "userUpdated", "id_Country") VALUES ('Jaçanã', CURRENT_TIMESTAMP, 'pigtraxadmin', 1);
INSERT INTO pigtraxrefdata."City" (name, "lastUpdated", "userUpdated", "id_Country") VALUES ('Jacaraci', CURRENT_TIMESTAMP, 'pigtraxadmin', 1);
INSERT INTO pigtraxrefdata."City" (name, "lastUpdated", "userUpdated", "id_Country") VALUES ('Jacaraú', CURRENT_TIMESTAMP, 'pigtraxadmin', 1);
INSERT INTO pigtraxrefdata."City" (name, "lastUpdated", "userUpdated", "id_Country") VALUES ('Jacaré', CURRENT_TIMESTAMP, 'pigtraxadmin', 1);
INSERT INTO pigtraxrefdata."City" (name, "lastUpdated", "userUpdated", "id_Country") VALUES ('Jacaré dos Homens', CURRENT_TIMESTAMP, 'pigtraxadmin', 1);
INSERT INTO pigtraxrefdata."City" (name, "lastUpdated", "userUpdated", "id_Country") VALUES ('Jacareacanga', CURRENT_TIMESTAMP, 'pigtraxadmin', 1);
INSERT INTO pigtraxrefdata."City" (name, "lastUpdated", "userUpdated", "id_Country") VALUES ('Jacarecoara', CURRENT_TIMESTAMP, 'pigtraxadmin', 1);
INSERT INTO pigtraxrefdata."City" (name, "lastUpdated", "userUpdated", "id_Country") VALUES ('Jacareí', CURRENT_TIMESTAMP, 'pigtraxadmin', 1);
INSERT INTO pigtraxrefdata."City" (name, "lastUpdated", "userUpdated", "id_Country") VALUES ('Jacarezinho', CURRENT_TIMESTAMP, 'pigtraxadmin', 1);
INSERT INTO pigtraxrefdata."City" (name, "lastUpdated", "userUpdated", "id_Country") VALUES ('Jacaúna', CURRENT_TIMESTAMP, 'pigtraxadmin', 1);
INSERT INTO pigtraxrefdata."City" (name, "lastUpdated", "userUpdated", "id_Country") VALUES ('Jaci', CURRENT_TIMESTAMP, 'pigtraxadmin', 1);
INSERT INTO pigtraxrefdata."City" (name, "lastUpdated", "userUpdated", "id_Country") VALUES ('Jaci Paraná', CURRENT_TIMESTAMP, 'pigtraxadmin', 1);
INSERT INTO pigtraxrefdata."City" (name, "lastUpdated", "userUpdated", "id_Country") VALUES ('Jaciara', CURRENT_TIMESTAMP, 'pigtraxadmin', 1);
INSERT INTO pigtraxrefdata."City" (name, "lastUpdated", "userUpdated", "id_Country") VALUES ('Jacinto Machado', CURRENT_TIMESTAMP, 'pigtraxadmin', 1);
INSERT INTO pigtraxrefdata."City" (name, "lastUpdated", "userUpdated", "id_Country") VALUES ('Jacobina', CURRENT_TIMESTAMP, 'pigtraxadmin', 1);
INSERT INTO pigtraxrefdata."City" (name, "lastUpdated", "userUpdated", "id_Country") VALUES ('Jacobina do Piauí', CURRENT_TIMESTAMP, 'pigtraxadmin', 1);
INSERT INTO pigtraxrefdata."City" (name, "lastUpdated", "userUpdated", "id_Country") VALUES ('Jacu', CURRENT_TIMESTAMP, 'pigtraxadmin', 1);
INSERT INTO pigtraxrefdata."City" (name, "lastUpdated", "userUpdated", "id_Country") VALUES ('Jacuba', CURRENT_TIMESTAMP, 'pigtraxadmin', 1);
INSERT INTO pigtraxrefdata."City" (name, "lastUpdated", "userUpdated", "id_Country") VALUES ('Jacuí', CURRENT_TIMESTAMP, 'pigtraxadmin', 1);
INSERT INTO pigtraxrefdata."City" (name, "lastUpdated", "userUpdated", "id_Country") VALUES ('Jacuípe', CURRENT_TIMESTAMP, 'pigtraxadmin', 1);
INSERT INTO pigtraxrefdata."City" (name, "lastUpdated", "userUpdated", "id_Country") VALUES ('Jacuizinho', CURRENT_TIMESTAMP, 'pigtraxadmin', 1);
INSERT INTO pigtraxrefdata."City" (name, "lastUpdated", "userUpdated", "id_Country") VALUES ('Jacumã', CURRENT_TIMESTAMP, 'pigtraxadmin', 1);
INSERT INTO pigtraxrefdata."City" (name, "lastUpdated", "userUpdated", "id_Country") VALUES ('Jacundá', CURRENT_TIMESTAMP, 'pigtraxadmin', 1);
INSERT INTO pigtraxrefdata."City" (name, "lastUpdated", "userUpdated", "id_Country") VALUES ('Jacupemba', CURRENT_TIMESTAMP, 'pigtraxadmin', 1);
INSERT INTO pigtraxrefdata."City" (name, "lastUpdated", "userUpdated", "id_Country") VALUES ('Jacupiranga', CURRENT_TIMESTAMP, 'pigtraxadmin', 1);
INSERT INTO pigtraxrefdata."City" (name, "lastUpdated", "userUpdated", "id_Country") VALUES ('Jacuruna', CURRENT_TIMESTAMP, 'pigtraxadmin', 1);
INSERT INTO pigtraxrefdata."City" (name, "lastUpdated", "userUpdated", "id_Country") VALUES ('Jacutinga', CURRENT_TIMESTAMP, 'pigtraxadmin', 1);
INSERT INTO pigtraxrefdata."City" (name, "lastUpdated", "userUpdated", "id_Country") VALUES ('Jafa', CURRENT_TIMESTAMP, 'pigtraxadmin', 1);
INSERT INTO pigtraxrefdata."City" (name, "lastUpdated", "userUpdated", "id_Country") VALUES ('Jaguapitã', CURRENT_TIMESTAMP, 'pigtraxadmin', 1);
INSERT INTO pigtraxrefdata."City" (name, "lastUpdated", "userUpdated", "id_Country") VALUES ('Jaguaquara', CURRENT_TIMESTAMP, 'pigtraxadmin', 1);
INSERT INTO pigtraxrefdata."City" (name, "lastUpdated", "userUpdated", "id_Country") VALUES ('Jaguara', CURRENT_TIMESTAMP, 'pigtraxadmin', 1);
INSERT INTO pigtraxrefdata."City" (name, "lastUpdated", "userUpdated", "id_Country") VALUES ('Jaguaraçu', CURRENT_TIMESTAMP, 'pigtraxadmin', 1);
INSERT INTO pigtraxrefdata."City" (name, "lastUpdated", "userUpdated", "id_Country") VALUES ('Jaguarão', CURRENT_TIMESTAMP, 'pigtraxadmin', 1);
INSERT INTO pigtraxrefdata."City" (name, "lastUpdated", "userUpdated", "id_Country") VALUES ('Jaguarari', CURRENT_TIMESTAMP, 'pigtraxadmin', 1);
INSERT INTO pigtraxrefdata."City" (name, "lastUpdated", "userUpdated", "id_Country") VALUES ('Jaguaré', CURRENT_TIMESTAMP, 'pigtraxadmin', 1);
INSERT INTO pigtraxrefdata."City" (name, "lastUpdated", "userUpdated", "id_Country") VALUES ('Jaguarembé', CURRENT_TIMESTAMP, 'pigtraxadmin', 1);
INSERT INTO pigtraxrefdata."City" (name, "lastUpdated", "userUpdated", "id_Country") VALUES ('Jaguaretama', CURRENT_TIMESTAMP, 'pigtraxadmin', 1);
INSERT INTO pigtraxrefdata."City" (name, "lastUpdated", "userUpdated", "id_Country") VALUES ('Jaguari', CURRENT_TIMESTAMP, 'pigtraxadmin', 1);
INSERT INTO pigtraxrefdata."City" (name, "lastUpdated", "userUpdated", "id_Country") VALUES ('Jaguariaíva', CURRENT_TIMESTAMP, 'pigtraxadmin', 1);
INSERT INTO pigtraxrefdata."City" (name, "lastUpdated", "userUpdated", "id_Country") VALUES ('Jaguaribara', CURRENT_TIMESTAMP, 'pigtraxadmin', 1);
INSERT INTO pigtraxrefdata."City" (name, "lastUpdated", "userUpdated", "id_Country") VALUES ('Jaguaribe', CURRENT_TIMESTAMP, 'pigtraxadmin', 1);
INSERT INTO pigtraxrefdata."City" (name, "lastUpdated", "userUpdated", "id_Country") VALUES ('Jaguariúna', CURRENT_TIMESTAMP, 'pigtraxadmin', 1);
INSERT INTO pigtraxrefdata."City" (name, "lastUpdated", "userUpdated", "id_Country") VALUES ('Jaguaruana', CURRENT_TIMESTAMP, 'pigtraxadmin', 1);
INSERT INTO pigtraxrefdata."City" (name, "lastUpdated", "userUpdated", "id_Country") VALUES ('Jaguaruna', CURRENT_TIMESTAMP, 'pigtraxadmin', 1);
INSERT INTO pigtraxrefdata."City" (name, "lastUpdated", "userUpdated", "id_Country") VALUES ('Jaíba', CURRENT_TIMESTAMP, 'pigtraxadmin', 1);
INSERT INTO pigtraxrefdata."City" (name, "lastUpdated", "userUpdated", "id_Country") VALUES ('Jaibaras', CURRENT_TIMESTAMP, 'pigtraxadmin', 1);
INSERT INTO pigtraxrefdata."City" (name, "lastUpdated", "userUpdated", "id_Country") VALUES ('Jaicós', CURRENT_TIMESTAMP, 'pigtraxadmin', 1);
INSERT INTO pigtraxrefdata."City" (name, "lastUpdated", "userUpdated", "id_Country") VALUES ('Jales', CURRENT_TIMESTAMP, 'pigtraxadmin', 1);
INSERT INTO pigtraxrefdata."City" (name, "lastUpdated", "userUpdated", "id_Country") VALUES ('Jamacaru', CURRENT_TIMESTAMP, 'pigtraxadmin', 1);
INSERT INTO pigtraxrefdata."City" (name, "lastUpdated", "userUpdated", "id_Country") VALUES ('Jamapará', CURRENT_TIMESTAMP, 'pigtraxadmin', 1);
INSERT INTO pigtraxrefdata."City" (name, "lastUpdated", "userUpdated", "id_Country") VALUES ('Jambeiro', CURRENT_TIMESTAMP, 'pigtraxadmin', 1);
INSERT INTO pigtraxrefdata."City" (name, "lastUpdated", "userUpdated", "id_Country") VALUES ('Jampruca', CURRENT_TIMESTAMP, 'pigtraxadmin', 1);
INSERT INTO pigtraxrefdata."City" (name, "lastUpdated", "userUpdated", "id_Country") VALUES ('Janaúba', CURRENT_TIMESTAMP, 'pigtraxadmin', 1);
INSERT INTO pigtraxrefdata."City" (name, "lastUpdated", "userUpdated", "id_Country") VALUES ('Jandaia', CURRENT_TIMESTAMP, 'pigtraxadmin', 1);
INSERT INTO pigtraxrefdata."City" (name, "lastUpdated", "userUpdated", "id_Country") VALUES ('Jandaia do Sul', CURRENT_TIMESTAMP, 'pigtraxadmin', 1);
INSERT INTO pigtraxrefdata."City" (name, "lastUpdated", "userUpdated", "id_Country") VALUES ('Jandaíra', CURRENT_TIMESTAMP, 'pigtraxadmin', 1);
INSERT INTO pigtraxrefdata."City" (name, "lastUpdated", "userUpdated", "id_Country") VALUES ('Jandira', CURRENT_TIMESTAMP, 'pigtraxadmin', 1);
INSERT INTO pigtraxrefdata."City" (name, "lastUpdated", "userUpdated", "id_Country") VALUES ('Janduís', CURRENT_TIMESTAMP, 'pigtraxadmin', 1);
INSERT INTO pigtraxrefdata."City" (name, "lastUpdated", "userUpdated", "id_Country") VALUES ('Janiópolis', CURRENT_TIMESTAMP, 'pigtraxadmin', 1);
INSERT INTO pigtraxrefdata."City" (name, "lastUpdated", "userUpdated", "id_Country") VALUES ('Januária', CURRENT_TIMESTAMP, 'pigtraxadmin', 1);
INSERT INTO pigtraxrefdata."City" (name, "lastUpdated", "userUpdated", "id_Country") VALUES ('Januário Cicco', CURRENT_TIMESTAMP, 'pigtraxadmin', 1);
INSERT INTO pigtraxrefdata."City" (name, "lastUpdated", "userUpdated", "id_Country") VALUES ('Japaraíba', CURRENT_TIMESTAMP, 'pigtraxadmin', 1);
INSERT INTO pigtraxrefdata."City" (name, "lastUpdated", "userUpdated", "id_Country") VALUES ('Japaratinga', CURRENT_TIMESTAMP, 'pigtraxadmin', 1);
INSERT INTO pigtraxrefdata."City" (name, "lastUpdated", "userUpdated", "id_Country") VALUES ('Japaratuba', CURRENT_TIMESTAMP, 'pigtraxadmin', 1);
INSERT INTO pigtraxrefdata."City" (name, "lastUpdated", "userUpdated", "id_Country") VALUES ('Japeri', CURRENT_TIMESTAMP, 'pigtraxadmin', 1);
INSERT INTO pigtraxrefdata."City" (name, "lastUpdated", "userUpdated", "id_Country") VALUES ('Japi', CURRENT_TIMESTAMP, 'pigtraxadmin', 1);
INSERT INTO pigtraxrefdata."City" (name, "lastUpdated", "userUpdated", "id_Country") VALUES ('Japoatã', CURRENT_TIMESTAMP, 'pigtraxadmin', 1);
INSERT INTO pigtraxrefdata."City" (name, "lastUpdated", "userUpdated", "id_Country") VALUES ('Japomirim', CURRENT_TIMESTAMP, 'pigtraxadmin', 1);
INSERT INTO pigtraxrefdata."City" (name, "lastUpdated", "userUpdated", "id_Country") VALUES ('Japonvar', CURRENT_TIMESTAMP, 'pigtraxadmin', 1);
INSERT INTO pigtraxrefdata."City" (name, "lastUpdated", "userUpdated", "id_Country") VALUES ('Japorã', CURRENT_TIMESTAMP, 'pigtraxadmin', 1);
INSERT INTO pigtraxrefdata."City" (name, "lastUpdated", "userUpdated", "id_Country") VALUES ('Japuíba', CURRENT_TIMESTAMP, 'pigtraxadmin', 1);
INSERT INTO pigtraxrefdata."City" (name, "lastUpdated", "userUpdated", "id_Country") VALUES ('Japurá', CURRENT_TIMESTAMP, 'pigtraxadmin', 1);
INSERT INTO pigtraxrefdata."City" (name, "lastUpdated", "userUpdated", "id_Country") VALUES ('Jaqueira', CURRENT_TIMESTAMP, 'pigtraxadmin', 1);
INSERT INTO pigtraxrefdata."City" (name, "lastUpdated", "userUpdated", "id_Country") VALUES ('Jaquirana', CURRENT_TIMESTAMP, 'pigtraxadmin', 1);
INSERT INTO pigtraxrefdata."City" (name, "lastUpdated", "userUpdated", "id_Country") VALUES ('Jaraguá', CURRENT_TIMESTAMP, 'pigtraxadmin', 1);
INSERT INTO pigtraxrefdata."City" (name, "lastUpdated", "userUpdated", "id_Country") VALUES ('Jaraguá do Sul', CURRENT_TIMESTAMP, 'pigtraxadmin', 1);
INSERT INTO pigtraxrefdata."City" (name, "lastUpdated", "userUpdated", "id_Country") VALUES ('Jaraguari', CURRENT_TIMESTAMP, 'pigtraxadmin', 1);
INSERT INTO pigtraxrefdata."City" (name, "lastUpdated", "userUpdated", "id_Country") VALUES ('Jardim', CURRENT_TIMESTAMP, 'pigtraxadmin', 1);
INSERT INTO pigtraxrefdata."City" (name, "lastUpdated", "userUpdated", "id_Country") VALUES ('Jardim Alegre', CURRENT_TIMESTAMP, 'pigtraxadmin', 1);
INSERT INTO pigtraxrefdata."City" (name, "lastUpdated", "userUpdated", "id_Country") VALUES ('Jardim Belval', CURRENT_TIMESTAMP, 'pigtraxadmin', 1);
INSERT INTO pigtraxrefdata."City" (name, "lastUpdated", "userUpdated", "id_Country") VALUES ('Jardim de Piranhas', CURRENT_TIMESTAMP, 'pigtraxadmin', 1);
INSERT INTO pigtraxrefdata."City" (name, "lastUpdated", "userUpdated", "id_Country") VALUES ('Jardim do Mulato', CURRENT_TIMESTAMP, 'pigtraxadmin', 1);
INSERT INTO pigtraxrefdata."City" (name, "lastUpdated", "userUpdated", "id_Country") VALUES ('Jardim Jordão', CURRENT_TIMESTAMP, 'pigtraxadmin', 1);
INSERT INTO pigtraxrefdata."City" (name, "lastUpdated", "userUpdated", "id_Country") VALUES ('Jardim Olinda', CURRENT_TIMESTAMP, 'pigtraxadmin', 1);
INSERT INTO pigtraxrefdata."City" (name, "lastUpdated", "userUpdated", "id_Country") VALUES ('Jardim Presidente Dutra', CURRENT_TIMESTAMP, 'pigtraxadmin', 1);
INSERT INTO pigtraxrefdata."City" (name, "lastUpdated", "userUpdated", "id_Country") VALUES ('Jardim Silveira', CURRENT_TIMESTAMP, 'pigtraxadmin', 1);
INSERT INTO pigtraxrefdata."City" (name, "lastUpdated", "userUpdated", "id_Country") VALUES ('Jardinópolis', CURRENT_TIMESTAMP, 'pigtraxadmin', 1);
INSERT INTO pigtraxrefdata."City" (name, "lastUpdated", "userUpdated", "id_Country") VALUES ('Jari', CURRENT_TIMESTAMP, 'pigtraxadmin', 1);
INSERT INTO pigtraxrefdata."City" (name, "lastUpdated", "userUpdated", "id_Country") VALUES ('Jarinu', CURRENT_TIMESTAMP, 'pigtraxadmin', 1);
INSERT INTO pigtraxrefdata."City" (name, "lastUpdated", "userUpdated", "id_Country") VALUES ('Jataí', CURRENT_TIMESTAMP, 'pigtraxadmin', 1);
INSERT INTO pigtraxrefdata."City" (name, "lastUpdated", "userUpdated", "id_Country") VALUES ('Jataizinho', CURRENT_TIMESTAMP, 'pigtraxadmin', 1);
INSERT INTO pigtraxrefdata."City" (name, "lastUpdated", "userUpdated", "id_Country") VALUES ('Jataúba', CURRENT_TIMESTAMP, 'pigtraxadmin', 1);
INSERT INTO pigtraxrefdata."City" (name, "lastUpdated", "userUpdated", "id_Country") VALUES ('Jateí', CURRENT_TIMESTAMP, 'pigtraxadmin', 1);
INSERT INTO pigtraxrefdata."City" (name, "lastUpdated", "userUpdated", "id_Country") VALUES ('Jati', CURRENT_TIMESTAMP, 'pigtraxadmin', 1);
INSERT INTO pigtraxrefdata."City" (name, "lastUpdated", "userUpdated", "id_Country") VALUES ('Jatobá', CURRENT_TIMESTAMP, 'pigtraxadmin', 1);
INSERT INTO pigtraxrefdata."City" (name, "lastUpdated", "userUpdated", "id_Country") VALUES ('Jatobá do Piauí', CURRENT_TIMESTAMP, 'pigtraxadmin', 1);
INSERT INTO pigtraxrefdata."City" (name, "lastUpdated", "userUpdated", "id_Country") VALUES ('Jaú', CURRENT_TIMESTAMP, 'pigtraxadmin', 1);
INSERT INTO pigtraxrefdata."City" (name, "lastUpdated", "userUpdated", "id_Country") VALUES ('Jaú do Tocantins', CURRENT_TIMESTAMP, 'pigtraxadmin', 1);
INSERT INTO pigtraxrefdata."City" (name, "lastUpdated", "userUpdated", "id_Country") VALUES ('Jaupaci', CURRENT_TIMESTAMP, 'pigtraxadmin', 1);
INSERT INTO pigtraxrefdata."City" (name, "lastUpdated", "userUpdated", "id_Country") VALUES ('Jauru', CURRENT_TIMESTAMP, 'pigtraxadmin', 1);
INSERT INTO pigtraxrefdata."City" (name, "lastUpdated", "userUpdated", "id_Country") VALUES ('Jeceaba', CURRENT_TIMESTAMP, 'pigtraxadmin', 1);
INSERT INTO pigtraxrefdata."City" (name, "lastUpdated", "userUpdated", "id_Country") VALUES ('Jenipapo', CURRENT_TIMESTAMP, 'pigtraxadmin', 1);
INSERT INTO pigtraxrefdata."City" (name, "lastUpdated", "userUpdated", "id_Country") VALUES ('Jenipapo de Minas', CURRENT_TIMESTAMP, 'pigtraxadmin', 1);
INSERT INTO pigtraxrefdata."City" (name, "lastUpdated", "userUpdated", "id_Country") VALUES ('Jenipapo dos Vieiras', CURRENT_TIMESTAMP, 'pigtraxadmin', 1);
INSERT INTO pigtraxrefdata."City" (name, "lastUpdated", "userUpdated", "id_Country") VALUES ('Jequeri', CURRENT_TIMESTAMP, 'pigtraxadmin', 1);
INSERT INTO pigtraxrefdata."City" (name, "lastUpdated", "userUpdated", "id_Country") VALUES ('Jequiá da Praia', CURRENT_TIMESTAMP, 'pigtraxadmin', 1);
INSERT INTO pigtraxrefdata."City" (name, "lastUpdated", "userUpdated", "id_Country") VALUES ('Jequié', CURRENT_TIMESTAMP, 'pigtraxadmin', 1);
INSERT INTO pigtraxrefdata."City" (name, "lastUpdated", "userUpdated", "id_Country") VALUES ('Jequitaí', CURRENT_TIMESTAMP, 'pigtraxadmin', 1);
INSERT INTO pigtraxrefdata."City" (name, "lastUpdated", "userUpdated", "id_Country") VALUES ('Jequitibá', CURRENT_TIMESTAMP, 'pigtraxadmin', 1);
INSERT INTO pigtraxrefdata."City" (name, "lastUpdated", "userUpdated", "id_Country") VALUES ('Jequitinhonha', CURRENT_TIMESTAMP, 'pigtraxadmin', 1);
INSERT INTO pigtraxrefdata."City" (name, "lastUpdated", "userUpdated", "id_Country") VALUES ('Jeremoabo', CURRENT_TIMESTAMP, 'pigtraxadmin', 1);
INSERT INTO pigtraxrefdata."City" (name, "lastUpdated", "userUpdated", "id_Country") VALUES ('Jericó', CURRENT_TIMESTAMP, 'pigtraxadmin', 1);
INSERT INTO pigtraxrefdata."City" (name, "lastUpdated", "userUpdated", "id_Country") VALUES ('Jeriquara', CURRENT_TIMESTAMP, 'pigtraxadmin', 1);
INSERT INTO pigtraxrefdata."City" (name, "lastUpdated", "userUpdated", "id_Country") VALUES ('Jerônimo Monteiro', CURRENT_TIMESTAMP, 'pigtraxadmin', 1);
INSERT INTO pigtraxrefdata."City" (name, "lastUpdated", "userUpdated", "id_Country") VALUES ('Jerumenha', CURRENT_TIMESTAMP, 'pigtraxadmin', 1);
INSERT INTO pigtraxrefdata."City" (name, "lastUpdated", "userUpdated", "id_Country") VALUES ('Jesuânia', CURRENT_TIMESTAMP, 'pigtraxadmin', 1);
INSERT INTO pigtraxrefdata."City" (name, "lastUpdated", "userUpdated", "id_Country") VALUES ('Jesuítas', CURRENT_TIMESTAMP, 'pigtraxadmin', 1);
INSERT INTO pigtraxrefdata."City" (name, "lastUpdated", "userUpdated", "id_Country") VALUES ('Jesúpolis', CURRENT_TIMESTAMP, 'pigtraxadmin', 1);
INSERT INTO pigtraxrefdata."City" (name, "lastUpdated", "userUpdated", "id_Country") VALUES ('Jijoca de Jericoacoara', CURRENT_TIMESTAMP, 'pigtraxadmin', 1);
INSERT INTO pigtraxrefdata."City" (name, "lastUpdated", "userUpdated", "id_Country") VALUES ('Ji-Paraná', CURRENT_TIMESTAMP, 'pigtraxadmin', 1);
INSERT INTO pigtraxrefdata."City" (name, "lastUpdated", "userUpdated", "id_Country") VALUES ('Jiquiriçá', CURRENT_TIMESTAMP, 'pigtraxadmin', 1);
INSERT INTO pigtraxrefdata."City" (name, "lastUpdated", "userUpdated", "id_Country") VALUES ('Jiribatuba', CURRENT_TIMESTAMP, 'pigtraxadmin', 1);
INSERT INTO pigtraxrefdata."City" (name, "lastUpdated", "userUpdated", "id_Country") VALUES ('Jitaúna', CURRENT_TIMESTAMP, 'pigtraxadmin', 1);
INSERT INTO pigtraxrefdata."City" (name, "lastUpdated", "userUpdated", "id_Country") VALUES ('Joaçaba', CURRENT_TIMESTAMP, 'pigtraxadmin', 1);
INSERT INTO pigtraxrefdata."City" (name, "lastUpdated", "userUpdated", "id_Country") VALUES ('Joaçuba', CURRENT_TIMESTAMP, 'pigtraxadmin', 1);
INSERT INTO pigtraxrefdata."City" (name, "lastUpdated", "userUpdated", "id_Country") VALUES ('Joaíma', CURRENT_TIMESTAMP, 'pigtraxadmin', 1);
INSERT INTO pigtraxrefdata."City" (name, "lastUpdated", "userUpdated", "id_Country") VALUES ('Joana Peres', CURRENT_TIMESTAMP, 'pigtraxadmin', 1);
INSERT INTO pigtraxrefdata."City" (name, "lastUpdated", "userUpdated", "id_Country") VALUES ('Joanésia', CURRENT_TIMESTAMP, 'pigtraxadmin', 1);
INSERT INTO pigtraxrefdata."City" (name, "lastUpdated", "userUpdated", "id_Country") VALUES ('Joanópolis', CURRENT_TIMESTAMP, 'pigtraxadmin', 1);
INSERT INTO pigtraxrefdata."City" (name, "lastUpdated", "userUpdated", "id_Country") VALUES ('João Amaro', CURRENT_TIMESTAMP, 'pigtraxadmin', 1);
INSERT INTO pigtraxrefdata."City" (name, "lastUpdated", "userUpdated", "id_Country") VALUES ('João Câmara', CURRENT_TIMESTAMP, 'pigtraxadmin', 1);
INSERT INTO pigtraxrefdata."City" (name, "lastUpdated", "userUpdated", "id_Country") VALUES ('João Costa', CURRENT_TIMESTAMP, 'pigtraxadmin', 1);
INSERT INTO pigtraxrefdata."City" (name, "lastUpdated", "userUpdated", "id_Country") VALUES ('João de Castro', CURRENT_TIMESTAMP, 'pigtraxadmin', 1);
INSERT INTO pigtraxrefdata."City" (name, "lastUpdated", "userUpdated", "id_Country") VALUES ('João Dourado', CURRENT_TIMESTAMP, 'pigtraxadmin', 1);
INSERT INTO pigtraxrefdata."City" (name, "lastUpdated", "userUpdated", "id_Country") VALUES ('João Lisboa', CURRENT_TIMESTAMP, 'pigtraxadmin', 1);
INSERT INTO pigtraxrefdata."City" (name, "lastUpdated", "userUpdated", "id_Country") VALUES ('João Monlevade', CURRENT_TIMESTAMP, 'pigtraxadmin', 1);
INSERT INTO pigtraxrefdata."City" (name, "lastUpdated", "userUpdated", "id_Country") VALUES ('João Neiva', CURRENT_TIMESTAMP, 'pigtraxadmin', 1);
INSERT INTO pigtraxrefdata."City" (name, "lastUpdated", "userUpdated", "id_Country") VALUES ('João Pessoa', CURRENT_TIMESTAMP, 'pigtraxadmin', 1);
INSERT INTO pigtraxrefdata."City" (name, "lastUpdated", "userUpdated", "id_Country") VALUES ('João Pinheiro', CURRENT_TIMESTAMP, 'pigtraxadmin', 1);
INSERT INTO pigtraxrefdata."City" (name, "lastUpdated", "userUpdated", "id_Country") VALUES ('João Ramalho', CURRENT_TIMESTAMP, 'pigtraxadmin', 1);
INSERT INTO pigtraxrefdata."City" (name, "lastUpdated", "userUpdated", "id_Country") VALUES ('Joaquim Egídio', CURRENT_TIMESTAMP, 'pigtraxadmin', 1);
INSERT INTO pigtraxrefdata."City" (name, "lastUpdated", "userUpdated", "id_Country") VALUES ('Joaquim Felício', CURRENT_TIMESTAMP, 'pigtraxadmin', 1);
INSERT INTO pigtraxrefdata."City" (name, "lastUpdated", "userUpdated", "id_Country") VALUES ('Joaquim Gomes', CURRENT_TIMESTAMP, 'pigtraxadmin', 1);
INSERT INTO pigtraxrefdata."City" (name, "lastUpdated", "userUpdated", "id_Country") VALUES ('Joaquim Nabuco', CURRENT_TIMESTAMP, 'pigtraxadmin', 1);
INSERT INTO pigtraxrefdata."City" (name, "lastUpdated", "userUpdated", "id_Country") VALUES ('Joaquim Pires', CURRENT_TIMESTAMP, 'pigtraxadmin', 1);
INSERT INTO pigtraxrefdata."City" (name, "lastUpdated", "userUpdated", "id_Country") VALUES ('Joaquim Távora', CURRENT_TIMESTAMP, 'pigtraxadmin', 1);
INSERT INTO pigtraxrefdata."City" (name, "lastUpdated", "userUpdated", "id_Country") VALUES ('Joca Marques', CURRENT_TIMESTAMP, 'pigtraxadmin', 1);
INSERT INTO pigtraxrefdata."City" (name, "lastUpdated", "userUpdated", "id_Country") VALUES ('Jóia', CURRENT_TIMESTAMP, 'pigtraxadmin', 1);
INSERT INTO pigtraxrefdata."City" (name, "lastUpdated", "userUpdated", "id_Country") VALUES ('Jordanésia', CURRENT_TIMESTAMP, 'pigtraxadmin', 1);
INSERT INTO pigtraxrefdata."City" (name, "lastUpdated", "userUpdated", "id_Country") VALUES ('Jordânia', CURRENT_TIMESTAMP, 'pigtraxadmin', 1);
INSERT INTO pigtraxrefdata."City" (name, "lastUpdated", "userUpdated", "id_Country") VALUES ('Jordão', CURRENT_TIMESTAMP, 'pigtraxadmin', 1);
INSERT INTO pigtraxrefdata."City" (name, "lastUpdated", "userUpdated", "id_Country") VALUES ('José Boiteux', CURRENT_TIMESTAMP, 'pigtraxadmin', 1);
INSERT INTO pigtraxrefdata."City" (name, "lastUpdated", "userUpdated", "id_Country") VALUES ('José Bonifácio', CURRENT_TIMESTAMP, 'pigtraxadmin', 1);
INSERT INTO pigtraxrefdata."City" (name, "lastUpdated", "userUpdated", "id_Country") VALUES ('José da Penha', CURRENT_TIMESTAMP, 'pigtraxadmin', 1);
INSERT INTO pigtraxrefdata."City" (name, "lastUpdated", "userUpdated", "id_Country") VALUES ('José de Alencar', CURRENT_TIMESTAMP, 'pigtraxadmin', 1);
INSERT INTO pigtraxrefdata."City" (name, "lastUpdated", "userUpdated", "id_Country") VALUES ('José Gonçalves', CURRENT_TIMESTAMP, 'pigtraxadmin', 1);
INSERT INTO pigtraxrefdata."City" (name, "lastUpdated", "userUpdated", "id_Country") VALUES ('José Gonçalves de Minas', CURRENT_TIMESTAMP, 'pigtraxadmin', 1);
INSERT INTO pigtraxrefdata."City" (name, "lastUpdated", "userUpdated", "id_Country") VALUES ('José Lacerda', CURRENT_TIMESTAMP, 'pigtraxadmin', 1);
INSERT INTO pigtraxrefdata."City" (name, "lastUpdated", "userUpdated", "id_Country") VALUES ('José Mariano', CURRENT_TIMESTAMP, 'pigtraxadmin', 1);
INSERT INTO pigtraxrefdata."City" (name, "lastUpdated", "userUpdated", "id_Country") VALUES ('José Raydan', CURRENT_TIMESTAMP, 'pigtraxadmin', 1);
INSERT INTO pigtraxrefdata."City" (name, "lastUpdated", "userUpdated", "id_Country") VALUES ('Joselândia', CURRENT_TIMESTAMP, 'pigtraxadmin', 1);
INSERT INTO pigtraxrefdata."City" (name, "lastUpdated", "userUpdated", "id_Country") VALUES ('Josenópolis', CURRENT_TIMESTAMP, 'pigtraxadmin', 1);
INSERT INTO pigtraxrefdata."City" (name, "lastUpdated", "userUpdated", "id_Country") VALUES ('Joviânia', CURRENT_TIMESTAMP, 'pigtraxadmin', 1);
INSERT INTO pigtraxrefdata."City" (name, "lastUpdated", "userUpdated", "id_Country") VALUES ('Juá', CURRENT_TIMESTAMP, 'pigtraxadmin', 1);
INSERT INTO pigtraxrefdata."City" (name, "lastUpdated", "userUpdated", "id_Country") VALUES ('Juá dos Vieiras', CURRENT_TIMESTAMP, 'pigtraxadmin', 1);
INSERT INTO pigtraxrefdata."City" (name, "lastUpdated", "userUpdated", "id_Country") VALUES ('Juaba', CURRENT_TIMESTAMP, 'pigtraxadmin', 1);
INSERT INTO pigtraxrefdata."City" (name, "lastUpdated", "userUpdated", "id_Country") VALUES ('Juacema', CURRENT_TIMESTAMP, 'pigtraxadmin', 1);
INSERT INTO pigtraxrefdata."City" (name, "lastUpdated", "userUpdated", "id_Country") VALUES ('Juara', CURRENT_TIMESTAMP, 'pigtraxadmin', 1);
INSERT INTO pigtraxrefdata."City" (name, "lastUpdated", "userUpdated", "id_Country") VALUES ('Juarez Távora', CURRENT_TIMESTAMP, 'pigtraxadmin', 1);
INSERT INTO pigtraxrefdata."City" (name, "lastUpdated", "userUpdated", "id_Country") VALUES ('Juarina', CURRENT_TIMESTAMP, 'pigtraxadmin', 1);
INSERT INTO pigtraxrefdata."City" (name, "lastUpdated", "userUpdated", "id_Country") VALUES ('Juatama', CURRENT_TIMESTAMP, 'pigtraxadmin', 1);
INSERT INTO pigtraxrefdata."City" (name, "lastUpdated", "userUpdated", "id_Country") VALUES ('Juatuba', CURRENT_TIMESTAMP, 'pigtraxadmin', 1);
INSERT INTO pigtraxrefdata."City" (name, "lastUpdated", "userUpdated", "id_Country") VALUES ('Juazeirinho', CURRENT_TIMESTAMP, 'pigtraxadmin', 1);
INSERT INTO pigtraxrefdata."City" (name, "lastUpdated", "userUpdated", "id_Country") VALUES ('Juazeiro', CURRENT_TIMESTAMP, 'pigtraxadmin', 1);
INSERT INTO pigtraxrefdata."City" (name, "lastUpdated", "userUpdated", "id_Country") VALUES ('Juazeiro do Norte', CURRENT_TIMESTAMP, 'pigtraxadmin', 1);
INSERT INTO pigtraxrefdata."City" (name, "lastUpdated", "userUpdated", "id_Country") VALUES ('Juazeiro do Piauí', CURRENT_TIMESTAMP, 'pigtraxadmin', 1);
INSERT INTO pigtraxrefdata."City" (name, "lastUpdated", "userUpdated", "id_Country") VALUES ('Jubaia', CURRENT_TIMESTAMP, 'pigtraxadmin', 1);
INSERT INTO pigtraxrefdata."City" (name, "lastUpdated", "userUpdated", "id_Country") VALUES ('Jubim', CURRENT_TIMESTAMP, 'pigtraxadmin', 1);
INSERT INTO pigtraxrefdata."City" (name, "lastUpdated", "userUpdated", "id_Country") VALUES ('Juçaral', CURRENT_TIMESTAMP, 'pigtraxadmin', 1);
INSERT INTO pigtraxrefdata."City" (name, "lastUpdated", "userUpdated", "id_Country") VALUES ('Jucás', CURRENT_TIMESTAMP, 'pigtraxadmin', 1);
INSERT INTO pigtraxrefdata."City" (name, "lastUpdated", "userUpdated", "id_Country") VALUES ('Jucati', CURRENT_TIMESTAMP, 'pigtraxadmin', 1);
INSERT INTO pigtraxrefdata."City" (name, "lastUpdated", "userUpdated", "id_Country") VALUES ('Jucu', CURRENT_TIMESTAMP, 'pigtraxadmin', 1);
INSERT INTO pigtraxrefdata."City" (name, "lastUpdated", "userUpdated", "id_Country") VALUES ('Jucuruçu', CURRENT_TIMESTAMP, 'pigtraxadmin', 1);
INSERT INTO pigtraxrefdata."City" (name, "lastUpdated", "userUpdated", "id_Country") VALUES ('Jucurutu', CURRENT_TIMESTAMP, 'pigtraxadmin', 1);
INSERT INTO pigtraxrefdata."City" (name, "lastUpdated", "userUpdated", "id_Country") VALUES ('Juerana', CURRENT_TIMESTAMP, 'pigtraxadmin', 1);
INSERT INTO pigtraxrefdata."City" (name, "lastUpdated", "userUpdated", "id_Country") VALUES ('Juína', CURRENT_TIMESTAMP, 'pigtraxadmin', 1);
INSERT INTO pigtraxrefdata."City" (name, "lastUpdated", "userUpdated", "id_Country") VALUES ('Juiz de Fora', CURRENT_TIMESTAMP, 'pigtraxadmin', 1);
INSERT INTO pigtraxrefdata."City" (name, "lastUpdated", "userUpdated", "id_Country") VALUES ('Júlio Borges', CURRENT_TIMESTAMP, 'pigtraxadmin', 1);
INSERT INTO pigtraxrefdata."City" (name, "lastUpdated", "userUpdated", "id_Country") VALUES ('Júlio de Castilhos', CURRENT_TIMESTAMP, 'pigtraxadmin', 1);
INSERT INTO pigtraxrefdata."City" (name, "lastUpdated", "userUpdated", "id_Country") VALUES ('Júlio Mesquita', CURRENT_TIMESTAMP, 'pigtraxadmin', 1);
INSERT INTO pigtraxrefdata."City" (name, "lastUpdated", "userUpdated", "id_Country") VALUES ('Jumirim', CURRENT_TIMESTAMP, 'pigtraxadmin', 1);
INSERT INTO pigtraxrefdata."City" (name, "lastUpdated", "userUpdated", "id_Country") VALUES ('Junco', CURRENT_TIMESTAMP, 'pigtraxadmin', 1);
INSERT INTO pigtraxrefdata."City" (name, "lastUpdated", "userUpdated", "id_Country") VALUES ('Junco do Maranhão', CURRENT_TIMESTAMP, 'pigtraxadmin', 1);
INSERT INTO pigtraxrefdata."City" (name, "lastUpdated", "userUpdated", "id_Country") VALUES ('Junco do Seridó', CURRENT_TIMESTAMP, 'pigtraxadmin', 1);
INSERT INTO pigtraxrefdata."City" (name, "lastUpdated", "userUpdated", "id_Country") VALUES ('Jundiá', CURRENT_TIMESTAMP, 'pigtraxadmin', 1);
INSERT INTO pigtraxrefdata."City" (name, "lastUpdated", "userUpdated", "id_Country") VALUES ('Jundiaí', CURRENT_TIMESTAMP, 'pigtraxadmin', 1);
INSERT INTO pigtraxrefdata."City" (name, "lastUpdated", "userUpdated", "id_Country") VALUES ('Jundiaí do Sul', CURRENT_TIMESTAMP, 'pigtraxadmin', 1);
INSERT INTO pigtraxrefdata."City" (name, "lastUpdated", "userUpdated", "id_Country") VALUES ('Jundiapeba', CURRENT_TIMESTAMP, 'pigtraxadmin', 1);
INSERT INTO pigtraxrefdata."City" (name, "lastUpdated", "userUpdated", "id_Country") VALUES ('Junqueiro', CURRENT_TIMESTAMP, 'pigtraxadmin', 1);
INSERT INTO pigtraxrefdata."City" (name, "lastUpdated", "userUpdated", "id_Country") VALUES ('Junqueirópolis', CURRENT_TIMESTAMP, 'pigtraxadmin', 1);
INSERT INTO pigtraxrefdata."City" (name, "lastUpdated", "userUpdated", "id_Country") VALUES ('Jupaguá', CURRENT_TIMESTAMP, 'pigtraxadmin', 1);
INSERT INTO pigtraxrefdata."City" (name, "lastUpdated", "userUpdated", "id_Country") VALUES ('Jupi', CURRENT_TIMESTAMP, 'pigtraxadmin', 1);
INSERT INTO pigtraxrefdata."City" (name, "lastUpdated", "userUpdated", "id_Country") VALUES ('Jupiá', CURRENT_TIMESTAMP, 'pigtraxadmin', 1);
INSERT INTO pigtraxrefdata."City" (name, "lastUpdated", "userUpdated", "id_Country") VALUES ('Juquiá', CURRENT_TIMESTAMP, 'pigtraxadmin', 1);
INSERT INTO pigtraxrefdata."City" (name, "lastUpdated", "userUpdated", "id_Country") VALUES ('Juquitiba', CURRENT_TIMESTAMP, 'pigtraxadmin', 1);
INSERT INTO pigtraxrefdata."City" (name, "lastUpdated", "userUpdated", "id_Country") VALUES ('Juramento', CURRENT_TIMESTAMP, 'pigtraxadmin', 1);
INSERT INTO pigtraxrefdata."City" (name, "lastUpdated", "userUpdated", "id_Country") VALUES ('Juranda', CURRENT_TIMESTAMP, 'pigtraxadmin', 1);
INSERT INTO pigtraxrefdata."City" (name, "lastUpdated", "userUpdated", "id_Country") VALUES ('Juréia', CURRENT_TIMESTAMP, 'pigtraxadmin', 1);
INSERT INTO pigtraxrefdata."City" (name, "lastUpdated", "userUpdated", "id_Country") VALUES ('Jurema', CURRENT_TIMESTAMP, 'pigtraxadmin', 1);
INSERT INTO pigtraxrefdata."City" (name, "lastUpdated", "userUpdated", "id_Country") VALUES ('Juripiranga', CURRENT_TIMESTAMP, 'pigtraxadmin', 1);
INSERT INTO pigtraxrefdata."City" (name, "lastUpdated", "userUpdated", "id_Country") VALUES ('Juritianha', CURRENT_TIMESTAMP, 'pigtraxadmin', 1);
INSERT INTO pigtraxrefdata."City" (name, "lastUpdated", "userUpdated", "id_Country") VALUES ('Juritis', CURRENT_TIMESTAMP, 'pigtraxadmin', 1);
INSERT INTO pigtraxrefdata."City" (name, "lastUpdated", "userUpdated", "id_Country") VALUES ('Juru', CURRENT_TIMESTAMP, 'pigtraxadmin', 1);
INSERT INTO pigtraxrefdata."City" (name, "lastUpdated", "userUpdated", "id_Country") VALUES ('Juruá', CURRENT_TIMESTAMP, 'pigtraxadmin', 1);
INSERT INTO pigtraxrefdata."City" (name, "lastUpdated", "userUpdated", "id_Country") VALUES ('Juruaia', CURRENT_TIMESTAMP, 'pigtraxadmin', 1);
INSERT INTO pigtraxrefdata."City" (name, "lastUpdated", "userUpdated", "id_Country") VALUES ('Jurucê', CURRENT_TIMESTAMP, 'pigtraxadmin', 1);
INSERT INTO pigtraxrefdata."City" (name, "lastUpdated", "userUpdated", "id_Country") VALUES ('Juruena', CURRENT_TIMESTAMP, 'pigtraxadmin', 1);
INSERT INTO pigtraxrefdata."City" (name, "lastUpdated", "userUpdated", "id_Country") VALUES ('Jurupema', CURRENT_TIMESTAMP, 'pigtraxadmin', 1);
INSERT INTO pigtraxrefdata."City" (name, "lastUpdated", "userUpdated", "id_Country") VALUES ('Juruti', CURRENT_TIMESTAMP, 'pigtraxadmin', 1);
INSERT INTO pigtraxrefdata."City" (name, "lastUpdated", "userUpdated", "id_Country") VALUES ('Juscelino Kubitschek', CURRENT_TIMESTAMP, 'pigtraxadmin', 1);
INSERT INTO pigtraxrefdata."City" (name, "lastUpdated", "userUpdated", "id_Country") VALUES ('Juscimeira', CURRENT_TIMESTAMP, 'pigtraxadmin', 1);
INSERT INTO pigtraxrefdata."City" (name, "lastUpdated", "userUpdated", "id_Country") VALUES ('Jussara', CURRENT_TIMESTAMP, 'pigtraxadmin', 1);
INSERT INTO pigtraxrefdata."City" (name, "lastUpdated", "userUpdated", "id_Country") VALUES ('Jussari', CURRENT_TIMESTAMP, 'pigtraxadmin', 1);
INSERT INTO pigtraxrefdata."City" (name, "lastUpdated", "userUpdated", "id_Country") VALUES ('Jussiape', CURRENT_TIMESTAMP, 'pigtraxadmin', 1);
INSERT INTO pigtraxrefdata."City" (name, "lastUpdated", "userUpdated", "id_Country") VALUES ('Justiniano de Serpa', CURRENT_TIMESTAMP, 'pigtraxadmin', 1);
INSERT INTO pigtraxrefdata."City" (name, "lastUpdated", "userUpdated", "id_Country") VALUES ('Justinópolis', CURRENT_TIMESTAMP, 'pigtraxadmin', 1);
INSERT INTO pigtraxrefdata."City" (name, "lastUpdated", "userUpdated", "id_Country") VALUES ('Jutaí', CURRENT_TIMESTAMP, 'pigtraxadmin', 1);
INSERT INTO pigtraxrefdata."City" (name, "lastUpdated", "userUpdated", "id_Country") VALUES ('Juti', CURRENT_TIMESTAMP, 'pigtraxadmin', 1);
INSERT INTO pigtraxrefdata."City" (name, "lastUpdated", "userUpdated", "id_Country") VALUES ('Juvenília', CURRENT_TIMESTAMP, 'pigtraxadmin', 1);
INSERT INTO pigtraxrefdata."City" (name, "lastUpdated", "userUpdated", "id_Country") VALUES ('Juvinópolis', CURRENT_TIMESTAMP, 'pigtraxadmin', 1);
INSERT INTO pigtraxrefdata."City" (name, "lastUpdated", "userUpdated", "id_Country") VALUES ('Kaloré', CURRENT_TIMESTAMP, 'pigtraxadmin', 1);
INSERT INTO pigtraxrefdata."City" (name, "lastUpdated", "userUpdated", "id_Country") VALUES ('Lábrea', CURRENT_TIMESTAMP, 'pigtraxadmin', 1);
INSERT INTO pigtraxrefdata."City" (name, "lastUpdated", "userUpdated", "id_Country") VALUES ('Lacerdópolis', CURRENT_TIMESTAMP, 'pigtraxadmin', 1);
INSERT INTO pigtraxrefdata."City" (name, "lastUpdated", "userUpdated", "id_Country") VALUES ('Lácio', CURRENT_TIMESTAMP, 'pigtraxadmin', 1);
INSERT INTO pigtraxrefdata."City" (name, "lastUpdated", "userUpdated", "id_Country") VALUES ('Ladainha', CURRENT_TIMESTAMP, 'pigtraxadmin', 1);
INSERT INTO pigtraxrefdata."City" (name, "lastUpdated", "userUpdated", "id_Country") VALUES ('Ladário', CURRENT_TIMESTAMP, 'pigtraxadmin', 1);
INSERT INTO pigtraxrefdata."City" (name, "lastUpdated", "userUpdated", "id_Country") VALUES ('Lafaiete Coutinho', CURRENT_TIMESTAMP, 'pigtraxadmin', 1);
INSERT INTO pigtraxrefdata."City" (name, "lastUpdated", "userUpdated", "id_Country") VALUES ('Lagamar', CURRENT_TIMESTAMP, 'pigtraxadmin', 1);
INSERT INTO pigtraxrefdata."City" (name, "lastUpdated", "userUpdated", "id_Country") VALUES ('Lagarto', CURRENT_TIMESTAMP, 'pigtraxadmin', 1);
INSERT INTO pigtraxrefdata."City" (name, "lastUpdated", "userUpdated", "id_Country") VALUES ('Lageado de Araçaíba', CURRENT_TIMESTAMP, 'pigtraxadmin', 1);
INSERT INTO pigtraxrefdata."City" (name, "lastUpdated", "userUpdated", "id_Country") VALUES ('Lages', CURRENT_TIMESTAMP, 'pigtraxadmin', 1);
INSERT INTO pigtraxrefdata."City" (name, "lastUpdated", "userUpdated", "id_Country") VALUES ('Lago da Pedra', CURRENT_TIMESTAMP, 'pigtraxadmin', 1);
INSERT INTO pigtraxrefdata."City" (name, "lastUpdated", "userUpdated", "id_Country") VALUES ('Lago do Junco', CURRENT_TIMESTAMP, 'pigtraxadmin', 1);
INSERT INTO pigtraxrefdata."City" (name, "lastUpdated", "userUpdated", "id_Country") VALUES ('Lago do Limão', CURRENT_TIMESTAMP, 'pigtraxadmin', 1);
INSERT INTO pigtraxrefdata."City" (name, "lastUpdated", "userUpdated", "id_Country") VALUES ('Lago dos Rodrigues', CURRENT_TIMESTAMP, 'pigtraxadmin', 1);
INSERT INTO pigtraxrefdata."City" (name, "lastUpdated", "userUpdated", "id_Country") VALUES ('Lago Verde', CURRENT_TIMESTAMP, 'pigtraxadmin', 1);
INSERT INTO pigtraxrefdata."City" (name, "lastUpdated", "userUpdated", "id_Country") VALUES ('Lagoa', CURRENT_TIMESTAMP, 'pigtraxadmin', 1);
INSERT INTO pigtraxrefdata."City" (name, "lastUpdated", "userUpdated", "id_Country") VALUES ('Lagoa Alegre', CURRENT_TIMESTAMP, 'pigtraxadmin', 1);
INSERT INTO pigtraxrefdata."City" (name, "lastUpdated", "userUpdated", "id_Country") VALUES ('Lagoa Bonita', CURRENT_TIMESTAMP, 'pigtraxadmin', 1);
INSERT INTO pigtraxrefdata."City" (name, "lastUpdated", "userUpdated", "id_Country") VALUES ('Lagoa Branca', CURRENT_TIMESTAMP, 'pigtraxadmin', 1);
INSERT INTO pigtraxrefdata."City" (name, "lastUpdated", "userUpdated", "id_Country") VALUES ('Lagoa Clara', CURRENT_TIMESTAMP, 'pigtraxadmin', 1);
INSERT INTO pigtraxrefdata."City" (name, "lastUpdated", "userUpdated", "id_Country") VALUES ('Lagoa da Canoa', CURRENT_TIMESTAMP, 'pigtraxadmin', 1);
INSERT INTO pigtraxrefdata."City" (name, "lastUpdated", "userUpdated", "id_Country") VALUES ('Lagoa da Conceição', CURRENT_TIMESTAMP, 'pigtraxadmin', 1);
INSERT INTO pigtraxrefdata."City" (name, "lastUpdated", "userUpdated", "id_Country") VALUES ('Lagoa da Confusão', CURRENT_TIMESTAMP, 'pigtraxadmin', 1);
INSERT INTO pigtraxrefdata."City" (name, "lastUpdated", "userUpdated", "id_Country") VALUES ('Lagoa da Prata', CURRENT_TIMESTAMP, 'pigtraxadmin', 1);
INSERT INTO pigtraxrefdata."City" (name, "lastUpdated", "userUpdated", "id_Country") VALUES ('Lagoa d''Anta', CURRENT_TIMESTAMP, 'pigtraxadmin', 1);
INSERT INTO pigtraxrefdata."City" (name, "lastUpdated", "userUpdated", "id_Country") VALUES ('Lagoa das Pedras', CURRENT_TIMESTAMP, 'pigtraxadmin', 1);
INSERT INTO pigtraxrefdata."City" (name, "lastUpdated", "userUpdated", "id_Country") VALUES ('Lagoa de Dentro', CURRENT_TIMESTAMP, 'pigtraxadmin', 1);
INSERT INTO pigtraxrefdata."City" (name, "lastUpdated", "userUpdated", "id_Country") VALUES ('Lagoa de Itaenga', CURRENT_TIMESTAMP, 'pigtraxadmin', 1);
INSERT INTO pigtraxrefdata."City" (name, "lastUpdated", "userUpdated", "id_Country") VALUES ('Lagoa de Pau', CURRENT_TIMESTAMP, 'pigtraxadmin', 1);
INSERT INTO pigtraxrefdata."City" (name, "lastUpdated", "userUpdated", "id_Country") VALUES ('Lagoa de Pedras', CURRENT_TIMESTAMP, 'pigtraxadmin', 1);
INSERT INTO pigtraxrefdata."City" (name, "lastUpdated", "userUpdated", "id_Country") VALUES ('Lagoa de Santo Antônio', CURRENT_TIMESTAMP, 'pigtraxadmin', 1);
INSERT INTO pigtraxrefdata."City" (name, "lastUpdated", "userUpdated", "id_Country") VALUES ('Lagoa de São Francisco', CURRENT_TIMESTAMP, 'pigtraxadmin', 1);
INSERT INTO pigtraxrefdata."City" (name, "lastUpdated", "userUpdated", "id_Country") VALUES ('Lagoa de São José', CURRENT_TIMESTAMP, 'pigtraxadmin', 1);
INSERT INTO pigtraxrefdata."City" (name, "lastUpdated", "userUpdated", "id_Country") VALUES ('Lagoa de Velhos', CURRENT_TIMESTAMP, 'pigtraxadmin', 1);
INSERT INTO pigtraxrefdata."City" (name, "lastUpdated", "userUpdated", "id_Country") VALUES ('Lagoa do Barro', CURRENT_TIMESTAMP, 'pigtraxadmin', 1);
INSERT INTO pigtraxrefdata."City" (name, "lastUpdated", "userUpdated", "id_Country") VALUES ('Lagoa do Boi', CURRENT_TIMESTAMP, 'pigtraxadmin', 1);
INSERT INTO pigtraxrefdata."City" (name, "lastUpdated", "userUpdated", "id_Country") VALUES ('Lagoa do Carneiro', CURRENT_TIMESTAMP, 'pigtraxadmin', 1);
INSERT INTO pigtraxrefdata."City" (name, "lastUpdated", "userUpdated", "id_Country") VALUES ('Lagoa do Carro', CURRENT_TIMESTAMP, 'pigtraxadmin', 1);
INSERT INTO pigtraxrefdata."City" (name, "lastUpdated", "userUpdated", "id_Country") VALUES ('Lagoa do Juvenal', CURRENT_TIMESTAMP, 'pigtraxadmin', 1);
INSERT INTO pigtraxrefdata."City" (name, "lastUpdated", "userUpdated", "id_Country") VALUES ('Lagoa do Mato', CURRENT_TIMESTAMP, 'pigtraxadmin', 1);
INSERT INTO pigtraxrefdata."City" (name, "lastUpdated", "userUpdated", "id_Country") VALUES ('Lagoa do Ouro', CURRENT_TIMESTAMP, 'pigtraxadmin', 1);
INSERT INTO pigtraxrefdata."City" (name, "lastUpdated", "userUpdated", "id_Country") VALUES ('Lagoa do Tocantins', CURRENT_TIMESTAMP, 'pigtraxadmin', 1);
INSERT INTO pigtraxrefdata."City" (name, "lastUpdated", "userUpdated", "id_Country") VALUES ('Lagoa dos Gatos', CURRENT_TIMESTAMP, 'pigtraxadmin', 1);
INSERT INTO pigtraxrefdata."City" (name, "lastUpdated", "userUpdated", "id_Country") VALUES ('Lagoa dos Patos', CURRENT_TIMESTAMP, 'pigtraxadmin', 1);
INSERT INTO pigtraxrefdata."City" (name, "lastUpdated", "userUpdated", "id_Country") VALUES ('Lagoa dos Três Cantos', CURRENT_TIMESTAMP, 'pigtraxadmin', 1);
INSERT INTO pigtraxrefdata."City" (name, "lastUpdated", "userUpdated", "id_Country") VALUES ('Lagoa Dourada', CURRENT_TIMESTAMP, 'pigtraxadmin', 1);
INSERT INTO pigtraxrefdata."City" (name, "lastUpdated", "userUpdated", "id_Country") VALUES ('Lagoa Formosa', CURRENT_TIMESTAMP, 'pigtraxadmin', 1);
INSERT INTO pigtraxrefdata."City" (name, "lastUpdated", "userUpdated", "id_Country") VALUES ('Lagoa Funda', CURRENT_TIMESTAMP, 'pigtraxadmin', 1);
INSERT INTO pigtraxrefdata."City" (name, "lastUpdated", "userUpdated", "id_Country") VALUES ('Lagoa Grande', CURRENT_TIMESTAMP, 'pigtraxadmin', 1);
INSERT INTO pigtraxrefdata."City" (name, "lastUpdated", "userUpdated", "id_Country") VALUES ('Lagoa Grande de Minas Novas', CURRENT_TIMESTAMP, 'pigtraxadmin', 1);
INSERT INTO pigtraxrefdata."City" (name, "lastUpdated", "userUpdated", "id_Country") VALUES ('Lagoa Grande do Maranhão', CURRENT_TIMESTAMP, 'pigtraxadmin', 1);
INSERT INTO pigtraxrefdata."City" (name, "lastUpdated", "userUpdated", "id_Country") VALUES ('Lagoa Nova', CURRENT_TIMESTAMP, 'pigtraxadmin', 1);
INSERT INTO pigtraxrefdata."City" (name, "lastUpdated", "userUpdated", "id_Country") VALUES ('Lagoa Preta', CURRENT_TIMESTAMP, 'pigtraxadmin', 1);
INSERT INTO pigtraxrefdata."City" (name, "lastUpdated", "userUpdated", "id_Country") VALUES ('Lagoa Real', CURRENT_TIMESTAMP, 'pigtraxadmin', 1);
INSERT INTO pigtraxrefdata."City" (name, "lastUpdated", "userUpdated", "id_Country") VALUES ('Lagoa Santa', CURRENT_TIMESTAMP, 'pigtraxadmin', 1);
INSERT INTO pigtraxrefdata."City" (name, "lastUpdated", "userUpdated", "id_Country") VALUES ('Lagoa Seca', CURRENT_TIMESTAMP, 'pigtraxadmin', 1);
INSERT INTO pigtraxrefdata."City" (name, "lastUpdated", "userUpdated", "id_Country") VALUES ('Lagoa Vermelha', CURRENT_TIMESTAMP, 'pigtraxadmin', 1);
INSERT INTO pigtraxrefdata."City" (name, "lastUpdated", "userUpdated", "id_Country") VALUES ('Lagoão', CURRENT_TIMESTAMP, 'pigtraxadmin', 1);
INSERT INTO pigtraxrefdata."City" (name, "lastUpdated", "userUpdated", "id_Country") VALUES ('Lagoinha', CURRENT_TIMESTAMP, 'pigtraxadmin', 1);
INSERT INTO pigtraxrefdata."City" (name, "lastUpdated", "userUpdated", "id_Country") VALUES ('Lagoinha de Fora', CURRENT_TIMESTAMP, 'pigtraxadmin', 1);
INSERT INTO pigtraxrefdata."City" (name, "lastUpdated", "userUpdated", "id_Country") VALUES ('Lagoinha do Piauí', CURRENT_TIMESTAMP, 'pigtraxadmin', 1);
INSERT INTO pigtraxrefdata."City" (name, "lastUpdated", "userUpdated", "id_Country") VALUES ('Laguna', CURRENT_TIMESTAMP, 'pigtraxadmin', 1);
INSERT INTO pigtraxrefdata."City" (name, "lastUpdated", "userUpdated", "id_Country") VALUES ('Laguna Carapã', CURRENT_TIMESTAMP, 'pigtraxadmin', 1);
INSERT INTO pigtraxrefdata."City" (name, "lastUpdated", "userUpdated", "id_Country") VALUES ('Laje', CURRENT_TIMESTAMP, 'pigtraxadmin', 1);
INSERT INTO pigtraxrefdata."City" (name, "lastUpdated", "userUpdated", "id_Country") VALUES ('Laje do Banco', CURRENT_TIMESTAMP, 'pigtraxadmin', 1);
INSERT INTO pigtraxrefdata."City" (name, "lastUpdated", "userUpdated", "id_Country") VALUES ('Laje dos Negros', CURRENT_TIMESTAMP, 'pigtraxadmin', 1);
INSERT INTO pigtraxrefdata."City" (name, "lastUpdated", "userUpdated", "id_Country") VALUES ('Laje Grande', CURRENT_TIMESTAMP, 'pigtraxadmin', 1);
INSERT INTO pigtraxrefdata."City" (name, "lastUpdated", "userUpdated", "id_Country") VALUES ('Lajeado', CURRENT_TIMESTAMP, 'pigtraxadmin', 1);
INSERT INTO pigtraxrefdata."City" (name, "lastUpdated", "userUpdated", "id_Country") VALUES ('Lajeado do Bugre', CURRENT_TIMESTAMP, 'pigtraxadmin', 1);
INSERT INTO pigtraxrefdata."City" (name, "lastUpdated", "userUpdated", "id_Country") VALUES ('Lajeado Grande', CURRENT_TIMESTAMP, 'pigtraxadmin', 1);
INSERT INTO pigtraxrefdata."City" (name, "lastUpdated", "userUpdated", "id_Country") VALUES ('Lajeado Novo', CURRENT_TIMESTAMP, 'pigtraxadmin', 1);
INSERT INTO pigtraxrefdata."City" (name, "lastUpdated", "userUpdated", "id_Country") VALUES ('Lajedão', CURRENT_TIMESTAMP, 'pigtraxadmin', 1);
INSERT INTO pigtraxrefdata."City" (name, "lastUpdated", "userUpdated", "id_Country") VALUES ('Lajedinho', CURRENT_TIMESTAMP, 'pigtraxadmin', 1);
INSERT INTO pigtraxrefdata."City" (name, "lastUpdated", "userUpdated", "id_Country") VALUES ('Lajedo', CURRENT_TIMESTAMP, 'pigtraxadmin', 1);
INSERT INTO pigtraxrefdata."City" (name, "lastUpdated", "userUpdated", "id_Country") VALUES ('Lajedo Alto', CURRENT_TIMESTAMP, 'pigtraxadmin', 1);
INSERT INTO pigtraxrefdata."City" (name, "lastUpdated", "userUpdated", "id_Country") VALUES ('Lajedo do Tabocal', CURRENT_TIMESTAMP, 'pigtraxadmin', 1);
INSERT INTO pigtraxrefdata."City" (name, "lastUpdated", "userUpdated", "id_Country") VALUES ('Lajes', CURRENT_TIMESTAMP, 'pigtraxadmin', 1);
INSERT INTO pigtraxrefdata."City" (name, "lastUpdated", "userUpdated", "id_Country") VALUES ('Lajes Pintadas', CURRENT_TIMESTAMP, 'pigtraxadmin', 1);
INSERT INTO pigtraxrefdata."City" (name, "lastUpdated", "userUpdated", "id_Country") VALUES ('Lajinha', CURRENT_TIMESTAMP, 'pigtraxadmin', 1);
INSERT INTO pigtraxrefdata."City" (name, "lastUpdated", "userUpdated", "id_Country") VALUES ('Lamarão', CURRENT_TIMESTAMP, 'pigtraxadmin', 1);
INSERT INTO pigtraxrefdata."City" (name, "lastUpdated", "userUpdated", "id_Country") VALUES ('Lamarão do Passé', CURRENT_TIMESTAMP, 'pigtraxadmin', 1);
INSERT INTO pigtraxrefdata."City" (name, "lastUpdated", "userUpdated", "id_Country") VALUES ('Lambari', CURRENT_TIMESTAMP, 'pigtraxadmin', 1);
INSERT INTO pigtraxrefdata."City" (name, "lastUpdated", "userUpdated", "id_Country") VALUES ('Lambari D''Oeste', CURRENT_TIMESTAMP, 'pigtraxadmin', 1);
INSERT INTO pigtraxrefdata."City" (name, "lastUpdated", "userUpdated", "id_Country") VALUES ('Lambedouro', CURRENT_TIMESTAMP, 'pigtraxadmin', 1);
INSERT INTO pigtraxrefdata."City" (name, "lastUpdated", "userUpdated", "id_Country") VALUES ('Lamounier', CURRENT_TIMESTAMP, 'pigtraxadmin', 1);
INSERT INTO pigtraxrefdata."City" (name, "lastUpdated", "userUpdated", "id_Country") VALUES ('Landri Sales', CURRENT_TIMESTAMP, 'pigtraxadmin', 1);
INSERT INTO pigtraxrefdata."City" (name, "lastUpdated", "userUpdated", "id_Country") VALUES ('Lapa', CURRENT_TIMESTAMP, 'pigtraxadmin', 1);
INSERT INTO pigtraxrefdata."City" (name, "lastUpdated", "userUpdated", "id_Country") VALUES ('Lapão', CURRENT_TIMESTAMP, 'pigtraxadmin', 1);
INSERT INTO pigtraxrefdata."City" (name, "lastUpdated", "userUpdated", "id_Country") VALUES ('Lapinha', CURRENT_TIMESTAMP, 'pigtraxadmin', 1);
INSERT INTO pigtraxrefdata."City" (name, "lastUpdated", "userUpdated", "id_Country") VALUES ('Laranja da Terra', CURRENT_TIMESTAMP, 'pigtraxadmin', 1);
INSERT INTO pigtraxrefdata."City" (name, "lastUpdated", "userUpdated", "id_Country") VALUES ('Laranjais', CURRENT_TIMESTAMP, 'pigtraxadmin', 1);
INSERT INTO pigtraxrefdata."City" (name, "lastUpdated", "userUpdated", "id_Country") VALUES ('Laranjal do Jari', CURRENT_TIMESTAMP, 'pigtraxadmin', 1);
INSERT INTO pigtraxrefdata."City" (name, "lastUpdated", "userUpdated", "id_Country") VALUES ('Laranjal Paulista', CURRENT_TIMESTAMP, 'pigtraxadmin', 1);
INSERT INTO pigtraxrefdata."City" (name, "lastUpdated", "userUpdated", "id_Country") VALUES ('Laranjeiras', CURRENT_TIMESTAMP, 'pigtraxadmin', 1);
INSERT INTO pigtraxrefdata."City" (name, "lastUpdated", "userUpdated", "id_Country") VALUES ('Laranjeiras do Sul', CURRENT_TIMESTAMP, 'pigtraxadmin', 1);
INSERT INTO pigtraxrefdata."City" (name, "lastUpdated", "userUpdated", "id_Country") VALUES ('Largo', CURRENT_TIMESTAMP, 'pigtraxadmin', 1);
INSERT INTO pigtraxrefdata."City" (name, "lastUpdated", "userUpdated", "id_Country") VALUES ('Lassance', CURRENT_TIMESTAMP, 'pigtraxadmin', 1);
INSERT INTO pigtraxrefdata."City" (name, "lastUpdated", "userUpdated", "id_Country") VALUES ('Lastro', CURRENT_TIMESTAMP, 'pigtraxadmin', 1);
INSERT INTO pigtraxrefdata."City" (name, "lastUpdated", "userUpdated", "id_Country") VALUES ('Laurentino', CURRENT_TIMESTAMP, 'pigtraxadmin', 1);
INSERT INTO pigtraxrefdata."City" (name, "lastUpdated", "userUpdated", "id_Country") VALUES ('Lauro de Freitas', CURRENT_TIMESTAMP, 'pigtraxadmin', 1);
INSERT INTO pigtraxrefdata."City" (name, "lastUpdated", "userUpdated", "id_Country") VALUES ('Lauro Muller', CURRENT_TIMESTAMP, 'pigtraxadmin', 1);
INSERT INTO pigtraxrefdata."City" (name, "lastUpdated", "userUpdated", "id_Country") VALUES ('Lavandeira', CURRENT_TIMESTAMP, 'pigtraxadmin', 1);
INSERT INTO pigtraxrefdata."City" (name, "lastUpdated", "userUpdated", "id_Country") VALUES ('Lavínia', CURRENT_TIMESTAMP, 'pigtraxadmin', 1);
INSERT INTO pigtraxrefdata."City" (name, "lastUpdated", "userUpdated", "id_Country") VALUES ('Lavras da Mangabeira', CURRENT_TIMESTAMP, 'pigtraxadmin', 1);
INSERT INTO pigtraxrefdata."City" (name, "lastUpdated", "userUpdated", "id_Country") VALUES ('Lavras do Sul', CURRENT_TIMESTAMP, 'pigtraxadmin', 1);
INSERT INTO pigtraxrefdata."City" (name, "lastUpdated", "userUpdated", "id_Country") VALUES ('Lavras Novas', CURRENT_TIMESTAMP, 'pigtraxadmin', 1);
INSERT INTO pigtraxrefdata."City" (name, "lastUpdated", "userUpdated", "id_Country") VALUES ('Lavrinha', CURRENT_TIMESTAMP, 'pigtraxadmin', 1);
INSERT INTO pigtraxrefdata."City" (name, "lastUpdated", "userUpdated", "id_Country") VALUES ('Lavrinhas', CURRENT_TIMESTAMP, 'pigtraxadmin', 1);
INSERT INTO pigtraxrefdata."City" (name, "lastUpdated", "userUpdated", "id_Country") VALUES ('Leandro Ferreira', CURRENT_TIMESTAMP, 'pigtraxadmin', 1);
INSERT INTO pigtraxrefdata."City" (name, "lastUpdated", "userUpdated", "id_Country") VALUES ('Lebon Régis', CURRENT_TIMESTAMP, 'pigtraxadmin', 1);
INSERT INTO pigtraxrefdata."City" (name, "lastUpdated", "userUpdated", "id_Country") VALUES ('Lelivéldia', CURRENT_TIMESTAMP, 'pigtraxadmin', 1);
INSERT INTO pigtraxrefdata."City" (name, "lastUpdated", "userUpdated", "id_Country") VALUES ('Leme', CURRENT_TIMESTAMP, 'pigtraxadmin', 1);
INSERT INTO pigtraxrefdata."City" (name, "lastUpdated", "userUpdated", "id_Country") VALUES ('Lençóis Paulista', CURRENT_TIMESTAMP, 'pigtraxadmin', 1);
INSERT INTO pigtraxrefdata."City" (name, "lastUpdated", "userUpdated", "id_Country") VALUES ('Leoberto Leal', CURRENT_TIMESTAMP, 'pigtraxadmin', 1);
INSERT INTO pigtraxrefdata."City" (name, "lastUpdated", "userUpdated", "id_Country") VALUES ('Leopoldina', CURRENT_TIMESTAMP, 'pigtraxadmin', 1);
INSERT INTO pigtraxrefdata."City" (name, "lastUpdated", "userUpdated", "id_Country") VALUES ('Leopoldo de Bulhões', CURRENT_TIMESTAMP, 'pigtraxadmin', 1);
INSERT INTO pigtraxrefdata."City" (name, "lastUpdated", "userUpdated", "id_Country") VALUES ('Leópolis', CURRENT_TIMESTAMP, 'pigtraxadmin', 1);
INSERT INTO pigtraxrefdata."City" (name, "lastUpdated", "userUpdated", "id_Country") VALUES ('Lerroville', CURRENT_TIMESTAMP, 'pigtraxadmin', 1);
INSERT INTO pigtraxrefdata."City" (name, "lastUpdated", "userUpdated", "id_Country") VALUES ('Liberato Salzano', CURRENT_TIMESTAMP, 'pigtraxadmin', 1);
INSERT INTO pigtraxrefdata."City" (name, "lastUpdated", "userUpdated", "id_Country") VALUES ('Liberdade', CURRENT_TIMESTAMP, 'pigtraxadmin', 1);
INSERT INTO pigtraxrefdata."City" (name, "lastUpdated", "userUpdated", "id_Country") VALUES ('Licínio de Almeida', CURRENT_TIMESTAMP, 'pigtraxadmin', 1);
INSERT INTO pigtraxrefdata."City" (name, "lastUpdated", "userUpdated", "id_Country") VALUES ('Lidianópolis', CURRENT_TIMESTAMP, 'pigtraxadmin', 1);
INSERT INTO pigtraxrefdata."City" (name, "lastUpdated", "userUpdated", "id_Country") VALUES ('Lídice', CURRENT_TIMESTAMP, 'pigtraxadmin', 1);
INSERT INTO pigtraxrefdata."City" (name, "lastUpdated", "userUpdated", "id_Country") VALUES ('Lima Campos', CURRENT_TIMESTAMP, 'pigtraxadmin', 1);
INSERT INTO pigtraxrefdata."City" (name, "lastUpdated", "userUpdated", "id_Country") VALUES ('Lima Duarte', CURRENT_TIMESTAMP, 'pigtraxadmin', 1);
INSERT INTO pigtraxrefdata."City" (name, "lastUpdated", "userUpdated", "id_Country") VALUES ('Limeira', CURRENT_TIMESTAMP, 'pigtraxadmin', 1);
INSERT INTO pigtraxrefdata."City" (name, "lastUpdated", "userUpdated", "id_Country") VALUES ('Limeira do Oeste', CURRENT_TIMESTAMP, 'pigtraxadmin', 1);
INSERT INTO pigtraxrefdata."City" (name, "lastUpdated", "userUpdated", "id_Country") VALUES ('Limoeiro', CURRENT_TIMESTAMP, 'pigtraxadmin', 1);
INSERT INTO pigtraxrefdata."City" (name, "lastUpdated", "userUpdated", "id_Country") VALUES ('Limoeiro de Anadia', CURRENT_TIMESTAMP, 'pigtraxadmin', 1);
INSERT INTO pigtraxrefdata."City" (name, "lastUpdated", "userUpdated", "id_Country") VALUES ('Limoeiro do Ajuru', CURRENT_TIMESTAMP, 'pigtraxadmin', 1);
INSERT INTO pigtraxrefdata."City" (name, "lastUpdated", "userUpdated", "id_Country") VALUES ('Limoeiro do Norte', CURRENT_TIMESTAMP, 'pigtraxadmin', 1);
INSERT INTO pigtraxrefdata."City" (name, "lastUpdated", "userUpdated", "id_Country") VALUES ('Lindoeste', CURRENT_TIMESTAMP, 'pigtraxadmin', 1);
INSERT INTO pigtraxrefdata."City" (name, "lastUpdated", "userUpdated", "id_Country") VALUES ('Lindóia', CURRENT_TIMESTAMP, 'pigtraxadmin', 1);
INSERT INTO pigtraxrefdata."City" (name, "lastUpdated", "userUpdated", "id_Country") VALUES ('Lindóia do Sul', CURRENT_TIMESTAMP, 'pigtraxadmin', 1);
INSERT INTO pigtraxrefdata."City" (name, "lastUpdated", "userUpdated", "id_Country") VALUES ('Lindolfo Collor', CURRENT_TIMESTAMP, 'pigtraxadmin', 1);
INSERT INTO pigtraxrefdata."City" (name, "lastUpdated", "userUpdated", "id_Country") VALUES ('Linhares', CURRENT_TIMESTAMP, 'pigtraxadmin', 1);
INSERT INTO pigtraxrefdata."City" (name, "lastUpdated", "userUpdated", "id_Country") VALUES ('Lins', CURRENT_TIMESTAMP, 'pigtraxadmin', 1);
INSERT INTO pigtraxrefdata."City" (name, "lastUpdated", "userUpdated", "id_Country") VALUES ('Lisieux', CURRENT_TIMESTAMP, 'pigtraxadmin', 1);
INSERT INTO pigtraxrefdata."City" (name, "lastUpdated", "userUpdated", "id_Country") VALUES ('Livramento', CURRENT_TIMESTAMP, 'pigtraxadmin', 1);
INSERT INTO pigtraxrefdata."City" (name, "lastUpdated", "userUpdated", "id_Country") VALUES ('Livramento de Nossa Senhora', CURRENT_TIMESTAMP, 'pigtraxadmin', 1);
INSERT INTO pigtraxrefdata."City" (name, "lastUpdated", "userUpdated", "id_Country") VALUES ('Livramento do Tiúma', CURRENT_TIMESTAMP, 'pigtraxadmin', 1);
INSERT INTO pigtraxrefdata."City" (name, "lastUpdated", "userUpdated", "id_Country") VALUES ('Lizarda', CURRENT_TIMESTAMP, 'pigtraxadmin', 1);
INSERT INTO pigtraxrefdata."City" (name, "lastUpdated", "userUpdated", "id_Country") VALUES ('Loanda', CURRENT_TIMESTAMP, 'pigtraxadmin', 1);
INSERT INTO pigtraxrefdata."City" (name, "lastUpdated", "userUpdated", "id_Country") VALUES ('Lobato', CURRENT_TIMESTAMP, 'pigtraxadmin', 1);
INSERT INTO pigtraxrefdata."City" (name, "lastUpdated", "userUpdated", "id_Country") VALUES ('Lobo Leite', CURRENT_TIMESTAMP, 'pigtraxadmin', 1);
INSERT INTO pigtraxrefdata."City" (name, "lastUpdated", "userUpdated", "id_Country") VALUES ('Logradouro', CURRENT_TIMESTAMP, 'pigtraxadmin', 1);
INSERT INTO pigtraxrefdata."City" (name, "lastUpdated", "userUpdated", "id_Country") VALUES ('Londrina', CURRENT_TIMESTAMP, 'pigtraxadmin', 1);
INSERT INTO pigtraxrefdata."City" (name, "lastUpdated", "userUpdated", "id_Country") VALUES ('Lontra', CURRENT_TIMESTAMP, 'pigtraxadmin', 1);
INSERT INTO pigtraxrefdata."City" (name, "lastUpdated", "userUpdated", "id_Country") VALUES ('Lontras', CURRENT_TIMESTAMP, 'pigtraxadmin', 1);
INSERT INTO pigtraxrefdata."City" (name, "lastUpdated", "userUpdated", "id_Country") VALUES ('Lorena', CURRENT_TIMESTAMP, 'pigtraxadmin', 1);
INSERT INTO pigtraxrefdata."City" (name, "lastUpdated", "userUpdated", "id_Country") VALUES ('Loreto', CURRENT_TIMESTAMP, 'pigtraxadmin', 1);
INSERT INTO pigtraxrefdata."City" (name, "lastUpdated", "userUpdated", "id_Country") VALUES ('Lourdes', CURRENT_TIMESTAMP, 'pigtraxadmin', 1);
INSERT INTO pigtraxrefdata."City" (name, "lastUpdated", "userUpdated", "id_Country") VALUES ('Lourenço', CURRENT_TIMESTAMP, 'pigtraxadmin', 1);
INSERT INTO pigtraxrefdata."City" (name, "lastUpdated", "userUpdated", "id_Country") VALUES ('Louveira', CURRENT_TIMESTAMP, 'pigtraxadmin', 1);
INSERT INTO pigtraxrefdata."City" (name, "lastUpdated", "userUpdated", "id_Country") VALUES ('Lovat', CURRENT_TIMESTAMP, 'pigtraxadmin', 1);
INSERT INTO pigtraxrefdata."City" (name, "lastUpdated", "userUpdated", "id_Country") VALUES ('Lua Nova', CURRENT_TIMESTAMP, 'pigtraxadmin', 1);
INSERT INTO pigtraxrefdata."City" (name, "lastUpdated", "userUpdated", "id_Country") VALUES ('Luar', CURRENT_TIMESTAMP, 'pigtraxadmin', 1);
INSERT INTO pigtraxrefdata."City" (name, "lastUpdated", "userUpdated", "id_Country") VALUES ('Lucaia', CURRENT_TIMESTAMP, 'pigtraxadmin', 1);
INSERT INTO pigtraxrefdata."City" (name, "lastUpdated", "userUpdated", "id_Country") VALUES ('Lucas do Rio Verde', CURRENT_TIMESTAMP, 'pigtraxadmin', 1);
INSERT INTO pigtraxrefdata."City" (name, "lastUpdated", "userUpdated", "id_Country") VALUES ('Lucélia', CURRENT_TIMESTAMP, 'pigtraxadmin', 1);
INSERT INTO pigtraxrefdata."City" (name, "lastUpdated", "userUpdated", "id_Country") VALUES ('Lucena', CURRENT_TIMESTAMP, 'pigtraxadmin', 1);
INSERT INTO pigtraxrefdata."City" (name, "lastUpdated", "userUpdated", "id_Country") VALUES ('Lucianópolis', CURRENT_TIMESTAMP, 'pigtraxadmin', 1);
INSERT INTO pigtraxrefdata."City" (name, "lastUpdated", "userUpdated", "id_Country") VALUES ('Luciara', CURRENT_TIMESTAMP, 'pigtraxadmin', 1);
INSERT INTO pigtraxrefdata."City" (name, "lastUpdated", "userUpdated", "id_Country") VALUES ('Lucrécia', CURRENT_TIMESTAMP, 'pigtraxadmin', 1);
INSERT INTO pigtraxrefdata."City" (name, "lastUpdated", "userUpdated", "id_Country") VALUES ('Lufa', CURRENT_TIMESTAMP, 'pigtraxadmin', 1);
INSERT INTO pigtraxrefdata."City" (name, "lastUpdated", "userUpdated", "id_Country") VALUES ('Luís Antônio', CURRENT_TIMESTAMP, 'pigtraxadmin', 1);
INSERT INTO pigtraxrefdata."City" (name, "lastUpdated", "userUpdated", "id_Country") VALUES ('Luís Correia', CURRENT_TIMESTAMP, 'pigtraxadmin', 1);
INSERT INTO pigtraxrefdata."City" (name, "lastUpdated", "userUpdated", "id_Country") VALUES ('Luís Domingues', CURRENT_TIMESTAMP, 'pigtraxadmin', 1);
INSERT INTO pigtraxrefdata."City" (name, "lastUpdated", "userUpdated", "id_Country") VALUES ('Luís Eduardo Magalhães', CURRENT_TIMESTAMP, 'pigtraxadmin', 1);
INSERT INTO pigtraxrefdata."City" (name, "lastUpdated", "userUpdated", "id_Country") VALUES ('Luís Gomes', CURRENT_TIMESTAMP, 'pigtraxadmin', 1);
INSERT INTO pigtraxrefdata."City" (name, "lastUpdated", "userUpdated", "id_Country") VALUES ('Luisburgo', CURRENT_TIMESTAMP, 'pigtraxadmin', 1);
INSERT INTO pigtraxrefdata."City" (name, "lastUpdated", "userUpdated", "id_Country") VALUES ('Luislândia', CURRENT_TIMESTAMP, 'pigtraxadmin', 1);
INSERT INTO pigtraxrefdata."City" (name, "lastUpdated", "userUpdated", "id_Country") VALUES ('Luiz Alves', CURRENT_TIMESTAMP, 'pigtraxadmin', 1);
INSERT INTO pigtraxrefdata."City" (name, "lastUpdated", "userUpdated", "id_Country") VALUES ('Luiziana', CURRENT_TIMESTAMP, 'pigtraxadmin', 1);
INSERT INTO pigtraxrefdata."City" (name, "lastUpdated", "userUpdated", "id_Country") VALUES ('Luiziânia', CURRENT_TIMESTAMP, 'pigtraxadmin', 1);
INSERT INTO pigtraxrefdata."City" (name, "lastUpdated", "userUpdated", "id_Country") VALUES ('Luizlândia do Oeste', CURRENT_TIMESTAMP, 'pigtraxadmin', 1);
INSERT INTO pigtraxrefdata."City" (name, "lastUpdated", "userUpdated", "id_Country") VALUES ('Lumiar', CURRENT_TIMESTAMP, 'pigtraxadmin', 1);
INSERT INTO pigtraxrefdata."City" (name, "lastUpdated", "userUpdated", "id_Country") VALUES ('Luminárias', CURRENT_TIMESTAMP, 'pigtraxadmin', 1);
INSERT INTO pigtraxrefdata."City" (name, "lastUpdated", "userUpdated", "id_Country") VALUES ('Luminosa', CURRENT_TIMESTAMP, 'pigtraxadmin', 1);
INSERT INTO pigtraxrefdata."City" (name, "lastUpdated", "userUpdated", "id_Country") VALUES ('Lunardelli', CURRENT_TIMESTAMP, 'pigtraxadmin', 1);
INSERT INTO pigtraxrefdata."City" (name, "lastUpdated", "userUpdated", "id_Country") VALUES ('Lupércio', CURRENT_TIMESTAMP, 'pigtraxadmin', 1);
INSERT INTO pigtraxrefdata."City" (name, "lastUpdated", "userUpdated", "id_Country") VALUES ('Lupionópolis', CURRENT_TIMESTAMP, 'pigtraxadmin', 1);
INSERT INTO pigtraxrefdata."City" (name, "lastUpdated", "userUpdated", "id_Country") VALUES ('Lustosa', CURRENT_TIMESTAMP, 'pigtraxadmin', 1);
INSERT INTO pigtraxrefdata."City" (name, "lastUpdated", "userUpdated", "id_Country") VALUES ('Lutécia', CURRENT_TIMESTAMP, 'pigtraxadmin', 1);
INSERT INTO pigtraxrefdata."City" (name, "lastUpdated", "userUpdated", "id_Country") VALUES ('Luz', CURRENT_TIMESTAMP, 'pigtraxadmin', 1);
INSERT INTO pigtraxrefdata."City" (name, "lastUpdated", "userUpdated", "id_Country") VALUES ('Luzerna', CURRENT_TIMESTAMP, 'pigtraxadmin', 1);
INSERT INTO pigtraxrefdata."City" (name, "lastUpdated", "userUpdated", "id_Country") VALUES ('Luziânia', CURRENT_TIMESTAMP, 'pigtraxadmin', 1);
INSERT INTO pigtraxrefdata."City" (name, "lastUpdated", "userUpdated", "id_Country") VALUES ('Luzimangues', CURRENT_TIMESTAMP, 'pigtraxadmin', 1);
INSERT INTO pigtraxrefdata."City" (name, "lastUpdated", "userUpdated", "id_Country") VALUES ('Luzinópolis', CURRENT_TIMESTAMP, 'pigtraxadmin', 1);
INSERT INTO pigtraxrefdata."City" (name, "lastUpdated", "userUpdated", "id_Country") VALUES ('Macaé', CURRENT_TIMESTAMP, 'pigtraxadmin', 1);
INSERT INTO pigtraxrefdata."City" (name, "lastUpdated", "userUpdated", "id_Country") VALUES ('Macaia', CURRENT_TIMESTAMP, 'pigtraxadmin', 1);
INSERT INTO pigtraxrefdata."City" (name, "lastUpdated", "userUpdated", "id_Country") VALUES ('Macaíba', CURRENT_TIMESTAMP, 'pigtraxadmin', 1);
INSERT INTO pigtraxrefdata."City" (name, "lastUpdated", "userUpdated", "id_Country") VALUES ('Macajuba', CURRENT_TIMESTAMP, 'pigtraxadmin', 1);
INSERT INTO pigtraxrefdata."City" (name, "lastUpdated", "userUpdated", "id_Country") VALUES ('Maçambará', CURRENT_TIMESTAMP, 'pigtraxadmin', 1);
INSERT INTO pigtraxrefdata."City" (name, "lastUpdated", "userUpdated", "id_Country") VALUES ('Macambira', CURRENT_TIMESTAMP, 'pigtraxadmin', 1);
INSERT INTO pigtraxrefdata."City" (name, "lastUpdated", "userUpdated", "id_Country") VALUES ('Macaoca', CURRENT_TIMESTAMP, 'pigtraxadmin', 1);
INSERT INTO pigtraxrefdata."City" (name, "lastUpdated", "userUpdated", "id_Country") VALUES ('Macapá', CURRENT_TIMESTAMP, 'pigtraxadmin', 1);
INSERT INTO pigtraxrefdata."City" (name, "lastUpdated", "userUpdated", "id_Country") VALUES ('Macaparana', CURRENT_TIMESTAMP, 'pigtraxadmin', 1);
INSERT INTO pigtraxrefdata."City" (name, "lastUpdated", "userUpdated", "id_Country") VALUES ('Macarani', CURRENT_TIMESTAMP, 'pigtraxadmin', 1);
INSERT INTO pigtraxrefdata."City" (name, "lastUpdated", "userUpdated", "id_Country") VALUES ('Macaraú', CURRENT_TIMESTAMP, 'pigtraxadmin', 1);
INSERT INTO pigtraxrefdata."City" (name, "lastUpdated", "userUpdated", "id_Country") VALUES ('Macatuba', CURRENT_TIMESTAMP, 'pigtraxadmin', 1);
INSERT INTO pigtraxrefdata."City" (name, "lastUpdated", "userUpdated", "id_Country") VALUES ('Macau', CURRENT_TIMESTAMP, 'pigtraxadmin', 1);
INSERT INTO pigtraxrefdata."City" (name, "lastUpdated", "userUpdated", "id_Country") VALUES ('Macaubal', CURRENT_TIMESTAMP, 'pigtraxadmin', 1);
INSERT INTO pigtraxrefdata."City" (name, "lastUpdated", "userUpdated", "id_Country") VALUES ('Macaúbas', CURRENT_TIMESTAMP, 'pigtraxadmin', 1);
INSERT INTO pigtraxrefdata."City" (name, "lastUpdated", "userUpdated", "id_Country") VALUES ('Macedônia', CURRENT_TIMESTAMP, 'pigtraxadmin', 1);
INSERT INTO pigtraxrefdata."City" (name, "lastUpdated", "userUpdated", "id_Country") VALUES ('Maceió', CURRENT_TIMESTAMP, 'pigtraxadmin', 1);
INSERT INTO pigtraxrefdata."City" (name, "lastUpdated", "userUpdated", "id_Country") VALUES ('Machacalis', CURRENT_TIMESTAMP, 'pigtraxadmin', 1);
INSERT INTO pigtraxrefdata."City" (name, "lastUpdated", "userUpdated", "id_Country") VALUES ('Machadinho', CURRENT_TIMESTAMP, 'pigtraxadmin', 1);
INSERT INTO pigtraxrefdata."City" (name, "lastUpdated", "userUpdated", "id_Country") VALUES ('Machadinho D''Oeste', CURRENT_TIMESTAMP, 'pigtraxadmin', 1);
INSERT INTO pigtraxrefdata."City" (name, "lastUpdated", "userUpdated", "id_Country") VALUES ('Machado', CURRENT_TIMESTAMP, 'pigtraxadmin', 1);
INSERT INTO pigtraxrefdata."City" (name, "lastUpdated", "userUpdated", "id_Country") VALUES ('Machado Mineiro', CURRENT_TIMESTAMP, 'pigtraxadmin', 1);
INSERT INTO pigtraxrefdata."City" (name, "lastUpdated", "userUpdated", "id_Country") VALUES ('Machados', CURRENT_TIMESTAMP, 'pigtraxadmin', 1);
INSERT INTO pigtraxrefdata."City" (name, "lastUpdated", "userUpdated", "id_Country") VALUES ('Macieira', CURRENT_TIMESTAMP, 'pigtraxadmin', 1);
INSERT INTO pigtraxrefdata."City" (name, "lastUpdated", "userUpdated", "id_Country") VALUES ('Macuco', CURRENT_TIMESTAMP, 'pigtraxadmin', 1);
INSERT INTO pigtraxrefdata."City" (name, "lastUpdated", "userUpdated", "id_Country") VALUES ('Macuco de Minas', CURRENT_TIMESTAMP, 'pigtraxadmin', 1);
INSERT INTO pigtraxrefdata."City" (name, "lastUpdated", "userUpdated", "id_Country") VALUES ('Macucos', CURRENT_TIMESTAMP, 'pigtraxadmin', 1);
INSERT INTO pigtraxrefdata."City" (name, "lastUpdated", "userUpdated", "id_Country") VALUES ('Macujê', CURRENT_TIMESTAMP, 'pigtraxadmin', 1);
INSERT INTO pigtraxrefdata."City" (name, "lastUpdated", "userUpdated", "id_Country") VALUES ('Macururé', CURRENT_TIMESTAMP, 'pigtraxadmin', 1);
INSERT INTO pigtraxrefdata."City" (name, "lastUpdated", "userUpdated", "id_Country") VALUES ('Madre de Deus', CURRENT_TIMESTAMP, 'pigtraxadmin', 1);
INSERT INTO pigtraxrefdata."City" (name, "lastUpdated", "userUpdated", "id_Country") VALUES ('Madre de Deus de Minas', CURRENT_TIMESTAMP, 'pigtraxadmin', 1);
INSERT INTO pigtraxrefdata."City" (name, "lastUpdated", "userUpdated", "id_Country") VALUES ('Mãe d''Água', CURRENT_TIMESTAMP, 'pigtraxadmin', 1);
INSERT INTO pigtraxrefdata."City" (name, "lastUpdated", "userUpdated", "id_Country") VALUES ('Mãe do Rio', CURRENT_TIMESTAMP, 'pigtraxadmin', 1);
INSERT INTO pigtraxrefdata."City" (name, "lastUpdated", "userUpdated", "id_Country") VALUES ('Maetinga', CURRENT_TIMESTAMP, 'pigtraxadmin', 1);
INSERT INTO pigtraxrefdata."City" (name, "lastUpdated", "userUpdated", "id_Country") VALUES ('Mafra', CURRENT_TIMESTAMP, 'pigtraxadmin', 1);
INSERT INTO pigtraxrefdata."City" (name, "lastUpdated", "userUpdated", "id_Country") VALUES ('Magalhães Barata', CURRENT_TIMESTAMP, 'pigtraxadmin', 1);
INSERT INTO pigtraxrefdata."City" (name, "lastUpdated", "userUpdated", "id_Country") VALUES ('Magalhães de Almeida', CURRENT_TIMESTAMP, 'pigtraxadmin', 1);
INSERT INTO pigtraxrefdata."City" (name, "lastUpdated", "userUpdated", "id_Country") VALUES ('Magda', CURRENT_TIMESTAMP, 'pigtraxadmin', 1);
INSERT INTO pigtraxrefdata."City" (name, "lastUpdated", "userUpdated", "id_Country") VALUES ('Magé', CURRENT_TIMESTAMP, 'pigtraxadmin', 1);
INSERT INTO pigtraxrefdata."City" (name, "lastUpdated", "userUpdated", "id_Country") VALUES ('Magistério', CURRENT_TIMESTAMP, 'pigtraxadmin', 1);
INSERT INTO pigtraxrefdata."City" (name, "lastUpdated", "userUpdated", "id_Country") VALUES ('Maia', CURRENT_TIMESTAMP, 'pigtraxadmin', 1);
INSERT INTO pigtraxrefdata."City" (name, "lastUpdated", "userUpdated", "id_Country") VALUES ('Maiauatá', CURRENT_TIMESTAMP, 'pigtraxadmin', 1);
INSERT INTO pigtraxrefdata."City" (name, "lastUpdated", "userUpdated", "id_Country") VALUES ('Mailasqui', CURRENT_TIMESTAMP, 'pigtraxadmin', 1);
INSERT INTO pigtraxrefdata."City" (name, "lastUpdated", "userUpdated", "id_Country") VALUES ('Mairinque', CURRENT_TIMESTAMP, 'pigtraxadmin', 1);
INSERT INTO pigtraxrefdata."City" (name, "lastUpdated", "userUpdated", "id_Country") VALUES ('Mairiporã', CURRENT_TIMESTAMP, 'pigtraxadmin', 1);
INSERT INTO pigtraxrefdata."City" (name, "lastUpdated", "userUpdated", "id_Country") VALUES ('Mairipotaba', CURRENT_TIMESTAMP, 'pigtraxadmin', 1);
INSERT INTO pigtraxrefdata."City" (name, "lastUpdated", "userUpdated", "id_Country") VALUES ('Major Felipe', CURRENT_TIMESTAMP, 'pigtraxadmin', 1);
INSERT INTO pigtraxrefdata."City" (name, "lastUpdated", "userUpdated", "id_Country") VALUES ('Major Gercino', CURRENT_TIMESTAMP, 'pigtraxadmin', 1);
INSERT INTO pigtraxrefdata."City" (name, "lastUpdated", "userUpdated", "id_Country") VALUES ('Major Isidoro', CURRENT_TIMESTAMP, 'pigtraxadmin', 1);
INSERT INTO pigtraxrefdata."City" (name, "lastUpdated", "userUpdated", "id_Country") VALUES ('Major Porto', CURRENT_TIMESTAMP, 'pigtraxadmin', 1);
INSERT INTO pigtraxrefdata."City" (name, "lastUpdated", "userUpdated", "id_Country") VALUES ('Major Prado', CURRENT_TIMESTAMP, 'pigtraxadmin', 1);
INSERT INTO pigtraxrefdata."City" (name, "lastUpdated", "userUpdated", "id_Country") VALUES ('Major Sales', CURRENT_TIMESTAMP, 'pigtraxadmin', 1);
INSERT INTO pigtraxrefdata."City" (name, "lastUpdated", "userUpdated", "id_Country") VALUES ('Major Simplício', CURRENT_TIMESTAMP, 'pigtraxadmin', 1);
INSERT INTO pigtraxrefdata."City" (name, "lastUpdated", "userUpdated", "id_Country") VALUES ('Major Vieira', CURRENT_TIMESTAMP, 'pigtraxadmin', 1);
INSERT INTO pigtraxrefdata."City" (name, "lastUpdated", "userUpdated", "id_Country") VALUES ('Malacacheta', CURRENT_TIMESTAMP, 'pigtraxadmin', 1);
INSERT INTO pigtraxrefdata."City" (name, "lastUpdated", "userUpdated", "id_Country") VALUES ('Malhada', CURRENT_TIMESTAMP, 'pigtraxadmin', 1);
INSERT INTO pigtraxrefdata."City" (name, "lastUpdated", "userUpdated", "id_Country") VALUES ('Malhada de Pedras', CURRENT_TIMESTAMP, 'pigtraxadmin', 1);
INSERT INTO pigtraxrefdata."City" (name, "lastUpdated", "userUpdated", "id_Country") VALUES ('Mallet', CURRENT_TIMESTAMP, 'pigtraxadmin', 1);
INSERT INTO pigtraxrefdata."City" (name, "lastUpdated", "userUpdated", "id_Country") VALUES ('Malta', CURRENT_TIMESTAMP, 'pigtraxadmin', 1);
INSERT INTO pigtraxrefdata."City" (name, "lastUpdated", "userUpdated", "id_Country") VALUES ('Mamanguape', CURRENT_TIMESTAMP, 'pigtraxadmin', 1);
INSERT INTO pigtraxrefdata."City" (name, "lastUpdated", "userUpdated", "id_Country") VALUES ('Mambaí', CURRENT_TIMESTAMP, 'pigtraxadmin', 1);
INSERT INTO pigtraxrefdata."City" (name, "lastUpdated", "userUpdated", "id_Country") VALUES ('Mamborê', CURRENT_TIMESTAMP, 'pigtraxadmin', 1);
INSERT INTO pigtraxrefdata."City" (name, "lastUpdated", "userUpdated", "id_Country") VALUES ('Mamonas', CURRENT_TIMESTAMP, 'pigtraxadmin', 1);
INSERT INTO pigtraxrefdata."City" (name, "lastUpdated", "userUpdated", "id_Country") VALUES ('Mampituba', CURRENT_TIMESTAMP, 'pigtraxadmin', 1);
INSERT INTO pigtraxrefdata."City" (name, "lastUpdated", "userUpdated", "id_Country") VALUES ('Manacapuru', CURRENT_TIMESTAMP, 'pigtraxadmin', 1);
INSERT INTO pigtraxrefdata."City" (name, "lastUpdated", "userUpdated", "id_Country") VALUES ('Manaíra', CURRENT_TIMESTAMP, 'pigtraxadmin', 1);
INSERT INTO pigtraxrefdata."City" (name, "lastUpdated", "userUpdated", "id_Country") VALUES ('Manaquiri', CURRENT_TIMESTAMP, 'pigtraxadmin', 1);
INSERT INTO pigtraxrefdata."City" (name, "lastUpdated", "userUpdated", "id_Country") VALUES ('Manari', CURRENT_TIMESTAMP, 'pigtraxadmin', 1);
INSERT INTO pigtraxrefdata."City" (name, "lastUpdated", "userUpdated", "id_Country") VALUES ('Manaus', CURRENT_TIMESTAMP, 'pigtraxadmin', 1);
INSERT INTO pigtraxrefdata."City" (name, "lastUpdated", "userUpdated", "id_Country") VALUES ('Mâncio Lima', CURRENT_TIMESTAMP, 'pigtraxadmin', 1);
INSERT INTO pigtraxrefdata."City" (name, "lastUpdated", "userUpdated", "id_Country") VALUES ('Mandaçaia', CURRENT_TIMESTAMP, 'pigtraxadmin', 1);
INSERT INTO pigtraxrefdata."City" (name, "lastUpdated", "userUpdated", "id_Country") VALUES ('Mandacaru', CURRENT_TIMESTAMP, 'pigtraxadmin', 1);
INSERT INTO pigtraxrefdata."City" (name, "lastUpdated", "userUpdated", "id_Country") VALUES ('Mandaguaçu', CURRENT_TIMESTAMP, 'pigtraxadmin', 1);
INSERT INTO pigtraxrefdata."City" (name, "lastUpdated", "userUpdated", "id_Country") VALUES ('Mandaguari', CURRENT_TIMESTAMP, 'pigtraxadmin', 1);
INSERT INTO pigtraxrefdata."City" (name, "lastUpdated", "userUpdated", "id_Country") VALUES ('Mandirituba', CURRENT_TIMESTAMP, 'pigtraxadmin', 1);
INSERT INTO pigtraxrefdata."City" (name, "lastUpdated", "userUpdated", "id_Country") VALUES ('Mandiroba', CURRENT_TIMESTAMP, 'pigtraxadmin', 1);
INSERT INTO pigtraxrefdata."City" (name, "lastUpdated", "userUpdated", "id_Country") VALUES ('Manduri', CURRENT_TIMESTAMP, 'pigtraxadmin', 1);
INSERT INTO pigtraxrefdata."City" (name, "lastUpdated", "userUpdated", "id_Country") VALUES ('Manga', CURRENT_TIMESTAMP, 'pigtraxadmin', 1);
INSERT INTO pigtraxrefdata."City" (name, "lastUpdated", "userUpdated", "id_Country") VALUES ('Mangabeira', CURRENT_TIMESTAMP, 'pigtraxadmin', 1);
INSERT INTO pigtraxrefdata."City" (name, "lastUpdated", "userUpdated", "id_Country") VALUES ('Mangaratiba', CURRENT_TIMESTAMP, 'pigtraxadmin', 1);
INSERT INTO pigtraxrefdata."City" (name, "lastUpdated", "userUpdated", "id_Country") VALUES ('Mangueirinha', CURRENT_TIMESTAMP, 'pigtraxadmin', 1);
INSERT INTO pigtraxrefdata."City" (name, "lastUpdated", "userUpdated", "id_Country") VALUES ('Manhoso', CURRENT_TIMESTAMP, 'pigtraxadmin', 1);
INSERT INTO pigtraxrefdata."City" (name, "lastUpdated", "userUpdated", "id_Country") VALUES ('Manhuaçu', CURRENT_TIMESTAMP, 'pigtraxadmin', 1);
INSERT INTO pigtraxrefdata."City" (name, "lastUpdated", "userUpdated", "id_Country") VALUES ('Manhumirim', CURRENT_TIMESTAMP, 'pigtraxadmin', 1);
INSERT INTO pigtraxrefdata."City" (name, "lastUpdated", "userUpdated", "id_Country") VALUES ('Maniaçu', CURRENT_TIMESTAMP, 'pigtraxadmin', 1);
INSERT INTO pigtraxrefdata."City" (name, "lastUpdated", "userUpdated", "id_Country") VALUES ('Manicoré', CURRENT_TIMESTAMP, 'pigtraxadmin', 1);
INSERT INTO pigtraxrefdata."City" (name, "lastUpdated", "userUpdated", "id_Country") VALUES ('Manilha', CURRENT_TIMESTAMP, 'pigtraxadmin', 1);
INSERT INTO pigtraxrefdata."City" (name, "lastUpdated", "userUpdated", "id_Country") VALUES ('Maniva', CURRENT_TIMESTAMP, 'pigtraxadmin', 1);
INSERT INTO pigtraxrefdata."City" (name, "lastUpdated", "userUpdated", "id_Country") VALUES ('Manoel Emídio', CURRENT_TIMESTAMP, 'pigtraxadmin', 1);
INSERT INTO pigtraxrefdata."City" (name, "lastUpdated", "userUpdated", "id_Country") VALUES ('Manoel Guedes', CURRENT_TIMESTAMP, 'pigtraxadmin', 1);
INSERT INTO pigtraxrefdata."City" (name, "lastUpdated", "userUpdated", "id_Country") VALUES ('Manoel Ribas', CURRENT_TIMESTAMP, 'pigtraxadmin', 1);
INSERT INTO pigtraxrefdata."City" (name, "lastUpdated", "userUpdated", "id_Country") VALUES ('Manoel Ribeiro', CURRENT_TIMESTAMP, 'pigtraxadmin', 1);
INSERT INTO pigtraxrefdata."City" (name, "lastUpdated", "userUpdated", "id_Country") VALUES ('Manoel Urbano', CURRENT_TIMESTAMP, 'pigtraxadmin', 1);
INSERT INTO pigtraxrefdata."City" (name, "lastUpdated", "userUpdated", "id_Country") VALUES ('Manoel Viana', CURRENT_TIMESTAMP, 'pigtraxadmin', 1);
INSERT INTO pigtraxrefdata."City" (name, "lastUpdated", "userUpdated", "id_Country") VALUES ('Manoel Vitorino', CURRENT_TIMESTAMP, 'pigtraxadmin', 1);
INSERT INTO pigtraxrefdata."City" (name, "lastUpdated", "userUpdated", "id_Country") VALUES ('Mansidão', CURRENT_TIMESTAMP, 'pigtraxadmin', 1);
INSERT INTO pigtraxrefdata."City" (name, "lastUpdated", "userUpdated", "id_Country") VALUES ('Mantena', CURRENT_TIMESTAMP, 'pigtraxadmin', 1);
INSERT INTO pigtraxrefdata."City" (name, "lastUpdated", "userUpdated", "id_Country") VALUES ('Mantenópolis', CURRENT_TIMESTAMP, 'pigtraxadmin', 1);
INSERT INTO pigtraxrefdata."City" (name, "lastUpdated", "userUpdated", "id_Country") VALUES ('Manuel Duarte', CURRENT_TIMESTAMP, 'pigtraxadmin', 1);
INSERT INTO pigtraxrefdata."City" (name, "lastUpdated", "userUpdated", "id_Country") VALUES ('Mapuá', CURRENT_TIMESTAMP, 'pigtraxadmin', 1);
INSERT INTO pigtraxrefdata."City" (name, "lastUpdated", "userUpdated", "id_Country") VALUES ('Maquiné', CURRENT_TIMESTAMP, 'pigtraxadmin', 1);
INSERT INTO pigtraxrefdata."City" (name, "lastUpdated", "userUpdated", "id_Country") VALUES ('Mar de Espanha', CURRENT_TIMESTAMP, 'pigtraxadmin', 1);
INSERT INTO pigtraxrefdata."City" (name, "lastUpdated", "userUpdated", "id_Country") VALUES ('Mar Grande', CURRENT_TIMESTAMP, 'pigtraxadmin', 1);
INSERT INTO pigtraxrefdata."City" (name, "lastUpdated", "userUpdated", "id_Country") VALUES ('Mar Vermelho', CURRENT_TIMESTAMP, 'pigtraxadmin', 1);
INSERT INTO pigtraxrefdata."City" (name, "lastUpdated", "userUpdated", "id_Country") VALUES ('Mara Rosa', CURRENT_TIMESTAMP, 'pigtraxadmin', 1);
INSERT INTO pigtraxrefdata."City" (name, "lastUpdated", "userUpdated", "id_Country") VALUES ('Maraã', CURRENT_TIMESTAMP, 'pigtraxadmin', 1);
INSERT INTO pigtraxrefdata."City" (name, "lastUpdated", "userUpdated", "id_Country") VALUES ('Marabá', CURRENT_TIMESTAMP, 'pigtraxadmin', 1);
INSERT INTO pigtraxrefdata."City" (name, "lastUpdated", "userUpdated", "id_Country") VALUES ('Marabá Paulista', CURRENT_TIMESTAMP, 'pigtraxadmin', 1);
INSERT INTO pigtraxrefdata."City" (name, "lastUpdated", "userUpdated", "id_Country") VALUES ('Maracaçumé', CURRENT_TIMESTAMP, 'pigtraxadmin', 1);
INSERT INTO pigtraxrefdata."City" (name, "lastUpdated", "userUpdated", "id_Country") VALUES ('Maracaí', CURRENT_TIMESTAMP, 'pigtraxadmin', 1);
INSERT INTO pigtraxrefdata."City" (name, "lastUpdated", "userUpdated", "id_Country") VALUES ('Maracajá', CURRENT_TIMESTAMP, 'pigtraxadmin', 1);
INSERT INTO pigtraxrefdata."City" (name, "lastUpdated", "userUpdated", "id_Country") VALUES ('Maracanã', CURRENT_TIMESTAMP, 'pigtraxadmin', 1);
INSERT INTO pigtraxrefdata."City" (name, "lastUpdated", "userUpdated", "id_Country") VALUES ('Maracanaú', CURRENT_TIMESTAMP, 'pigtraxadmin', 1);
INSERT INTO pigtraxrefdata."City" (name, "lastUpdated", "userUpdated", "id_Country") VALUES ('Maracangalha', CURRENT_TIMESTAMP, 'pigtraxadmin', 1);
INSERT INTO pigtraxrefdata."City" (name, "lastUpdated", "userUpdated", "id_Country") VALUES ('Maracás', CURRENT_TIMESTAMP, 'pigtraxadmin', 1);
INSERT INTO pigtraxrefdata."City" (name, "lastUpdated", "userUpdated", "id_Country") VALUES ('Maragogi', CURRENT_TIMESTAMP, 'pigtraxadmin', 1);
INSERT INTO pigtraxrefdata."City" (name, "lastUpdated", "userUpdated", "id_Country") VALUES ('Maragogipe', CURRENT_TIMESTAMP, 'pigtraxadmin', 1);
INSERT INTO pigtraxrefdata."City" (name, "lastUpdated", "userUpdated", "id_Country") VALUES ('Maragogipinho', CURRENT_TIMESTAMP, 'pigtraxadmin', 1);
INSERT INTO pigtraxrefdata."City" (name, "lastUpdated", "userUpdated", "id_Country") VALUES ('Maraial', CURRENT_TIMESTAMP, 'pigtraxadmin', 1);
INSERT INTO pigtraxrefdata."City" (name, "lastUpdated", "userUpdated", "id_Country") VALUES ('Marajá do Sena', CURRENT_TIMESTAMP, 'pigtraxadmin', 1);
INSERT INTO pigtraxrefdata."City" (name, "lastUpdated", "userUpdated", "id_Country") VALUES ('Marambainha', CURRENT_TIMESTAMP, 'pigtraxadmin', 1);
INSERT INTO pigtraxrefdata."City" (name, "lastUpdated", "userUpdated", "id_Country") VALUES ('Marangatu', CURRENT_TIMESTAMP, 'pigtraxadmin', 1);
INSERT INTO pigtraxrefdata."City" (name, "lastUpdated", "userUpdated", "id_Country") VALUES ('Marapanim', CURRENT_TIMESTAMP, 'pigtraxadmin', 1);
INSERT INTO pigtraxrefdata."City" (name, "lastUpdated", "userUpdated", "id_Country") VALUES ('Marapoama', CURRENT_TIMESTAMP, 'pigtraxadmin', 1);
INSERT INTO pigtraxrefdata."City" (name, "lastUpdated", "userUpdated", "id_Country") VALUES ('Maratá', CURRENT_TIMESTAMP, 'pigtraxadmin', 1);
INSERT INTO pigtraxrefdata."City" (name, "lastUpdated", "userUpdated", "id_Country") VALUES ('Marataízes', CURRENT_TIMESTAMP, 'pigtraxadmin', 1);
INSERT INTO pigtraxrefdata."City" (name, "lastUpdated", "userUpdated", "id_Country") VALUES ('Marau', CURRENT_TIMESTAMP, 'pigtraxadmin', 1);
INSERT INTO pigtraxrefdata."City" (name, "lastUpdated", "userUpdated", "id_Country") VALUES ('Maraú', CURRENT_TIMESTAMP, 'pigtraxadmin', 1);
INSERT INTO pigtraxrefdata."City" (name, "lastUpdated", "userUpdated", "id_Country") VALUES ('Maravilha', CURRENT_TIMESTAMP, 'pigtraxadmin', 1);
INSERT INTO pigtraxrefdata."City" (name, "lastUpdated", "userUpdated", "id_Country") VALUES ('Marcação', CURRENT_TIMESTAMP, 'pigtraxadmin', 1);
INSERT INTO pigtraxrefdata."City" (name, "lastUpdated", "userUpdated", "id_Country") VALUES ('Marcelândia', CURRENT_TIMESTAMP, 'pigtraxadmin', 1);
INSERT INTO pigtraxrefdata."City" (name, "lastUpdated", "userUpdated", "id_Country") VALUES ('Marcelino Ramos', CURRENT_TIMESTAMP, 'pigtraxadmin', 1);
INSERT INTO pigtraxrefdata."City" (name, "lastUpdated", "userUpdated", "id_Country") VALUES ('Marcelino Vieira', CURRENT_TIMESTAMP, 'pigtraxadmin', 1);
INSERT INTO pigtraxrefdata."City" (name, "lastUpdated", "userUpdated", "id_Country") VALUES ('Marcionílio Souza', CURRENT_TIMESTAMP, 'pigtraxadmin', 1);
INSERT INTO pigtraxrefdata."City" (name, "lastUpdated", "userUpdated", "id_Country") VALUES ('Marco', CURRENT_TIMESTAMP, 'pigtraxadmin', 1);
INSERT INTO pigtraxrefdata."City" (name, "lastUpdated", "userUpdated", "id_Country") VALUES ('Marcolândia', CURRENT_TIMESTAMP, 'pigtraxadmin', 1);
INSERT INTO pigtraxrefdata."City" (name, "lastUpdated", "userUpdated", "id_Country") VALUES ('Marcolino Moura', CURRENT_TIMESTAMP, 'pigtraxadmin', 1);
INSERT INTO pigtraxrefdata."City" (name, "lastUpdated", "userUpdated", "id_Country") VALUES ('Marcondésia', CURRENT_TIMESTAMP, 'pigtraxadmin', 1);
INSERT INTO pigtraxrefdata."City" (name, "lastUpdated", "userUpdated", "id_Country") VALUES ('Marcos Parente', CURRENT_TIMESTAMP, 'pigtraxadmin', 1);
INSERT INTO pigtraxrefdata."City" (name, "lastUpdated", "userUpdated", "id_Country") VALUES ('Marechal Bormann', CURRENT_TIMESTAMP, 'pigtraxadmin', 1);
INSERT INTO pigtraxrefdata."City" (name, "lastUpdated", "userUpdated", "id_Country") VALUES ('Marechal Cândido Rondon', CURRENT_TIMESTAMP, 'pigtraxadmin', 1);
INSERT INTO pigtraxrefdata."City" (name, "lastUpdated", "userUpdated", "id_Country") VALUES ('Marechal Deodoro', CURRENT_TIMESTAMP, 'pigtraxadmin', 1);
INSERT INTO pigtraxrefdata."City" (name, "lastUpdated", "userUpdated", "id_Country") VALUES ('Marechal Floriano', CURRENT_TIMESTAMP, 'pigtraxadmin', 1);
INSERT INTO pigtraxrefdata."City" (name, "lastUpdated", "userUpdated", "id_Country") VALUES ('Marechal Thaumaturgo', CURRENT_TIMESTAMP, 'pigtraxadmin', 1);
INSERT INTO pigtraxrefdata."City" (name, "lastUpdated", "userUpdated", "id_Country") VALUES ('Marema', CURRENT_TIMESTAMP, 'pigtraxadmin', 1);
INSERT INTO pigtraxrefdata."City" (name, "lastUpdated", "userUpdated", "id_Country") VALUES ('Maresias', CURRENT_TIMESTAMP, 'pigtraxadmin', 1);
INSERT INTO pigtraxrefdata."City" (name, "lastUpdated", "userUpdated", "id_Country") VALUES ('Mari', CURRENT_TIMESTAMP, 'pigtraxadmin', 1);
INSERT INTO pigtraxrefdata."City" (name, "lastUpdated", "userUpdated", "id_Country") VALUES ('Maria da Fé', CURRENT_TIMESTAMP, 'pigtraxadmin', 1);
INSERT INTO pigtraxrefdata."City" (name, "lastUpdated", "userUpdated", "id_Country") VALUES ('Maria Helena', CURRENT_TIMESTAMP, 'pigtraxadmin', 1);
INSERT INTO pigtraxrefdata."City" (name, "lastUpdated", "userUpdated", "id_Country") VALUES ('Maria Quitéria', CURRENT_TIMESTAMP, 'pigtraxadmin', 1);
INSERT INTO pigtraxrefdata."City" (name, "lastUpdated", "userUpdated", "id_Country") VALUES ('Marialva', CURRENT_TIMESTAMP, 'pigtraxadmin', 1);
INSERT INTO pigtraxrefdata."City" (name, "lastUpdated", "userUpdated", "id_Country") VALUES ('Mariana', CURRENT_TIMESTAMP, 'pigtraxadmin', 1);
INSERT INTO pigtraxrefdata."City" (name, "lastUpdated", "userUpdated", "id_Country") VALUES ('Mariana Pimentel', CURRENT_TIMESTAMP, 'pigtraxadmin', 1);
INSERT INTO pigtraxrefdata."City" (name, "lastUpdated", "userUpdated", "id_Country") VALUES ('Mariano Moro', CURRENT_TIMESTAMP, 'pigtraxadmin', 1);
INSERT INTO pigtraxrefdata."City" (name, "lastUpdated", "userUpdated", "id_Country") VALUES ('Marianópolis do Tocantins', CURRENT_TIMESTAMP, 'pigtraxadmin', 1);
INSERT INTO pigtraxrefdata."City" (name, "lastUpdated", "userUpdated", "id_Country") VALUES ('Mariante', CURRENT_TIMESTAMP, 'pigtraxadmin', 1);
INSERT INTO pigtraxrefdata."City" (name, "lastUpdated", "userUpdated", "id_Country") VALUES ('Mariápolis', CURRENT_TIMESTAMP, 'pigtraxadmin', 1);
INSERT INTO pigtraxrefdata."City" (name, "lastUpdated", "userUpdated", "id_Country") VALUES ('Maribondo', CURRENT_TIMESTAMP, 'pigtraxadmin', 1);
INSERT INTO pigtraxrefdata."City" (name, "lastUpdated", "userUpdated", "id_Country") VALUES ('Maricá', CURRENT_TIMESTAMP, 'pigtraxadmin', 1);
INSERT INTO pigtraxrefdata."City" (name, "lastUpdated", "userUpdated", "id_Country") VALUES ('Maricoabo', CURRENT_TIMESTAMP, 'pigtraxadmin', 1);
INSERT INTO pigtraxrefdata."City" (name, "lastUpdated", "userUpdated", "id_Country") VALUES ('Mariental', CURRENT_TIMESTAMP, 'pigtraxadmin', 1);
INSERT INTO pigtraxrefdata."City" (name, "lastUpdated", "userUpdated", "id_Country") VALUES ('Marilac', CURRENT_TIMESTAMP, 'pigtraxadmin', 1);
INSERT INTO pigtraxrefdata."City" (name, "lastUpdated", "userUpdated", "id_Country") VALUES ('Marilândia', CURRENT_TIMESTAMP, 'pigtraxadmin', 1);
INSERT INTO pigtraxrefdata."City" (name, "lastUpdated", "userUpdated", "id_Country") VALUES ('Marilena', CURRENT_TIMESTAMP, 'pigtraxadmin', 1);
INSERT INTO pigtraxrefdata."City" (name, "lastUpdated", "userUpdated", "id_Country") VALUES ('Marília', CURRENT_TIMESTAMP, 'pigtraxadmin', 1);
INSERT INTO pigtraxrefdata."City" (name, "lastUpdated", "userUpdated", "id_Country") VALUES ('Mariluz', CURRENT_TIMESTAMP, 'pigtraxadmin', 1);
INSERT INTO pigtraxrefdata."City" (name, "lastUpdated", "userUpdated", "id_Country") VALUES ('Maringá', CURRENT_TIMESTAMP, 'pigtraxadmin', 1);
INSERT INTO pigtraxrefdata."City" (name, "lastUpdated", "userUpdated", "id_Country") VALUES ('Marinheiros', CURRENT_TIMESTAMP, 'pigtraxadmin', 1);
INSERT INTO pigtraxrefdata."City" (name, "lastUpdated", "userUpdated", "id_Country") VALUES ('Marinópolis', CURRENT_TIMESTAMP, 'pigtraxadmin', 1);
INSERT INTO pigtraxrefdata."City" (name, "lastUpdated", "userUpdated", "id_Country") VALUES ('Mário Campos', CURRENT_TIMESTAMP, 'pigtraxadmin', 1);
INSERT INTO pigtraxrefdata."City" (name, "lastUpdated", "userUpdated", "id_Country") VALUES ('Mariópolis', CURRENT_TIMESTAMP, 'pigtraxadmin', 1);
INSERT INTO pigtraxrefdata."City" (name, "lastUpdated", "userUpdated", "id_Country") VALUES ('Maripá', CURRENT_TIMESTAMP, 'pigtraxadmin', 1);
INSERT INTO pigtraxrefdata."City" (name, "lastUpdated", "userUpdated", "id_Country") VALUES ('Maripá de Minas', CURRENT_TIMESTAMP, 'pigtraxadmin', 1);
INSERT INTO pigtraxrefdata."City" (name, "lastUpdated", "userUpdated", "id_Country") VALUES ('Maristela', CURRENT_TIMESTAMP, 'pigtraxadmin', 1);
INSERT INTO pigtraxrefdata."City" (name, "lastUpdated", "userUpdated", "id_Country") VALUES ('Maristela de Minas', CURRENT_TIMESTAMP, 'pigtraxadmin', 1);
INSERT INTO pigtraxrefdata."City" (name, "lastUpdated", "userUpdated", "id_Country") VALUES ('Marituba', CURRENT_TIMESTAMP, 'pigtraxadmin', 1);
INSERT INTO pigtraxrefdata."City" (name, "lastUpdated", "userUpdated", "id_Country") VALUES ('Marizópolis', CURRENT_TIMESTAMP, 'pigtraxadmin', 1);
INSERT INTO pigtraxrefdata."City" (name, "lastUpdated", "userUpdated", "id_Country") VALUES ('Marliéria', CURRENT_TIMESTAMP, 'pigtraxadmin', 1);
INSERT INTO pigtraxrefdata."City" (name, "lastUpdated", "userUpdated", "id_Country") VALUES ('Marmeleiro', CURRENT_TIMESTAMP, 'pigtraxadmin', 1);
INSERT INTO pigtraxrefdata."City" (name, "lastUpdated", "userUpdated", "id_Country") VALUES ('Marmelópolis', CURRENT_TIMESTAMP, 'pigtraxadmin', 1);
INSERT INTO pigtraxrefdata."City" (name, "lastUpdated", "userUpdated", "id_Country") VALUES ('Marques de Souza', CURRENT_TIMESTAMP, 'pigtraxadmin', 1);
INSERT INTO pigtraxrefdata."City" (name, "lastUpdated", "userUpdated", "id_Country") VALUES ('Marquinho', CURRENT_TIMESTAMP, 'pigtraxadmin', 1);
INSERT INTO pigtraxrefdata."City" (name, "lastUpdated", "userUpdated", "id_Country") VALUES ('Marruás', CURRENT_TIMESTAMP, 'pigtraxadmin', 1);
INSERT INTO pigtraxrefdata."City" (name, "lastUpdated", "userUpdated", "id_Country") VALUES ('Martim Francisco', CURRENT_TIMESTAMP, 'pigtraxadmin', 1);
INSERT INTO pigtraxrefdata."City" (name, "lastUpdated", "userUpdated", "id_Country") VALUES ('Martinho Campos', CURRENT_TIMESTAMP, 'pigtraxadmin', 1);
INSERT INTO pigtraxrefdata."City" (name, "lastUpdated", "userUpdated", "id_Country") VALUES ('Martinho Prado Júnior', CURRENT_TIMESTAMP, 'pigtraxadmin', 1);
INSERT INTO pigtraxrefdata."City" (name, "lastUpdated", "userUpdated", "id_Country") VALUES ('Martinópole', CURRENT_TIMESTAMP, 'pigtraxadmin', 1);
INSERT INTO pigtraxrefdata."City" (name, "lastUpdated", "userUpdated", "id_Country") VALUES ('Martinópolis', CURRENT_TIMESTAMP, 'pigtraxadmin', 1);
INSERT INTO pigtraxrefdata."City" (name, "lastUpdated", "userUpdated", "id_Country") VALUES ('Martins', CURRENT_TIMESTAMP, 'pigtraxadmin', 1);
INSERT INTO pigtraxrefdata."City" (name, "lastUpdated", "userUpdated", "id_Country") VALUES ('Martins Soares', CURRENT_TIMESTAMP, 'pigtraxadmin', 1);
INSERT INTO pigtraxrefdata."City" (name, "lastUpdated", "userUpdated", "id_Country") VALUES ('Martinslândia', CURRENT_TIMESTAMP, 'pigtraxadmin', 1);
INSERT INTO pigtraxrefdata."City" (name, "lastUpdated", "userUpdated", "id_Country") VALUES ('Marudá', CURRENT_TIMESTAMP, 'pigtraxadmin', 1);
INSERT INTO pigtraxrefdata."City" (name, "lastUpdated", "userUpdated", "id_Country") VALUES ('Maruim', CURRENT_TIMESTAMP, 'pigtraxadmin', 1);
INSERT INTO pigtraxrefdata."City" (name, "lastUpdated", "userUpdated", "id_Country") VALUES ('Marumbi', CURRENT_TIMESTAMP, 'pigtraxadmin', 1);
INSERT INTO pigtraxrefdata."City" (name, "lastUpdated", "userUpdated", "id_Country") VALUES ('Marzagão', CURRENT_TIMESTAMP, 'pigtraxadmin', 1);
INSERT INTO pigtraxrefdata."City" (name, "lastUpdated", "userUpdated", "id_Country") VALUES ('Mascote', CURRENT_TIMESTAMP, 'pigtraxadmin', 1);
INSERT INTO pigtraxrefdata."City" (name, "lastUpdated", "userUpdated", "id_Country") VALUES ('Massacará', CURRENT_TIMESTAMP, 'pigtraxadmin', 1);
INSERT INTO pigtraxrefdata."City" (name, "lastUpdated", "userUpdated", "id_Country") VALUES ('Massapê', CURRENT_TIMESTAMP, 'pigtraxadmin', 1);
INSERT INTO pigtraxrefdata."City" (name, "lastUpdated", "userUpdated", "id_Country") VALUES ('Massapê do Piauí', CURRENT_TIMESTAMP, 'pigtraxadmin', 1);
INSERT INTO pigtraxrefdata."City" (name, "lastUpdated", "userUpdated", "id_Country") VALUES ('Massaranduba', CURRENT_TIMESTAMP, 'pigtraxadmin', 1);
INSERT INTO pigtraxrefdata."City" (name, "lastUpdated", "userUpdated", "id_Country") VALUES ('Massaroca', CURRENT_TIMESTAMP, 'pigtraxadmin', 1);
INSERT INTO pigtraxrefdata."City" (name, "lastUpdated", "userUpdated", "id_Country") VALUES ('Mata', CURRENT_TIMESTAMP, 'pigtraxadmin', 1);
INSERT INTO pigtraxrefdata."City" (name, "lastUpdated", "userUpdated", "id_Country") VALUES ('Mata da Aliança', CURRENT_TIMESTAMP, 'pigtraxadmin', 1);
INSERT INTO pigtraxrefdata."City" (name, "lastUpdated", "userUpdated", "id_Country") VALUES ('Mata de São Braz', CURRENT_TIMESTAMP, 'pigtraxadmin', 1);
INSERT INTO pigtraxrefdata."City" (name, "lastUpdated", "userUpdated", "id_Country") VALUES ('Mata Grande', CURRENT_TIMESTAMP, 'pigtraxadmin', 1);
INSERT INTO pigtraxrefdata."City" (name, "lastUpdated", "userUpdated", "id_Country") VALUES ('Mata Limpa', CURRENT_TIMESTAMP, 'pigtraxadmin', 1);
INSERT INTO pigtraxrefdata."City" (name, "lastUpdated", "userUpdated", "id_Country") VALUES ('Mata Roma', CURRENT_TIMESTAMP, 'pigtraxadmin', 1);
INSERT INTO pigtraxrefdata."City" (name, "lastUpdated", "userUpdated", "id_Country") VALUES ('Mata Verde', CURRENT_TIMESTAMP, 'pigtraxadmin', 1);
INSERT INTO pigtraxrefdata."City" (name, "lastUpdated", "userUpdated", "id_Country") VALUES ('Matapiquara', CURRENT_TIMESTAMP, 'pigtraxadmin', 1);
INSERT INTO pigtraxrefdata."City" (name, "lastUpdated", "userUpdated", "id_Country") VALUES ('Mataraca', CURRENT_TIMESTAMP, 'pigtraxadmin', 1);
INSERT INTO pigtraxrefdata."City" (name, "lastUpdated", "userUpdated", "id_Country") VALUES ('Mataripe', CURRENT_TIMESTAMP, 'pigtraxadmin', 1);
INSERT INTO pigtraxrefdata."City" (name, "lastUpdated", "userUpdated", "id_Country") VALUES ('Mateiros', CURRENT_TIMESTAMP, 'pigtraxadmin', 1);
INSERT INTO pigtraxrefdata."City" (name, "lastUpdated", "userUpdated", "id_Country") VALUES ('Matelândia', CURRENT_TIMESTAMP, 'pigtraxadmin', 1);
INSERT INTO pigtraxrefdata."City" (name, "lastUpdated", "userUpdated", "id_Country") VALUES ('Materlândia', CURRENT_TIMESTAMP, 'pigtraxadmin', 1);
INSERT INTO pigtraxrefdata."City" (name, "lastUpdated", "userUpdated", "id_Country") VALUES ('Mateus Leme', CURRENT_TIMESTAMP, 'pigtraxadmin', 1);
INSERT INTO pigtraxrefdata."City" (name, "lastUpdated", "userUpdated", "id_Country") VALUES ('Mathias Lobato', CURRENT_TIMESTAMP, 'pigtraxadmin', 1);
INSERT INTO pigtraxrefdata."City" (name, "lastUpdated", "userUpdated", "id_Country") VALUES ('Matias Barbosa', CURRENT_TIMESTAMP, 'pigtraxadmin', 1);
INSERT INTO pigtraxrefdata."City" (name, "lastUpdated", "userUpdated", "id_Country") VALUES ('Matias Cardoso', CURRENT_TIMESTAMP, 'pigtraxadmin', 1);
INSERT INTO pigtraxrefdata."City" (name, "lastUpdated", "userUpdated", "id_Country") VALUES ('Matias Olímpio', CURRENT_TIMESTAMP, 'pigtraxadmin', 1);
INSERT INTO pigtraxrefdata."City" (name, "lastUpdated", "userUpdated", "id_Country") VALUES ('Matinha', CURRENT_TIMESTAMP, 'pigtraxadmin', 1);
INSERT INTO pigtraxrefdata."City" (name, "lastUpdated", "userUpdated", "id_Country") VALUES ('Matinhas', CURRENT_TIMESTAMP, 'pigtraxadmin', 1);
INSERT INTO pigtraxrefdata."City" (name, "lastUpdated", "userUpdated", "id_Country") VALUES ('Matinhos', CURRENT_TIMESTAMP, 'pigtraxadmin', 1);
INSERT INTO pigtraxrefdata."City" (name, "lastUpdated", "userUpdated", "id_Country") VALUES ('Matipó', CURRENT_TIMESTAMP, 'pigtraxadmin', 1);
INSERT INTO pigtraxrefdata."City" (name, "lastUpdated", "userUpdated", "id_Country") VALUES ('Mato Castelhano', CURRENT_TIMESTAMP, 'pigtraxadmin', 1);
INSERT INTO pigtraxrefdata."City" (name, "lastUpdated", "userUpdated", "id_Country") VALUES ('Mato Grosso', CURRENT_TIMESTAMP, 'pigtraxadmin', 1);
INSERT INTO pigtraxrefdata."City" (name, "lastUpdated", "userUpdated", "id_Country") VALUES ('Mato Leitão', CURRENT_TIMESTAMP, 'pigtraxadmin', 1);
INSERT INTO pigtraxrefdata."City" (name, "lastUpdated", "userUpdated", "id_Country") VALUES ('Mato Rico', CURRENT_TIMESTAMP, 'pigtraxadmin', 1);
INSERT INTO pigtraxrefdata."City" (name, "lastUpdated", "userUpdated", "id_Country") VALUES ('Mato Verde', CURRENT_TIMESTAMP, 'pigtraxadmin', 1);
INSERT INTO pigtraxrefdata."City" (name, "lastUpdated", "userUpdated", "id_Country") VALUES ('Matões', CURRENT_TIMESTAMP, 'pigtraxadmin', 1);
INSERT INTO pigtraxrefdata."City" (name, "lastUpdated", "userUpdated", "id_Country") VALUES ('Matões do Norte', CURRENT_TIMESTAMP, 'pigtraxadmin', 1);
INSERT INTO pigtraxrefdata."City" (name, "lastUpdated", "userUpdated", "id_Country") VALUES ('Matos Costa', CURRENT_TIMESTAMP, 'pigtraxadmin', 1);
INSERT INTO pigtraxrefdata."City" (name, "lastUpdated", "userUpdated", "id_Country") VALUES ('Matozinhos', CURRENT_TIMESTAMP, 'pigtraxadmin', 1);
INSERT INTO pigtraxrefdata."City" (name, "lastUpdated", "userUpdated", "id_Country") VALUES ('Matrinchã', CURRENT_TIMESTAMP, 'pigtraxadmin', 1);
INSERT INTO pigtraxrefdata."City" (name, "lastUpdated", "userUpdated", "id_Country") VALUES ('Matriz', CURRENT_TIMESTAMP, 'pigtraxadmin', 1);
INSERT INTO pigtraxrefdata."City" (name, "lastUpdated", "userUpdated", "id_Country") VALUES ('Matriz de Camaragibe', CURRENT_TIMESTAMP, 'pigtraxadmin', 1);
INSERT INTO pigtraxrefdata."City" (name, "lastUpdated", "userUpdated", "id_Country") VALUES ('Matupá', CURRENT_TIMESTAMP, 'pigtraxadmin', 1);
INSERT INTO pigtraxrefdata."City" (name, "lastUpdated", "userUpdated", "id_Country") VALUES ('Maturéia', CURRENT_TIMESTAMP, 'pigtraxadmin', 1);
INSERT INTO pigtraxrefdata."City" (name, "lastUpdated", "userUpdated", "id_Country") VALUES ('Matutina', CURRENT_TIMESTAMP, 'pigtraxadmin', 1);
INSERT INTO pigtraxrefdata."City" (name, "lastUpdated", "userUpdated", "id_Country") VALUES ('Mauá', CURRENT_TIMESTAMP, 'pigtraxadmin', 1);
INSERT INTO pigtraxrefdata."City" (name, "lastUpdated", "userUpdated", "id_Country") VALUES ('Mauá da Serra', CURRENT_TIMESTAMP, 'pigtraxadmin', 1);
INSERT INTO pigtraxrefdata."City" (name, "lastUpdated", "userUpdated", "id_Country") VALUES ('Maués', CURRENT_TIMESTAMP, 'pigtraxadmin', 1);
INSERT INTO pigtraxrefdata."City" (name, "lastUpdated", "userUpdated", "id_Country") VALUES ('Maurilândia', CURRENT_TIMESTAMP, 'pigtraxadmin', 1);
INSERT INTO pigtraxrefdata."City" (name, "lastUpdated", "userUpdated", "id_Country") VALUES ('Maurilândia do Tocantins', CURRENT_TIMESTAMP, 'pigtraxadmin', 1);
INSERT INTO pigtraxrefdata."City" (name, "lastUpdated", "userUpdated", "id_Country") VALUES ('Mauriti', CURRENT_TIMESTAMP, 'pigtraxadmin', 1);
INSERT INTO pigtraxrefdata."City" (name, "lastUpdated", "userUpdated", "id_Country") VALUES ('Maxaranguape', CURRENT_TIMESTAMP, 'pigtraxadmin', 1);
INSERT INTO pigtraxrefdata."City" (name, "lastUpdated", "userUpdated", "id_Country") VALUES ('Maximiliano de Almeida', CURRENT_TIMESTAMP, 'pigtraxadmin', 1);
INSERT INTO pigtraxrefdata."City" (name, "lastUpdated", "userUpdated", "id_Country") VALUES ('Mazagão', CURRENT_TIMESTAMP, 'pigtraxadmin', 1);
INSERT INTO pigtraxrefdata."City" (name, "lastUpdated", "userUpdated", "id_Country") VALUES ('Mazagão Velho', CURRENT_TIMESTAMP, 'pigtraxadmin', 1);
INSERT INTO pigtraxrefdata."City" (name, "lastUpdated", "userUpdated", "id_Country") VALUES ('Medeiros', CURRENT_TIMESTAMP, 'pigtraxadmin', 1);
INSERT INTO pigtraxrefdata."City" (name, "lastUpdated", "userUpdated", "id_Country") VALUES ('Medeiros Neto', CURRENT_TIMESTAMP, 'pigtraxadmin', 1);
INSERT INTO pigtraxrefdata."City" (name, "lastUpdated", "userUpdated", "id_Country") VALUES ('Medianeira', CURRENT_TIMESTAMP, 'pigtraxadmin', 1);
INSERT INTO pigtraxrefdata."City" (name, "lastUpdated", "userUpdated", "id_Country") VALUES ('Medicilândia', CURRENT_TIMESTAMP, 'pigtraxadmin', 1);
INSERT INTO pigtraxrefdata."City" (name, "lastUpdated", "userUpdated", "id_Country") VALUES ('Medina', CURRENT_TIMESTAMP, 'pigtraxadmin', 1);
INSERT INTO pigtraxrefdata."City" (name, "lastUpdated", "userUpdated", "id_Country") VALUES ('Mel', CURRENT_TIMESTAMP, 'pigtraxadmin', 1);
INSERT INTO pigtraxrefdata."City" (name, "lastUpdated", "userUpdated", "id_Country") VALUES ('Meleiro', CURRENT_TIMESTAMP, 'pigtraxadmin', 1);
INSERT INTO pigtraxrefdata."City" (name, "lastUpdated", "userUpdated", "id_Country") VALUES ('Melgaço', CURRENT_TIMESTAMP, 'pigtraxadmin', 1);
INSERT INTO pigtraxrefdata."City" (name, "lastUpdated", "userUpdated", "id_Country") VALUES ('Melo Viana', CURRENT_TIMESTAMP, 'pigtraxadmin', 1);
INSERT INTO pigtraxrefdata."City" (name, "lastUpdated", "userUpdated", "id_Country") VALUES ('Mendanha', CURRENT_TIMESTAMP, 'pigtraxadmin', 1);
INSERT INTO pigtraxrefdata."City" (name, "lastUpdated", "userUpdated", "id_Country") VALUES ('Mendes', CURRENT_TIMESTAMP, 'pigtraxadmin', 1);
INSERT INTO pigtraxrefdata."City" (name, "lastUpdated", "userUpdated", "id_Country") VALUES ('Mendes Pimentel', CURRENT_TIMESTAMP, 'pigtraxadmin', 1);
INSERT INTO pigtraxrefdata."City" (name, "lastUpdated", "userUpdated", "id_Country") VALUES ('Mendonça', CURRENT_TIMESTAMP, 'pigtraxadmin', 1);
INSERT INTO pigtraxrefdata."City" (name, "lastUpdated", "userUpdated", "id_Country") VALUES ('Menino Jesus', CURRENT_TIMESTAMP, 'pigtraxadmin', 1);
INSERT INTO pigtraxrefdata."City" (name, "lastUpdated", "userUpdated", "id_Country") VALUES ('Mercedes', CURRENT_TIMESTAMP, 'pigtraxadmin', 1);
INSERT INTO pigtraxrefdata."City" (name, "lastUpdated", "userUpdated", "id_Country") VALUES ('Mercês', CURRENT_TIMESTAMP, 'pigtraxadmin', 1);
INSERT INTO pigtraxrefdata."City" (name, "lastUpdated", "userUpdated", "id_Country") VALUES ('Mercês de Água Limpa', CURRENT_TIMESTAMP, 'pigtraxadmin', 1);
INSERT INTO pigtraxrefdata."City" (name, "lastUpdated", "userUpdated", "id_Country") VALUES ('Meridiano', CURRENT_TIMESTAMP, 'pigtraxadmin', 1);
INSERT INTO pigtraxrefdata."City" (name, "lastUpdated", "userUpdated", "id_Country") VALUES ('Meruoca', CURRENT_TIMESTAMP, 'pigtraxadmin', 1);
INSERT INTO pigtraxrefdata."City" (name, "lastUpdated", "userUpdated", "id_Country") VALUES ('Mesópolis', CURRENT_TIMESTAMP, 'pigtraxadmin', 1);
INSERT INTO pigtraxrefdata."City" (name, "lastUpdated", "userUpdated", "id_Country") VALUES ('Mesquita', CURRENT_TIMESTAMP, 'pigtraxadmin', 1);
INSERT INTO pigtraxrefdata."City" (name, "lastUpdated", "userUpdated", "id_Country") VALUES ('Messias', CURRENT_TIMESTAMP, 'pigtraxadmin', 1);
INSERT INTO pigtraxrefdata."City" (name, "lastUpdated", "userUpdated", "id_Country") VALUES ('Messias Targino', CURRENT_TIMESTAMP, 'pigtraxadmin', 1);
INSERT INTO pigtraxrefdata."City" (name, "lastUpdated", "userUpdated", "id_Country") VALUES ('Mestre Caetano', CURRENT_TIMESTAMP, 'pigtraxadmin', 1);
INSERT INTO pigtraxrefdata."City" (name, "lastUpdated", "userUpdated", "id_Country") VALUES ('Miguel Alves', CURRENT_TIMESTAMP, 'pigtraxadmin', 1);
INSERT INTO pigtraxrefdata."City" (name, "lastUpdated", "userUpdated", "id_Country") VALUES ('Miguel Calmon', CURRENT_TIMESTAMP, 'pigtraxadmin', 1);
INSERT INTO pigtraxrefdata."City" (name, "lastUpdated", "userUpdated", "id_Country") VALUES ('Miguel Leão', CURRENT_TIMESTAMP, 'pigtraxadmin', 1);
INSERT INTO pigtraxrefdata."City" (name, "lastUpdated", "userUpdated", "id_Country") VALUES ('Miguel Pereira', CURRENT_TIMESTAMP, 'pigtraxadmin', 1);
INSERT INTO pigtraxrefdata."City" (name, "lastUpdated", "userUpdated", "id_Country") VALUES ('Miguel Xavier', CURRENT_TIMESTAMP, 'pigtraxadmin', 1);
INSERT INTO pigtraxrefdata."City" (name, "lastUpdated", "userUpdated", "id_Country") VALUES ('Miguelópolis', CURRENT_TIMESTAMP, 'pigtraxadmin', 1);
INSERT INTO pigtraxrefdata."City" (name, "lastUpdated", "userUpdated", "id_Country") VALUES ('Milagre', CURRENT_TIMESTAMP, 'pigtraxadmin', 1);
INSERT INTO pigtraxrefdata."City" (name, "lastUpdated", "userUpdated", "id_Country") VALUES ('Milagres', CURRENT_TIMESTAMP, 'pigtraxadmin', 1);
INSERT INTO pigtraxrefdata."City" (name, "lastUpdated", "userUpdated", "id_Country") VALUES ('Milagres do Maranhão', CURRENT_TIMESTAMP, 'pigtraxadmin', 1);
INSERT INTO pigtraxrefdata."City" (name, "lastUpdated", "userUpdated", "id_Country") VALUES ('Milhã', CURRENT_TIMESTAMP, 'pigtraxadmin', 1);
INSERT INTO pigtraxrefdata."City" (name, "lastUpdated", "userUpdated", "id_Country") VALUES ('Milho Verde', CURRENT_TIMESTAMP, 'pigtraxadmin', 1);
INSERT INTO pigtraxrefdata."City" (name, "lastUpdated", "userUpdated", "id_Country") VALUES ('Milton Belo', CURRENT_TIMESTAMP, 'pigtraxadmin', 1);
INSERT INTO pigtraxrefdata."City" (name, "lastUpdated", "userUpdated", "id_Country") VALUES ('Milton Brandão', CURRENT_TIMESTAMP, 'pigtraxadmin', 1);
INSERT INTO pigtraxrefdata."City" (name, "lastUpdated", "userUpdated", "id_Country") VALUES ('Mimoso', CURRENT_TIMESTAMP, 'pigtraxadmin', 1);
INSERT INTO pigtraxrefdata."City" (name, "lastUpdated", "userUpdated", "id_Country") VALUES ('Mimoso de Goiás', CURRENT_TIMESTAMP, 'pigtraxadmin', 1);
INSERT INTO pigtraxrefdata."City" (name, "lastUpdated", "userUpdated", "id_Country") VALUES ('Mimoso do Sul', CURRENT_TIMESTAMP, 'pigtraxadmin', 1);
INSERT INTO pigtraxrefdata."City" (name, "lastUpdated", "userUpdated", "id_Country") VALUES ('Minador do Negrão', CURRENT_TIMESTAMP, 'pigtraxadmin', 1);
INSERT INTO pigtraxrefdata."City" (name, "lastUpdated", "userUpdated", "id_Country") VALUES ('Minas do Leão', CURRENT_TIMESTAMP, 'pigtraxadmin', 1);
INSERT INTO pigtraxrefdata."City" (name, "lastUpdated", "userUpdated", "id_Country") VALUES ('Minas Novas', CURRENT_TIMESTAMP, 'pigtraxadmin', 1);
INSERT INTO pigtraxrefdata."City" (name, "lastUpdated", "userUpdated", "id_Country") VALUES ('Minduri', CURRENT_TIMESTAMP, 'pigtraxadmin', 1);
INSERT INTO pigtraxrefdata."City" (name, "lastUpdated", "userUpdated", "id_Country") VALUES ('Mineirolândia', CURRENT_TIMESTAMP, 'pigtraxadmin', 1);
INSERT INTO pigtraxrefdata."City" (name, "lastUpdated", "userUpdated", "id_Country") VALUES ('Mineiros', CURRENT_TIMESTAMP, 'pigtraxadmin', 1);
INSERT INTO pigtraxrefdata."City" (name, "lastUpdated", "userUpdated", "id_Country") VALUES ('Mineiros do Tietê', CURRENT_TIMESTAMP, 'pigtraxadmin', 1);
INSERT INTO pigtraxrefdata."City" (name, "lastUpdated", "userUpdated", "id_Country") VALUES ('Ministro Andreazza', CURRENT_TIMESTAMP, 'pigtraxadmin', 1);
INSERT INTO pigtraxrefdata."City" (name, "lastUpdated", "userUpdated", "id_Country") VALUES ('Mira Estrela', CURRENT_TIMESTAMP, 'pigtraxadmin', 1);
INSERT INTO pigtraxrefdata."City" (name, "lastUpdated", "userUpdated", "id_Country") VALUES ('Mirabela', CURRENT_TIMESTAMP, 'pigtraxadmin', 1);
INSERT INTO pigtraxrefdata."City" (name, "lastUpdated", "userUpdated", "id_Country") VALUES ('Miracatu', CURRENT_TIMESTAMP, 'pigtraxadmin', 1);
INSERT INTO pigtraxrefdata."City" (name, "lastUpdated", "userUpdated", "id_Country") VALUES ('Miracema', CURRENT_TIMESTAMP, 'pigtraxadmin', 1);
INSERT INTO pigtraxrefdata."City" (name, "lastUpdated", "userUpdated", "id_Country") VALUES ('Miracema do Tocantins', CURRENT_TIMESTAMP, 'pigtraxadmin', 1);
INSERT INTO pigtraxrefdata."City" (name, "lastUpdated", "userUpdated", "id_Country") VALUES ('Miracica', CURRENT_TIMESTAMP, 'pigtraxadmin', 1);
INSERT INTO pigtraxrefdata."City" (name, "lastUpdated", "userUpdated", "id_Country") VALUES ('Mirador', CURRENT_TIMESTAMP, 'pigtraxadmin', 1);
INSERT INTO pigtraxrefdata."City" (name, "lastUpdated", "userUpdated", "id_Country") VALUES ('Miradouro', CURRENT_TIMESTAMP, 'pigtraxadmin', 1);
INSERT INTO pigtraxrefdata."City" (name, "lastUpdated", "userUpdated", "id_Country") VALUES ('Miragaia', CURRENT_TIMESTAMP, 'pigtraxadmin', 1);
INSERT INTO pigtraxrefdata."City" (name, "lastUpdated", "userUpdated", "id_Country") VALUES ('Miragem', CURRENT_TIMESTAMP, 'pigtraxadmin', 1);
INSERT INTO pigtraxrefdata."City" (name, "lastUpdated", "userUpdated", "id_Country") VALUES ('Miraguaí', CURRENT_TIMESTAMP, 'pigtraxadmin', 1);
INSERT INTO pigtraxrefdata."City" (name, "lastUpdated", "userUpdated", "id_Country") VALUES ('Miraguaia', CURRENT_TIMESTAMP, 'pigtraxadmin', 1);
INSERT INTO pigtraxrefdata."City" (name, "lastUpdated", "userUpdated", "id_Country") VALUES ('Miraí', CURRENT_TIMESTAMP, 'pigtraxadmin', 1);
INSERT INTO pigtraxrefdata."City" (name, "lastUpdated", "userUpdated", "id_Country") VALUES ('Miraíma', CURRENT_TIMESTAMP, 'pigtraxadmin', 1);
INSERT INTO pigtraxrefdata."City" (name, "lastUpdated", "userUpdated", "id_Country") VALUES ('Mirambé', CURRENT_TIMESTAMP, 'pigtraxadmin', 1);
INSERT INTO pigtraxrefdata."City" (name, "lastUpdated", "userUpdated", "id_Country") VALUES ('Miranda', CURRENT_TIMESTAMP, 'pigtraxadmin', 1);
INSERT INTO pigtraxrefdata."City" (name, "lastUpdated", "userUpdated", "id_Country") VALUES ('Miranda do Norte', CURRENT_TIMESTAMP, 'pigtraxadmin', 1);
INSERT INTO pigtraxrefdata."City" (name, "lastUpdated", "userUpdated", "id_Country") VALUES ('Mirandiba', CURRENT_TIMESTAMP, 'pigtraxadmin', 1);
INSERT INTO pigtraxrefdata."City" (name, "lastUpdated", "userUpdated", "id_Country") VALUES ('Mirandópolis', CURRENT_TIMESTAMP, 'pigtraxadmin', 1);
INSERT INTO pigtraxrefdata."City" (name, "lastUpdated", "userUpdated", "id_Country") VALUES ('Mirangaba', CURRENT_TIMESTAMP, 'pigtraxadmin', 1);
INSERT INTO pigtraxrefdata."City" (name, "lastUpdated", "userUpdated", "id_Country") VALUES ('Miranorte', CURRENT_TIMESTAMP, 'pigtraxadmin', 1);
INSERT INTO pigtraxrefdata."City" (name, "lastUpdated", "userUpdated", "id_Country") VALUES ('Mirantão', CURRENT_TIMESTAMP, 'pigtraxadmin', 1);
INSERT INTO pigtraxrefdata."City" (name, "lastUpdated", "userUpdated", "id_Country") VALUES ('Mirante', CURRENT_TIMESTAMP, 'pigtraxadmin', 1);
INSERT INTO pigtraxrefdata."City" (name, "lastUpdated", "userUpdated", "id_Country") VALUES ('Mirante da Serra', CURRENT_TIMESTAMP, 'pigtraxadmin', 1);
INSERT INTO pigtraxrefdata."City" (name, "lastUpdated", "userUpdated", "id_Country") VALUES ('Mirante do Paranapanema', CURRENT_TIMESTAMP, 'pigtraxadmin', 1);
INSERT INTO pigtraxrefdata."City" (name, "lastUpdated", "userUpdated", "id_Country") VALUES ('Mirante do Piquiri', CURRENT_TIMESTAMP, 'pigtraxadmin', 1);
INSERT INTO pigtraxrefdata."City" (name, "lastUpdated", "userUpdated", "id_Country") VALUES ('Miraselva', CURRENT_TIMESTAMP, 'pigtraxadmin', 1);
INSERT INTO pigtraxrefdata."City" (name, "lastUpdated", "userUpdated", "id_Country") VALUES ('Mirasselvas', CURRENT_TIMESTAMP, 'pigtraxadmin', 1);
INSERT INTO pigtraxrefdata."City" (name, "lastUpdated", "userUpdated", "id_Country") VALUES ('Mirassol', CURRENT_TIMESTAMP, 'pigtraxadmin', 1);
INSERT INTO pigtraxrefdata."City" (name, "lastUpdated", "userUpdated", "id_Country") VALUES ('Mirassol d''Oeste', CURRENT_TIMESTAMP, 'pigtraxadmin', 1);
INSERT INTO pigtraxrefdata."City" (name, "lastUpdated", "userUpdated", "id_Country") VALUES ('Mirassolândia', CURRENT_TIMESTAMP, 'pigtraxadmin', 1);
INSERT INTO pigtraxrefdata."City" (name, "lastUpdated", "userUpdated", "id_Country") VALUES ('Miravânia', CURRENT_TIMESTAMP, 'pigtraxadmin', 1);
INSERT INTO pigtraxrefdata."City" (name, "lastUpdated", "userUpdated", "id_Country") VALUES ('Mirim', CURRENT_TIMESTAMP, 'pigtraxadmin', 1);
INSERT INTO pigtraxrefdata."City" (name, "lastUpdated", "userUpdated", "id_Country") VALUES ('Mirim Doce', CURRENT_TIMESTAMP, 'pigtraxadmin', 1);
INSERT INTO pigtraxrefdata."City" (name, "lastUpdated", "userUpdated", "id_Country") VALUES ('Mirinzal', CURRENT_TIMESTAMP, 'pigtraxadmin', 1);
INSERT INTO pigtraxrefdata."City" (name, "lastUpdated", "userUpdated", "id_Country") VALUES ('Mirorós', CURRENT_TIMESTAMP, 'pigtraxadmin', 1);
INSERT INTO pigtraxrefdata."City" (name, "lastUpdated", "userUpdated", "id_Country") VALUES ('Missal', CURRENT_TIMESTAMP, 'pigtraxadmin', 1);
INSERT INTO pigtraxrefdata."City" (name, "lastUpdated", "userUpdated", "id_Country") VALUES ('Missão de Aricobé', CURRENT_TIMESTAMP, 'pigtraxadmin', 1);
INSERT INTO pigtraxrefdata."City" (name, "lastUpdated", "userUpdated", "id_Country") VALUES ('Missi', CURRENT_TIMESTAMP, 'pigtraxadmin', 1);
INSERT INTO pigtraxrefdata."City" (name, "lastUpdated", "userUpdated", "id_Country") VALUES ('Mocajuba', CURRENT_TIMESTAMP, 'pigtraxadmin', 1);
INSERT INTO pigtraxrefdata."City" (name, "lastUpdated", "userUpdated", "id_Country") VALUES ('Mocambeiro', CURRENT_TIMESTAMP, 'pigtraxadmin', 1);
INSERT INTO pigtraxrefdata."City" (name, "lastUpdated", "userUpdated", "id_Country") VALUES ('Mocambinho', CURRENT_TIMESTAMP, 'pigtraxadmin', 1);
INSERT INTO pigtraxrefdata."City" (name, "lastUpdated", "userUpdated", "id_Country") VALUES ('Mocambo', CURRENT_TIMESTAMP, 'pigtraxadmin', 1);
INSERT INTO pigtraxrefdata."City" (name, "lastUpdated", "userUpdated", "id_Country") VALUES ('Mococa', CURRENT_TIMESTAMP, 'pigtraxadmin', 1);
INSERT INTO pigtraxrefdata."City" (name, "lastUpdated", "userUpdated", "id_Country") VALUES ('Modelo', CURRENT_TIMESTAMP, 'pigtraxadmin', 1);
INSERT INTO pigtraxrefdata."City" (name, "lastUpdated", "userUpdated", "id_Country") VALUES ('Moeda', CURRENT_TIMESTAMP, 'pigtraxadmin', 1);
INSERT INTO pigtraxrefdata."City" (name, "lastUpdated", "userUpdated", "id_Country") VALUES ('Moema', CURRENT_TIMESTAMP, 'pigtraxadmin', 1);
INSERT INTO pigtraxrefdata."City" (name, "lastUpdated", "userUpdated", "id_Country") VALUES ('Mogeiro', CURRENT_TIMESTAMP, 'pigtraxadmin', 1);
INSERT INTO pigtraxrefdata."City" (name, "lastUpdated", "userUpdated", "id_Country") VALUES ('Mogi das Cruzes', CURRENT_TIMESTAMP, 'pigtraxadmin', 1);
INSERT INTO pigtraxrefdata."City" (name, "lastUpdated", "userUpdated", "id_Country") VALUES ('Mogi Guaçu', CURRENT_TIMESTAMP, 'pigtraxadmin', 1);
INSERT INTO pigtraxrefdata."City" (name, "lastUpdated", "userUpdated", "id_Country") VALUES ('Moiporá', CURRENT_TIMESTAMP, 'pigtraxadmin', 1);
INSERT INTO pigtraxrefdata."City" (name, "lastUpdated", "userUpdated", "id_Country") VALUES ('Moiraba', CURRENT_TIMESTAMP, 'pigtraxadmin', 1);
INSERT INTO pigtraxrefdata."City" (name, "lastUpdated", "userUpdated", "id_Country") VALUES ('Moita Bonita', CURRENT_TIMESTAMP, 'pigtraxadmin', 1);
INSERT INTO pigtraxrefdata."City" (name, "lastUpdated", "userUpdated", "id_Country") VALUES ('Moitas', CURRENT_TIMESTAMP, 'pigtraxadmin', 1);
INSERT INTO pigtraxrefdata."City" (name, "lastUpdated", "userUpdated", "id_Country") VALUES ('Moji Mirim', CURRENT_TIMESTAMP, 'pigtraxadmin', 1);
INSERT INTO pigtraxrefdata."City" (name, "lastUpdated", "userUpdated", "id_Country") VALUES ('Moju', CURRENT_TIMESTAMP, 'pigtraxadmin', 1);
INSERT INTO pigtraxrefdata."City" (name, "lastUpdated", "userUpdated", "id_Country") VALUES ('Mombaça', CURRENT_TIMESTAMP, 'pigtraxadmin', 1);
INSERT INTO pigtraxrefdata."City" (name, "lastUpdated", "userUpdated", "id_Country") VALUES ('Mombuca', CURRENT_TIMESTAMP, 'pigtraxadmin', 1);
INSERT INTO pigtraxrefdata."City" (name, "lastUpdated", "userUpdated", "id_Country") VALUES ('Monção', CURRENT_TIMESTAMP, 'pigtraxadmin', 1);
INSERT INTO pigtraxrefdata."City" (name, "lastUpdated", "userUpdated", "id_Country") VALUES ('Monções', CURRENT_TIMESTAMP, 'pigtraxadmin', 1);
INSERT INTO pigtraxrefdata."City" (name, "lastUpdated", "userUpdated", "id_Country") VALUES ('Mondaí', CURRENT_TIMESTAMP, 'pigtraxadmin', 1);
INSERT INTO pigtraxrefdata."City" (name, "lastUpdated", "userUpdated", "id_Country") VALUES ('Mongaguá', CURRENT_TIMESTAMP, 'pigtraxadmin', 1);
INSERT INTO pigtraxrefdata."City" (name, "lastUpdated", "userUpdated", "id_Country") VALUES ('Monguba', CURRENT_TIMESTAMP, 'pigtraxadmin', 1);
INSERT INTO pigtraxrefdata."City" (name, "lastUpdated", "userUpdated", "id_Country") VALUES ('Monjolo', CURRENT_TIMESTAMP, 'pigtraxadmin', 1);
INSERT INTO pigtraxrefdata."City" (name, "lastUpdated", "userUpdated", "id_Country") VALUES ('Monjolos', CURRENT_TIMESTAMP, 'pigtraxadmin', 1);
INSERT INTO pigtraxrefdata."City" (name, "lastUpdated", "userUpdated", "id_Country") VALUES ('Monnerat', CURRENT_TIMESTAMP, 'pigtraxadmin', 1);
INSERT INTO pigtraxrefdata."City" (name, "lastUpdated", "userUpdated", "id_Country") VALUES ('Monsenhor Gil', CURRENT_TIMESTAMP, 'pigtraxadmin', 1);
INSERT INTO pigtraxrefdata."City" (name, "lastUpdated", "userUpdated", "id_Country") VALUES ('Monsenhor Hipólito', CURRENT_TIMESTAMP, 'pigtraxadmin', 1);
INSERT INTO pigtraxrefdata."City" (name, "lastUpdated", "userUpdated", "id_Country") VALUES ('Monsenhor Horta', CURRENT_TIMESTAMP, 'pigtraxadmin', 1);
INSERT INTO pigtraxrefdata."City" (name, "lastUpdated", "userUpdated", "id_Country") VALUES ('Monsenhor Isidro', CURRENT_TIMESTAMP, 'pigtraxadmin', 1);
INSERT INTO pigtraxrefdata."City" (name, "lastUpdated", "userUpdated", "id_Country") VALUES ('Monsenhor João Alexandre', CURRENT_TIMESTAMP, 'pigtraxadmin', 1);
INSERT INTO pigtraxrefdata."City" (name, "lastUpdated", "userUpdated", "id_Country") VALUES ('Monsenhor Paulo', CURRENT_TIMESTAMP, 'pigtraxadmin', 1);
INSERT INTO pigtraxrefdata."City" (name, "lastUpdated", "userUpdated", "id_Country") VALUES ('Monsenhor Tabosa', CURRENT_TIMESTAMP, 'pigtraxadmin', 1);
INSERT INTO pigtraxrefdata."City" (name, "lastUpdated", "userUpdated", "id_Country") VALUES ('Montadas', CURRENT_TIMESTAMP, 'pigtraxadmin', 1);
INSERT INTO pigtraxrefdata."City" (name, "lastUpdated", "userUpdated", "id_Country") VALUES ('Montalvânia', CURRENT_TIMESTAMP, 'pigtraxadmin', 1);
INSERT INTO pigtraxrefdata."City" (name, "lastUpdated", "userUpdated", "id_Country") VALUES ('Montalvão', CURRENT_TIMESTAMP, 'pigtraxadmin', 1);
INSERT INTO pigtraxrefdata."City" (name, "lastUpdated", "userUpdated", "id_Country") VALUES ('Montanha', CURRENT_TIMESTAMP, 'pigtraxadmin', 1);
INSERT INTO pigtraxrefdata."City" (name, "lastUpdated", "userUpdated", "id_Country") VALUES ('Montanhas', CURRENT_TIMESTAMP, 'pigtraxadmin', 1);
INSERT INTO pigtraxrefdata."City" (name, "lastUpdated", "userUpdated", "id_Country") VALUES ('Montauri', CURRENT_TIMESTAMP, 'pigtraxadmin', 1);
INSERT INTO pigtraxrefdata."City" (name, "lastUpdated", "userUpdated", "id_Country") VALUES ('Monte Alegre', CURRENT_TIMESTAMP, 'pigtraxadmin', 1);
INSERT INTO pigtraxrefdata."City" (name, "lastUpdated", "userUpdated", "id_Country") VALUES ('Monte Alegre de Goiás', CURRENT_TIMESTAMP, 'pigtraxadmin', 1);
INSERT INTO pigtraxrefdata."City" (name, "lastUpdated", "userUpdated", "id_Country") VALUES ('Monte Alegre de Minas', CURRENT_TIMESTAMP, 'pigtraxadmin', 1);
INSERT INTO pigtraxrefdata."City" (name, "lastUpdated", "userUpdated", "id_Country") VALUES ('Monte Alegre de Sergipe', CURRENT_TIMESTAMP, 'pigtraxadmin', 1);
INSERT INTO pigtraxrefdata."City" (name, "lastUpdated", "userUpdated", "id_Country") VALUES ('Monte Alegre do Maú', CURRENT_TIMESTAMP, 'pigtraxadmin', 1);
INSERT INTO pigtraxrefdata."City" (name, "lastUpdated", "userUpdated", "id_Country") VALUES ('Monte Alegre do Piauí', CURRENT_TIMESTAMP, 'pigtraxadmin', 1);
INSERT INTO pigtraxrefdata."City" (name, "lastUpdated", "userUpdated", "id_Country") VALUES ('Monte Alegre do Sul', CURRENT_TIMESTAMP, 'pigtraxadmin', 1);
INSERT INTO pigtraxrefdata."City" (name, "lastUpdated", "userUpdated", "id_Country") VALUES ('Monte Alto', CURRENT_TIMESTAMP, 'pigtraxadmin', 1);
INSERT INTO pigtraxrefdata."City" (name, "lastUpdated", "userUpdated", "id_Country") VALUES ('Monte Alverne', CURRENT_TIMESTAMP, 'pigtraxadmin', 1);
INSERT INTO pigtraxrefdata."City" (name, "lastUpdated", "userUpdated", "id_Country") VALUES ('Monte Aprazível', CURRENT_TIMESTAMP, 'pigtraxadmin', 1);
INSERT INTO pigtraxrefdata."City" (name, "lastUpdated", "userUpdated", "id_Country") VALUES ('Monte Azul', CURRENT_TIMESTAMP, 'pigtraxadmin', 1);
INSERT INTO pigtraxrefdata."City" (name, "lastUpdated", "userUpdated", "id_Country") VALUES ('Monte Azul Paulista', CURRENT_TIMESTAMP, 'pigtraxadmin', 1);
INSERT INTO pigtraxrefdata."City" (name, "lastUpdated", "userUpdated", "id_Country") VALUES ('Monte Belo do Sul', CURRENT_TIMESTAMP, 'pigtraxadmin', 1);
INSERT INTO pigtraxrefdata."City" (name, "lastUpdated", "userUpdated", "id_Country") VALUES ('Monte Carlo', CURRENT_TIMESTAMP, 'pigtraxadmin', 1);
INSERT INTO pigtraxrefdata."City" (name, "lastUpdated", "userUpdated", "id_Country") VALUES ('Monte Carmelo', CURRENT_TIMESTAMP, 'pigtraxadmin', 1);
INSERT INTO pigtraxrefdata."City" (name, "lastUpdated", "userUpdated", "id_Country") VALUES ('Monte Castelo', CURRENT_TIMESTAMP, 'pigtraxadmin', 1);
INSERT INTO pigtraxrefdata."City" (name, "lastUpdated", "userUpdated", "id_Country") VALUES ('Monte das Gameleiras', CURRENT_TIMESTAMP, 'pigtraxadmin', 1);
INSERT INTO pigtraxrefdata."City" (name, "lastUpdated", "userUpdated", "id_Country") VALUES ('Monte do Carmo', CURRENT_TIMESTAMP, 'pigtraxadmin', 1);
INSERT INTO pigtraxrefdata."City" (name, "lastUpdated", "userUpdated", "id_Country") VALUES ('Monte Dourado', CURRENT_TIMESTAMP, 'pigtraxadmin', 1);
INSERT INTO pigtraxrefdata."City" (name, "lastUpdated", "userUpdated", "id_Country") VALUES ('Monte Formoso', CURRENT_TIMESTAMP, 'pigtraxadmin', 1);
INSERT INTO pigtraxrefdata."City" (name, "lastUpdated", "userUpdated", "id_Country") VALUES ('Monte Gordo', CURRENT_TIMESTAMP, 'pigtraxadmin', 1);
INSERT INTO pigtraxrefdata."City" (name, "lastUpdated", "userUpdated", "id_Country") VALUES ('Monte Horebe', CURRENT_TIMESTAMP, 'pigtraxadmin', 1);
INSERT INTO pigtraxrefdata."City" (name, "lastUpdated", "userUpdated", "id_Country") VALUES ('Monte Mor', CURRENT_TIMESTAMP, 'pigtraxadmin', 1);
INSERT INTO pigtraxrefdata."City" (name, "lastUpdated", "userUpdated", "id_Country") VALUES ('Monte Negro', CURRENT_TIMESTAMP, 'pigtraxadmin', 1);
INSERT INTO pigtraxrefdata."City" (name, "lastUpdated", "userUpdated", "id_Country") VALUES ('Monte Recôncavo', CURRENT_TIMESTAMP, 'pigtraxadmin', 1);
INSERT INTO pigtraxrefdata."City" (name, "lastUpdated", "userUpdated", "id_Country") VALUES ('Monte Rei', CURRENT_TIMESTAMP, 'pigtraxadmin', 1);
INSERT INTO pigtraxrefdata."City" (name, "lastUpdated", "userUpdated", "id_Country") VALUES ('Monte Santo', CURRENT_TIMESTAMP, 'pigtraxadmin', 1);
INSERT INTO pigtraxrefdata."City" (name, "lastUpdated", "userUpdated", "id_Country") VALUES ('Monte Santo de Minas', CURRENT_TIMESTAMP, 'pigtraxadmin', 1);
INSERT INTO pigtraxrefdata."City" (name, "lastUpdated", "userUpdated", "id_Country") VALUES ('Monte Senir', CURRENT_TIMESTAMP, 'pigtraxadmin', 1);
INSERT INTO pigtraxrefdata."City" (name, "lastUpdated", "userUpdated", "id_Country") VALUES ('Monte Sião', CURRENT_TIMESTAMP, 'pigtraxadmin', 1);
INSERT INTO pigtraxrefdata."City" (name, "lastUpdated", "userUpdated", "id_Country") VALUES ('Monte Sion', CURRENT_TIMESTAMP, 'pigtraxadmin', 1);
INSERT INTO pigtraxrefdata."City" (name, "lastUpdated", "userUpdated", "id_Country") VALUES ('Monte Verde', CURRENT_TIMESTAMP, 'pigtraxadmin', 1);
INSERT INTO pigtraxrefdata."City" (name, "lastUpdated", "userUpdated", "id_Country") VALUES ('Monte Verde Paulista', CURRENT_TIMESTAMP, 'pigtraxadmin', 1);
INSERT INTO pigtraxrefdata."City" (name, "lastUpdated", "userUpdated", "id_Country") VALUES ('Monteiro', CURRENT_TIMESTAMP, 'pigtraxadmin', 1);
INSERT INTO pigtraxrefdata."City" (name, "lastUpdated", "userUpdated", "id_Country") VALUES ('Monteiro Lobato', CURRENT_TIMESTAMP, 'pigtraxadmin', 1);
INSERT INTO pigtraxrefdata."City" (name, "lastUpdated", "userUpdated", "id_Country") VALUES ('Monteirópolis', CURRENT_TIMESTAMP, 'pigtraxadmin', 1);
INSERT INTO pigtraxrefdata."City" (name, "lastUpdated", "userUpdated", "id_Country") VALUES ('Montenebo', CURRENT_TIMESTAMP, 'pigtraxadmin', 1);
INSERT INTO pigtraxrefdata."City" (name, "lastUpdated", "userUpdated", "id_Country") VALUES ('Montenegro', CURRENT_TIMESTAMP, 'pigtraxadmin', 1);
INSERT INTO pigtraxrefdata."City" (name, "lastUpdated", "userUpdated", "id_Country") VALUES ('Montes Claros de Goiás', CURRENT_TIMESTAMP, 'pigtraxadmin', 1);
INSERT INTO pigtraxrefdata."City" (name, "lastUpdated", "userUpdated", "id_Country") VALUES ('Montese', CURRENT_TIMESTAMP, 'pigtraxadmin', 1);
INSERT INTO pigtraxrefdata."City" (name, "lastUpdated", "userUpdated", "id_Country") VALUES ('Montezuma', CURRENT_TIMESTAMP, 'pigtraxadmin', 1);
INSERT INTO pigtraxrefdata."City" (name, "lastUpdated", "userUpdated", "id_Country") VALUES ('Montividiu', CURRENT_TIMESTAMP, 'pigtraxadmin', 1);
INSERT INTO pigtraxrefdata."City" (name, "lastUpdated", "userUpdated", "id_Country") VALUES ('Montividiu do Norte', CURRENT_TIMESTAMP, 'pigtraxadmin', 1);
INSERT INTO pigtraxrefdata."City" (name, "lastUpdated", "userUpdated", "id_Country") VALUES ('Morada Nova', CURRENT_TIMESTAMP, 'pigtraxadmin', 1);
INSERT INTO pigtraxrefdata."City" (name, "lastUpdated", "userUpdated", "id_Country") VALUES ('Morada Nova de Minas', CURRENT_TIMESTAMP, 'pigtraxadmin', 1);
INSERT INTO pigtraxrefdata."City" (name, "lastUpdated", "userUpdated", "id_Country") VALUES ('Morais', CURRENT_TIMESTAMP, 'pigtraxadmin', 1);
INSERT INTO pigtraxrefdata."City" (name, "lastUpdated", "userUpdated", "id_Country") VALUES ('Morangaba', CURRENT_TIMESTAMP, 'pigtraxadmin', 1);
INSERT INTO pigtraxrefdata."City" (name, "lastUpdated", "userUpdated", "id_Country") VALUES ('Moraújo', CURRENT_TIMESTAMP, 'pigtraxadmin', 1);
INSERT INTO pigtraxrefdata."City" (name, "lastUpdated", "userUpdated", "id_Country") VALUES ('Moreilândia', CURRENT_TIMESTAMP, 'pigtraxadmin', 1);
INSERT INTO pigtraxrefdata."City" (name, "lastUpdated", "userUpdated", "id_Country") VALUES ('Moreira César', CURRENT_TIMESTAMP, 'pigtraxadmin', 1);
INSERT INTO pigtraxrefdata."City" (name, "lastUpdated", "userUpdated", "id_Country") VALUES ('Moreira Sales', CURRENT_TIMESTAMP, 'pigtraxadmin', 1);
INSERT INTO pigtraxrefdata."City" (name, "lastUpdated", "userUpdated", "id_Country") VALUES ('Moreno', CURRENT_TIMESTAMP, 'pigtraxadmin', 1);
INSERT INTO pigtraxrefdata."City" (name, "lastUpdated", "userUpdated", "id_Country") VALUES ('Mormaço', CURRENT_TIMESTAMP, 'pigtraxadmin', 1);
INSERT INTO pigtraxrefdata."City" (name, "lastUpdated", "userUpdated", "id_Country") VALUES ('Morpará', CURRENT_TIMESTAMP, 'pigtraxadmin', 1);
INSERT INTO pigtraxrefdata."City" (name, "lastUpdated", "userUpdated", "id_Country") VALUES ('Morretes', CURRENT_TIMESTAMP, 'pigtraxadmin', 1);
INSERT INTO pigtraxrefdata."City" (name, "lastUpdated", "userUpdated", "id_Country") VALUES ('Morrinhos', CURRENT_TIMESTAMP, 'pigtraxadmin', 1);
INSERT INTO pigtraxrefdata."City" (name, "lastUpdated", "userUpdated", "id_Country") VALUES ('Morrinhos do Sul', CURRENT_TIMESTAMP, 'pigtraxadmin', 1);
INSERT INTO pigtraxrefdata."City" (name, "lastUpdated", "userUpdated", "id_Country") VALUES ('Morrinhos Novos', CURRENT_TIMESTAMP, 'pigtraxadmin', 1);
INSERT INTO pigtraxrefdata."City" (name, "lastUpdated", "userUpdated", "id_Country") VALUES ('Morro', CURRENT_TIMESTAMP, 'pigtraxadmin', 1);
INSERT INTO pigtraxrefdata."City" (name, "lastUpdated", "userUpdated", "id_Country") VALUES ('Morro Agudo', CURRENT_TIMESTAMP, 'pigtraxadmin', 1);
INSERT INTO pigtraxrefdata."City" (name, "lastUpdated", "userUpdated", "id_Country") VALUES ('Morro Agudo de Goiás', CURRENT_TIMESTAMP, 'pigtraxadmin', 1);
INSERT INTO pigtraxrefdata."City" (name, "lastUpdated", "userUpdated", "id_Country") VALUES ('Morro Cabeça no Tempo', CURRENT_TIMESTAMP, 'pigtraxadmin', 1);
INSERT INTO pigtraxrefdata."City" (name, "lastUpdated", "userUpdated", "id_Country") VALUES ('Morro da Fumaça', CURRENT_TIMESTAMP, 'pigtraxadmin', 1);
INSERT INTO pigtraxrefdata."City" (name, "lastUpdated", "userUpdated", "id_Country") VALUES ('Morro da Garça', CURRENT_TIMESTAMP, 'pigtraxadmin', 1);
INSERT INTO pigtraxrefdata."City" (name, "lastUpdated", "userUpdated", "id_Country") VALUES ('Morro das Flores', CURRENT_TIMESTAMP, 'pigtraxadmin', 1);
INSERT INTO pigtraxrefdata."City" (name, "lastUpdated", "userUpdated", "id_Country") VALUES ('Morro do Chapéu', CURRENT_TIMESTAMP, 'pigtraxadmin', 1);
INSERT INTO pigtraxrefdata."City" (name, "lastUpdated", "userUpdated", "id_Country") VALUES ('Morro do Chapéu do Piauí', CURRENT_TIMESTAMP, 'pigtraxadmin', 1);
INSERT INTO pigtraxrefdata."City" (name, "lastUpdated", "userUpdated", "id_Country") VALUES ('Morro do Coco', CURRENT_TIMESTAMP, 'pigtraxadmin', 1);
INSERT INTO pigtraxrefdata."City" (name, "lastUpdated", "userUpdated", "id_Country") VALUES ('Morro do Ferro', CURRENT_TIMESTAMP, 'pigtraxadmin', 1);
INSERT INTO pigtraxrefdata."City" (name, "lastUpdated", "userUpdated", "id_Country") VALUES ('Morro do Pilar', CURRENT_TIMESTAMP, 'pigtraxadmin', 1);
INSERT INTO pigtraxrefdata."City" (name, "lastUpdated", "userUpdated", "id_Country") VALUES ('Morro Grande', CURRENT_TIMESTAMP, 'pigtraxadmin', 1);
INSERT INTO pigtraxrefdata."City" (name, "lastUpdated", "userUpdated", "id_Country") VALUES ('Morro Redondo', CURRENT_TIMESTAMP, 'pigtraxadmin', 1);
INSERT INTO pigtraxrefdata."City" (name, "lastUpdated", "userUpdated", "id_Country") VALUES ('Morro Reuter', CURRENT_TIMESTAMP, 'pigtraxadmin', 1);
INSERT INTO pigtraxrefdata."City" (name, "lastUpdated", "userUpdated", "id_Country") VALUES ('Morro Vermelho', CURRENT_TIMESTAMP, 'pigtraxadmin', 1);
INSERT INTO pigtraxrefdata."City" (name, "lastUpdated", "userUpdated", "id_Country") VALUES ('Morros', CURRENT_TIMESTAMP, 'pigtraxadmin', 1);
INSERT INTO pigtraxrefdata."City" (name, "lastUpdated", "userUpdated", "id_Country") VALUES ('Mortugaba', CURRENT_TIMESTAMP, 'pigtraxadmin', 1);
INSERT INTO pigtraxrefdata."City" (name, "lastUpdated", "userUpdated", "id_Country") VALUES ('Morumbi', CURRENT_TIMESTAMP, 'pigtraxadmin', 1);
INSERT INTO pigtraxrefdata."City" (name, "lastUpdated", "userUpdated", "id_Country") VALUES ('Morungava', CURRENT_TIMESTAMP, 'pigtraxadmin', 1);
INSERT INTO pigtraxrefdata."City" (name, "lastUpdated", "userUpdated", "id_Country") VALUES ('Mossâmedes', CURRENT_TIMESTAMP, 'pigtraxadmin', 1);
INSERT INTO pigtraxrefdata."City" (name, "lastUpdated", "userUpdated", "id_Country") VALUES ('Mossoró', CURRENT_TIMESTAMP, 'pigtraxadmin', 1);
INSERT INTO pigtraxrefdata."City" (name, "lastUpdated", "userUpdated", "id_Country") VALUES ('Mostardas', CURRENT_TIMESTAMP, 'pigtraxadmin', 1);
INSERT INTO pigtraxrefdata."City" (name, "lastUpdated", "userUpdated", "id_Country") VALUES ('Motuca', CURRENT_TIMESTAMP, 'pigtraxadmin', 1);
INSERT INTO pigtraxrefdata."City" (name, "lastUpdated", "userUpdated", "id_Country") VALUES ('Moxotó', CURRENT_TIMESTAMP, 'pigtraxadmin', 1);
INSERT INTO pigtraxrefdata."City" (name, "lastUpdated", "userUpdated", "id_Country") VALUES ('Mozarlândia', CURRENT_TIMESTAMP, 'pigtraxadmin', 1);
INSERT INTO pigtraxrefdata."City" (name, "lastUpdated", "userUpdated", "id_Country") VALUES ('Muaná', CURRENT_TIMESTAMP, 'pigtraxadmin', 1);
INSERT INTO pigtraxrefdata."City" (name, "lastUpdated", "userUpdated", "id_Country") VALUES ('Mucajaí', CURRENT_TIMESTAMP, 'pigtraxadmin', 1);
INSERT INTO pigtraxrefdata."City" (name, "lastUpdated", "userUpdated", "id_Country") VALUES ('Mucambo', CURRENT_TIMESTAMP, 'pigtraxadmin', 1);
INSERT INTO pigtraxrefdata."City" (name, "lastUpdated", "userUpdated", "id_Country") VALUES ('Mucugê', CURRENT_TIMESTAMP, 'pigtraxadmin', 1);
INSERT INTO pigtraxrefdata."City" (name, "lastUpdated", "userUpdated", "id_Country") VALUES ('Muçum', CURRENT_TIMESTAMP, 'pigtraxadmin', 1);
INSERT INTO pigtraxrefdata."City" (name, "lastUpdated", "userUpdated", "id_Country") VALUES ('Mucuri', CURRENT_TIMESTAMP, 'pigtraxadmin', 1);
INSERT INTO pigtraxrefdata."City" (name, "lastUpdated", "userUpdated", "id_Country") VALUES ('Muitos Capões', CURRENT_TIMESTAMP, 'pigtraxadmin', 1);
INSERT INTO pigtraxrefdata."City" (name, "lastUpdated", "userUpdated", "id_Country") VALUES ('Mujuí dos Campos', CURRENT_TIMESTAMP, 'pigtraxadmin', 1);
INSERT INTO pigtraxrefdata."City" (name, "lastUpdated", "userUpdated", "id_Country") VALUES ('Muliterno', CURRENT_TIMESTAMP, 'pigtraxadmin', 1);
INSERT INTO pigtraxrefdata."City" (name, "lastUpdated", "userUpdated", "id_Country") VALUES ('Mulungu', CURRENT_TIMESTAMP, 'pigtraxadmin', 1);
INSERT INTO pigtraxrefdata."City" (name, "lastUpdated", "userUpdated", "id_Country") VALUES ('Mulungu do Morro', CURRENT_TIMESTAMP, 'pigtraxadmin', 1);
INSERT INTO pigtraxrefdata."City" (name, "lastUpdated", "userUpdated", "id_Country") VALUES ('Mumbaba', CURRENT_TIMESTAMP, 'pigtraxadmin', 1);
INSERT INTO pigtraxrefdata."City" (name, "lastUpdated", "userUpdated", "id_Country") VALUES ('Mundaú', CURRENT_TIMESTAMP, 'pigtraxadmin', 1);
INSERT INTO pigtraxrefdata."City" (name, "lastUpdated", "userUpdated", "id_Country") VALUES ('Mundo Novo', CURRENT_TIMESTAMP, 'pigtraxadmin', 1);
INSERT INTO pigtraxrefdata."City" (name, "lastUpdated", "userUpdated", "id_Country") VALUES ('Munhoz', CURRENT_TIMESTAMP, 'pigtraxadmin', 1);
INSERT INTO pigtraxrefdata."City" (name, "lastUpdated", "userUpdated", "id_Country") VALUES ('Munhoz de Melo', CURRENT_TIMESTAMP, 'pigtraxadmin', 1);
INSERT INTO pigtraxrefdata."City" (name, "lastUpdated", "userUpdated", "id_Country") VALUES ('Muniz Ferreira', CURRENT_TIMESTAMP, 'pigtraxadmin', 1);
INSERT INTO pigtraxrefdata."City" (name, "lastUpdated", "userUpdated", "id_Country") VALUES ('Muniz Freire', CURRENT_TIMESTAMP, 'pigtraxadmin', 1);
INSERT INTO pigtraxrefdata."City" (name, "lastUpdated", "userUpdated", "id_Country") VALUES ('Muquém', CURRENT_TIMESTAMP, 'pigtraxadmin', 1);
INSERT INTO pigtraxrefdata."City" (name, "lastUpdated", "userUpdated", "id_Country") VALUES ('Muquém de São Francisco', CURRENT_TIMESTAMP, 'pigtraxadmin', 1);
INSERT INTO pigtraxrefdata."City" (name, "lastUpdated", "userUpdated", "id_Country") VALUES ('Muqui', CURRENT_TIMESTAMP, 'pigtraxadmin', 1);
INSERT INTO pigtraxrefdata."City" (name, "lastUpdated", "userUpdated", "id_Country") VALUES ('Murajá', CURRENT_TIMESTAMP, 'pigtraxadmin', 1);
INSERT INTO pigtraxrefdata."City" (name, "lastUpdated", "userUpdated", "id_Country") VALUES ('Muri', CURRENT_TIMESTAMP, 'pigtraxadmin', 1);
INSERT INTO pigtraxrefdata."City" (name, "lastUpdated", "userUpdated", "id_Country") VALUES ('Muriaé', CURRENT_TIMESTAMP, 'pigtraxadmin', 1);
INSERT INTO pigtraxrefdata."City" (name, "lastUpdated", "userUpdated", "id_Country") VALUES ('Muribeca', CURRENT_TIMESTAMP, 'pigtraxadmin', 1);
INSERT INTO pigtraxrefdata."City" (name, "lastUpdated", "userUpdated", "id_Country") VALUES ('Murici', CURRENT_TIMESTAMP, 'pigtraxadmin', 1);
INSERT INTO pigtraxrefdata."City" (name, "lastUpdated", "userUpdated", "id_Country") VALUES ('Murici dos Portelas', CURRENT_TIMESTAMP, 'pigtraxadmin', 1);
INSERT INTO pigtraxrefdata."City" (name, "lastUpdated", "userUpdated", "id_Country") VALUES ('Muricilândia', CURRENT_TIMESTAMP, 'pigtraxadmin', 1);
INSERT INTO pigtraxrefdata."City" (name, "lastUpdated", "userUpdated", "id_Country") VALUES ('Muritiba', CURRENT_TIMESTAMP, 'pigtraxadmin', 1);
INSERT INTO pigtraxrefdata."City" (name, "lastUpdated", "userUpdated", "id_Country") VALUES ('Murucupi', CURRENT_TIMESTAMP, 'pigtraxadmin', 1);
INSERT INTO pigtraxrefdata."City" (name, "lastUpdated", "userUpdated", "id_Country") VALUES ('Murupé', CURRENT_TIMESTAMP, 'pigtraxadmin', 1);
INSERT INTO pigtraxrefdata."City" (name, "lastUpdated", "userUpdated", "id_Country") VALUES ('Murutinga', CURRENT_TIMESTAMP, 'pigtraxadmin', 1);
INSERT INTO pigtraxrefdata."City" (name, "lastUpdated", "userUpdated", "id_Country") VALUES ('Mussurepe', CURRENT_TIMESTAMP, 'pigtraxadmin', 1);
INSERT INTO pigtraxrefdata."City" (name, "lastUpdated", "userUpdated", "id_Country") VALUES ('Mutambeiras', CURRENT_TIMESTAMP, 'pigtraxadmin', 1);
INSERT INTO pigtraxrefdata."City" (name, "lastUpdated", "userUpdated", "id_Country") VALUES ('Mutuca', CURRENT_TIMESTAMP, 'pigtraxadmin', 1);
INSERT INTO pigtraxrefdata."City" (name, "lastUpdated", "userUpdated", "id_Country") VALUES ('Mutuípe', CURRENT_TIMESTAMP, 'pigtraxadmin', 1);
INSERT INTO pigtraxrefdata."City" (name, "lastUpdated", "userUpdated", "id_Country") VALUES ('Mutum', CURRENT_TIMESTAMP, 'pigtraxadmin', 1);
INSERT INTO pigtraxrefdata."City" (name, "lastUpdated", "userUpdated", "id_Country") VALUES ('Mutunópolis', CURRENT_TIMESTAMP, 'pigtraxadmin', 1);
INSERT INTO pigtraxrefdata."City" (name, "lastUpdated", "userUpdated", "id_Country") VALUES ('Muzambinho', CURRENT_TIMESTAMP, 'pigtraxadmin', 1);
INSERT INTO pigtraxrefdata."City" (name, "lastUpdated", "userUpdated", "id_Country") VALUES ('Nacip Raydan', CURRENT_TIMESTAMP, 'pigtraxadmin', 1);
INSERT INTO pigtraxrefdata."City" (name, "lastUpdated", "userUpdated", "id_Country") VALUES ('Nagé', CURRENT_TIMESTAMP, 'pigtraxadmin', 1);
INSERT INTO pigtraxrefdata."City" (name, "lastUpdated", "userUpdated", "id_Country") VALUES ('Nantes', CURRENT_TIMESTAMP, 'pigtraxadmin', 1);
INSERT INTO pigtraxrefdata."City" (name, "lastUpdated", "userUpdated", "id_Country") VALUES ('Nanuque', CURRENT_TIMESTAMP, 'pigtraxadmin', 1);
INSERT INTO pigtraxrefdata."City" (name, "lastUpdated", "userUpdated", "id_Country") VALUES ('Não-Me-Toque', CURRENT_TIMESTAMP, 'pigtraxadmin', 1);
INSERT INTO pigtraxrefdata."City" (name, "lastUpdated", "userUpdated", "id_Country") VALUES ('Naque', CURRENT_TIMESTAMP, 'pigtraxadmin', 1);
INSERT INTO pigtraxrefdata."City" (name, "lastUpdated", "userUpdated", "id_Country") VALUES ('Naque-Nanuque', CURRENT_TIMESTAMP, 'pigtraxadmin', 1);
INSERT INTO pigtraxrefdata."City" (name, "lastUpdated", "userUpdated", "id_Country") VALUES ('Narandiba', CURRENT_TIMESTAMP, 'pigtraxadmin', 1);
INSERT INTO pigtraxrefdata."City" (name, "lastUpdated", "userUpdated", "id_Country") VALUES ('Naraniú', CURRENT_TIMESTAMP, 'pigtraxadmin', 1);
INSERT INTO pigtraxrefdata."City" (name, "lastUpdated", "userUpdated", "id_Country") VALUES ('Nascente', CURRENT_TIMESTAMP, 'pigtraxadmin', 1);
INSERT INTO pigtraxrefdata."City" (name, "lastUpdated", "userUpdated", "id_Country") VALUES ('Natal', CURRENT_TIMESTAMP, 'pigtraxadmin', 1);
INSERT INTO pigtraxrefdata."City" (name, "lastUpdated", "userUpdated", "id_Country") VALUES ('Natalândia', CURRENT_TIMESTAMP, 'pigtraxadmin', 1);
INSERT INTO pigtraxrefdata."City" (name, "lastUpdated", "userUpdated", "id_Country") VALUES ('Natércia', CURRENT_TIMESTAMP, 'pigtraxadmin', 1);
INSERT INTO pigtraxrefdata."City" (name, "lastUpdated", "userUpdated", "id_Country") VALUES ('Natividade', CURRENT_TIMESTAMP, 'pigtraxadmin', 1);
INSERT INTO pigtraxrefdata."City" (name, "lastUpdated", "userUpdated", "id_Country") VALUES ('Natividade da Serra', CURRENT_TIMESTAMP, 'pigtraxadmin', 1);
INSERT INTO pigtraxrefdata."City" (name, "lastUpdated", "userUpdated", "id_Country") VALUES ('Natuba', CURRENT_TIMESTAMP, 'pigtraxadmin', 1);
INSERT INTO pigtraxrefdata."City" (name, "lastUpdated", "userUpdated", "id_Country") VALUES ('Naviraí', CURRENT_TIMESTAMP, 'pigtraxadmin', 1);
INSERT INTO pigtraxrefdata."City" (name, "lastUpdated", "userUpdated", "id_Country") VALUES ('Nazaré', CURRENT_TIMESTAMP, 'pigtraxadmin', 1);
INSERT INTO pigtraxrefdata."City" (name, "lastUpdated", "userUpdated", "id_Country") VALUES ('Nazaré da Mata', CURRENT_TIMESTAMP, 'pigtraxadmin', 1);
INSERT INTO pigtraxrefdata."City" (name, "lastUpdated", "userUpdated", "id_Country") VALUES ('Nazaré do Piauí', CURRENT_TIMESTAMP, 'pigtraxadmin', 1);
INSERT INTO pigtraxrefdata."City" (name, "lastUpdated", "userUpdated", "id_Country") VALUES ('Nazaré Paulista', CURRENT_TIMESTAMP, 'pigtraxadmin', 1);
INSERT INTO pigtraxrefdata."City" (name, "lastUpdated", "userUpdated", "id_Country") VALUES ('Nazareno', CURRENT_TIMESTAMP, 'pigtraxadmin', 1);
INSERT INTO pigtraxrefdata."City" (name, "lastUpdated", "userUpdated", "id_Country") VALUES ('Nazarezinho', CURRENT_TIMESTAMP, 'pigtraxadmin', 1);
INSERT INTO pigtraxrefdata."City" (name, "lastUpdated", "userUpdated", "id_Country") VALUES ('Nazária', CURRENT_TIMESTAMP, 'pigtraxadmin', 1);
INSERT INTO pigtraxrefdata."City" (name, "lastUpdated", "userUpdated", "id_Country") VALUES ('Nazário', CURRENT_TIMESTAMP, 'pigtraxadmin', 1);
INSERT INTO pigtraxrefdata."City" (name, "lastUpdated", "userUpdated", "id_Country") VALUES ('Negras', CURRENT_TIMESTAMP, 'pigtraxadmin', 1);
INSERT INTO pigtraxrefdata."City" (name, "lastUpdated", "userUpdated", "id_Country") VALUES ('Nelson de Sena', CURRENT_TIMESTAMP, 'pigtraxadmin', 1);
INSERT INTO pigtraxrefdata."City" (name, "lastUpdated", "userUpdated", "id_Country") VALUES ('Nenelândia', CURRENT_TIMESTAMP, 'pigtraxadmin', 1);
INSERT INTO pigtraxrefdata."City" (name, "lastUpdated", "userUpdated", "id_Country") VALUES ('Neolândia', CURRENT_TIMESTAMP, 'pigtraxadmin', 1);
INSERT INTO pigtraxrefdata."City" (name, "lastUpdated", "userUpdated", "id_Country") VALUES ('Neópolis', CURRENT_TIMESTAMP, 'pigtraxadmin', 1);
INSERT INTO pigtraxrefdata."City" (name, "lastUpdated", "userUpdated", "id_Country") VALUES ('Nepomuceno', CURRENT_TIMESTAMP, 'pigtraxadmin', 1);
INSERT INTO pigtraxrefdata."City" (name, "lastUpdated", "userUpdated", "id_Country") VALUES ('Nerópolis', CURRENT_TIMESTAMP, 'pigtraxadmin', 1);
INSERT INTO pigtraxrefdata."City" (name, "lastUpdated", "userUpdated", "id_Country") VALUES ('Nestor Gomes', CURRENT_TIMESTAMP, 'pigtraxadmin', 1);
INSERT INTO pigtraxrefdata."City" (name, "lastUpdated", "userUpdated", "id_Country") VALUES ('Neves', CURRENT_TIMESTAMP, 'pigtraxadmin', 1);
INSERT INTO pigtraxrefdata."City" (name, "lastUpdated", "userUpdated", "id_Country") VALUES ('Neves Paulista', CURRENT_TIMESTAMP, 'pigtraxadmin', 1);
INSERT INTO pigtraxrefdata."City" (name, "lastUpdated", "userUpdated", "id_Country") VALUES ('Nhamundá', CURRENT_TIMESTAMP, 'pigtraxadmin', 1);
INSERT INTO pigtraxrefdata."City" (name, "lastUpdated", "userUpdated", "id_Country") VALUES ('Nhandeara', CURRENT_TIMESTAMP, 'pigtraxadmin', 1);
INSERT INTO pigtraxrefdata."City" (name, "lastUpdated", "userUpdated", "id_Country") VALUES ('Nhandutiba', CURRENT_TIMESTAMP, 'pigtraxadmin', 1);
INSERT INTO pigtraxrefdata."City" (name, "lastUpdated", "userUpdated", "id_Country") VALUES ('Nicolau Vergueiro', CURRENT_TIMESTAMP, 'pigtraxadmin', 1);
INSERT INTO pigtraxrefdata."City" (name, "lastUpdated", "userUpdated", "id_Country") VALUES ('Nilo Peçanha', CURRENT_TIMESTAMP, 'pigtraxadmin', 1);
INSERT INTO pigtraxrefdata."City" (name, "lastUpdated", "userUpdated", "id_Country") VALUES ('Nilópolis', CURRENT_TIMESTAMP, 'pigtraxadmin', 1);
INSERT INTO pigtraxrefdata."City" (name, "lastUpdated", "userUpdated", "id_Country") VALUES ('Nina Rodrigues', CURRENT_TIMESTAMP, 'pigtraxadmin', 1);
INSERT INTO pigtraxrefdata."City" (name, "lastUpdated", "userUpdated", "id_Country") VALUES ('Ninheira', CURRENT_TIMESTAMP, 'pigtraxadmin', 1);
INSERT INTO pigtraxrefdata."City" (name, "lastUpdated", "userUpdated", "id_Country") VALUES ('Nioaque', CURRENT_TIMESTAMP, 'pigtraxadmin', 1);
INSERT INTO pigtraxrefdata."City" (name, "lastUpdated", "userUpdated", "id_Country") VALUES ('Nipoã', CURRENT_TIMESTAMP, 'pigtraxadmin', 1);
INSERT INTO pigtraxrefdata."City" (name, "lastUpdated", "userUpdated", "id_Country") VALUES ('Niquelândia', CURRENT_TIMESTAMP, 'pigtraxadmin', 1);
INSERT INTO pigtraxrefdata."City" (name, "lastUpdated", "userUpdated", "id_Country") VALUES ('Nísia Floresta', CURRENT_TIMESTAMP, 'pigtraxadmin', 1);
INSERT INTO pigtraxrefdata."City" (name, "lastUpdated", "userUpdated", "id_Country") VALUES ('Niterói', CURRENT_TIMESTAMP, 'pigtraxadmin', 1);
INSERT INTO pigtraxrefdata."City" (name, "lastUpdated", "userUpdated", "id_Country") VALUES ('Nobres', CURRENT_TIMESTAMP, 'pigtraxadmin', 1);
INSERT INTO pigtraxrefdata."City" (name, "lastUpdated", "userUpdated", "id_Country") VALUES ('Nonoai', CURRENT_TIMESTAMP, 'pigtraxadmin', 1);
INSERT INTO pigtraxrefdata."City" (name, "lastUpdated", "userUpdated", "id_Country") VALUES ('Nordestina', CURRENT_TIMESTAMP, 'pigtraxadmin', 1);
INSERT INTO pigtraxrefdata."City" (name, "lastUpdated", "userUpdated", "id_Country") VALUES ('Normandia', CURRENT_TIMESTAMP, 'pigtraxadmin', 1);
INSERT INTO pigtraxrefdata."City" (name, "lastUpdated", "userUpdated", "id_Country") VALUES ('Nortelândia', CURRENT_TIMESTAMP, 'pigtraxadmin', 1);
INSERT INTO pigtraxrefdata."City" (name, "lastUpdated", "userUpdated", "id_Country") VALUES ('Nossa Senhora Aparecida', CURRENT_TIMESTAMP, 'pigtraxadmin', 1);
INSERT INTO pigtraxrefdata."City" (name, "lastUpdated", "userUpdated", "id_Country") VALUES ('Nossa Senhora da Aparecida', CURRENT_TIMESTAMP, 'pigtraxadmin', 1);
INSERT INTO pigtraxrefdata."City" (name, "lastUpdated", "userUpdated", "id_Country") VALUES ('Nossa Senhora da Glória', CURRENT_TIMESTAMP, 'pigtraxadmin', 1);
INSERT INTO pigtraxrefdata."City" (name, "lastUpdated", "userUpdated", "id_Country") VALUES ('Nossa Senhora da Luz', CURRENT_TIMESTAMP, 'pigtraxadmin', 1);
INSERT INTO pigtraxrefdata."City" (name, "lastUpdated", "userUpdated", "id_Country") VALUES ('Nossa Senhora das Dores', CURRENT_TIMESTAMP, 'pigtraxadmin', 1);
INSERT INTO pigtraxrefdata."City" (name, "lastUpdated", "userUpdated", "id_Country") VALUES ('Nossa Senhora de Fátima', CURRENT_TIMESTAMP, 'pigtraxadmin', 1);
INSERT INTO pigtraxrefdata."City" (name, "lastUpdated", "userUpdated", "id_Country") VALUES ('Nossa Senhora de Lourdes', CURRENT_TIMESTAMP, 'pigtraxadmin', 1);
INSERT INTO pigtraxrefdata."City" (name, "lastUpdated", "userUpdated", "id_Country") VALUES ('Nossa Senhora de Nazaré', CURRENT_TIMESTAMP, 'pigtraxadmin', 1);
INSERT INTO pigtraxrefdata."City" (name, "lastUpdated", "userUpdated", "id_Country") VALUES ('Nossa Senhora do Amparo', CURRENT_TIMESTAMP, 'pigtraxadmin', 1);
INSERT INTO pigtraxrefdata."City" (name, "lastUpdated", "userUpdated", "id_Country") VALUES ('Nossa Senhora do Caravagio', CURRENT_TIMESTAMP, 'pigtraxadmin', 1);
INSERT INTO pigtraxrefdata."City" (name, "lastUpdated", "userUpdated", "id_Country") VALUES ('Nossa Senhora do Carmo', CURRENT_TIMESTAMP, 'pigtraxadmin', 1);
INSERT INTO pigtraxrefdata."City" (name, "lastUpdated", "userUpdated", "id_Country") VALUES ('Nossa Senhora do Livramento', CURRENT_TIMESTAMP, 'pigtraxadmin', 1);
INSERT INTO pigtraxrefdata."City" (name, "lastUpdated", "userUpdated", "id_Country") VALUES ('Nossa Senhora do Remédio', CURRENT_TIMESTAMP, 'pigtraxadmin', 1);
INSERT INTO pigtraxrefdata."City" (name, "lastUpdated", "userUpdated", "id_Country") VALUES ('Nossa Senhora do Socorro', CURRENT_TIMESTAMP, 'pigtraxadmin', 1);
INSERT INTO pigtraxrefdata."City" (name, "lastUpdated", "userUpdated", "id_Country") VALUES ('Nossa Senhora dos Remédios', CURRENT_TIMESTAMP, 'pigtraxadmin', 1);
INSERT INTO pigtraxrefdata."City" (name, "lastUpdated", "userUpdated", "id_Country") VALUES ('Nova Alexandria', CURRENT_TIMESTAMP, 'pigtraxadmin', 1);
INSERT INTO pigtraxrefdata."City" (name, "lastUpdated", "userUpdated", "id_Country") VALUES ('Nova Aliança', CURRENT_TIMESTAMP, 'pigtraxadmin', 1);
INSERT INTO pigtraxrefdata."City" (name, "lastUpdated", "userUpdated", "id_Country") VALUES ('Nova Aliança do Ivaí', CURRENT_TIMESTAMP, 'pigtraxadmin', 1);
INSERT INTO pigtraxrefdata."City" (name, "lastUpdated", "userUpdated", "id_Country") VALUES ('Nova Almeida', CURRENT_TIMESTAMP, 'pigtraxadmin', 1);
INSERT INTO pigtraxrefdata."City" (name, "lastUpdated", "userUpdated", "id_Country") VALUES ('Nova Alvorada', CURRENT_TIMESTAMP, 'pigtraxadmin', 1);
INSERT INTO pigtraxrefdata."City" (name, "lastUpdated", "userUpdated", "id_Country") VALUES ('Nova Alvorada do Sul', CURRENT_TIMESTAMP, 'pigtraxadmin', 1);
INSERT INTO pigtraxrefdata."City" (name, "lastUpdated", "userUpdated", "id_Country") VALUES ('Nova América', CURRENT_TIMESTAMP, 'pigtraxadmin', 1);
INSERT INTO pigtraxrefdata."City" (name, "lastUpdated", "userUpdated", "id_Country") VALUES ('Nova América da Colina', CURRENT_TIMESTAMP, 'pigtraxadmin', 1);
INSERT INTO pigtraxrefdata."City" (name, "lastUpdated", "userUpdated", "id_Country") VALUES ('Nova Andradina', CURRENT_TIMESTAMP, 'pigtraxadmin', 1);
INSERT INTO pigtraxrefdata."City" (name, "lastUpdated", "userUpdated", "id_Country") VALUES ('Nova Aparecida', CURRENT_TIMESTAMP, 'pigtraxadmin', 1);
INSERT INTO pigtraxrefdata."City" (name, "lastUpdated", "userUpdated", "id_Country") VALUES ('Nova Araçá', CURRENT_TIMESTAMP, 'pigtraxadmin', 1);
INSERT INTO pigtraxrefdata."City" (name, "lastUpdated", "userUpdated", "id_Country") VALUES ('Nova Aurora', CURRENT_TIMESTAMP, 'pigtraxadmin', 1);
INSERT INTO pigtraxrefdata."City" (name, "lastUpdated", "userUpdated", "id_Country") VALUES ('Nova Bandeirantes', CURRENT_TIMESTAMP, 'pigtraxadmin', 1);
INSERT INTO pigtraxrefdata."City" (name, "lastUpdated", "userUpdated", "id_Country") VALUES ('Nova Bassano', CURRENT_TIMESTAMP, 'pigtraxadmin', 1);
INSERT INTO pigtraxrefdata."City" (name, "lastUpdated", "userUpdated", "id_Country") VALUES ('Nova Belém', CURRENT_TIMESTAMP, 'pigtraxadmin', 1);
INSERT INTO pigtraxrefdata."City" (name, "lastUpdated", "userUpdated", "id_Country") VALUES ('Nova Betânia', CURRENT_TIMESTAMP, 'pigtraxadmin', 1);
INSERT INTO pigtraxrefdata."City" (name, "lastUpdated", "userUpdated", "id_Country") VALUES ('Nova Boa Vista', CURRENT_TIMESTAMP, 'pigtraxadmin', 1);
INSERT INTO pigtraxrefdata."City" (name, "lastUpdated", "userUpdated", "id_Country") VALUES ('Nova Brasilândia', CURRENT_TIMESTAMP, 'pigtraxadmin', 1);
INSERT INTO pigtraxrefdata."City" (name, "lastUpdated", "userUpdated", "id_Country") VALUES ('Nova Brasilândia D''Oeste', CURRENT_TIMESTAMP, 'pigtraxadmin', 1);
INSERT INTO pigtraxrefdata."City" (name, "lastUpdated", "userUpdated", "id_Country") VALUES ('Nova Brasilia', CURRENT_TIMESTAMP, 'pigtraxadmin', 1);
INSERT INTO pigtraxrefdata."City" (name, "lastUpdated", "userUpdated", "id_Country") VALUES ('Nova Brasília', CURRENT_TIMESTAMP, 'pigtraxadmin', 1);
INSERT INTO pigtraxrefdata."City" (name, "lastUpdated", "userUpdated", "id_Country") VALUES ('Nova Bréscia', CURRENT_TIMESTAMP, 'pigtraxadmin', 1);
INSERT INTO pigtraxrefdata."City" (name, "lastUpdated", "userUpdated", "id_Country") VALUES ('Nova Califórnia', CURRENT_TIMESTAMP, 'pigtraxadmin', 1);
INSERT INTO pigtraxrefdata."City" (name, "lastUpdated", "userUpdated", "id_Country") VALUES ('Nova Campina', CURRENT_TIMESTAMP, 'pigtraxadmin', 1);
INSERT INTO pigtraxrefdata."City" (name, "lastUpdated", "userUpdated", "id_Country") VALUES ('Nova Canaã', CURRENT_TIMESTAMP, 'pigtraxadmin', 1);
INSERT INTO pigtraxrefdata."City" (name, "lastUpdated", "userUpdated", "id_Country") VALUES ('Nova Canaã do Norte', CURRENT_TIMESTAMP, 'pigtraxadmin', 1);
INSERT INTO pigtraxrefdata."City" (name, "lastUpdated", "userUpdated", "id_Country") VALUES ('Nova Canaã Paulista', CURRENT_TIMESTAMP, 'pigtraxadmin', 1);
INSERT INTO pigtraxrefdata."City" (name, "lastUpdated", "userUpdated", "id_Country") VALUES ('Nova Candelária', CURRENT_TIMESTAMP, 'pigtraxadmin', 1);
INSERT INTO pigtraxrefdata."City" (name, "lastUpdated", "userUpdated", "id_Country") VALUES ('Nova Cantu', CURRENT_TIMESTAMP, 'pigtraxadmin', 1);
INSERT INTO pigtraxrefdata."City" (name, "lastUpdated", "userUpdated", "id_Country") VALUES ('Nova Cardoso', CURRENT_TIMESTAMP, 'pigtraxadmin', 1);
INSERT INTO pigtraxrefdata."City" (name, "lastUpdated", "userUpdated", "id_Country") VALUES ('Nova Casa Verde', CURRENT_TIMESTAMP, 'pigtraxadmin', 1);
INSERT INTO pigtraxrefdata."City" (name, "lastUpdated", "userUpdated", "id_Country") VALUES ('Nova Castilho', CURRENT_TIMESTAMP, 'pigtraxadmin', 1);
INSERT INTO pigtraxrefdata."City" (name, "lastUpdated", "userUpdated", "id_Country") VALUES ('Nova Colinas', CURRENT_TIMESTAMP, 'pigtraxadmin', 1);
INSERT INTO pigtraxrefdata."City" (name, "lastUpdated", "userUpdated", "id_Country") VALUES ('Nova Crixás', CURRENT_TIMESTAMP, 'pigtraxadmin', 1);
INSERT INTO pigtraxrefdata."City" (name, "lastUpdated", "userUpdated", "id_Country") VALUES ('Nova Cruz', CURRENT_TIMESTAMP, 'pigtraxadmin', 1);
INSERT INTO pigtraxrefdata."City" (name, "lastUpdated", "userUpdated", "id_Country") VALUES ('Nova Dimensão', CURRENT_TIMESTAMP, 'pigtraxadmin', 1);
INSERT INTO pigtraxrefdata."City" (name, "lastUpdated", "userUpdated", "id_Country") VALUES ('Nova Era', CURRENT_TIMESTAMP, 'pigtraxadmin', 1);
INSERT INTO pigtraxrefdata."City" (name, "lastUpdated", "userUpdated", "id_Country") VALUES ('Nova Erechim', CURRENT_TIMESTAMP, 'pigtraxadmin', 1);
INSERT INTO pigtraxrefdata."City" (name, "lastUpdated", "userUpdated", "id_Country") VALUES ('Nova Esperança', CURRENT_TIMESTAMP, 'pigtraxadmin', 1);
INSERT INTO pigtraxrefdata."City" (name, "lastUpdated", "userUpdated", "id_Country") VALUES ('Nova Esperança do Piriá', CURRENT_TIMESTAMP, 'pigtraxadmin', 1);
INSERT INTO pigtraxrefdata."City" (name, "lastUpdated", "userUpdated", "id_Country") VALUES ('Nova Esperança do Sudoeste', CURRENT_TIMESTAMP, 'pigtraxadmin', 1);
INSERT INTO pigtraxrefdata."City" (name, "lastUpdated", "userUpdated", "id_Country") VALUES ('Nova Europa', CURRENT_TIMESTAMP, 'pigtraxadmin', 1);
INSERT INTO pigtraxrefdata."City" (name, "lastUpdated", "userUpdated", "id_Country") VALUES ('Nova Fátima', CURRENT_TIMESTAMP, 'pigtraxadmin', 1);
INSERT INTO pigtraxrefdata."City" (name, "lastUpdated", "userUpdated", "id_Country") VALUES ('Nova Floresta', CURRENT_TIMESTAMP, 'pigtraxadmin', 1);
INSERT INTO pigtraxrefdata."City" (name, "lastUpdated", "userUpdated", "id_Country") VALUES ('Nova Friburgo', CURRENT_TIMESTAMP, 'pigtraxadmin', 1);
INSERT INTO pigtraxrefdata."City" (name, "lastUpdated", "userUpdated", "id_Country") VALUES ('Nova Glória', CURRENT_TIMESTAMP, 'pigtraxadmin', 1);
INSERT INTO pigtraxrefdata."City" (name, "lastUpdated", "userUpdated", "id_Country") VALUES ('Nova Granada', CURRENT_TIMESTAMP, 'pigtraxadmin', 1);
INSERT INTO pigtraxrefdata."City" (name, "lastUpdated", "userUpdated", "id_Country") VALUES ('Nova Guarita', CURRENT_TIMESTAMP, 'pigtraxadmin', 1);
INSERT INTO pigtraxrefdata."City" (name, "lastUpdated", "userUpdated", "id_Country") VALUES ('Nova Guataporanga', CURRENT_TIMESTAMP, 'pigtraxadmin', 1);
INSERT INTO pigtraxrefdata."City" (name, "lastUpdated", "userUpdated", "id_Country") VALUES ('Nova Hartz', CURRENT_TIMESTAMP, 'pigtraxadmin', 1);
INSERT INTO pigtraxrefdata."City" (name, "lastUpdated", "userUpdated", "id_Country") VALUES ('Nova Ibiá', CURRENT_TIMESTAMP, 'pigtraxadmin', 1);
INSERT INTO pigtraxrefdata."City" (name, "lastUpdated", "userUpdated", "id_Country") VALUES ('Nova Iguaçu', CURRENT_TIMESTAMP, 'pigtraxadmin', 1);
INSERT INTO pigtraxrefdata."City" (name, "lastUpdated", "userUpdated", "id_Country") VALUES ('Nova Iguaçu de Goiás', CURRENT_TIMESTAMP, 'pigtraxadmin', 1);
INSERT INTO pigtraxrefdata."City" (name, "lastUpdated", "userUpdated", "id_Country") VALUES ('Nova Independência', CURRENT_TIMESTAMP, 'pigtraxadmin', 1);
INSERT INTO pigtraxrefdata."City" (name, "lastUpdated", "userUpdated", "id_Country") VALUES ('Nova Iorque', CURRENT_TIMESTAMP, 'pigtraxadmin', 1);
INSERT INTO pigtraxrefdata."City" (name, "lastUpdated", "userUpdated", "id_Country") VALUES ('Nova Ipixuna', CURRENT_TIMESTAMP, 'pigtraxadmin', 1);
INSERT INTO pigtraxrefdata."City" (name, "lastUpdated", "userUpdated", "id_Country") VALUES ('Nova Itaberaba', CURRENT_TIMESTAMP, 'pigtraxadmin', 1);
INSERT INTO pigtraxrefdata."City" (name, "lastUpdated", "userUpdated", "id_Country") VALUES ('Nova Itapirema', CURRENT_TIMESTAMP, 'pigtraxadmin', 1);
INSERT INTO pigtraxrefdata."City" (name, "lastUpdated", "userUpdated", "id_Country") VALUES ('Nova Itarana', CURRENT_TIMESTAMP, 'pigtraxadmin', 1);
INSERT INTO pigtraxrefdata."City" (name, "lastUpdated", "userUpdated", "id_Country") VALUES ('Nova Lacerda', CURRENT_TIMESTAMP, 'pigtraxadmin', 1);
INSERT INTO pigtraxrefdata."City" (name, "lastUpdated", "userUpdated", "id_Country") VALUES ('Nova Laranjeiras', CURRENT_TIMESTAMP, 'pigtraxadmin', 1);
INSERT INTO pigtraxrefdata."City" (name, "lastUpdated", "userUpdated", "id_Country") VALUES ('Nova Lídice', CURRENT_TIMESTAMP, 'pigtraxadmin', 1);
INSERT INTO pigtraxrefdata."City" (name, "lastUpdated", "userUpdated", "id_Country") VALUES ('Nova Lima', CURRENT_TIMESTAMP, 'pigtraxadmin', 1);
INSERT INTO pigtraxrefdata."City" (name, "lastUpdated", "userUpdated", "id_Country") VALUES ('Nova Londrina', CURRENT_TIMESTAMP, 'pigtraxadmin', 1);
INSERT INTO pigtraxrefdata."City" (name, "lastUpdated", "userUpdated", "id_Country") VALUES ('Nova Luzitânia', CURRENT_TIMESTAMP, 'pigtraxadmin', 1);
INSERT INTO pigtraxrefdata."City" (name, "lastUpdated", "userUpdated", "id_Country") VALUES ('Nova Mamoré', CURRENT_TIMESTAMP, 'pigtraxadmin', 1);
INSERT INTO pigtraxrefdata."City" (name, "lastUpdated", "userUpdated", "id_Country") VALUES ('Nova Maracanã', CURRENT_TIMESTAMP, 'pigtraxadmin', 1);
INSERT INTO pigtraxrefdata."City" (name, "lastUpdated", "userUpdated", "id_Country") VALUES ('Nova Marilândia', CURRENT_TIMESTAMP, 'pigtraxadmin', 1);
INSERT INTO pigtraxrefdata."City" (name, "lastUpdated", "userUpdated", "id_Country") VALUES ('Nova Maringá', CURRENT_TIMESTAMP, 'pigtraxadmin', 1);
INSERT INTO pigtraxrefdata."City" (name, "lastUpdated", "userUpdated", "id_Country") VALUES ('Nova Mocajuba', CURRENT_TIMESTAMP, 'pigtraxadmin', 1);
INSERT INTO pigtraxrefdata."City" (name, "lastUpdated", "userUpdated", "id_Country") VALUES ('Nova Módica', CURRENT_TIMESTAMP, 'pigtraxadmin', 1);
INSERT INTO pigtraxrefdata."City" (name, "lastUpdated", "userUpdated", "id_Country") VALUES ('Nova Monte Verde', CURRENT_TIMESTAMP, 'pigtraxadmin', 1);
INSERT INTO pigtraxrefdata."City" (name, "lastUpdated", "userUpdated", "id_Country") VALUES ('Nova Mutum', CURRENT_TIMESTAMP, 'pigtraxadmin', 1);
INSERT INTO pigtraxrefdata."City" (name, "lastUpdated", "userUpdated", "id_Country") VALUES ('Nova Nazaré', CURRENT_TIMESTAMP, 'pigtraxadmin', 1);
INSERT INTO pigtraxrefdata."City" (name, "lastUpdated", "userUpdated", "id_Country") VALUES ('Nova Odessa', CURRENT_TIMESTAMP, 'pigtraxadmin', 1);
INSERT INTO pigtraxrefdata."City" (name, "lastUpdated", "userUpdated", "id_Country") VALUES ('Nova Olímpia', CURRENT_TIMESTAMP, 'pigtraxadmin', 1);
INSERT INTO pigtraxrefdata."City" (name, "lastUpdated", "userUpdated", "id_Country") VALUES ('Nova Olinda', CURRENT_TIMESTAMP, 'pigtraxadmin', 1);
INSERT INTO pigtraxrefdata."City" (name, "lastUpdated", "userUpdated", "id_Country") VALUES ('Nova Olinda do Maranhão', CURRENT_TIMESTAMP, 'pigtraxadmin', 1);
INSERT INTO pigtraxrefdata."City" (name, "lastUpdated", "userUpdated", "id_Country") VALUES ('Nova Olinda do Norte', CURRENT_TIMESTAMP, 'pigtraxadmin', 1);
INSERT INTO pigtraxrefdata."City" (name, "lastUpdated", "userUpdated", "id_Country") VALUES ('Nova Pádua', CURRENT_TIMESTAMP, 'pigtraxadmin', 1);
INSERT INTO pigtraxrefdata."City" (name, "lastUpdated", "userUpdated", "id_Country") VALUES ('Nova Palma', CURRENT_TIMESTAMP, 'pigtraxadmin', 1);
INSERT INTO pigtraxrefdata."City" (name, "lastUpdated", "userUpdated", "id_Country") VALUES ('Nova Palmeira', CURRENT_TIMESTAMP, 'pigtraxadmin', 1);
INSERT INTO pigtraxrefdata."City" (name, "lastUpdated", "userUpdated", "id_Country") VALUES ('Nova Pátria', CURRENT_TIMESTAMP, 'pigtraxadmin', 1);
INSERT INTO pigtraxrefdata."City" (name, "lastUpdated", "userUpdated", "id_Country") VALUES ('Nova Petrópolis', CURRENT_TIMESTAMP, 'pigtraxadmin', 1);
INSERT INTO pigtraxrefdata."City" (name, "lastUpdated", "userUpdated", "id_Country") VALUES ('Nova Ponte', CURRENT_TIMESTAMP, 'pigtraxadmin', 1);
INSERT INTO pigtraxrefdata."City" (name, "lastUpdated", "userUpdated", "id_Country") VALUES ('Nova Porteirinha', CURRENT_TIMESTAMP, 'pigtraxadmin', 1);
INSERT INTO pigtraxrefdata."City" (name, "lastUpdated", "userUpdated", "id_Country") VALUES ('Nova Prata', CURRENT_TIMESTAMP, 'pigtraxadmin', 1);
INSERT INTO pigtraxrefdata."City" (name, "lastUpdated", "userUpdated", "id_Country") VALUES ('Nova Prata do Iguaçu', CURRENT_TIMESTAMP, 'pigtraxadmin', 1);
INSERT INTO pigtraxrefdata."City" (name, "lastUpdated", "userUpdated", "id_Country") VALUES ('Nova Ramada', CURRENT_TIMESTAMP, 'pigtraxadmin', 1);
INSERT INTO pigtraxrefdata."City" (name, "lastUpdated", "userUpdated", "id_Country") VALUES ('Nova Redenção', CURRENT_TIMESTAMP, 'pigtraxadmin', 1);
INSERT INTO pigtraxrefdata."City" (name, "lastUpdated", "userUpdated", "id_Country") VALUES ('Nova Resende', CURRENT_TIMESTAMP, 'pigtraxadmin', 1);
INSERT INTO pigtraxrefdata."City" (name, "lastUpdated", "userUpdated", "id_Country") VALUES ('Nova Roma', CURRENT_TIMESTAMP, 'pigtraxadmin', 1);
INSERT INTO pigtraxrefdata."City" (name, "lastUpdated", "userUpdated", "id_Country") VALUES ('Nova Roma do Sul', CURRENT_TIMESTAMP, 'pigtraxadmin', 1);
INSERT INTO pigtraxrefdata."City" (name, "lastUpdated", "userUpdated", "id_Country") VALUES ('Nova Rosalândia', CURRENT_TIMESTAMP, 'pigtraxadmin', 1);
INSERT INTO pigtraxrefdata."City" (name, "lastUpdated", "userUpdated", "id_Country") VALUES ('Nova Russas', CURRENT_TIMESTAMP, 'pigtraxadmin', 1);
INSERT INTO pigtraxrefdata."City" (name, "lastUpdated", "userUpdated", "id_Country") VALUES ('Nova Santa Bárbara', CURRENT_TIMESTAMP, 'pigtraxadmin', 1);
INSERT INTO pigtraxrefdata."City" (name, "lastUpdated", "userUpdated", "id_Country") VALUES ('Nova Santa Helena', CURRENT_TIMESTAMP, 'pigtraxadmin', 1);
INSERT INTO pigtraxrefdata."City" (name, "lastUpdated", "userUpdated", "id_Country") VALUES ('Nova Santa Luzia', CURRENT_TIMESTAMP, 'pigtraxadmin', 1);
INSERT INTO pigtraxrefdata."City" (name, "lastUpdated", "userUpdated", "id_Country") VALUES ('Nova Santa Rita', CURRENT_TIMESTAMP, 'pigtraxadmin', 1);
INSERT INTO pigtraxrefdata."City" (name, "lastUpdated", "userUpdated", "id_Country") VALUES ('Nova Santa Rosa', CURRENT_TIMESTAMP, 'pigtraxadmin', 1);
INSERT INTO pigtraxrefdata."City" (name, "lastUpdated", "userUpdated", "id_Country") VALUES ('Nova Sardenha', CURRENT_TIMESTAMP, 'pigtraxadmin', 1);
INSERT INTO pigtraxrefdata."City" (name, "lastUpdated", "userUpdated", "id_Country") VALUES ('Nova Serrana', CURRENT_TIMESTAMP, 'pigtraxadmin', 1);
INSERT INTO pigtraxrefdata."City" (name, "lastUpdated", "userUpdated", "id_Country") VALUES ('Nova Soure', CURRENT_TIMESTAMP, 'pigtraxadmin', 1);
INSERT INTO pigtraxrefdata."City" (name, "lastUpdated", "userUpdated", "id_Country") VALUES ('Nova Tebas', CURRENT_TIMESTAMP, 'pigtraxadmin', 1);
INSERT INTO pigtraxrefdata."City" (name, "lastUpdated", "userUpdated", "id_Country") VALUES ('Nova Timboteua', CURRENT_TIMESTAMP, 'pigtraxadmin', 1);
INSERT INTO pigtraxrefdata."City" (name, "lastUpdated", "userUpdated", "id_Country") VALUES ('Nova Tramandaí', CURRENT_TIMESTAMP, 'pigtraxadmin', 1);
INSERT INTO pigtraxrefdata."City" (name, "lastUpdated", "userUpdated", "id_Country") VALUES ('Nova Venécia', CURRENT_TIMESTAMP, 'pigtraxadmin', 1);
INSERT INTO pigtraxrefdata."City" (name, "lastUpdated", "userUpdated", "id_Country") VALUES ('Nova Veneza', CURRENT_TIMESTAMP, 'pigtraxadmin', 1);
INSERT INTO pigtraxrefdata."City" (name, "lastUpdated", "userUpdated", "id_Country") VALUES ('Nova Viçosa', CURRENT_TIMESTAMP, 'pigtraxadmin', 1);
INSERT INTO pigtraxrefdata."City" (name, "lastUpdated", "userUpdated", "id_Country") VALUES ('Nova Xavantina', CURRENT_TIMESTAMP, 'pigtraxadmin', 1);
INSERT INTO pigtraxrefdata."City" (name, "lastUpdated", "userUpdated", "id_Country") VALUES ('Novais', CURRENT_TIMESTAMP, 'pigtraxadmin', 1);
INSERT INTO pigtraxrefdata."City" (name, "lastUpdated", "userUpdated", "id_Country") VALUES ('Novo Acordo', CURRENT_TIMESTAMP, 'pigtraxadmin', 1);
INSERT INTO pigtraxrefdata."City" (name, "lastUpdated", "userUpdated", "id_Country") VALUES ('Novo acre', CURRENT_TIMESTAMP, 'pigtraxadmin', 1);
INSERT INTO pigtraxrefdata."City" (name, "lastUpdated", "userUpdated", "id_Country") VALUES ('Novo Airão', CURRENT_TIMESTAMP, 'pigtraxadmin', 1);
INSERT INTO pigtraxrefdata."City" (name, "lastUpdated", "userUpdated", "id_Country") VALUES ('Novo Aripuanã', CURRENT_TIMESTAMP, 'pigtraxadmin', 1);
INSERT INTO pigtraxrefdata."City" (name, "lastUpdated", "userUpdated", "id_Country") VALUES ('Novo Barreiro', CURRENT_TIMESTAMP, 'pigtraxadmin', 1);
INSERT INTO pigtraxrefdata."City" (name, "lastUpdated", "userUpdated", "id_Country") VALUES ('Novo Barro Preto', CURRENT_TIMESTAMP, 'pigtraxadmin', 1);
INSERT INTO pigtraxrefdata."City" (name, "lastUpdated", "userUpdated", "id_Country") VALUES ('Novo Brasil', CURRENT_TIMESTAMP, 'pigtraxadmin', 1);
INSERT INTO pigtraxrefdata."City" (name, "lastUpdated", "userUpdated", "id_Country") VALUES ('Novo Cabrais', CURRENT_TIMESTAMP, 'pigtraxadmin', 1);
INSERT INTO pigtraxrefdata."City" (name, "lastUpdated", "userUpdated", "id_Country") VALUES ('Novo Cruzeiro', CURRENT_TIMESTAMP, 'pigtraxadmin', 1);
INSERT INTO pigtraxrefdata."City" (name, "lastUpdated", "userUpdated", "id_Country") VALUES ('Novo Gama', CURRENT_TIMESTAMP, 'pigtraxadmin', 1);
INSERT INTO pigtraxrefdata."City" (name, "lastUpdated", "userUpdated", "id_Country") VALUES ('Novo Hamburgo', CURRENT_TIMESTAMP, 'pigtraxadmin', 1);
INSERT INTO pigtraxrefdata."City" (name, "lastUpdated", "userUpdated", "id_Country") VALUES ('Novo Horizonte do Oeste', CURRENT_TIMESTAMP, 'pigtraxadmin', 1);
INSERT INTO pigtraxrefdata."City" (name, "lastUpdated", "userUpdated", "id_Country") VALUES ('Novo Horizonte do Sul', CURRENT_TIMESTAMP, 'pigtraxadmin', 1);
INSERT INTO pigtraxrefdata."City" (name, "lastUpdated", "userUpdated", "id_Country") VALUES ('Novo Itacolomi', CURRENT_TIMESTAMP, 'pigtraxadmin', 1);
INSERT INTO pigtraxrefdata."City" (name, "lastUpdated", "userUpdated", "id_Country") VALUES ('Novo Jardim', CURRENT_TIMESTAMP, 'pigtraxadmin', 1);
INSERT INTO pigtraxrefdata."City" (name, "lastUpdated", "userUpdated", "id_Country") VALUES ('Novo Lino', CURRENT_TIMESTAMP, 'pigtraxadmin', 1);
INSERT INTO pigtraxrefdata."City" (name, "lastUpdated", "userUpdated", "id_Country") VALUES ('Novo Machado', CURRENT_TIMESTAMP, 'pigtraxadmin', 1);
INSERT INTO pigtraxrefdata."City" (name, "lastUpdated", "userUpdated", "id_Country") VALUES ('Novo Mundo', CURRENT_TIMESTAMP, 'pigtraxadmin', 1);
INSERT INTO pigtraxrefdata."City" (name, "lastUpdated", "userUpdated", "id_Country") VALUES ('Novo Oriente', CURRENT_TIMESTAMP, 'pigtraxadmin', 1);
INSERT INTO pigtraxrefdata."City" (name, "lastUpdated", "userUpdated", "id_Country") VALUES ('Novo Oriente de Minas', CURRENT_TIMESTAMP, 'pigtraxadmin', 1);
INSERT INTO pigtraxrefdata."City" (name, "lastUpdated", "userUpdated", "id_Country") VALUES ('Novo Oriente do Piauí', CURRENT_TIMESTAMP, 'pigtraxadmin', 1);
INSERT INTO pigtraxrefdata."City" (name, "lastUpdated", "userUpdated", "id_Country") VALUES ('Novo Planalto', CURRENT_TIMESTAMP, 'pigtraxadmin', 1);
INSERT INTO pigtraxrefdata."City" (name, "lastUpdated", "userUpdated", "id_Country") VALUES ('Novo Progresso', CURRENT_TIMESTAMP, 'pigtraxadmin', 1);
INSERT INTO pigtraxrefdata."City" (name, "lastUpdated", "userUpdated", "id_Country") VALUES ('Novo Repartimento', CURRENT_TIMESTAMP, 'pigtraxadmin', 1);
INSERT INTO pigtraxrefdata."City" (name, "lastUpdated", "userUpdated", "id_Country") VALUES ('Novo Santo Antônio', CURRENT_TIMESTAMP, 'pigtraxadmin', 1);
INSERT INTO pigtraxrefdata."City" (name, "lastUpdated", "userUpdated", "id_Country") VALUES ('Novo São Joaquim', CURRENT_TIMESTAMP, 'pigtraxadmin', 1);
INSERT INTO pigtraxrefdata."City" (name, "lastUpdated", "userUpdated", "id_Country") VALUES ('Novo Sarandi', CURRENT_TIMESTAMP, 'pigtraxadmin', 1);
INSERT INTO pigtraxrefdata."City" (name, "lastUpdated", "userUpdated", "id_Country") VALUES ('Novo Tiradentes', CURRENT_TIMESTAMP, 'pigtraxadmin', 1);
INSERT INTO pigtraxrefdata."City" (name, "lastUpdated", "userUpdated", "id_Country") VALUES ('Novo Triunfo', CURRENT_TIMESTAMP, 'pigtraxadmin', 1);
INSERT INTO pigtraxrefdata."City" (name, "lastUpdated", "userUpdated", "id_Country") VALUES ('Novo Xingu', CURRENT_TIMESTAMP, 'pigtraxadmin', 1);
INSERT INTO pigtraxrefdata."City" (name, "lastUpdated", "userUpdated", "id_Country") VALUES ('Novorizonte', CURRENT_TIMESTAMP, 'pigtraxadmin', 1);
INSERT INTO pigtraxrefdata."City" (name, "lastUpdated", "userUpdated", "id_Country") VALUES ('Núcleo Colonial Pio XII (São Gerônimo)', CURRENT_TIMESTAMP, 'pigtraxadmin', 1);
INSERT INTO pigtraxrefdata."City" (name, "lastUpdated", "userUpdated", "id_Country") VALUES ('Nuguaçu', CURRENT_TIMESTAMP, 'pigtraxadmin', 1);
INSERT INTO pigtraxrefdata."City" (name, "lastUpdated", "userUpdated", "id_Country") VALUES ('Nuporanga', CURRENT_TIMESTAMP, 'pigtraxadmin', 1);
INSERT INTO pigtraxrefdata."City" (name, "lastUpdated", "userUpdated", "id_Country") VALUES ('Óbidos', CURRENT_TIMESTAMP, 'pigtraxadmin', 1);
INSERT INTO pigtraxrefdata."City" (name, "lastUpdated", "userUpdated", "id_Country") VALUES ('Ocara', CURRENT_TIMESTAMP, 'pigtraxadmin', 1);
INSERT INTO pigtraxrefdata."City" (name, "lastUpdated", "userUpdated", "id_Country") VALUES ('Ocauçu', CURRENT_TIMESTAMP, 'pigtraxadmin', 1);
INSERT INTO pigtraxrefdata."City" (name, "lastUpdated", "userUpdated", "id_Country") VALUES ('Ocidente', CURRENT_TIMESTAMP, 'pigtraxadmin', 1);
INSERT INTO pigtraxrefdata."City" (name, "lastUpdated", "userUpdated", "id_Country") VALUES ('Oeiras', CURRENT_TIMESTAMP, 'pigtraxadmin', 1);
INSERT INTO pigtraxrefdata."City" (name, "lastUpdated", "userUpdated", "id_Country") VALUES ('Oeiras do Pará', CURRENT_TIMESTAMP, 'pigtraxadmin', 1);
INSERT INTO pigtraxrefdata."City" (name, "lastUpdated", "userUpdated", "id_Country") VALUES ('Oiapoque', CURRENT_TIMESTAMP, 'pigtraxadmin', 1);
INSERT INTO pigtraxrefdata."City" (name, "lastUpdated", "userUpdated", "id_Country") VALUES ('Olaria', CURRENT_TIMESTAMP, 'pigtraxadmin', 1);
INSERT INTO pigtraxrefdata."City" (name, "lastUpdated", "userUpdated", "id_Country") VALUES ('Óleo', CURRENT_TIMESTAMP, 'pigtraxadmin', 1);
INSERT INTO pigtraxrefdata."City" (name, "lastUpdated", "userUpdated", "id_Country") VALUES ('Olho d''Água', CURRENT_TIMESTAMP, 'pigtraxadmin', 1);
INSERT INTO pigtraxrefdata."City" (name, "lastUpdated", "userUpdated", "id_Country") VALUES ('Olho d''Água das Cunhãs', CURRENT_TIMESTAMP, 'pigtraxadmin', 1);
INSERT INTO pigtraxrefdata."City" (name, "lastUpdated", "userUpdated", "id_Country") VALUES ('Olho d''Água das Flores', CURRENT_TIMESTAMP, 'pigtraxadmin', 1);
INSERT INTO pigtraxrefdata."City" (name, "lastUpdated", "userUpdated", "id_Country") VALUES ('Olho d''Água de Dentro', CURRENT_TIMESTAMP, 'pigtraxadmin', 1);
INSERT INTO pigtraxrefdata."City" (name, "lastUpdated", "userUpdated", "id_Country") VALUES ('Olho d''Água do Casado', CURRENT_TIMESTAMP, 'pigtraxadmin', 1);
INSERT INTO pigtraxrefdata."City" (name, "lastUpdated", "userUpdated", "id_Country") VALUES ('Olho D''Água do Piauí', CURRENT_TIMESTAMP, 'pigtraxadmin', 1);
INSERT INTO pigtraxrefdata."City" (name, "lastUpdated", "userUpdated", "id_Country") VALUES ('Olho D''Água do Serrão', CURRENT_TIMESTAMP, 'pigtraxadmin', 1);
INSERT INTO pigtraxrefdata."City" (name, "lastUpdated", "userUpdated", "id_Country") VALUES ('Olho d''Água Grande', CURRENT_TIMESTAMP, 'pigtraxadmin', 1);
INSERT INTO pigtraxrefdata."City" (name, "lastUpdated", "userUpdated", "id_Country") VALUES ('Olho-d''Água da Bica', CURRENT_TIMESTAMP, 'pigtraxadmin', 1);
INSERT INTO pigtraxrefdata."City" (name, "lastUpdated", "userUpdated", "id_Country") VALUES ('Olho-d''Água do Borges', CURRENT_TIMESTAMP, 'pigtraxadmin', 1);
INSERT INTO pigtraxrefdata."City" (name, "lastUpdated", "userUpdated", "id_Country") VALUES ('Olhos D''Água', CURRENT_TIMESTAMP, 'pigtraxadmin', 1);
INSERT INTO pigtraxrefdata."City" (name, "lastUpdated", "userUpdated", "id_Country") VALUES ('Olímpia', CURRENT_TIMESTAMP, 'pigtraxadmin', 1);
INSERT INTO pigtraxrefdata."City" (name, "lastUpdated", "userUpdated", "id_Country") VALUES ('Olímpio Campos', CURRENT_TIMESTAMP, 'pigtraxadmin', 1);
INSERT INTO pigtraxrefdata."City" (name, "lastUpdated", "userUpdated", "id_Country") VALUES ('Olímpio Noronha', CURRENT_TIMESTAMP, 'pigtraxadmin', 1);
INSERT INTO pigtraxrefdata."City" (name, "lastUpdated", "userUpdated", "id_Country") VALUES ('Olinda', CURRENT_TIMESTAMP, 'pigtraxadmin', 1);
INSERT INTO pigtraxrefdata."City" (name, "lastUpdated", "userUpdated", "id_Country") VALUES ('Olinda Nova do Maranhão', CURRENT_TIMESTAMP, 'pigtraxadmin', 1);
INSERT INTO pigtraxrefdata."City" (name, "lastUpdated", "userUpdated", "id_Country") VALUES ('Olindina', CURRENT_TIMESTAMP, 'pigtraxadmin', 1);
INSERT INTO pigtraxrefdata."City" (name, "lastUpdated", "userUpdated", "id_Country") VALUES ('Olivedos', CURRENT_TIMESTAMP, 'pigtraxadmin', 1);
INSERT INTO pigtraxrefdata."City" (name, "lastUpdated", "userUpdated", "id_Country") VALUES ('Oliveira', CURRENT_TIMESTAMP, 'pigtraxadmin', 1);
INSERT INTO pigtraxrefdata."City" (name, "lastUpdated", "userUpdated", "id_Country") VALUES ('Oliveira Barros', CURRENT_TIMESTAMP, 'pigtraxadmin', 1);
INSERT INTO pigtraxrefdata."City" (name, "lastUpdated", "userUpdated", "id_Country") VALUES ('Oliveira de Fátima', CURRENT_TIMESTAMP, 'pigtraxadmin', 1);
INSERT INTO pigtraxrefdata."City" (name, "lastUpdated", "userUpdated", "id_Country") VALUES ('Oliveira dos Brejinhos', CURRENT_TIMESTAMP, 'pigtraxadmin', 1);
INSERT INTO pigtraxrefdata."City" (name, "lastUpdated", "userUpdated", "id_Country") VALUES ('Oliveira Fortes', CURRENT_TIMESTAMP, 'pigtraxadmin', 1);
INSERT INTO pigtraxrefdata."City" (name, "lastUpdated", "userUpdated", "id_Country") VALUES ('Olivença', CURRENT_TIMESTAMP, 'pigtraxadmin', 1);
INSERT INTO pigtraxrefdata."City" (name, "lastUpdated", "userUpdated", "id_Country") VALUES ('Onça de Pitangui', CURRENT_TIMESTAMP, 'pigtraxadmin', 1);
INSERT INTO pigtraxrefdata."City" (name, "lastUpdated", "userUpdated", "id_Country") VALUES ('Onda Verde', CURRENT_TIMESTAMP, 'pigtraxadmin', 1);
INSERT INTO pigtraxrefdata."City" (name, "lastUpdated", "userUpdated", "id_Country") VALUES ('Oriente', CURRENT_TIMESTAMP, 'pigtraxadmin', 1);
INSERT INTO pigtraxrefdata."City" (name, "lastUpdated", "userUpdated", "id_Country") VALUES ('Orindiúva', CURRENT_TIMESTAMP, 'pigtraxadmin', 1);
INSERT INTO pigtraxrefdata."City" (name, "lastUpdated", "userUpdated", "id_Country") VALUES ('Oriximiná', CURRENT_TIMESTAMP, 'pigtraxadmin', 1);
INSERT INTO pigtraxrefdata."City" (name, "lastUpdated", "userUpdated", "id_Country") VALUES ('Orizânia', CURRENT_TIMESTAMP, 'pigtraxadmin', 1);
INSERT INTO pigtraxrefdata."City" (name, "lastUpdated", "userUpdated", "id_Country") VALUES ('Orizona', CURRENT_TIMESTAMP, 'pigtraxadmin', 1);
INSERT INTO pigtraxrefdata."City" (name, "lastUpdated", "userUpdated", "id_Country") VALUES ('Orlândia', CURRENT_TIMESTAMP, 'pigtraxadmin', 1);
INSERT INTO pigtraxrefdata."City" (name, "lastUpdated", "userUpdated", "id_Country") VALUES ('Orleans', CURRENT_TIMESTAMP, 'pigtraxadmin', 1);
INSERT INTO pigtraxrefdata."City" (name, "lastUpdated", "userUpdated", "id_Country") VALUES ('Orobó', CURRENT_TIMESTAMP, 'pigtraxadmin', 1);
INSERT INTO pigtraxrefdata."City" (name, "lastUpdated", "userUpdated", "id_Country") VALUES ('Orocó', CURRENT_TIMESTAMP, 'pigtraxadmin', 1);
INSERT INTO pigtraxrefdata."City" (name, "lastUpdated", "userUpdated", "id_Country") VALUES ('Orós', CURRENT_TIMESTAMP, 'pigtraxadmin', 1);
INSERT INTO pigtraxrefdata."City" (name, "lastUpdated", "userUpdated", "id_Country") VALUES ('Ortigueira', CURRENT_TIMESTAMP, 'pigtraxadmin', 1);
INSERT INTO pigtraxrefdata."City" (name, "lastUpdated", "userUpdated", "id_Country") VALUES ('Oscar Bressane', CURRENT_TIMESTAMP, 'pigtraxadmin', 1);
INSERT INTO pigtraxrefdata."City" (name, "lastUpdated", "userUpdated", "id_Country") VALUES ('Osório', CURRENT_TIMESTAMP, 'pigtraxadmin', 1);
INSERT INTO pigtraxrefdata."City" (name, "lastUpdated", "userUpdated", "id_Country") VALUES ('Osvaldo Cruz', CURRENT_TIMESTAMP, 'pigtraxadmin', 1);
INSERT INTO pigtraxrefdata."City" (name, "lastUpdated", "userUpdated", "id_Country") VALUES ('Osvaldo Kroeff', CURRENT_TIMESTAMP, 'pigtraxadmin', 1);
INSERT INTO pigtraxrefdata."City" (name, "lastUpdated", "userUpdated", "id_Country") VALUES ('Otacílio Costa', CURRENT_TIMESTAMP, 'pigtraxadmin', 1);
INSERT INTO pigtraxrefdata."City" (name, "lastUpdated", "userUpdated", "id_Country") VALUES ('Otavilândia', CURRENT_TIMESTAMP, 'pigtraxadmin', 1);
INSERT INTO pigtraxrefdata."City" (name, "lastUpdated", "userUpdated", "id_Country") VALUES ('Others', CURRENT_TIMESTAMP, 'pigtraxadmin', 1);
INSERT INTO pigtraxrefdata."City" (name, "lastUpdated", "userUpdated", "id_Country") VALUES ('Ourém', CURRENT_TIMESTAMP, 'pigtraxadmin', 1);
INSERT INTO pigtraxrefdata."City" (name, "lastUpdated", "userUpdated", "id_Country") VALUES ('Ouriçangas', CURRENT_TIMESTAMP, 'pigtraxadmin', 1);
INSERT INTO pigtraxrefdata."City" (name, "lastUpdated", "userUpdated", "id_Country") VALUES ('Ouricuri', CURRENT_TIMESTAMP, 'pigtraxadmin', 1);
INSERT INTO pigtraxrefdata."City" (name, "lastUpdated", "userUpdated", "id_Country") VALUES ('Ourinhos', CURRENT_TIMESTAMP, 'pigtraxadmin', 1);
INSERT INTO pigtraxrefdata."City" (name, "lastUpdated", "userUpdated", "id_Country") VALUES ('Ourizona', CURRENT_TIMESTAMP, 'pigtraxadmin', 1);
INSERT INTO pigtraxrefdata."City" (name, "lastUpdated", "userUpdated", "id_Country") VALUES ('Ouro', CURRENT_TIMESTAMP, 'pigtraxadmin', 1);
INSERT INTO pigtraxrefdata."City" (name, "lastUpdated", "userUpdated", "id_Country") VALUES ('Ouro Branco', CURRENT_TIMESTAMP, 'pigtraxadmin', 1);
INSERT INTO pigtraxrefdata."City" (name, "lastUpdated", "userUpdated", "id_Country") VALUES ('Ouro Fino', CURRENT_TIMESTAMP, 'pigtraxadmin', 1);
INSERT INTO pigtraxrefdata."City" (name, "lastUpdated", "userUpdated", "id_Country") VALUES ('Ouro Preto do Oeste', CURRENT_TIMESTAMP, 'pigtraxadmin', 1);
INSERT INTO pigtraxrefdata."City" (name, "lastUpdated", "userUpdated", "id_Country") VALUES ('Ouro Velho', CURRENT_TIMESTAMP, 'pigtraxadmin', 1);
INSERT INTO pigtraxrefdata."City" (name, "lastUpdated", "userUpdated", "id_Country") VALUES ('Ouro Verde', CURRENT_TIMESTAMP, 'pigtraxadmin', 1);
INSERT INTO pigtraxrefdata."City" (name, "lastUpdated", "userUpdated", "id_Country") VALUES ('Ouro Verde de Minas', CURRENT_TIMESTAMP, 'pigtraxadmin', 1);
INSERT INTO pigtraxrefdata."City" (name, "lastUpdated", "userUpdated", "id_Country") VALUES ('Ouroeste', CURRENT_TIMESTAMP, 'pigtraxadmin', 1);
INSERT INTO pigtraxrefdata."City" (name, "lastUpdated", "userUpdated", "id_Country") VALUES ('Ourolândia', CURRENT_TIMESTAMP, 'pigtraxadmin', 1);
INSERT INTO pigtraxrefdata."City" (name, "lastUpdated", "userUpdated", "id_Country") VALUES ('Ouvidor', CURRENT_TIMESTAMP, 'pigtraxadmin', 1);
INSERT INTO pigtraxrefdata."City" (name, "lastUpdated", "userUpdated", "id_Country") VALUES ('Pacaembu', CURRENT_TIMESTAMP, 'pigtraxadmin', 1);
INSERT INTO pigtraxrefdata."City" (name, "lastUpdated", "userUpdated", "id_Country") VALUES ('Pacajá', CURRENT_TIMESTAMP, 'pigtraxadmin', 1);
INSERT INTO pigtraxrefdata."City" (name, "lastUpdated", "userUpdated", "id_Country") VALUES ('Pacajus', CURRENT_TIMESTAMP, 'pigtraxadmin', 1);
INSERT INTO pigtraxrefdata."City" (name, "lastUpdated", "userUpdated", "id_Country") VALUES ('Pacaraima', CURRENT_TIMESTAMP, 'pigtraxadmin', 1);
INSERT INTO pigtraxrefdata."City" (name, "lastUpdated", "userUpdated", "id_Country") VALUES ('Pacatuba', CURRENT_TIMESTAMP, 'pigtraxadmin', 1);
INSERT INTO pigtraxrefdata."City" (name, "lastUpdated", "userUpdated", "id_Country") VALUES ('Pachecos', CURRENT_TIMESTAMP, 'pigtraxadmin', 1);
INSERT INTO pigtraxrefdata."City" (name, "lastUpdated", "userUpdated", "id_Country") VALUES ('Paciência', CURRENT_TIMESTAMP, 'pigtraxadmin', 1);
INSERT INTO pigtraxrefdata."City" (name, "lastUpdated", "userUpdated", "id_Country") VALUES ('Paço do Lumiar', CURRENT_TIMESTAMP, 'pigtraxadmin', 1);
INSERT INTO pigtraxrefdata."City" (name, "lastUpdated", "userUpdated", "id_Country") VALUES ('Pacoti', CURRENT_TIMESTAMP, 'pigtraxadmin', 1);
INSERT INTO pigtraxrefdata."City" (name, "lastUpdated", "userUpdated", "id_Country") VALUES ('Pacotuba', CURRENT_TIMESTAMP, 'pigtraxadmin', 1);
INSERT INTO pigtraxrefdata."City" (name, "lastUpdated", "userUpdated", "id_Country") VALUES ('Pacoval', CURRENT_TIMESTAMP, 'pigtraxadmin', 1);
INSERT INTO pigtraxrefdata."City" (name, "lastUpdated", "userUpdated", "id_Country") VALUES ('Pacujá', CURRENT_TIMESTAMP, 'pigtraxadmin', 1);
INSERT INTO pigtraxrefdata."City" (name, "lastUpdated", "userUpdated", "id_Country") VALUES ('Padilha', CURRENT_TIMESTAMP, 'pigtraxadmin', 1);
INSERT INTO pigtraxrefdata."City" (name, "lastUpdated", "userUpdated", "id_Country") VALUES ('Padre Bernardo', CURRENT_TIMESTAMP, 'pigtraxadmin', 1);
INSERT INTO pigtraxrefdata."City" (name, "lastUpdated", "userUpdated", "id_Country") VALUES ('Padre Carvalho', CURRENT_TIMESTAMP, 'pigtraxadmin', 1);
INSERT INTO pigtraxrefdata."City" (name, "lastUpdated", "userUpdated", "id_Country") VALUES ('Padre Cícero', CURRENT_TIMESTAMP, 'pigtraxadmin', 1);
INSERT INTO pigtraxrefdata."City" (name, "lastUpdated", "userUpdated", "id_Country") VALUES ('Padre Fialho', CURRENT_TIMESTAMP, 'pigtraxadmin', 1);
INSERT INTO pigtraxrefdata."City" (name, "lastUpdated", "userUpdated", "id_Country") VALUES ('Padre Gonzales', CURRENT_TIMESTAMP, 'pigtraxadmin', 1);
INSERT INTO pigtraxrefdata."City" (name, "lastUpdated", "userUpdated", "id_Country") VALUES ('Padre João Afonso', CURRENT_TIMESTAMP, 'pigtraxadmin', 1);
INSERT INTO pigtraxrefdata."City" (name, "lastUpdated", "userUpdated", "id_Country") VALUES ('Padre Linhares', CURRENT_TIMESTAMP, 'pigtraxadmin', 1);
INSERT INTO pigtraxrefdata."City" (name, "lastUpdated", "userUpdated", "id_Country") VALUES ('Padre Marcos', CURRENT_TIMESTAMP, 'pigtraxadmin', 1);
INSERT INTO pigtraxrefdata."City" (name, "lastUpdated", "userUpdated", "id_Country") VALUES ('Padre Nóbrega', CURRENT_TIMESTAMP, 'pigtraxadmin', 1);
INSERT INTO pigtraxrefdata."City" (name, "lastUpdated", "userUpdated", "id_Country") VALUES ('Padre Paraíso', CURRENT_TIMESTAMP, 'pigtraxadmin', 1);
INSERT INTO pigtraxrefdata."City" (name, "lastUpdated", "userUpdated", "id_Country") VALUES ('Padre Pinto', CURRENT_TIMESTAMP, 'pigtraxadmin', 1);
INSERT INTO pigtraxrefdata."City" (name, "lastUpdated", "userUpdated", "id_Country") VALUES ('Padre Viegas', CURRENT_TIMESTAMP, 'pigtraxadmin', 1);
INSERT INTO pigtraxrefdata."City" (name, "lastUpdated", "userUpdated", "id_Country") VALUES ('Padre Vieira', CURRENT_TIMESTAMP, 'pigtraxadmin', 1);
INSERT INTO pigtraxrefdata."City" (name, "lastUpdated", "userUpdated", "id_Country") VALUES ('Paes Landim', CURRENT_TIMESTAMP, 'pigtraxadmin', 1);
INSERT INTO pigtraxrefdata."City" (name, "lastUpdated", "userUpdated", "id_Country") VALUES ('Pai João', CURRENT_TIMESTAMP, 'pigtraxadmin', 1);
INSERT INTO pigtraxrefdata."City" (name, "lastUpdated", "userUpdated", "id_Country") VALUES ('Pai Pedro', CURRENT_TIMESTAMP, 'pigtraxadmin', 1);
INSERT INTO pigtraxrefdata."City" (name, "lastUpdated", "userUpdated", "id_Country") VALUES ('Paiçandu', CURRENT_TIMESTAMP, 'pigtraxadmin', 1);
INSERT INTO pigtraxrefdata."City" (name, "lastUpdated", "userUpdated", "id_Country") VALUES ('Paim Filho', CURRENT_TIMESTAMP, 'pigtraxadmin', 1);
INSERT INTO pigtraxrefdata."City" (name, "lastUpdated", "userUpdated", "id_Country") VALUES ('Paineiras', CURRENT_TIMESTAMP, 'pigtraxadmin', 1);
INSERT INTO pigtraxrefdata."City" (name, "lastUpdated", "userUpdated", "id_Country") VALUES ('Painel', CURRENT_TIMESTAMP, 'pigtraxadmin', 1);
INSERT INTO pigtraxrefdata."City" (name, "lastUpdated", "userUpdated", "id_Country") VALUES ('Pains', CURRENT_TIMESTAMP, 'pigtraxadmin', 1);
INSERT INTO pigtraxrefdata."City" (name, "lastUpdated", "userUpdated", "id_Country") VALUES ('Paiolinho', CURRENT_TIMESTAMP, 'pigtraxadmin', 1);
INSERT INTO pigtraxrefdata."City" (name, "lastUpdated", "userUpdated", "id_Country") VALUES ('Paiva', CURRENT_TIMESTAMP, 'pigtraxadmin', 1);
INSERT INTO pigtraxrefdata."City" (name, "lastUpdated", "userUpdated", "id_Country") VALUES ('Pajeú', CURRENT_TIMESTAMP, 'pigtraxadmin', 1);
INSERT INTO pigtraxrefdata."City" (name, "lastUpdated", "userUpdated", "id_Country") VALUES ('Pajeú do Piauí', CURRENT_TIMESTAMP, 'pigtraxadmin', 1);
INSERT INTO pigtraxrefdata."City" (name, "lastUpdated", "userUpdated", "id_Country") VALUES ('Pajuçara', CURRENT_TIMESTAMP, 'pigtraxadmin', 1);
INSERT INTO pigtraxrefdata."City" (name, "lastUpdated", "userUpdated", "id_Country") VALUES ('Palame', CURRENT_TIMESTAMP, 'pigtraxadmin', 1);
INSERT INTO pigtraxrefdata."City" (name, "lastUpdated", "userUpdated", "id_Country") VALUES ('Palestina', CURRENT_TIMESTAMP, 'pigtraxadmin', 1);
INSERT INTO pigtraxrefdata."City" (name, "lastUpdated", "userUpdated", "id_Country") VALUES ('Palestina de Goiás', CURRENT_TIMESTAMP, 'pigtraxadmin', 1);
INSERT INTO pigtraxrefdata."City" (name, "lastUpdated", "userUpdated", "id_Country") VALUES ('Palestina do Cariri', CURRENT_TIMESTAMP, 'pigtraxadmin', 1);
INSERT INTO pigtraxrefdata."City" (name, "lastUpdated", "userUpdated", "id_Country") VALUES ('Palhano', CURRENT_TIMESTAMP, 'pigtraxadmin', 1);
INSERT INTO pigtraxrefdata."City" (name, "lastUpdated", "userUpdated", "id_Country") VALUES ('Palhoça', CURRENT_TIMESTAMP, 'pigtraxadmin', 1);
INSERT INTO pigtraxrefdata."City" (name, "lastUpdated", "userUpdated", "id_Country") VALUES ('Palma', CURRENT_TIMESTAMP, 'pigtraxadmin', 1);
INSERT INTO pigtraxrefdata."City" (name, "lastUpdated", "userUpdated", "id_Country") VALUES ('Palma Sola', CURRENT_TIMESTAMP, 'pigtraxadmin', 1);
INSERT INTO pigtraxrefdata."City" (name, "lastUpdated", "userUpdated", "id_Country") VALUES ('Palmácia', CURRENT_TIMESTAMP, 'pigtraxadmin', 1);
INSERT INTO pigtraxrefdata."City" (name, "lastUpdated", "userUpdated", "id_Country") VALUES ('Palmares', CURRENT_TIMESTAMP, 'pigtraxadmin', 1);
INSERT INTO pigtraxrefdata."City" (name, "lastUpdated", "userUpdated", "id_Country") VALUES ('Palmares do Sul', CURRENT_TIMESTAMP, 'pigtraxadmin', 1);
INSERT INTO pigtraxrefdata."City" (name, "lastUpdated", "userUpdated", "id_Country") VALUES ('Palmares Paulista', CURRENT_TIMESTAMP, 'pigtraxadmin', 1);
INSERT INTO pigtraxrefdata."City" (name, "lastUpdated", "userUpdated", "id_Country") VALUES ('Palmas', CURRENT_TIMESTAMP, 'pigtraxadmin', 1);
INSERT INTO pigtraxrefdata."City" (name, "lastUpdated", "userUpdated", "id_Country") VALUES ('Palmas de Monte Alto', CURRENT_TIMESTAMP, 'pigtraxadmin', 1);
INSERT INTO pigtraxrefdata."City" (name, "lastUpdated", "userUpdated", "id_Country") VALUES ('Palmatória', CURRENT_TIMESTAMP, 'pigtraxadmin', 1);
INSERT INTO pigtraxrefdata."City" (name, "lastUpdated", "userUpdated", "id_Country") VALUES ('Palmeira', CURRENT_TIMESTAMP, 'pigtraxadmin', 1);
INSERT INTO pigtraxrefdata."City" (name, "lastUpdated", "userUpdated", "id_Country") VALUES ('Palmeira das Missões', CURRENT_TIMESTAMP, 'pigtraxadmin', 1);
INSERT INTO pigtraxrefdata."City" (name, "lastUpdated", "userUpdated", "id_Country") VALUES ('Palmeira de Resplendor', CURRENT_TIMESTAMP, 'pigtraxadmin', 1);
INSERT INTO pigtraxrefdata."City" (name, "lastUpdated", "userUpdated", "id_Country") VALUES ('Palmeira do Piauí', CURRENT_TIMESTAMP, 'pigtraxadmin', 1);
INSERT INTO pigtraxrefdata."City" (name, "lastUpdated", "userUpdated", "id_Country") VALUES ('Palmeira d''Oeste', CURRENT_TIMESTAMP, 'pigtraxadmin', 1);
INSERT INTO pigtraxrefdata."City" (name, "lastUpdated", "userUpdated", "id_Country") VALUES ('Palmeira dos Índios', CURRENT_TIMESTAMP, 'pigtraxadmin', 1);
INSERT INTO pigtraxrefdata."City" (name, "lastUpdated", "userUpdated", "id_Country") VALUES ('Palmeirais', CURRENT_TIMESTAMP, 'pigtraxadmin', 1);
INSERT INTO pigtraxrefdata."City" (name, "lastUpdated", "userUpdated", "id_Country") VALUES ('Palmeiral', CURRENT_TIMESTAMP, 'pigtraxadmin', 1);
INSERT INTO pigtraxrefdata."City" (name, "lastUpdated", "userUpdated", "id_Country") VALUES ('Palmeirândia', CURRENT_TIMESTAMP, 'pigtraxadmin', 1);
INSERT INTO pigtraxrefdata."City" (name, "lastUpdated", "userUpdated", "id_Country") VALUES ('Palmeirante', CURRENT_TIMESTAMP, 'pigtraxadmin', 1);
INSERT INTO pigtraxrefdata."City" (name, "lastUpdated", "userUpdated", "id_Country") VALUES ('Palmeiras', CURRENT_TIMESTAMP, 'pigtraxadmin', 1);
INSERT INTO pigtraxrefdata."City" (name, "lastUpdated", "userUpdated", "id_Country") VALUES ('Palmeiras de Goiás', CURRENT_TIMESTAMP, 'pigtraxadmin', 1);
INSERT INTO pigtraxrefdata."City" (name, "lastUpdated", "userUpdated", "id_Country") VALUES ('Palmeiras de São Paulo', CURRENT_TIMESTAMP, 'pigtraxadmin', 1);
INSERT INTO pigtraxrefdata."City" (name, "lastUpdated", "userUpdated", "id_Country") VALUES ('Palmeiras do Manhuaçu', CURRENT_TIMESTAMP, 'pigtraxadmin', 1);
INSERT INTO pigtraxrefdata."City" (name, "lastUpdated", "userUpdated", "id_Country") VALUES ('Palmeiras do Tocantins', CURRENT_TIMESTAMP, 'pigtraxadmin', 1);
INSERT INTO pigtraxrefdata."City" (name, "lastUpdated", "userUpdated", "id_Country") VALUES ('Palmeiras do Vale', CURRENT_TIMESTAMP, 'pigtraxadmin', 1);
INSERT INTO pigtraxrefdata."City" (name, "lastUpdated", "userUpdated", "id_Country") VALUES ('Palmeirina', CURRENT_TIMESTAMP, 'pigtraxadmin', 1);
INSERT INTO pigtraxrefdata."City" (name, "lastUpdated", "userUpdated", "id_Country") VALUES ('Palmeirinha', CURRENT_TIMESTAMP, 'pigtraxadmin', 1);
INSERT INTO pigtraxrefdata."City" (name, "lastUpdated", "userUpdated", "id_Country") VALUES ('Palmeirópolis', CURRENT_TIMESTAMP, 'pigtraxadmin', 1);
INSERT INTO pigtraxrefdata."City" (name, "lastUpdated", "userUpdated", "id_Country") VALUES ('Palmelo', CURRENT_TIMESTAMP, 'pigtraxadmin', 1);
INSERT INTO pigtraxrefdata."City" (name, "lastUpdated", "userUpdated", "id_Country") VALUES ('Palminópolis', CURRENT_TIMESTAMP, 'pigtraxadmin', 1);
INSERT INTO pigtraxrefdata."City" (name, "lastUpdated", "userUpdated", "id_Country") VALUES ('Palmira', CURRENT_TIMESTAMP, 'pigtraxadmin', 1);
INSERT INTO pigtraxrefdata."City" (name, "lastUpdated", "userUpdated", "id_Country") VALUES ('Palmital', CURRENT_TIMESTAMP, 'pigtraxadmin', 1);
INSERT INTO pigtraxrefdata."City" (name, "lastUpdated", "userUpdated", "id_Country") VALUES ('Palmital de Minas', CURRENT_TIMESTAMP, 'pigtraxadmin', 1);
INSERT INTO pigtraxrefdata."City" (name, "lastUpdated", "userUpdated", "id_Country") VALUES ('Palmital dos Carvalhos', CURRENT_TIMESTAMP, 'pigtraxadmin', 1);
INSERT INTO pigtraxrefdata."City" (name, "lastUpdated", "userUpdated", "id_Country") VALUES ('Palmitinho', CURRENT_TIMESTAMP, 'pigtraxadmin', 1);
INSERT INTO pigtraxrefdata."City" (name, "lastUpdated", "userUpdated", "id_Country") VALUES ('Palmitos', CURRENT_TIMESTAMP, 'pigtraxadmin', 1);
INSERT INTO pigtraxrefdata."City" (name, "lastUpdated", "userUpdated", "id_Country") VALUES ('Palmópolis', CURRENT_TIMESTAMP, 'pigtraxadmin', 1);
INSERT INTO pigtraxrefdata."City" (name, "lastUpdated", "userUpdated", "id_Country") VALUES ('Palotina', CURRENT_TIMESTAMP, 'pigtraxadmin', 1);
INSERT INTO pigtraxrefdata."City" (name, "lastUpdated", "userUpdated", "id_Country") VALUES ('Panamá', CURRENT_TIMESTAMP, 'pigtraxadmin', 1);
INSERT INTO pigtraxrefdata."City" (name, "lastUpdated", "userUpdated", "id_Country") VALUES ('Panambi', CURRENT_TIMESTAMP, 'pigtraxadmin', 1);
INSERT INTO pigtraxrefdata."City" (name, "lastUpdated", "userUpdated", "id_Country") VALUES ('Pandeiros', CURRENT_TIMESTAMP, 'pigtraxadmin', 1);
INSERT INTO pigtraxrefdata."City" (name, "lastUpdated", "userUpdated", "id_Country") VALUES ('Panorama', CURRENT_TIMESTAMP, 'pigtraxadmin', 1);
INSERT INTO pigtraxrefdata."City" (name, "lastUpdated", "userUpdated", "id_Country") VALUES ('Pântano de Santa Cruz', CURRENT_TIMESTAMP, 'pigtraxadmin', 1);
INSERT INTO pigtraxrefdata."City" (name, "lastUpdated", "userUpdated", "id_Country") VALUES ('Pântano do Sul', CURRENT_TIMESTAMP, 'pigtraxadmin', 1);
INSERT INTO pigtraxrefdata."City" (name, "lastUpdated", "userUpdated", "id_Country") VALUES ('Pantano Grande', CURRENT_TIMESTAMP, 'pigtraxadmin', 1);
INSERT INTO pigtraxrefdata."City" (name, "lastUpdated", "userUpdated", "id_Country") VALUES ('Pão de Açucar', CURRENT_TIMESTAMP, 'pigtraxadmin', 1);
INSERT INTO pigtraxrefdata."City" (name, "lastUpdated", "userUpdated", "id_Country") VALUES ('Pão de Açúcar', CURRENT_TIMESTAMP, 'pigtraxadmin', 1);
INSERT INTO pigtraxrefdata."City" (name, "lastUpdated", "userUpdated", "id_Country") VALUES ('Papagaios', CURRENT_TIMESTAMP, 'pigtraxadmin', 1);
INSERT INTO pigtraxrefdata."City" (name, "lastUpdated", "userUpdated", "id_Country") VALUES ('Papanduva', CURRENT_TIMESTAMP, 'pigtraxadmin', 1);
INSERT INTO pigtraxrefdata."City" (name, "lastUpdated", "userUpdated", "id_Country") VALUES ('Papara', CURRENT_TIMESTAMP, 'pigtraxadmin', 1);
INSERT INTO pigtraxrefdata."City" (name, "lastUpdated", "userUpdated", "id_Country") VALUES ('Paquetá', CURRENT_TIMESTAMP, 'pigtraxadmin', 1);
INSERT INTO pigtraxrefdata."City" (name, "lastUpdated", "userUpdated", "id_Country") VALUES ('Paquevira', CURRENT_TIMESTAMP, 'pigtraxadmin', 1);
INSERT INTO pigtraxrefdata."City" (name, "lastUpdated", "userUpdated", "id_Country") VALUES ('Pará', CURRENT_TIMESTAMP, 'pigtraxadmin', 1);
INSERT INTO pigtraxrefdata."City" (name, "lastUpdated", "userUpdated", "id_Country") VALUES ('Pará de Minas', CURRENT_TIMESTAMP, 'pigtraxadmin', 1);
INSERT INTO pigtraxrefdata."City" (name, "lastUpdated", "userUpdated", "id_Country") VALUES ('Paracambi', CURRENT_TIMESTAMP, 'pigtraxadmin', 1);
INSERT INTO pigtraxrefdata."City" (name, "lastUpdated", "userUpdated", "id_Country") VALUES ('Paracatu', CURRENT_TIMESTAMP, 'pigtraxadmin', 1);
INSERT INTO pigtraxrefdata."City" (name, "lastUpdated", "userUpdated", "id_Country") VALUES ('Paracuá', CURRENT_TIMESTAMP, 'pigtraxadmin', 1);
INSERT INTO pigtraxrefdata."City" (name, "lastUpdated", "userUpdated", "id_Country") VALUES ('Paracuru', CURRENT_TIMESTAMP, 'pigtraxadmin', 1);
INSERT INTO pigtraxrefdata."City" (name, "lastUpdated", "userUpdated", "id_Country") VALUES ('Paraguaçu Paulista', CURRENT_TIMESTAMP, 'pigtraxadmin', 1);
INSERT INTO pigtraxrefdata."City" (name, "lastUpdated", "userUpdated", "id_Country") VALUES ('Paraguassú', CURRENT_TIMESTAMP, 'pigtraxadmin', 1);
INSERT INTO pigtraxrefdata."City" (name, "lastUpdated", "userUpdated", "id_Country") VALUES ('Paraí', CURRENT_TIMESTAMP, 'pigtraxadmin', 1);
INSERT INTO pigtraxrefdata."City" (name, "lastUpdated", "userUpdated", "id_Country") VALUES ('Paraíba do Sul', CURRENT_TIMESTAMP, 'pigtraxadmin', 1);
INSERT INTO pigtraxrefdata."City" (name, "lastUpdated", "userUpdated", "id_Country") VALUES ('Paraibano', CURRENT_TIMESTAMP, 'pigtraxadmin', 1);
INSERT INTO pigtraxrefdata."City" (name, "lastUpdated", "userUpdated", "id_Country") VALUES ('Paraibuna', CURRENT_TIMESTAMP, 'pigtraxadmin', 1);
INSERT INTO pigtraxrefdata."City" (name, "lastUpdated", "userUpdated", "id_Country") VALUES ('Paraíso', CURRENT_TIMESTAMP, 'pigtraxadmin', 1);
INSERT INTO pigtraxrefdata."City" (name, "lastUpdated", "userUpdated", "id_Country") VALUES ('Paraíso do Norte', CURRENT_TIMESTAMP, 'pigtraxadmin', 1);
INSERT INTO pigtraxrefdata."City" (name, "lastUpdated", "userUpdated", "id_Country") VALUES ('Paraíso do Sul', CURRENT_TIMESTAMP, 'pigtraxadmin', 1);
INSERT INTO pigtraxrefdata."City" (name, "lastUpdated", "userUpdated", "id_Country") VALUES ('Paraíso do Tobias', CURRENT_TIMESTAMP, 'pigtraxadmin', 1);
INSERT INTO pigtraxrefdata."City" (name, "lastUpdated", "userUpdated", "id_Country") VALUES ('Paraisolândia', CURRENT_TIMESTAMP, 'pigtraxadmin', 1);
INSERT INTO pigtraxrefdata."City" (name, "lastUpdated", "userUpdated", "id_Country") VALUES ('Paraisópolis', CURRENT_TIMESTAMP, 'pigtraxadmin', 1);
INSERT INTO pigtraxrefdata."City" (name, "lastUpdated", "userUpdated", "id_Country") VALUES ('Parajuru', CURRENT_TIMESTAMP, 'pigtraxadmin', 1);
INSERT INTO pigtraxrefdata."City" (name, "lastUpdated", "userUpdated", "id_Country") VALUES ('Parambu', CURRENT_TIMESTAMP, 'pigtraxadmin', 1);
INSERT INTO pigtraxrefdata."City" (name, "lastUpdated", "userUpdated", "id_Country") VALUES ('Paramirim', CURRENT_TIMESTAMP, 'pigtraxadmin', 1);
INSERT INTO pigtraxrefdata."City" (name, "lastUpdated", "userUpdated", "id_Country") VALUES ('Paramoti', CURRENT_TIMESTAMP, 'pigtraxadmin', 1);
INSERT INTO pigtraxrefdata."City" (name, "lastUpdated", "userUpdated", "id_Country") VALUES ('Paraná', CURRENT_TIMESTAMP, 'pigtraxadmin', 1);
INSERT INTO pigtraxrefdata."City" (name, "lastUpdated", "userUpdated", "id_Country") VALUES ('Paranã', CURRENT_TIMESTAMP, 'pigtraxadmin', 1);
INSERT INTO pigtraxrefdata."City" (name, "lastUpdated", "userUpdated", "id_Country") VALUES ('Paraná d''Oeste', CURRENT_TIMESTAMP, 'pigtraxadmin', 1);
INSERT INTO pigtraxrefdata."City" (name, "lastUpdated", "userUpdated", "id_Country") VALUES ('Paranacity', CURRENT_TIMESTAMP, 'pigtraxadmin', 1);
INSERT INTO pigtraxrefdata."City" (name, "lastUpdated", "userUpdated", "id_Country") VALUES ('Paranagi', CURRENT_TIMESTAMP, 'pigtraxadmin', 1);
INSERT INTO pigtraxrefdata."City" (name, "lastUpdated", "userUpdated", "id_Country") VALUES ('Paranaguá', CURRENT_TIMESTAMP, 'pigtraxadmin', 1);
INSERT INTO pigtraxrefdata."City" (name, "lastUpdated", "userUpdated", "id_Country") VALUES ('Paranaíba', CURRENT_TIMESTAMP, 'pigtraxadmin', 1);
INSERT INTO pigtraxrefdata."City" (name, "lastUpdated", "userUpdated", "id_Country") VALUES ('Paranaiguara', CURRENT_TIMESTAMP, 'pigtraxadmin', 1);
INSERT INTO pigtraxrefdata."City" (name, "lastUpdated", "userUpdated", "id_Country") VALUES ('Paranaíta', CURRENT_TIMESTAMP, 'pigtraxadmin', 1);
INSERT INTO pigtraxrefdata."City" (name, "lastUpdated", "userUpdated", "id_Country") VALUES ('Paranapanema', CURRENT_TIMESTAMP, 'pigtraxadmin', 1);
INSERT INTO pigtraxrefdata."City" (name, "lastUpdated", "userUpdated", "id_Country") VALUES ('Paranapiacaba', CURRENT_TIMESTAMP, 'pigtraxadmin', 1);
INSERT INTO pigtraxrefdata."City" (name, "lastUpdated", "userUpdated", "id_Country") VALUES ('Paranapoema', CURRENT_TIMESTAMP, 'pigtraxadmin', 1);
INSERT INTO pigtraxrefdata."City" (name, "lastUpdated", "userUpdated", "id_Country") VALUES ('Paranapuã', CURRENT_TIMESTAMP, 'pigtraxadmin', 1);
INSERT INTO pigtraxrefdata."City" (name, "lastUpdated", "userUpdated", "id_Country") VALUES ('Paranatama', CURRENT_TIMESTAMP, 'pigtraxadmin', 1);
INSERT INTO pigtraxrefdata."City" (name, "lastUpdated", "userUpdated", "id_Country") VALUES ('Paranhos', CURRENT_TIMESTAMP, 'pigtraxadmin', 1);
INSERT INTO pigtraxrefdata."City" (name, "lastUpdated", "userUpdated", "id_Country") VALUES ('Paranorte', CURRENT_TIMESTAMP, 'pigtraxadmin', 1);
INSERT INTO pigtraxrefdata."City" (name, "lastUpdated", "userUpdated", "id_Country") VALUES ('Paraopeba', CURRENT_TIMESTAMP, 'pigtraxadmin', 1);
INSERT INTO pigtraxrefdata."City" (name, "lastUpdated", "userUpdated", "id_Country") VALUES ('Parapeúna', CURRENT_TIMESTAMP, 'pigtraxadmin', 1);
INSERT INTO pigtraxrefdata."City" (name, "lastUpdated", "userUpdated", "id_Country") VALUES ('Parateca', CURRENT_TIMESTAMP, 'pigtraxadmin', 1);
INSERT INTO pigtraxrefdata."City" (name, "lastUpdated", "userUpdated", "id_Country") VALUES ('Paratinga', CURRENT_TIMESTAMP, 'pigtraxadmin', 1);
INSERT INTO pigtraxrefdata."City" (name, "lastUpdated", "userUpdated", "id_Country") VALUES ('Paraty', CURRENT_TIMESTAMP, 'pigtraxadmin', 1);
INSERT INTO pigtraxrefdata."City" (name, "lastUpdated", "userUpdated", "id_Country") VALUES ('Paraú', CURRENT_TIMESTAMP, 'pigtraxadmin', 1);
INSERT INTO pigtraxrefdata."City" (name, "lastUpdated", "userUpdated", "id_Country") VALUES ('Parauapebas', CURRENT_TIMESTAMP, 'pigtraxadmin', 1);
INSERT INTO pigtraxrefdata."City" (name, "lastUpdated", "userUpdated", "id_Country") VALUES ('Pardinho', CURRENT_TIMESTAMP, 'pigtraxadmin', 1);
INSERT INTO pigtraxrefdata."City" (name, "lastUpdated", "userUpdated", "id_Country") VALUES ('Parecis', CURRENT_TIMESTAMP, 'pigtraxadmin', 1);
INSERT INTO pigtraxrefdata."City" (name, "lastUpdated", "userUpdated", "id_Country") VALUES ('Parelhas', CURRENT_TIMESTAMP, 'pigtraxadmin', 1);
INSERT INTO pigtraxrefdata."City" (name, "lastUpdated", "userUpdated", "id_Country") VALUES ('Paricatuba', CURRENT_TIMESTAMP, 'pigtraxadmin', 1);
INSERT INTO pigtraxrefdata."City" (name, "lastUpdated", "userUpdated", "id_Country") VALUES ('Pariconha', CURRENT_TIMESTAMP, 'pigtraxadmin', 1);
INSERT INTO pigtraxrefdata."City" (name, "lastUpdated", "userUpdated", "id_Country") VALUES ('Paripiranga', CURRENT_TIMESTAMP, 'pigtraxadmin', 1);
INSERT INTO pigtraxrefdata."City" (name, "lastUpdated", "userUpdated", "id_Country") VALUES ('Paripueira', CURRENT_TIMESTAMP, 'pigtraxadmin', 1);
INSERT INTO pigtraxrefdata."City" (name, "lastUpdated", "userUpdated", "id_Country") VALUES ('Pariquera-Açu', CURRENT_TIMESTAMP, 'pigtraxadmin', 1);
INSERT INTO pigtraxrefdata."City" (name, "lastUpdated", "userUpdated", "id_Country") VALUES ('Parisi', CURRENT_TIMESTAMP, 'pigtraxadmin', 1);
INSERT INTO pigtraxrefdata."City" (name, "lastUpdated", "userUpdated", "id_Country") VALUES ('Parnaguá', CURRENT_TIMESTAMP, 'pigtraxadmin', 1);
INSERT INTO pigtraxrefdata."City" (name, "lastUpdated", "userUpdated", "id_Country") VALUES ('Parnaíba', CURRENT_TIMESTAMP, 'pigtraxadmin', 1);
INSERT INTO pigtraxrefdata."City" (name, "lastUpdated", "userUpdated", "id_Country") VALUES ('Parnamirim', CURRENT_TIMESTAMP, 'pigtraxadmin', 1);
INSERT INTO pigtraxrefdata."City" (name, "lastUpdated", "userUpdated", "id_Country") VALUES ('Parnarama', CURRENT_TIMESTAMP, 'pigtraxadmin', 1);
INSERT INTO pigtraxrefdata."City" (name, "lastUpdated", "userUpdated", "id_Country") VALUES ('Parobé', CURRENT_TIMESTAMP, 'pigtraxadmin', 1);
INSERT INTO pigtraxrefdata."City" (name, "lastUpdated", "userUpdated", "id_Country") VALUES ('Parque Água Limpa', CURRENT_TIMESTAMP, 'pigtraxadmin', 1);
INSERT INTO pigtraxrefdata."City" (name, "lastUpdated", "userUpdated", "id_Country") VALUES ('Parque Durval de Barros', CURRENT_TIMESTAMP, 'pigtraxadmin', 1);
INSERT INTO pigtraxrefdata."City" (name, "lastUpdated", "userUpdated", "id_Country") VALUES ('Parque Eldorado', CURRENT_TIMESTAMP, 'pigtraxadmin', 1);
INSERT INTO pigtraxrefdata."City" (name, "lastUpdated", "userUpdated", "id_Country") VALUES ('Parque Industrial', CURRENT_TIMESTAMP, 'pigtraxadmin', 1);
INSERT INTO pigtraxrefdata."City" (name, "lastUpdated", "userUpdated", "id_Country") VALUES ('Parque Meia Lua', CURRENT_TIMESTAMP, 'pigtraxadmin', 1);
INSERT INTO pigtraxrefdata."City" (name, "lastUpdated", "userUpdated", "id_Country") VALUES ('Pascoal', CURRENT_TIMESTAMP, 'pigtraxadmin', 1);
INSERT INTO pigtraxrefdata."City" (name, "lastUpdated", "userUpdated", "id_Country") VALUES ('Passa e Fica', CURRENT_TIMESTAMP, 'pigtraxadmin', 1);
INSERT INTO pigtraxrefdata."City" (name, "lastUpdated", "userUpdated", "id_Country") VALUES ('Passa Tempo', CURRENT_TIMESTAMP, 'pigtraxadmin', 1);
INSERT INTO pigtraxrefdata."City" (name, "lastUpdated", "userUpdated", "id_Country") VALUES ('Passa Três', CURRENT_TIMESTAMP, 'pigtraxadmin', 1);
INSERT INTO pigtraxrefdata."City" (name, "lastUpdated", "userUpdated", "id_Country") VALUES ('Passabém', CURRENT_TIMESTAMP, 'pigtraxadmin', 1);
INSERT INTO pigtraxrefdata."City" (name, "lastUpdated", "userUpdated", "id_Country") VALUES ('Passagem', CURRENT_TIMESTAMP, 'pigtraxadmin', 1);
INSERT INTO pigtraxrefdata."City" (name, "lastUpdated", "userUpdated", "id_Country") VALUES ('Passagem da Onça', CURRENT_TIMESTAMP, 'pigtraxadmin', 1);
INSERT INTO pigtraxrefdata."City" (name, "lastUpdated", "userUpdated", "id_Country") VALUES ('Passagem de Mariana', CURRENT_TIMESTAMP, 'pigtraxadmin', 1);
INSERT INTO pigtraxrefdata."City" (name, "lastUpdated", "userUpdated", "id_Country") VALUES ('Passagem dos Teixeiras', CURRENT_TIMESTAMP, 'pigtraxadmin', 1);
INSERT INTO pigtraxrefdata."City" (name, "lastUpdated", "userUpdated", "id_Country") VALUES ('Passagem Franca', CURRENT_TIMESTAMP, 'pigtraxadmin', 1);
INSERT INTO pigtraxrefdata."City" (name, "lastUpdated", "userUpdated", "id_Country") VALUES ('Passagem Franca do Piauí', CURRENT_TIMESTAMP, 'pigtraxadmin', 1);
INSERT INTO pigtraxrefdata."City" (name, "lastUpdated", "userUpdated", "id_Country") VALUES ('Passa-Vinte', CURRENT_TIMESTAMP, 'pigtraxadmin', 1);
INSERT INTO pigtraxrefdata."City" (name, "lastUpdated", "userUpdated", "id_Country") VALUES ('Passé', CURRENT_TIMESTAMP, 'pigtraxadmin', 1);
INSERT INTO pigtraxrefdata."City" (name, "lastUpdated", "userUpdated", "id_Country") VALUES ('Passira', CURRENT_TIMESTAMP, 'pigtraxadmin', 1);
INSERT INTO pigtraxrefdata."City" (name, "lastUpdated", "userUpdated", "id_Country") VALUES ('Passo de Camaragibe', CURRENT_TIMESTAMP, 'pigtraxadmin', 1);
INSERT INTO pigtraxrefdata."City" (name, "lastUpdated", "userUpdated", "id_Country") VALUES ('Passo de Torres', CURRENT_TIMESTAMP, 'pigtraxadmin', 1);
INSERT INTO pigtraxrefdata."City" (name, "lastUpdated", "userUpdated", "id_Country") VALUES ('Passo do Sobrado', CURRENT_TIMESTAMP, 'pigtraxadmin', 1);
INSERT INTO pigtraxrefdata."City" (name, "lastUpdated", "userUpdated", "id_Country") VALUES ('Passo Raso', CURRENT_TIMESTAMP, 'pigtraxadmin', 1);
INSERT INTO pigtraxrefdata."City" (name, "lastUpdated", "userUpdated", "id_Country") VALUES ('Passos', CURRENT_TIMESTAMP, 'pigtraxadmin', 1);
INSERT INTO pigtraxrefdata."City" (name, "lastUpdated", "userUpdated", "id_Country") VALUES ('Passos Maia', CURRENT_TIMESTAMP, 'pigtraxadmin', 1);
INSERT INTO pigtraxrefdata."City" (name, "lastUpdated", "userUpdated", "id_Country") VALUES ('Pastos Bons', CURRENT_TIMESTAMP, 'pigtraxadmin', 1);
INSERT INTO pigtraxrefdata."City" (name, "lastUpdated", "userUpdated", "id_Country") VALUES ('Patacas', CURRENT_TIMESTAMP, 'pigtraxadmin', 1);
INSERT INTO pigtraxrefdata."City" (name, "lastUpdated", "userUpdated", "id_Country") VALUES ('Pataíba', CURRENT_TIMESTAMP, 'pigtraxadmin', 1);
INSERT INTO pigtraxrefdata."City" (name, "lastUpdated", "userUpdated", "id_Country") VALUES ('Patis', CURRENT_TIMESTAMP, 'pigtraxadmin', 1);
INSERT INTO pigtraxrefdata."City" (name, "lastUpdated", "userUpdated", "id_Country") VALUES ('Pato Bragado', CURRENT_TIMESTAMP, 'pigtraxadmin', 1);
INSERT INTO pigtraxrefdata."City" (name, "lastUpdated", "userUpdated", "id_Country") VALUES ('Pato Branco', CURRENT_TIMESTAMP, 'pigtraxadmin', 1);
INSERT INTO pigtraxrefdata."City" (name, "lastUpdated", "userUpdated", "id_Country") VALUES ('Patos', CURRENT_TIMESTAMP, 'pigtraxadmin', 1);
INSERT INTO pigtraxrefdata."City" (name, "lastUpdated", "userUpdated", "id_Country") VALUES ('Patos de Minas', CURRENT_TIMESTAMP, 'pigtraxadmin', 1);
INSERT INTO pigtraxrefdata."City" (name, "lastUpdated", "userUpdated", "id_Country") VALUES ('Patos do Piauí', CURRENT_TIMESTAMP, 'pigtraxadmin', 1);
INSERT INTO pigtraxrefdata."City" (name, "lastUpdated", "userUpdated", "id_Country") VALUES ('Patos dos Liberatos', CURRENT_TIMESTAMP, 'pigtraxadmin', 1);
INSERT INTO pigtraxrefdata."City" (name, "lastUpdated", "userUpdated", "id_Country") VALUES ('Patriarca', CURRENT_TIMESTAMP, 'pigtraxadmin', 1);
INSERT INTO pigtraxrefdata."City" (name, "lastUpdated", "userUpdated", "id_Country") VALUES ('Patrocínio', CURRENT_TIMESTAMP, 'pigtraxadmin', 1);
INSERT INTO pigtraxrefdata."City" (name, "lastUpdated", "userUpdated", "id_Country") VALUES ('Patrocínio de Caratinga', CURRENT_TIMESTAMP, 'pigtraxadmin', 1);
INSERT INTO pigtraxrefdata."City" (name, "lastUpdated", "userUpdated", "id_Country") VALUES ('Patrocínio do Muriaé', CURRENT_TIMESTAMP, 'pigtraxadmin', 1);
INSERT INTO pigtraxrefdata."City" (name, "lastUpdated", "userUpdated", "id_Country") VALUES ('Patrocínio Paulista', CURRENT_TIMESTAMP, 'pigtraxadmin', 1);
INSERT INTO pigtraxrefdata."City" (name, "lastUpdated", "userUpdated", "id_Country") VALUES ('Patu', CURRENT_TIMESTAMP, 'pigtraxadmin', 1);
INSERT INTO pigtraxrefdata."City" (name, "lastUpdated", "userUpdated", "id_Country") VALUES ('Paty do Alferes', CURRENT_TIMESTAMP, 'pigtraxadmin', 1);
INSERT INTO pigtraxrefdata."City" (name, "lastUpdated", "userUpdated", "id_Country") VALUES ('Pau Brasil', CURRENT_TIMESTAMP, 'pigtraxadmin', 1);
INSERT INTO pigtraxrefdata."City" (name, "lastUpdated", "userUpdated", "id_Country") VALUES ('Pau D''Arco', CURRENT_TIMESTAMP, 'pigtraxadmin', 1);
INSERT INTO pigtraxrefdata."City" (name, "lastUpdated", "userUpdated", "id_Country") VALUES ('Pau dos Ferros', CURRENT_TIMESTAMP, 'pigtraxadmin', 1);
INSERT INTO pigtraxrefdata."City" (name, "lastUpdated", "userUpdated", "id_Country") VALUES ('Pau Ferro', CURRENT_TIMESTAMP, 'pigtraxadmin', 1);
INSERT INTO pigtraxrefdata."City" (name, "lastUpdated", "userUpdated", "id_Country") VALUES ('Paudalho', CURRENT_TIMESTAMP, 'pigtraxadmin', 1);
INSERT INTO pigtraxrefdata."City" (name, "lastUpdated", "userUpdated", "id_Country") VALUES ('Pauini', CURRENT_TIMESTAMP, 'pigtraxadmin', 1);
INSERT INTO pigtraxrefdata."City" (name, "lastUpdated", "userUpdated", "id_Country") VALUES ('Paula Cândido', CURRENT_TIMESTAMP, 'pigtraxadmin', 1);
INSERT INTO pigtraxrefdata."City" (name, "lastUpdated", "userUpdated", "id_Country") VALUES ('Paula Freitas', CURRENT_TIMESTAMP, 'pigtraxadmin', 1);
INSERT INTO pigtraxrefdata."City" (name, "lastUpdated", "userUpdated", "id_Country") VALUES ('Paulicéia', CURRENT_TIMESTAMP, 'pigtraxadmin', 1);
INSERT INTO pigtraxrefdata."City" (name, "lastUpdated", "userUpdated", "id_Country") VALUES ('Paulínia', CURRENT_TIMESTAMP, 'pigtraxadmin', 1);
INSERT INTO pigtraxrefdata."City" (name, "lastUpdated", "userUpdated", "id_Country") VALUES ('Paulino Neves', CURRENT_TIMESTAMP, 'pigtraxadmin', 1);
INSERT INTO pigtraxrefdata."City" (name, "lastUpdated", "userUpdated", "id_Country") VALUES ('Paulista', CURRENT_TIMESTAMP, 'pigtraxadmin', 1);
INSERT INTO pigtraxrefdata."City" (name, "lastUpdated", "userUpdated", "id_Country") VALUES ('Paulistânia', CURRENT_TIMESTAMP, 'pigtraxadmin', 1);
INSERT INTO pigtraxrefdata."City" (name, "lastUpdated", "userUpdated", "id_Country") VALUES ('Paulistas', CURRENT_TIMESTAMP, 'pigtraxadmin', 1);
INSERT INTO pigtraxrefdata."City" (name, "lastUpdated", "userUpdated", "id_Country") VALUES ('Paulo de Faria', CURRENT_TIMESTAMP, 'pigtraxadmin', 1);
INSERT INTO pigtraxrefdata."City" (name, "lastUpdated", "userUpdated", "id_Country") VALUES ('Paulo Frontin', CURRENT_TIMESTAMP, 'pigtraxadmin', 1);
INSERT INTO pigtraxrefdata."City" (name, "lastUpdated", "userUpdated", "id_Country") VALUES ('Paulo Jacinto', CURRENT_TIMESTAMP, 'pigtraxadmin', 1);
INSERT INTO pigtraxrefdata."City" (name, "lastUpdated", "userUpdated", "id_Country") VALUES ('Paulo Lopes', CURRENT_TIMESTAMP, 'pigtraxadmin', 1);
INSERT INTO pigtraxrefdata."City" (name, "lastUpdated", "userUpdated", "id_Country") VALUES ('Paulo Ramos', CURRENT_TIMESTAMP, 'pigtraxadmin', 1);
INSERT INTO pigtraxrefdata."City" (name, "lastUpdated", "userUpdated", "id_Country") VALUES ('Paulópolis', CURRENT_TIMESTAMP, 'pigtraxadmin', 1);
INSERT INTO pigtraxrefdata."City" (name, "lastUpdated", "userUpdated", "id_Country") VALUES ('Pavão', CURRENT_TIMESTAMP, 'pigtraxadmin', 1);
INSERT INTO pigtraxrefdata."City" (name, "lastUpdated", "userUpdated", "id_Country") VALUES ('Paverama', CURRENT_TIMESTAMP, 'pigtraxadmin', 1);
INSERT INTO pigtraxrefdata."City" (name, "lastUpdated", "userUpdated", "id_Country") VALUES ('Pavuna', CURRENT_TIMESTAMP, 'pigtraxadmin', 1);
INSERT INTO pigtraxrefdata."City" (name, "lastUpdated", "userUpdated", "id_Country") VALUES ('Pavussu', CURRENT_TIMESTAMP, 'pigtraxadmin', 1);
INSERT INTO pigtraxrefdata."City" (name, "lastUpdated", "userUpdated", "id_Country") VALUES ('Paz de Salobro', CURRENT_TIMESTAMP, 'pigtraxadmin', 1);
INSERT INTO pigtraxrefdata."City" (name, "lastUpdated", "userUpdated", "id_Country") VALUES ('Pé do Morro', CURRENT_TIMESTAMP, 'pigtraxadmin', 1);
INSERT INTO pigtraxrefdata."City" (name, "lastUpdated", "userUpdated", "id_Country") VALUES ('Peabiru', CURRENT_TIMESTAMP, 'pigtraxadmin', 1);
INSERT INTO pigtraxrefdata."City" (name, "lastUpdated", "userUpdated", "id_Country") VALUES ('Peçanha', CURRENT_TIMESTAMP, 'pigtraxadmin', 1);
INSERT INTO pigtraxrefdata."City" (name, "lastUpdated", "userUpdated", "id_Country") VALUES ('Pecém', CURRENT_TIMESTAMP, 'pigtraxadmin', 1);
INSERT INTO pigtraxrefdata."City" (name, "lastUpdated", "userUpdated", "id_Country") VALUES ('Pederneiras', CURRENT_TIMESTAMP, 'pigtraxadmin', 1);
INSERT INTO pigtraxrefdata."City" (name, "lastUpdated", "userUpdated", "id_Country") VALUES ('Pedra Branca', CURRENT_TIMESTAMP, 'pigtraxadmin', 1);
INSERT INTO pigtraxrefdata."City" (name, "lastUpdated", "userUpdated", "id_Country") VALUES ('Pedra Branca de Itararé', CURRENT_TIMESTAMP, 'pigtraxadmin', 1);
INSERT INTO pigtraxrefdata."City" (name, "lastUpdated", "userUpdated", "id_Country") VALUES ('Pedra Branca do Amaparí', CURRENT_TIMESTAMP, 'pigtraxadmin', 1);
INSERT INTO pigtraxrefdata."City" (name, "lastUpdated", "userUpdated", "id_Country") VALUES ('Pedra Corrida', CURRENT_TIMESTAMP, 'pigtraxadmin', 1);
INSERT INTO pigtraxrefdata."City" (name, "lastUpdated", "userUpdated", "id_Country") VALUES ('Pedra do Anta', CURRENT_TIMESTAMP, 'pigtraxadmin', 1);
INSERT INTO pigtraxrefdata."City" (name, "lastUpdated", "userUpdated", "id_Country") VALUES ('Pedra do Indaiá', CURRENT_TIMESTAMP, 'pigtraxadmin', 1);
INSERT INTO pigtraxrefdata."City" (name, "lastUpdated", "userUpdated", "id_Country") VALUES ('Pedra do Sino', CURRENT_TIMESTAMP, 'pigtraxadmin', 1);
INSERT INTO pigtraxrefdata."City" (name, "lastUpdated", "userUpdated", "id_Country") VALUES ('Pedra Dourada', CURRENT_TIMESTAMP, 'pigtraxadmin', 1);
INSERT INTO pigtraxrefdata."City" (name, "lastUpdated", "userUpdated", "id_Country") VALUES ('Pedra e Cal', CURRENT_TIMESTAMP, 'pigtraxadmin', 1);
INSERT INTO pigtraxrefdata."City" (name, "lastUpdated", "userUpdated", "id_Country") VALUES ('Pedra Grande', CURRENT_TIMESTAMP, 'pigtraxadmin', 1);
INSERT INTO pigtraxrefdata."City" (name, "lastUpdated", "userUpdated", "id_Country") VALUES ('Pedra Lavrada', CURRENT_TIMESTAMP, 'pigtraxadmin', 1);
INSERT INTO pigtraxrefdata."City" (name, "lastUpdated", "userUpdated", "id_Country") VALUES ('Pedra Menina', CURRENT_TIMESTAMP, 'pigtraxadmin', 1);
INSERT INTO pigtraxrefdata."City" (name, "lastUpdated", "userUpdated", "id_Country") VALUES ('Pedra Mole', CURRENT_TIMESTAMP, 'pigtraxadmin', 1);
INSERT INTO pigtraxrefdata."City" (name, "lastUpdated", "userUpdated", "id_Country") VALUES ('Pedra Preta', CURRENT_TIMESTAMP, 'pigtraxadmin', 1);
INSERT INTO pigtraxrefdata."City" (name, "lastUpdated", "userUpdated", "id_Country") VALUES ('Pedra Selada', CURRENT_TIMESTAMP, 'pigtraxadmin', 1);
INSERT INTO pigtraxrefdata."City" (name, "lastUpdated", "userUpdated", "id_Country") VALUES ('Pedranópolis', CURRENT_TIMESTAMP, 'pigtraxadmin', 1);
INSERT INTO pigtraxrefdata."City" (name, "lastUpdated", "userUpdated", "id_Country") VALUES ('Pedrão', CURRENT_TIMESTAMP, 'pigtraxadmin', 1);
INSERT INTO pigtraxrefdata."City" (name, "lastUpdated", "userUpdated", "id_Country") VALUES ('Pedras', CURRENT_TIMESTAMP, 'pigtraxadmin', 1);
INSERT INTO pigtraxrefdata."City" (name, "lastUpdated", "userUpdated", "id_Country") VALUES ('Pedras Altas', CURRENT_TIMESTAMP, 'pigtraxadmin', 1);
INSERT INTO pigtraxrefdata."City" (name, "lastUpdated", "userUpdated", "id_Country") VALUES ('Pedras Brancas', CURRENT_TIMESTAMP, 'pigtraxadmin', 1);
INSERT INTO pigtraxrefdata."City" (name, "lastUpdated", "userUpdated", "id_Country") VALUES ('Pedras de Fogo', CURRENT_TIMESTAMP, 'pigtraxadmin', 1);
INSERT INTO pigtraxrefdata."City" (name, "lastUpdated", "userUpdated", "id_Country") VALUES ('Pedras de Maria da Cruz', CURRENT_TIMESTAMP, 'pigtraxadmin', 1);
INSERT INTO pigtraxrefdata."City" (name, "lastUpdated", "userUpdated", "id_Country") VALUES ('Pedras Grandes', CURRENT_TIMESTAMP, 'pigtraxadmin', 1);
INSERT INTO pigtraxrefdata."City" (name, "lastUpdated", "userUpdated", "id_Country") VALUES ('Pedregulho', CURRENT_TIMESTAMP, 'pigtraxadmin', 1);
INSERT INTO pigtraxrefdata."City" (name, "lastUpdated", "userUpdated", "id_Country") VALUES ('Pedreira', CURRENT_TIMESTAMP, 'pigtraxadmin', 1);
INSERT INTO pigtraxrefdata."City" (name, "lastUpdated", "userUpdated", "id_Country") VALUES ('Pedreiras', CURRENT_TIMESTAMP, 'pigtraxadmin', 1);
INSERT INTO pigtraxrefdata."City" (name, "lastUpdated", "userUpdated", "id_Country") VALUES ('Pedrinhas', CURRENT_TIMESTAMP, 'pigtraxadmin', 1);
INSERT INTO pigtraxrefdata."City" (name, "lastUpdated", "userUpdated", "id_Country") VALUES ('Pedrinhas Paulista', CURRENT_TIMESTAMP, 'pigtraxadmin', 1);
INSERT INTO pigtraxrefdata."City" (name, "lastUpdated", "userUpdated", "id_Country") VALUES ('Pedrinópolis', CURRENT_TIMESTAMP, 'pigtraxadmin', 1);
INSERT INTO pigtraxrefdata."City" (name, "lastUpdated", "userUpdated", "id_Country") VALUES ('Pedro Afonso', CURRENT_TIMESTAMP, 'pigtraxadmin', 1);
INSERT INTO pigtraxrefdata."City" (name, "lastUpdated", "userUpdated", "id_Country") VALUES ('Pedro Alexandre', CURRENT_TIMESTAMP, 'pigtraxadmin', 1);
INSERT INTO pigtraxrefdata."City" (name, "lastUpdated", "userUpdated", "id_Country") VALUES ('Pedro Avelino', CURRENT_TIMESTAMP, 'pigtraxadmin', 1);
INSERT INTO pigtraxrefdata."City" (name, "lastUpdated", "userUpdated", "id_Country") VALUES ('Pedro Barros', CURRENT_TIMESTAMP, 'pigtraxadmin', 1);
INSERT INTO pigtraxrefdata."City" (name, "lastUpdated", "userUpdated", "id_Country") VALUES ('Pedro Canário', CURRENT_TIMESTAMP, 'pigtraxadmin', 1);
INSERT INTO pigtraxrefdata."City" (name, "lastUpdated", "userUpdated", "id_Country") VALUES ('Pedro de Toledo', CURRENT_TIMESTAMP, 'pigtraxadmin', 1);
INSERT INTO pigtraxrefdata."City" (name, "lastUpdated", "userUpdated", "id_Country") VALUES ('Pedro do Rio', CURRENT_TIMESTAMP, 'pigtraxadmin', 1);
INSERT INTO pigtraxrefdata."City" (name, "lastUpdated", "userUpdated", "id_Country") VALUES ('Pedro do Rosário', CURRENT_TIMESTAMP, 'pigtraxadmin', 1);
INSERT INTO pigtraxrefdata."City" (name, "lastUpdated", "userUpdated", "id_Country") VALUES ('Pedro Gomes', CURRENT_TIMESTAMP, 'pigtraxadmin', 1);
INSERT INTO pigtraxrefdata."City" (name, "lastUpdated", "userUpdated", "id_Country") VALUES ('Pedro II', CURRENT_TIMESTAMP, 'pigtraxadmin', 1);
INSERT INTO pigtraxrefdata."City" (name, "lastUpdated", "userUpdated", "id_Country") VALUES ('Pedro Laurentino', CURRENT_TIMESTAMP, 'pigtraxadmin', 1);
INSERT INTO pigtraxrefdata."City" (name, "lastUpdated", "userUpdated", "id_Country") VALUES ('Pedro Leopoldo', CURRENT_TIMESTAMP, 'pigtraxadmin', 1);
INSERT INTO pigtraxrefdata."City" (name, "lastUpdated", "userUpdated", "id_Country") VALUES ('Pedro Osório', CURRENT_TIMESTAMP, 'pigtraxadmin', 1);
INSERT INTO pigtraxrefdata."City" (name, "lastUpdated", "userUpdated", "id_Country") VALUES ('Pedro Régis', CURRENT_TIMESTAMP, 'pigtraxadmin', 1);
INSERT INTO pigtraxrefdata."City" (name, "lastUpdated", "userUpdated", "id_Country") VALUES ('Pedro Teixeira', CURRENT_TIMESTAMP, 'pigtraxadmin', 1);
INSERT INTO pigtraxrefdata."City" (name, "lastUpdated", "userUpdated", "id_Country") VALUES ('Pedro Velho', CURRENT_TIMESTAMP, 'pigtraxadmin', 1);
INSERT INTO pigtraxrefdata."City" (name, "lastUpdated", "userUpdated", "id_Country") VALUES ('Pedro Versiani', CURRENT_TIMESTAMP, 'pigtraxadmin', 1);
INSERT INTO pigtraxrefdata."City" (name, "lastUpdated", "userUpdated", "id_Country") VALUES ('Peixe', CURRENT_TIMESTAMP, 'pigtraxadmin', 1);
INSERT INTO pigtraxrefdata."City" (name, "lastUpdated", "userUpdated", "id_Country") VALUES ('Peixe-Boi', CURRENT_TIMESTAMP, 'pigtraxadmin', 1);
INSERT INTO pigtraxrefdata."City" (name, "lastUpdated", "userUpdated", "id_Country") VALUES ('Peixoto de Azevedo', CURRENT_TIMESTAMP, 'pigtraxadmin', 1);
INSERT INTO pigtraxrefdata."City" (name, "lastUpdated", "userUpdated", "id_Country") VALUES ('Pejuçara', CURRENT_TIMESTAMP, 'pigtraxadmin', 1);
INSERT INTO pigtraxrefdata."City" (name, "lastUpdated", "userUpdated", "id_Country") VALUES ('Penaforte', CURRENT_TIMESTAMP, 'pigtraxadmin', 1);
INSERT INTO pigtraxrefdata."City" (name, "lastUpdated", "userUpdated", "id_Country") VALUES ('Penalva', CURRENT_TIMESTAMP, 'pigtraxadmin', 1);
INSERT INTO pigtraxrefdata."City" (name, "lastUpdated", "userUpdated", "id_Country") VALUES ('Penápolis', CURRENT_TIMESTAMP, 'pigtraxadmin', 1);
INSERT INTO pigtraxrefdata."City" (name, "lastUpdated", "userUpdated", "id_Country") VALUES ('Pendências', CURRENT_TIMESTAMP, 'pigtraxadmin', 1);
INSERT INTO pigtraxrefdata."City" (name, "lastUpdated", "userUpdated", "id_Country") VALUES ('Penedia', CURRENT_TIMESTAMP, 'pigtraxadmin', 1);
INSERT INTO pigtraxrefdata."City" (name, "lastUpdated", "userUpdated", "id_Country") VALUES ('Penedo', CURRENT_TIMESTAMP, 'pigtraxadmin', 1);
INSERT INTO pigtraxrefdata."City" (name, "lastUpdated", "userUpdated", "id_Country") VALUES ('Penha', CURRENT_TIMESTAMP, 'pigtraxadmin', 1);
INSERT INTO pigtraxrefdata."City" (name, "lastUpdated", "userUpdated", "id_Country") VALUES ('Penha do Capim', CURRENT_TIMESTAMP, 'pigtraxadmin', 1);
INSERT INTO pigtraxrefdata."City" (name, "lastUpdated", "userUpdated", "id_Country") VALUES ('Penha do Cassiano', CURRENT_TIMESTAMP, 'pigtraxadmin', 1);
INSERT INTO pigtraxrefdata."City" (name, "lastUpdated", "userUpdated", "id_Country") VALUES ('Penha Longa', CURRENT_TIMESTAMP, 'pigtraxadmin', 1);
INSERT INTO pigtraxrefdata."City" (name, "lastUpdated", "userUpdated", "id_Country") VALUES ('Pentecoste', CURRENT_TIMESTAMP, 'pigtraxadmin', 1);
INSERT INTO pigtraxrefdata."City" (name, "lastUpdated", "userUpdated", "id_Country") VALUES ('Pequeri', CURRENT_TIMESTAMP, 'pigtraxadmin', 1);
INSERT INTO pigtraxrefdata."City" (name, "lastUpdated", "userUpdated", "id_Country") VALUES ('Pequi', CURRENT_TIMESTAMP, 'pigtraxadmin', 1);
INSERT INTO pigtraxrefdata."City" (name, "lastUpdated", "userUpdated", "id_Country") VALUES ('Pequiá', CURRENT_TIMESTAMP, 'pigtraxadmin', 1);
INSERT INTO pigtraxrefdata."City" (name, "lastUpdated", "userUpdated", "id_Country") VALUES ('Pequizeiro', CURRENT_TIMESTAMP, 'pigtraxadmin', 1);
INSERT INTO pigtraxrefdata."City" (name, "lastUpdated", "userUpdated", "id_Country") VALUES ('Perdigão', CURRENT_TIMESTAMP, 'pigtraxadmin', 1);
INSERT INTO pigtraxrefdata."City" (name, "lastUpdated", "userUpdated", "id_Country") VALUES ('Perdizes', CURRENT_TIMESTAMP, 'pigtraxadmin', 1);
INSERT INTO pigtraxrefdata."City" (name, "lastUpdated", "userUpdated", "id_Country") VALUES ('Perdões', CURRENT_TIMESTAMP, 'pigtraxadmin', 1);
INSERT INTO pigtraxrefdata."City" (name, "lastUpdated", "userUpdated", "id_Country") VALUES ('Pereira', CURRENT_TIMESTAMP, 'pigtraxadmin', 1);
INSERT INTO pigtraxrefdata."City" (name, "lastUpdated", "userUpdated", "id_Country") VALUES ('Pereira Barreto', CURRENT_TIMESTAMP, 'pigtraxadmin', 1);
INSERT INTO pigtraxrefdata."City" (name, "lastUpdated", "userUpdated", "id_Country") VALUES ('Pereiras', CURRENT_TIMESTAMP, 'pigtraxadmin', 1);
INSERT INTO pigtraxrefdata."City" (name, "lastUpdated", "userUpdated", "id_Country") VALUES ('Pereirinhas', CURRENT_TIMESTAMP, 'pigtraxadmin', 1);
INSERT INTO pigtraxrefdata."City" (name, "lastUpdated", "userUpdated", "id_Country") VALUES ('Pereiro', CURRENT_TIMESTAMP, 'pigtraxadmin', 1);
INSERT INTO pigtraxrefdata."City" (name, "lastUpdated", "userUpdated", "id_Country") VALUES ('Peri Mirim', CURRENT_TIMESTAMP, 'pigtraxadmin', 1);
INSERT INTO pigtraxrefdata."City" (name, "lastUpdated", "userUpdated", "id_Country") VALUES ('Periquito', CURRENT_TIMESTAMP, 'pigtraxadmin', 1);
INSERT INTO pigtraxrefdata."City" (name, "lastUpdated", "userUpdated", "id_Country") VALUES ('Peritiba', CURRENT_TIMESTAMP, 'pigtraxadmin', 1);
INSERT INTO pigtraxrefdata."City" (name, "lastUpdated", "userUpdated", "id_Country") VALUES ('Peritoró', CURRENT_TIMESTAMP, 'pigtraxadmin', 1);
INSERT INTO pigtraxrefdata."City" (name, "lastUpdated", "userUpdated", "id_Country") VALUES ('Pernambuquinho', CURRENT_TIMESTAMP, 'pigtraxadmin', 1);
INSERT INTO pigtraxrefdata."City" (name, "lastUpdated", "userUpdated", "id_Country") VALUES ('Perobal', CURRENT_TIMESTAMP, 'pigtraxadmin', 1);
INSERT INTO pigtraxrefdata."City" (name, "lastUpdated", "userUpdated", "id_Country") VALUES ('Pérola', CURRENT_TIMESTAMP, 'pigtraxadmin', 1);
INSERT INTO pigtraxrefdata."City" (name, "lastUpdated", "userUpdated", "id_Country") VALUES ('Pérola d''Oeste', CURRENT_TIMESTAMP, 'pigtraxadmin', 1);
INSERT INTO pigtraxrefdata."City" (name, "lastUpdated", "userUpdated", "id_Country") VALUES ('Pérola Independente', CURRENT_TIMESTAMP, 'pigtraxadmin', 1);
INSERT INTO pigtraxrefdata."City" (name, "lastUpdated", "userUpdated", "id_Country") VALUES ('Perolândia', CURRENT_TIMESTAMP, 'pigtraxadmin', 1);
INSERT INTO pigtraxrefdata."City" (name, "lastUpdated", "userUpdated", "id_Country") VALUES ('Perpétuo Socorro', CURRENT_TIMESTAMP, 'pigtraxadmin', 1);
INSERT INTO pigtraxrefdata."City" (name, "lastUpdated", "userUpdated", "id_Country") VALUES ('Peruíbe', CURRENT_TIMESTAMP, 'pigtraxadmin', 1);
INSERT INTO pigtraxrefdata."City" (name, "lastUpdated", "userUpdated", "id_Country") VALUES ('Pescador', CURRENT_TIMESTAMP, 'pigtraxadmin', 1);
INSERT INTO pigtraxrefdata."City" (name, "lastUpdated", "userUpdated", "id_Country") VALUES ('Pesqueira', CURRENT_TIMESTAMP, 'pigtraxadmin', 1);
INSERT INTO pigtraxrefdata."City" (name, "lastUpdated", "userUpdated", "id_Country") VALUES ('Pessoa Anta', CURRENT_TIMESTAMP, 'pigtraxadmin', 1);
INSERT INTO pigtraxrefdata."City" (name, "lastUpdated", "userUpdated", "id_Country") VALUES ('Petrolândia', CURRENT_TIMESTAMP, 'pigtraxadmin', 1);
INSERT INTO pigtraxrefdata."City" (name, "lastUpdated", "userUpdated", "id_Country") VALUES ('Petrolina', CURRENT_TIMESTAMP, 'pigtraxadmin', 1);
INSERT INTO pigtraxrefdata."City" (name, "lastUpdated", "userUpdated", "id_Country") VALUES ('Piaçabuçu', CURRENT_TIMESTAMP, 'pigtraxadmin', 1);
INSERT INTO pigtraxrefdata."City" (name, "lastUpdated", "userUpdated", "id_Country") VALUES ('Piacatu', CURRENT_TIMESTAMP, 'pigtraxadmin', 1);
INSERT INTO pigtraxrefdata."City" (name, "lastUpdated", "userUpdated", "id_Country") VALUES ('Piacatuba', CURRENT_TIMESTAMP, 'pigtraxadmin', 1);
INSERT INTO pigtraxrefdata."City" (name, "lastUpdated", "userUpdated", "id_Country") VALUES ('Piaçu', CURRENT_TIMESTAMP, 'pigtraxadmin', 1);
INSERT INTO pigtraxrefdata."City" (name, "lastUpdated", "userUpdated", "id_Country") VALUES ('Piancó', CURRENT_TIMESTAMP, 'pigtraxadmin', 1);
INSERT INTO pigtraxrefdata."City" (name, "lastUpdated", "userUpdated", "id_Country") VALUES ('Piatã', CURRENT_TIMESTAMP, 'pigtraxadmin', 1);
INSERT INTO pigtraxrefdata."City" (name, "lastUpdated", "userUpdated", "id_Country") VALUES ('Picada São Jacob', CURRENT_TIMESTAMP, 'pigtraxadmin', 1);
INSERT INTO pigtraxrefdata."City" (name, "lastUpdated", "userUpdated", "id_Country") VALUES ('Piçarra', CURRENT_TIMESTAMP, 'pigtraxadmin', 1);
INSERT INTO pigtraxrefdata."City" (name, "lastUpdated", "userUpdated", "id_Country") VALUES ('Piçarrão', CURRENT_TIMESTAMP, 'pigtraxadmin', 1);
INSERT INTO pigtraxrefdata."City" (name, "lastUpdated", "userUpdated", "id_Country") VALUES ('Picinguaba', CURRENT_TIMESTAMP, 'pigtraxadmin', 1);
INSERT INTO pigtraxrefdata."City" (name, "lastUpdated", "userUpdated", "id_Country") VALUES ('Picos', CURRENT_TIMESTAMP, 'pigtraxadmin', 1);
INSERT INTO pigtraxrefdata."City" (name, "lastUpdated", "userUpdated", "id_Country") VALUES ('Picuí', CURRENT_TIMESTAMP, 'pigtraxadmin', 1);
INSERT INTO pigtraxrefdata."City" (name, "lastUpdated", "userUpdated", "id_Country") VALUES ('Piedade', CURRENT_TIMESTAMP, 'pigtraxadmin', 1);
INSERT INTO pigtraxrefdata."City" (name, "lastUpdated", "userUpdated", "id_Country") VALUES ('Piedade de Caratinga', CURRENT_TIMESTAMP, 'pigtraxadmin', 1);
INSERT INTO pigtraxrefdata."City" (name, "lastUpdated", "userUpdated", "id_Country") VALUES ('Piedade de Ponte Nova', CURRENT_TIMESTAMP, 'pigtraxadmin', 1);
INSERT INTO pigtraxrefdata."City" (name, "lastUpdated", "userUpdated", "id_Country") VALUES ('Piedade do Paraopeba', CURRENT_TIMESTAMP, 'pigtraxadmin', 1);
INSERT INTO pigtraxrefdata."City" (name, "lastUpdated", "userUpdated", "id_Country") VALUES ('Piedade do Rio Grande', CURRENT_TIMESTAMP, 'pigtraxadmin', 1);
INSERT INTO pigtraxrefdata."City" (name, "lastUpdated", "userUpdated", "id_Country") VALUES ('Piedade dos Gerais', CURRENT_TIMESTAMP, 'pigtraxadmin', 1);
INSERT INTO pigtraxrefdata."City" (name, "lastUpdated", "userUpdated", "id_Country") VALUES ('Piên', CURRENT_TIMESTAMP, 'pigtraxadmin', 1);
INSERT INTO pigtraxrefdata."City" (name, "lastUpdated", "userUpdated", "id_Country") VALUES ('Pilar', CURRENT_TIMESTAMP, 'pigtraxadmin', 1);
INSERT INTO pigtraxrefdata."City" (name, "lastUpdated", "userUpdated", "id_Country") VALUES ('Pilar de Goiás', CURRENT_TIMESTAMP, 'pigtraxadmin', 1);
INSERT INTO pigtraxrefdata."City" (name, "lastUpdated", "userUpdated", "id_Country") VALUES ('Pilar do Sul', CURRENT_TIMESTAMP, 'pigtraxadmin', 1);
INSERT INTO pigtraxrefdata."City" (name, "lastUpdated", "userUpdated", "id_Country") VALUES ('Pilões', CURRENT_TIMESTAMP, 'pigtraxadmin', 1);
INSERT INTO pigtraxrefdata."City" (name, "lastUpdated", "userUpdated", "id_Country") VALUES ('Pilõezinhos', CURRENT_TIMESTAMP, 'pigtraxadmin', 1);
INSERT INTO pigtraxrefdata."City" (name, "lastUpdated", "userUpdated", "id_Country") VALUES ('Pimenta', CURRENT_TIMESTAMP, 'pigtraxadmin', 1);
INSERT INTO pigtraxrefdata."City" (name, "lastUpdated", "userUpdated", "id_Country") VALUES ('Pimenta Bueno', CURRENT_TIMESTAMP, 'pigtraxadmin', 1);
INSERT INTO pigtraxrefdata."City" (name, "lastUpdated", "userUpdated", "id_Country") VALUES ('Pimenteiras', CURRENT_TIMESTAMP, 'pigtraxadmin', 1);
INSERT INTO pigtraxrefdata."City" (name, "lastUpdated", "userUpdated", "id_Country") VALUES ('Pimenteiras do Oeste', CURRENT_TIMESTAMP, 'pigtraxadmin', 1);
INSERT INTO pigtraxrefdata."City" (name, "lastUpdated", "userUpdated", "id_Country") VALUES ('Pimentel', CURRENT_TIMESTAMP, 'pigtraxadmin', 1);
INSERT INTO pigtraxrefdata."City" (name, "lastUpdated", "userUpdated", "id_Country") VALUES ('Pindaí', CURRENT_TIMESTAMP, 'pigtraxadmin', 1);
INSERT INTO pigtraxrefdata."City" (name, "lastUpdated", "userUpdated", "id_Country") VALUES ('Pindaíbas', CURRENT_TIMESTAMP, 'pigtraxadmin', 1);
INSERT INTO pigtraxrefdata."City" (name, "lastUpdated", "userUpdated", "id_Country") VALUES ('Pindamonhangaba', CURRENT_TIMESTAMP, 'pigtraxadmin', 1);
INSERT INTO pigtraxrefdata."City" (name, "lastUpdated", "userUpdated", "id_Country") VALUES ('Pindaré-Mirim', CURRENT_TIMESTAMP, 'pigtraxadmin', 1);
INSERT INTO pigtraxrefdata."City" (name, "lastUpdated", "userUpdated", "id_Country") VALUES ('Pindoba', CURRENT_TIMESTAMP, 'pigtraxadmin', 1);
INSERT INTO pigtraxrefdata."City" (name, "lastUpdated", "userUpdated", "id_Country") VALUES ('Pindobaçu', CURRENT_TIMESTAMP, 'pigtraxadmin', 1);
INSERT INTO pigtraxrefdata."City" (name, "lastUpdated", "userUpdated", "id_Country") VALUES ('Pindorama', CURRENT_TIMESTAMP, 'pigtraxadmin', 1);
INSERT INTO pigtraxrefdata."City" (name, "lastUpdated", "userUpdated", "id_Country") VALUES ('Pindorama do Tocantins', CURRENT_TIMESTAMP, 'pigtraxadmin', 1);
INSERT INTO pigtraxrefdata."City" (name, "lastUpdated", "userUpdated", "id_Country") VALUES ('Pindoretama', CURRENT_TIMESTAMP, 'pigtraxadmin', 1);
INSERT INTO pigtraxrefdata."City" (name, "lastUpdated", "userUpdated", "id_Country") VALUES ('Pindotiba', CURRENT_TIMESTAMP, 'pigtraxadmin', 1);
INSERT INTO pigtraxrefdata."City" (name, "lastUpdated", "userUpdated", "id_Country") VALUES ('Pingo-d''Água', CURRENT_TIMESTAMP, 'pigtraxadmin', 1);
INSERT INTO pigtraxrefdata."City" (name, "lastUpdated", "userUpdated", "id_Country") VALUES ('Pinhais', CURRENT_TIMESTAMP, 'pigtraxadmin', 1);
INSERT INTO pigtraxrefdata."City" (name, "lastUpdated", "userUpdated", "id_Country") VALUES ('Pinhal', CURRENT_TIMESTAMP, 'pigtraxadmin', 1);
INSERT INTO pigtraxrefdata."City" (name, "lastUpdated", "userUpdated", "id_Country") VALUES ('Pinhal Alto', CURRENT_TIMESTAMP, 'pigtraxadmin', 1);
INSERT INTO pigtraxrefdata."City" (name, "lastUpdated", "userUpdated", "id_Country") VALUES ('Pinhal de São Bento', CURRENT_TIMESTAMP, 'pigtraxadmin', 1);
INSERT INTO pigtraxrefdata."City" (name, "lastUpdated", "userUpdated", "id_Country") VALUES ('Pinhal Grande', CURRENT_TIMESTAMP, 'pigtraxadmin', 1);
INSERT INTO pigtraxrefdata."City" (name, "lastUpdated", "userUpdated", "id_Country") VALUES ('Pinhalão', CURRENT_TIMESTAMP, 'pigtraxadmin', 1);
INSERT INTO pigtraxrefdata."City" (name, "lastUpdated", "userUpdated", "id_Country") VALUES ('Pinhalzinho', CURRENT_TIMESTAMP, 'pigtraxadmin', 1);
INSERT INTO pigtraxrefdata."City" (name, "lastUpdated", "userUpdated", "id_Country") VALUES ('Pinhão', CURRENT_TIMESTAMP, 'pigtraxadmin', 1);
INSERT INTO pigtraxrefdata."City" (name, "lastUpdated", "userUpdated", "id_Country") VALUES ('Pinheiral', CURRENT_TIMESTAMP, 'pigtraxadmin', 1);
INSERT INTO pigtraxrefdata."City" (name, "lastUpdated", "userUpdated", "id_Country") VALUES ('Pinheirinho do Vale', CURRENT_TIMESTAMP, 'pigtraxadmin', 1);
INSERT INTO pigtraxrefdata."City" (name, "lastUpdated", "userUpdated", "id_Country") VALUES ('Pinheirinhos', CURRENT_TIMESTAMP, 'pigtraxadmin', 1);
INSERT INTO pigtraxrefdata."City" (name, "lastUpdated", "userUpdated", "id_Country") VALUES ('Pinheiro', CURRENT_TIMESTAMP, 'pigtraxadmin', 1);
INSERT INTO pigtraxrefdata."City" (name, "lastUpdated", "userUpdated", "id_Country") VALUES ('Pinheiro de Minas', CURRENT_TIMESTAMP, 'pigtraxadmin', 1);
INSERT INTO pigtraxrefdata."City" (name, "lastUpdated", "userUpdated", "id_Country") VALUES ('Pinheiro Grosso', CURRENT_TIMESTAMP, 'pigtraxadmin', 1);
INSERT INTO pigtraxrefdata."City" (name, "lastUpdated", "userUpdated", "id_Country") VALUES ('Pinheiro Machado', CURRENT_TIMESTAMP, 'pigtraxadmin', 1);
INSERT INTO pigtraxrefdata."City" (name, "lastUpdated", "userUpdated", "id_Country") VALUES ('Pinheiro Preto', CURRENT_TIMESTAMP, 'pigtraxadmin', 1);
INSERT INTO pigtraxrefdata."City" (name, "lastUpdated", "userUpdated", "id_Country") VALUES ('Pinheiros', CURRENT_TIMESTAMP, 'pigtraxadmin', 1);
INSERT INTO pigtraxrefdata."City" (name, "lastUpdated", "userUpdated", "id_Country") VALUES ('Pinto Bandeira', CURRENT_TIMESTAMP, 'pigtraxadmin', 1);
INSERT INTO pigtraxrefdata."City" (name, "lastUpdated", "userUpdated", "id_Country") VALUES ('Pintópolis', CURRENT_TIMESTAMP, 'pigtraxadmin', 1);
INSERT INTO pigtraxrefdata."City" (name, "lastUpdated", "userUpdated", "id_Country") VALUES ('Pio IX', CURRENT_TIMESTAMP, 'pigtraxadmin', 1);
INSERT INTO pigtraxrefdata."City" (name, "lastUpdated", "userUpdated", "id_Country") VALUES ('Pio X', CURRENT_TIMESTAMP, 'pigtraxadmin', 1);
INSERT INTO pigtraxrefdata."City" (name, "lastUpdated", "userUpdated", "id_Country") VALUES ('Pio XII', CURRENT_TIMESTAMP, 'pigtraxadmin', 1);
INSERT INTO pigtraxrefdata."City" (name, "lastUpdated", "userUpdated", "id_Country") VALUES ('Pioneiros', CURRENT_TIMESTAMP, 'pigtraxadmin', 1);
INSERT INTO pigtraxrefdata."City" (name, "lastUpdated", "userUpdated", "id_Country") VALUES ('Pipeiras', CURRENT_TIMESTAMP, 'pigtraxadmin', 1);
INSERT INTO pigtraxrefdata."City" (name, "lastUpdated", "userUpdated", "id_Country") VALUES ('Piquerobi', CURRENT_TIMESTAMP, 'pigtraxadmin', 1);
INSERT INTO pigtraxrefdata."City" (name, "lastUpdated", "userUpdated", "id_Country") VALUES ('Piquet Carneiro', CURRENT_TIMESTAMP, 'pigtraxadmin', 1);
INSERT INTO pigtraxrefdata."City" (name, "lastUpdated", "userUpdated", "id_Country") VALUES ('Piquirivaí', CURRENT_TIMESTAMP, 'pigtraxadmin', 1);
INSERT INTO pigtraxrefdata."City" (name, "lastUpdated", "userUpdated", "id_Country") VALUES ('Pirabeiraba', CURRENT_TIMESTAMP, 'pigtraxadmin', 1);
INSERT INTO pigtraxrefdata."City" (name, "lastUpdated", "userUpdated", "id_Country") VALUES ('Piracaia', CURRENT_TIMESTAMP, 'pigtraxadmin', 1);
INSERT INTO pigtraxrefdata."City" (name, "lastUpdated", "userUpdated", "id_Country") VALUES ('Piracanjuba', CURRENT_TIMESTAMP, 'pigtraxadmin', 1);
INSERT INTO pigtraxrefdata."City" (name, "lastUpdated", "userUpdated", "id_Country") VALUES ('Piracema', CURRENT_TIMESTAMP, 'pigtraxadmin', 1);
INSERT INTO pigtraxrefdata."City" (name, "lastUpdated", "userUpdated", "id_Country") VALUES ('Piracicaba', CURRENT_TIMESTAMP, 'pigtraxadmin', 1);
INSERT INTO pigtraxrefdata."City" (name, "lastUpdated", "userUpdated", "id_Country") VALUES ('Piraí do Norte', CURRENT_TIMESTAMP, 'pigtraxadmin', 1);
INSERT INTO pigtraxrefdata."City" (name, "lastUpdated", "userUpdated", "id_Country") VALUES ('Piraí do Sul', CURRENT_TIMESTAMP, 'pigtraxadmin', 1);
INSERT INTO pigtraxrefdata."City" (name, "lastUpdated", "userUpdated", "id_Country") VALUES ('Piraju', CURRENT_TIMESTAMP, 'pigtraxadmin', 1);
INSERT INTO pigtraxrefdata."City" (name, "lastUpdated", "userUpdated", "id_Country") VALUES ('Pirajuba', CURRENT_TIMESTAMP, 'pigtraxadmin', 1);
INSERT INTO pigtraxrefdata."City" (name, "lastUpdated", "userUpdated", "id_Country") VALUES ('Pirajuí', CURRENT_TIMESTAMP, 'pigtraxadmin', 1);
INSERT INTO pigtraxrefdata."City" (name, "lastUpdated", "userUpdated", "id_Country") VALUES ('Pirajuia', CURRENT_TIMESTAMP, 'pigtraxadmin', 1);
INSERT INTO pigtraxrefdata."City" (name, "lastUpdated", "userUpdated", "id_Country") VALUES ('Pirambóia', CURRENT_TIMESTAMP, 'pigtraxadmin', 1);
INSERT INTO pigtraxrefdata."City" (name, "lastUpdated", "userUpdated", "id_Country") VALUES ('Pirambu', CURRENT_TIMESTAMP, 'pigtraxadmin', 1);
INSERT INTO pigtraxrefdata."City" (name, "lastUpdated", "userUpdated", "id_Country") VALUES ('Piranga', CURRENT_TIMESTAMP, 'pigtraxadmin', 1);
INSERT INTO pigtraxrefdata."City" (name, "lastUpdated", "userUpdated", "id_Country") VALUES ('Pirangi', CURRENT_TIMESTAMP, 'pigtraxadmin', 1);
INSERT INTO pigtraxrefdata."City" (name, "lastUpdated", "userUpdated", "id_Country") VALUES ('Piranguinho', CURRENT_TIMESTAMP, 'pigtraxadmin', 1);
INSERT INTO pigtraxrefdata."City" (name, "lastUpdated", "userUpdated", "id_Country") VALUES ('Piranhas', CURRENT_TIMESTAMP, 'pigtraxadmin', 1);
INSERT INTO pigtraxrefdata."City" (name, "lastUpdated", "userUpdated", "id_Country") VALUES ('Piranji', CURRENT_TIMESTAMP, 'pigtraxadmin', 1);
INSERT INTO pigtraxrefdata."City" (name, "lastUpdated", "userUpdated", "id_Country") VALUES ('Pirapemas', CURRENT_TIMESTAMP, 'pigtraxadmin', 1);
INSERT INTO pigtraxrefdata."City" (name, "lastUpdated", "userUpdated", "id_Country") VALUES ('Pirapetinga', CURRENT_TIMESTAMP, 'pigtraxadmin', 1);
INSERT INTO pigtraxrefdata."City" (name, "lastUpdated", "userUpdated", "id_Country") VALUES ('Pirapó', CURRENT_TIMESTAMP, 'pigtraxadmin', 1);
INSERT INTO pigtraxrefdata."City" (name, "lastUpdated", "userUpdated", "id_Country") VALUES ('Pirapora', CURRENT_TIMESTAMP, 'pigtraxadmin', 1);
INSERT INTO pigtraxrefdata."City" (name, "lastUpdated", "userUpdated", "id_Country") VALUES ('Piraporã', CURRENT_TIMESTAMP, 'pigtraxadmin', 1);
INSERT INTO pigtraxrefdata."City" (name, "lastUpdated", "userUpdated", "id_Country") VALUES ('Pirapora do Bom Jesus', CURRENT_TIMESTAMP, 'pigtraxadmin', 1);
INSERT INTO pigtraxrefdata."City" (name, "lastUpdated", "userUpdated", "id_Country") VALUES ('Pirapozinho', CURRENT_TIMESTAMP, 'pigtraxadmin', 1);
INSERT INTO pigtraxrefdata."City" (name, "lastUpdated", "userUpdated", "id_Country") VALUES ('Piraquara', CURRENT_TIMESTAMP, 'pigtraxadmin', 1);
INSERT INTO pigtraxrefdata."City" (name, "lastUpdated", "userUpdated", "id_Country") VALUES ('Piraquê', CURRENT_TIMESTAMP, 'pigtraxadmin', 1);
INSERT INTO pigtraxrefdata."City" (name, "lastUpdated", "userUpdated", "id_Country") VALUES ('Piratini', CURRENT_TIMESTAMP, 'pigtraxadmin', 1);
INSERT INTO pigtraxrefdata."City" (name, "lastUpdated", "userUpdated", "id_Country") VALUES ('Piratininga', CURRENT_TIMESTAMP, 'pigtraxadmin', 1);
INSERT INTO pigtraxrefdata."City" (name, "lastUpdated", "userUpdated", "id_Country") VALUES ('Piratuba', CURRENT_TIMESTAMP, 'pigtraxadmin', 1);
INSERT INTO pigtraxrefdata."City" (name, "lastUpdated", "userUpdated", "id_Country") VALUES ('Pirauá', CURRENT_TIMESTAMP, 'pigtraxadmin', 1);
INSERT INTO pigtraxrefdata."City" (name, "lastUpdated", "userUpdated", "id_Country") VALUES ('Piraúba', CURRENT_TIMESTAMP, 'pigtraxadmin', 1);
INSERT INTO pigtraxrefdata."City" (name, "lastUpdated", "userUpdated", "id_Country") VALUES ('Pirenópolis', CURRENT_TIMESTAMP, 'pigtraxadmin', 1);
INSERT INTO pigtraxrefdata."City" (name, "lastUpdated", "userUpdated", "id_Country") VALUES ('Pires do Rio', CURRENT_TIMESTAMP, 'pigtraxadmin', 1);
INSERT INTO pigtraxrefdata."City" (name, "lastUpdated", "userUpdated", "id_Country") VALUES ('Pires Ferreira', CURRENT_TIMESTAMP, 'pigtraxadmin', 1);
INSERT INTO pigtraxrefdata."City" (name, "lastUpdated", "userUpdated", "id_Country") VALUES ('Piri', CURRENT_TIMESTAMP, 'pigtraxadmin', 1);
INSERT INTO pigtraxrefdata."City" (name, "lastUpdated", "userUpdated", "id_Country") VALUES ('Piriá', CURRENT_TIMESTAMP, 'pigtraxadmin', 1);
INSERT INTO pigtraxrefdata."City" (name, "lastUpdated", "userUpdated", "id_Country") VALUES ('Piripá', CURRENT_TIMESTAMP, 'pigtraxadmin', 1);
INSERT INTO pigtraxrefdata."City" (name, "lastUpdated", "userUpdated", "id_Country") VALUES ('Piripiri', CURRENT_TIMESTAMP, 'pigtraxadmin', 1);
INSERT INTO pigtraxrefdata."City" (name, "lastUpdated", "userUpdated", "id_Country") VALUES ('Piritiba', CURRENT_TIMESTAMP, 'pigtraxadmin', 1);
INSERT INTO pigtraxrefdata."City" (name, "lastUpdated", "userUpdated", "id_Country") VALUES ('Pirituba', CURRENT_TIMESTAMP, 'pigtraxadmin', 1);
INSERT INTO pigtraxrefdata."City" (name, "lastUpdated", "userUpdated", "id_Country") VALUES ('Pirpirituba', CURRENT_TIMESTAMP, 'pigtraxadmin', 1);
INSERT INTO pigtraxrefdata."City" (name, "lastUpdated", "userUpdated", "id_Country") VALUES ('Piscamba', CURRENT_TIMESTAMP, 'pigtraxadmin', 1);
INSERT INTO pigtraxrefdata."City" (name, "lastUpdated", "userUpdated", "id_Country") VALUES ('Pitanga', CURRENT_TIMESTAMP, 'pigtraxadmin', 1);
INSERT INTO pigtraxrefdata."City" (name, "lastUpdated", "userUpdated", "id_Country") VALUES ('Pitanga da Estrada', CURRENT_TIMESTAMP, 'pigtraxadmin', 1);
INSERT INTO pigtraxrefdata."City" (name, "lastUpdated", "userUpdated", "id_Country") VALUES ('Pitangueiras', CURRENT_TIMESTAMP, 'pigtraxadmin', 1);
INSERT INTO pigtraxrefdata."City" (name, "lastUpdated", "userUpdated", "id_Country") VALUES ('Pitangui', CURRENT_TIMESTAMP, 'pigtraxadmin', 1);
INSERT INTO pigtraxrefdata."City" (name, "lastUpdated", "userUpdated", "id_Country") VALUES ('Pitarana', CURRENT_TIMESTAMP, 'pigtraxadmin', 1);
INSERT INTO pigtraxrefdata."City" (name, "lastUpdated", "userUpdated", "id_Country") VALUES ('Pitimbu', CURRENT_TIMESTAMP, 'pigtraxadmin', 1);
INSERT INTO pigtraxrefdata."City" (name, "lastUpdated", "userUpdated", "id_Country") VALUES ('Pitombeira de Dentro', CURRENT_TIMESTAMP, 'pigtraxadmin', 1);
INSERT INTO pigtraxrefdata."City" (name, "lastUpdated", "userUpdated", "id_Country") VALUES ('Pitombeiras', CURRENT_TIMESTAMP, 'pigtraxadmin', 1);
INSERT INTO pigtraxrefdata."City" (name, "lastUpdated", "userUpdated", "id_Country") VALUES ('Pium', CURRENT_TIMESTAMP, 'pigtraxadmin', 1);
INSERT INTO pigtraxrefdata."City" (name, "lastUpdated", "userUpdated", "id_Country") VALUES ('Piúma', CURRENT_TIMESTAMP, 'pigtraxadmin', 1);
INSERT INTO pigtraxrefdata."City" (name, "lastUpdated", "userUpdated", "id_Country") VALUES ('Piumhi', CURRENT_TIMESTAMP, 'pigtraxadmin', 1);
INSERT INTO pigtraxrefdata."City" (name, "lastUpdated", "userUpdated", "id_Country") VALUES ('Placas', CURRENT_TIMESTAMP, 'pigtraxadmin', 1);
INSERT INTO pigtraxrefdata."City" (name, "lastUpdated", "userUpdated", "id_Country") VALUES ('Plácido de Castro', CURRENT_TIMESTAMP, 'pigtraxadmin', 1);
INSERT INTO pigtraxrefdata."City" (name, "lastUpdated", "userUpdated", "id_Country") VALUES ('Planaltina', CURRENT_TIMESTAMP, 'pigtraxadmin', 1);
INSERT INTO pigtraxrefdata."City" (name, "lastUpdated", "userUpdated", "id_Country") VALUES ('Planaltina do Paraná', CURRENT_TIMESTAMP, 'pigtraxadmin', 1);
INSERT INTO pigtraxrefdata."City" (name, "lastUpdated", "userUpdated", "id_Country") VALUES ('Planaltino', CURRENT_TIMESTAMP, 'pigtraxadmin', 1);
INSERT INTO pigtraxrefdata."City" (name, "lastUpdated", "userUpdated", "id_Country") VALUES ('Planalto', CURRENT_TIMESTAMP, 'pigtraxadmin', 1);
INSERT INTO pigtraxrefdata."City" (name, "lastUpdated", "userUpdated", "id_Country") VALUES ('Planalto Alegre', CURRENT_TIMESTAMP, 'pigtraxadmin', 1);
INSERT INTO pigtraxrefdata."City" (name, "lastUpdated", "userUpdated", "id_Country") VALUES ('Planalto da Serra', CURRENT_TIMESTAMP, 'pigtraxadmin', 1);
INSERT INTO pigtraxrefdata."City" (name, "lastUpdated", "userUpdated", "id_Country") VALUES ('Planalto de Minas', CURRENT_TIMESTAMP, 'pigtraxadmin', 1);
INSERT INTO pigtraxrefdata."City" (name, "lastUpdated", "userUpdated", "id_Country") VALUES ('Planalto do Sul', CURRENT_TIMESTAMP, 'pigtraxadmin', 1);
INSERT INTO pigtraxrefdata."City" (name, "lastUpdated", "userUpdated", "id_Country") VALUES ('Planura', CURRENT_TIMESTAMP, 'pigtraxadmin', 1);
INSERT INTO pigtraxrefdata."City" (name, "lastUpdated", "userUpdated", "id_Country") VALUES ('Platina', CURRENT_TIMESTAMP, 'pigtraxadmin', 1);
INSERT INTO pigtraxrefdata."City" (name, "lastUpdated", "userUpdated", "id_Country") VALUES ('Plautino Soares', CURRENT_TIMESTAMP, 'pigtraxadmin', 1);
INSERT INTO pigtraxrefdata."City" (name, "lastUpdated", "userUpdated", "id_Country") VALUES ('Poá', CURRENT_TIMESTAMP, 'pigtraxadmin', 1);
INSERT INTO pigtraxrefdata."City" (name, "lastUpdated", "userUpdated", "id_Country") VALUES ('Poaia', CURRENT_TIMESTAMP, 'pigtraxadmin', 1);
INSERT INTO pigtraxrefdata."City" (name, "lastUpdated", "userUpdated", "id_Country") VALUES ('Pocinhos', CURRENT_TIMESTAMP, 'pigtraxadmin', 1);
INSERT INTO pigtraxrefdata."City" (name, "lastUpdated", "userUpdated", "id_Country") VALUES ('Poço Branco', CURRENT_TIMESTAMP, 'pigtraxadmin', 1);
INSERT INTO pigtraxrefdata."City" (name, "lastUpdated", "userUpdated", "id_Country") VALUES ('Poço Central', CURRENT_TIMESTAMP, 'pigtraxadmin', 1);
INSERT INTO pigtraxrefdata."City" (name, "lastUpdated", "userUpdated", "id_Country") VALUES ('Poço Comprido', CURRENT_TIMESTAMP, 'pigtraxadmin', 1);
INSERT INTO pigtraxrefdata."City" (name, "lastUpdated", "userUpdated", "id_Country") VALUES ('Poço Dantas', CURRENT_TIMESTAMP, 'pigtraxadmin', 1);
INSERT INTO pigtraxrefdata."City" (name, "lastUpdated", "userUpdated", "id_Country") VALUES ('Poço das Antas', CURRENT_TIMESTAMP, 'pigtraxadmin', 1);
INSERT INTO pigtraxrefdata."City" (name, "lastUpdated", "userUpdated", "id_Country") VALUES ('Poço das Trincheiras', CURRENT_TIMESTAMP, 'pigtraxadmin', 1);
INSERT INTO pigtraxrefdata."City" (name, "lastUpdated", "userUpdated", "id_Country") VALUES ('Poço de Fora', CURRENT_TIMESTAMP, 'pigtraxadmin', 1);
INSERT INTO pigtraxrefdata."City" (name, "lastUpdated", "userUpdated", "id_Country") VALUES ('Poço de José de Moura', CURRENT_TIMESTAMP, 'pigtraxadmin', 1);
INSERT INTO pigtraxrefdata."City" (name, "lastUpdated", "userUpdated", "id_Country") VALUES ('Poço do Boi', CURRENT_TIMESTAMP, 'pigtraxadmin', 1);
INSERT INTO pigtraxrefdata."City" (name, "lastUpdated", "userUpdated", "id_Country") VALUES ('Poço Doce', CURRENT_TIMESTAMP, 'pigtraxadmin', 1);
INSERT INTO pigtraxrefdata."City" (name, "lastUpdated", "userUpdated", "id_Country") VALUES ('Poço Fundo', CURRENT_TIMESTAMP, 'pigtraxadmin', 1);
INSERT INTO pigtraxrefdata."City" (name, "lastUpdated", "userUpdated", "id_Country") VALUES ('Poço Redondo', CURRENT_TIMESTAMP, 'pigtraxadmin', 1);
INSERT INTO pigtraxrefdata."City" (name, "lastUpdated", "userUpdated", "id_Country") VALUES ('Poço Verde', CURRENT_TIMESTAMP, 'pigtraxadmin', 1);
INSERT INTO pigtraxrefdata."City" (name, "lastUpdated", "userUpdated", "id_Country") VALUES ('Poções', CURRENT_TIMESTAMP, 'pigtraxadmin', 1);
INSERT INTO pigtraxrefdata."City" (name, "lastUpdated", "userUpdated", "id_Country") VALUES ('Poconé', CURRENT_TIMESTAMP, 'pigtraxadmin', 1);
INSERT INTO pigtraxrefdata."City" (name, "lastUpdated", "userUpdated", "id_Country") VALUES ('Poços de Caldas', CURRENT_TIMESTAMP, 'pigtraxadmin', 1);
INSERT INTO pigtraxrefdata."City" (name, "lastUpdated", "userUpdated", "id_Country") VALUES ('Pocrane', CURRENT_TIMESTAMP, 'pigtraxadmin', 1);
INSERT INTO pigtraxrefdata."City" (name, "lastUpdated", "userUpdated", "id_Country") VALUES ('Pojuca', CURRENT_TIMESTAMP, 'pigtraxadmin', 1);
INSERT INTO pigtraxrefdata."City" (name, "lastUpdated", "userUpdated", "id_Country") VALUES ('Poloni', CURRENT_TIMESTAMP, 'pigtraxadmin', 1);
INSERT INTO pigtraxrefdata."City" (name, "lastUpdated", "userUpdated", "id_Country") VALUES ('Polvilho', CURRENT_TIMESTAMP, 'pigtraxadmin', 1);
INSERT INTO pigtraxrefdata."City" (name, "lastUpdated", "userUpdated", "id_Country") VALUES ('Pombal', CURRENT_TIMESTAMP, 'pigtraxadmin', 1);
INSERT INTO pigtraxrefdata."City" (name, "lastUpdated", "userUpdated", "id_Country") VALUES ('Pombos', CURRENT_TIMESTAMP, 'pigtraxadmin', 1);
INSERT INTO pigtraxrefdata."City" (name, "lastUpdated", "userUpdated", "id_Country") VALUES ('Pomerode', CURRENT_TIMESTAMP, 'pigtraxadmin', 1);
INSERT INTO pigtraxrefdata."City" (name, "lastUpdated", "userUpdated", "id_Country") VALUES ('Pompéia', CURRENT_TIMESTAMP, 'pigtraxadmin', 1);
INSERT INTO pigtraxrefdata."City" (name, "lastUpdated", "userUpdated", "id_Country") VALUES ('Pompéu', CURRENT_TIMESTAMP, 'pigtraxadmin', 1);
INSERT INTO pigtraxrefdata."City" (name, "lastUpdated", "userUpdated", "id_Country") VALUES ('Pongaí', CURRENT_TIMESTAMP, 'pigtraxadmin', 1);
INSERT INTO pigtraxrefdata."City" (name, "lastUpdated", "userUpdated", "id_Country") VALUES ('Ponta da Areia', CURRENT_TIMESTAMP, 'pigtraxadmin', 1);
INSERT INTO pigtraxrefdata."City" (name, "lastUpdated", "userUpdated", "id_Country") VALUES ('Ponta da Serra', CURRENT_TIMESTAMP, 'pigtraxadmin', 1);
INSERT INTO pigtraxrefdata."City" (name, "lastUpdated", "userUpdated", "id_Country") VALUES ('Ponta de Pedras', CURRENT_TIMESTAMP, 'pigtraxadmin', 1);
INSERT INTO pigtraxrefdata."City" (name, "lastUpdated", "userUpdated", "id_Country") VALUES ('Ponta Grossa', CURRENT_TIMESTAMP, 'pigtraxadmin', 1);
INSERT INTO pigtraxrefdata."City" (name, "lastUpdated", "userUpdated", "id_Country") VALUES ('Ponta Porã', CURRENT_TIMESTAMP, 'pigtraxadmin', 1);
INSERT INTO pigtraxrefdata."City" (name, "lastUpdated", "userUpdated", "id_Country") VALUES ('Pontal', CURRENT_TIMESTAMP, 'pigtraxadmin', 1);
INSERT INTO pigtraxrefdata."City" (name, "lastUpdated", "userUpdated", "id_Country") VALUES ('Pontal do Araguaia', CURRENT_TIMESTAMP, 'pigtraxadmin', 1);
INSERT INTO pigtraxrefdata."City" (name, "lastUpdated", "userUpdated", "id_Country") VALUES ('Pontal do Ipiranga', CURRENT_TIMESTAMP, 'pigtraxadmin', 1);
INSERT INTO pigtraxrefdata."City" (name, "lastUpdated", "userUpdated", "id_Country") VALUES ('Pontal do Paraná', CURRENT_TIMESTAMP, 'pigtraxadmin', 1);
INSERT INTO pigtraxrefdata."City" (name, "lastUpdated", "userUpdated", "id_Country") VALUES ('Pontalina', CURRENT_TIMESTAMP, 'pigtraxadmin', 1);
INSERT INTO pigtraxrefdata."City" (name, "lastUpdated", "userUpdated", "id_Country") VALUES ('Pontalinda', CURRENT_TIMESTAMP, 'pigtraxadmin', 1);
INSERT INTO pigtraxrefdata."City" (name, "lastUpdated", "userUpdated", "id_Country") VALUES ('Pontão', CURRENT_TIMESTAMP, 'pigtraxadmin', 1);
INSERT INTO pigtraxrefdata."City" (name, "lastUpdated", "userUpdated", "id_Country") VALUES ('Ponte Alta', CURRENT_TIMESTAMP, 'pigtraxadmin', 1);
INSERT INTO pigtraxrefdata."City" (name, "lastUpdated", "userUpdated", "id_Country") VALUES ('Ponte Alta do Araguaia', CURRENT_TIMESTAMP, 'pigtraxadmin', 1);
INSERT INTO pigtraxrefdata."City" (name, "lastUpdated", "userUpdated", "id_Country") VALUES ('Ponte Alta do Bom Jesus', CURRENT_TIMESTAMP, 'pigtraxadmin', 1);
INSERT INTO pigtraxrefdata."City" (name, "lastUpdated", "userUpdated", "id_Country") VALUES ('Ponte Alta do Norte', CURRENT_TIMESTAMP, 'pigtraxadmin', 1);
INSERT INTO pigtraxrefdata."City" (name, "lastUpdated", "userUpdated", "id_Country") VALUES ('Ponte Alta do Tocantins', CURRENT_TIMESTAMP, 'pigtraxadmin', 1);
INSERT INTO pigtraxrefdata."City" (name, "lastUpdated", "userUpdated", "id_Country") VALUES ('Ponte Branca', CURRENT_TIMESTAMP, 'pigtraxadmin', 1);
INSERT INTO pigtraxrefdata."City" (name, "lastUpdated", "userUpdated", "id_Country") VALUES ('Ponte de Itabapoana', CURRENT_TIMESTAMP, 'pigtraxadmin', 1);
INSERT INTO pigtraxrefdata."City" (name, "lastUpdated", "userUpdated", "id_Country") VALUES ('Ponte do Silva', CURRENT_TIMESTAMP, 'pigtraxadmin', 1);
INSERT INTO pigtraxrefdata."City" (name, "lastUpdated", "userUpdated", "id_Country") VALUES ('Ponte dos Carvalhos', CURRENT_TIMESTAMP, 'pigtraxadmin', 1);
INSERT INTO pigtraxrefdata."City" (name, "lastUpdated", "userUpdated", "id_Country") VALUES ('Ponte Firme', CURRENT_TIMESTAMP, 'pigtraxadmin', 1);
INSERT INTO pigtraxrefdata."City" (name, "lastUpdated", "userUpdated", "id_Country") VALUES ('Ponte Segura', CURRENT_TIMESTAMP, 'pigtraxadmin', 1);
INSERT INTO pigtraxrefdata."City" (name, "lastUpdated", "userUpdated", "id_Country") VALUES ('Ponte Serrada', CURRENT_TIMESTAMP, 'pigtraxadmin', 1);
INSERT INTO pigtraxrefdata."City" (name, "lastUpdated", "userUpdated", "id_Country") VALUES ('Pontes e Lacerda', CURRENT_TIMESTAMP, 'pigtraxadmin', 1);
INSERT INTO pigtraxrefdata."City" (name, "lastUpdated", "userUpdated", "id_Country") VALUES ('Pontes Gestal', CURRENT_TIMESTAMP, 'pigtraxadmin', 1);
INSERT INTO pigtraxrefdata."City" (name, "lastUpdated", "userUpdated", "id_Country") VALUES ('Pontina', CURRENT_TIMESTAMP, 'pigtraxadmin', 1);
INSERT INTO pigtraxrefdata."City" (name, "lastUpdated", "userUpdated", "id_Country") VALUES ('Ponto Chique', CURRENT_TIMESTAMP, 'pigtraxadmin', 1);
INSERT INTO pigtraxrefdata."City" (name, "lastUpdated", "userUpdated", "id_Country") VALUES ('Ponto do Marambaia', CURRENT_TIMESTAMP, 'pigtraxadmin', 1);
INSERT INTO pigtraxrefdata."City" (name, "lastUpdated", "userUpdated", "id_Country") VALUES ('Ponto dos Volantes', CURRENT_TIMESTAMP, 'pigtraxadmin', 1);
INSERT INTO pigtraxrefdata."City" (name, "lastUpdated", "userUpdated", "id_Country") VALUES ('Ponto Novo', CURRENT_TIMESTAMP, 'pigtraxadmin', 1);
INSERT INTO pigtraxrefdata."City" (name, "lastUpdated", "userUpdated", "id_Country") VALUES ('Pontões', CURRENT_TIMESTAMP, 'pigtraxadmin', 1);
INSERT INTO pigtraxrefdata."City" (name, "lastUpdated", "userUpdated", "id_Country") VALUES ('Populina', CURRENT_TIMESTAMP, 'pigtraxadmin', 1);
INSERT INTO pigtraxrefdata."City" (name, "lastUpdated", "userUpdated", "id_Country") VALUES ('Poranga', CURRENT_TIMESTAMP, 'pigtraxadmin', 1);
INSERT INTO pigtraxrefdata."City" (name, "lastUpdated", "userUpdated", "id_Country") VALUES ('Porangaba', CURRENT_TIMESTAMP, 'pigtraxadmin', 1);
INSERT INTO pigtraxrefdata."City" (name, "lastUpdated", "userUpdated", "id_Country") VALUES ('Porangatu', CURRENT_TIMESTAMP, 'pigtraxadmin', 1);
INSERT INTO pigtraxrefdata."City" (name, "lastUpdated", "userUpdated", "id_Country") VALUES ('Porciúncula', CURRENT_TIMESTAMP, 'pigtraxadmin', 1);
INSERT INTO pigtraxrefdata."City" (name, "lastUpdated", "userUpdated", "id_Country") VALUES ('Porecatu', CURRENT_TIMESTAMP, 'pigtraxadmin', 1);
INSERT INTO pigtraxrefdata."City" (name, "lastUpdated", "userUpdated", "id_Country") VALUES ('Portalegre', CURRENT_TIMESTAMP, 'pigtraxadmin', 1);
INSERT INTO pigtraxrefdata."City" (name, "lastUpdated", "userUpdated", "id_Country") VALUES ('Portão', CURRENT_TIMESTAMP, 'pigtraxadmin', 1);
INSERT INTO pigtraxrefdata."City" (name, "lastUpdated", "userUpdated", "id_Country") VALUES ('Portão Ocoí', CURRENT_TIMESTAMP, 'pigtraxadmin', 1);
INSERT INTO pigtraxrefdata."City" (name, "lastUpdated", "userUpdated", "id_Country") VALUES ('Porteiras', CURRENT_TIMESTAMP, 'pigtraxadmin', 1);
INSERT INTO pigtraxrefdata."City" (name, "lastUpdated", "userUpdated", "id_Country") VALUES ('Porteirinha', CURRENT_TIMESTAMP, 'pigtraxadmin', 1);
INSERT INTO pigtraxrefdata."City" (name, "lastUpdated", "userUpdated", "id_Country") VALUES ('Portel', CURRENT_TIMESTAMP, 'pigtraxadmin', 1);
INSERT INTO pigtraxrefdata."City" (name, "lastUpdated", "userUpdated", "id_Country") VALUES ('Portela', CURRENT_TIMESTAMP, 'pigtraxadmin', 1);
INSERT INTO pigtraxrefdata."City" (name, "lastUpdated", "userUpdated", "id_Country") VALUES ('Portelândia', CURRENT_TIMESTAMP, 'pigtraxadmin', 1);
INSERT INTO pigtraxrefdata."City" (name, "lastUpdated", "userUpdated", "id_Country") VALUES ('Porto', CURRENT_TIMESTAMP, 'pigtraxadmin', 1);
INSERT INTO pigtraxrefdata."City" (name, "lastUpdated", "userUpdated", "id_Country") VALUES ('Porto Acre', CURRENT_TIMESTAMP, 'pigtraxadmin', 1);
INSERT INTO pigtraxrefdata."City" (name, "lastUpdated", "userUpdated", "id_Country") VALUES ('Porto Agrário', CURRENT_TIMESTAMP, 'pigtraxadmin', 1);
INSERT INTO pigtraxrefdata."City" (name, "lastUpdated", "userUpdated", "id_Country") VALUES ('Porto Alegre', CURRENT_TIMESTAMP, 'pigtraxadmin', 1);
INSERT INTO pigtraxrefdata."City" (name, "lastUpdated", "userUpdated", "id_Country") VALUES ('Porto Alegre do Norte', CURRENT_TIMESTAMP, 'pigtraxadmin', 1);
INSERT INTO pigtraxrefdata."City" (name, "lastUpdated", "userUpdated", "id_Country") VALUES ('Porto Alegre do Piauí', CURRENT_TIMESTAMP, 'pigtraxadmin', 1);
INSERT INTO pigtraxrefdata."City" (name, "lastUpdated", "userUpdated", "id_Country") VALUES ('Porto Alegre do Tocantins', CURRENT_TIMESTAMP, 'pigtraxadmin', 1);
INSERT INTO pigtraxrefdata."City" (name, "lastUpdated", "userUpdated", "id_Country") VALUES ('Porto Amazonas', CURRENT_TIMESTAMP, 'pigtraxadmin', 1);
INSERT INTO pigtraxrefdata."City" (name, "lastUpdated", "userUpdated", "id_Country") VALUES ('Porto Barreiro', CURRENT_TIMESTAMP, 'pigtraxadmin', 1);
INSERT INTO pigtraxrefdata."City" (name, "lastUpdated", "userUpdated", "id_Country") VALUES ('Porto Batista', CURRENT_TIMESTAMP, 'pigtraxadmin', 1);
INSERT INTO pigtraxrefdata."City" (name, "lastUpdated", "userUpdated", "id_Country") VALUES ('Porto Belo', CURRENT_TIMESTAMP, 'pigtraxadmin', 1);
INSERT INTO pigtraxrefdata."City" (name, "lastUpdated", "userUpdated", "id_Country") VALUES ('Porto Calvo', CURRENT_TIMESTAMP, 'pigtraxadmin', 1);
INSERT INTO pigtraxrefdata."City" (name, "lastUpdated", "userUpdated", "id_Country") VALUES ('Porto Camargo', CURRENT_TIMESTAMP, 'pigtraxadmin', 1);
INSERT INTO pigtraxrefdata."City" (name, "lastUpdated", "userUpdated", "id_Country") VALUES ('Porto da Folha', CURRENT_TIMESTAMP, 'pigtraxadmin', 1);
INSERT INTO pigtraxrefdata."City" (name, "lastUpdated", "userUpdated", "id_Country") VALUES ('Porto das Caixas', CURRENT_TIMESTAMP, 'pigtraxadmin', 1);
INSERT INTO pigtraxrefdata."City" (name, "lastUpdated", "userUpdated", "id_Country") VALUES ('Porto de Moz', CURRENT_TIMESTAMP, 'pigtraxadmin', 1);
INSERT INTO pigtraxrefdata."City" (name, "lastUpdated", "userUpdated", "id_Country") VALUES ('Porto de Pedras', CURRENT_TIMESTAMP, 'pigtraxadmin', 1);
INSERT INTO pigtraxrefdata."City" (name, "lastUpdated", "userUpdated", "id_Country") VALUES ('Porto do Mangue', CURRENT_TIMESTAMP, 'pigtraxadmin', 1);
INSERT INTO pigtraxrefdata."City" (name, "lastUpdated", "userUpdated", "id_Country") VALUES ('Porto dos Gaúchos', CURRENT_TIMESTAMP, 'pigtraxadmin', 1);
INSERT INTO pigtraxrefdata."City" (name, "lastUpdated", "userUpdated", "id_Country") VALUES ('Porto Esperidião', CURRENT_TIMESTAMP, 'pigtraxadmin', 1);
INSERT INTO pigtraxrefdata."City" (name, "lastUpdated", "userUpdated", "id_Country") VALUES ('Porto Estrela', CURRENT_TIMESTAMP, 'pigtraxadmin', 1);
INSERT INTO pigtraxrefdata."City" (name, "lastUpdated", "userUpdated", "id_Country") VALUES ('Porto Feliz', CURRENT_TIMESTAMP, 'pigtraxadmin', 1);
INSERT INTO pigtraxrefdata."City" (name, "lastUpdated", "userUpdated", "id_Country") VALUES ('Porto Ferreira', CURRENT_TIMESTAMP, 'pigtraxadmin', 1);
INSERT INTO pigtraxrefdata."City" (name, "lastUpdated", "userUpdated", "id_Country") VALUES ('Porto Firme', CURRENT_TIMESTAMP, 'pigtraxadmin', 1);
INSERT INTO pigtraxrefdata."City" (name, "lastUpdated", "userUpdated", "id_Country") VALUES ('Porto Franco', CURRENT_TIMESTAMP, 'pigtraxadmin', 1);
INSERT INTO pigtraxrefdata."City" (name, "lastUpdated", "userUpdated", "id_Country") VALUES ('Porto Grande', CURRENT_TIMESTAMP, 'pigtraxadmin', 1);
INSERT INTO pigtraxrefdata."City" (name, "lastUpdated", "userUpdated", "id_Country") VALUES ('Porto Lucena', CURRENT_TIMESTAMP, 'pigtraxadmin', 1);
INSERT INTO pigtraxrefdata."City" (name, "lastUpdated", "userUpdated", "id_Country") VALUES ('Porto Mauá', CURRENT_TIMESTAMP, 'pigtraxadmin', 1);
INSERT INTO pigtraxrefdata."City" (name, "lastUpdated", "userUpdated", "id_Country") VALUES ('Porto Mendes', CURRENT_TIMESTAMP, 'pigtraxadmin', 1);
INSERT INTO pigtraxrefdata."City" (name, "lastUpdated", "userUpdated", "id_Country") VALUES ('Porto Murtinho', CURRENT_TIMESTAMP, 'pigtraxadmin', 1);
INSERT INTO pigtraxrefdata."City" (name, "lastUpdated", "userUpdated", "id_Country") VALUES ('Porto Nacional', CURRENT_TIMESTAMP, 'pigtraxadmin', 1);
INSERT INTO pigtraxrefdata."City" (name, "lastUpdated", "userUpdated", "id_Country") VALUES ('Porto Novo', CURRENT_TIMESTAMP, 'pigtraxadmin', 1);
INSERT INTO pigtraxrefdata."City" (name, "lastUpdated", "userUpdated", "id_Country") VALUES ('Porto Real do Colégio', CURRENT_TIMESTAMP, 'pigtraxadmin', 1);
INSERT INTO pigtraxrefdata."City" (name, "lastUpdated", "userUpdated", "id_Country") VALUES ('Porto Rico', CURRENT_TIMESTAMP, 'pigtraxadmin', 1);
INSERT INTO pigtraxrefdata."City" (name, "lastUpdated", "userUpdated", "id_Country") VALUES ('Porto Rico do Maranhão', CURRENT_TIMESTAMP, 'pigtraxadmin', 1);
INSERT INTO pigtraxrefdata."City" (name, "lastUpdated", "userUpdated", "id_Country") VALUES ('Porto Salvo', CURRENT_TIMESTAMP, 'pigtraxadmin', 1);
INSERT INTO pigtraxrefdata."City" (name, "lastUpdated", "userUpdated", "id_Country") VALUES ('Porto São José', CURRENT_TIMESTAMP, 'pigtraxadmin', 1);
INSERT INTO pigtraxrefdata."City" (name, "lastUpdated", "userUpdated", "id_Country") VALUES ('Porto Seguro', CURRENT_TIMESTAMP, 'pigtraxadmin', 1);
INSERT INTO pigtraxrefdata."City" (name, "lastUpdated", "userUpdated", "id_Country") VALUES ('Porto União', CURRENT_TIMESTAMP, 'pigtraxadmin', 1);
INSERT INTO pigtraxrefdata."City" (name, "lastUpdated", "userUpdated", "id_Country") VALUES ('Porto Velho', CURRENT_TIMESTAMP, 'pigtraxadmin', 1);
INSERT INTO pigtraxrefdata."City" (name, "lastUpdated", "userUpdated", "id_Country") VALUES ('Porto Velho do Cunha', CURRENT_TIMESTAMP, 'pigtraxadmin', 1);
INSERT INTO pigtraxrefdata."City" (name, "lastUpdated", "userUpdated", "id_Country") VALUES ('Porto Vilma', CURRENT_TIMESTAMP, 'pigtraxadmin', 1);
INSERT INTO pigtraxrefdata."City" (name, "lastUpdated", "userUpdated", "id_Country") VALUES ('Porto Vitória', CURRENT_TIMESTAMP, 'pigtraxadmin', 1);
INSERT INTO pigtraxrefdata."City" (name, "lastUpdated", "userUpdated", "id_Country") VALUES ('Posse', CURRENT_TIMESTAMP, 'pigtraxadmin', 1);
INSERT INTO pigtraxrefdata."City" (name, "lastUpdated", "userUpdated", "id_Country") VALUES ('Posses', CURRENT_TIMESTAMP, 'pigtraxadmin', 1);
INSERT INTO pigtraxrefdata."City" (name, "lastUpdated", "userUpdated", "id_Country") VALUES ('Poté', CURRENT_TIMESTAMP, 'pigtraxadmin', 1);
INSERT INTO pigtraxrefdata."City" (name, "lastUpdated", "userUpdated", "id_Country") VALUES ('Potengi', CURRENT_TIMESTAMP, 'pigtraxadmin', 1);
INSERT INTO pigtraxrefdata."City" (name, "lastUpdated", "userUpdated", "id_Country") VALUES ('Potim', CURRENT_TIMESTAMP, 'pigtraxadmin', 1);
INSERT INTO pigtraxrefdata."City" (name, "lastUpdated", "userUpdated", "id_Country") VALUES ('Potiraguá', CURRENT_TIMESTAMP, 'pigtraxadmin', 1);
INSERT INTO pigtraxrefdata."City" (name, "lastUpdated", "userUpdated", "id_Country") VALUES ('Potirendaba', CURRENT_TIMESTAMP, 'pigtraxadmin', 1);
INSERT INTO pigtraxrefdata."City" (name, "lastUpdated", "userUpdated", "id_Country") VALUES ('Potiretama', CURRENT_TIMESTAMP, 'pigtraxadmin', 1);
INSERT INTO pigtraxrefdata."City" (name, "lastUpdated", "userUpdated", "id_Country") VALUES ('Potunduva', CURRENT_TIMESTAMP, 'pigtraxadmin', 1);
INSERT INTO pigtraxrefdata."City" (name, "lastUpdated", "userUpdated", "id_Country") VALUES ('Pouso Alegre', CURRENT_TIMESTAMP, 'pigtraxadmin', 1);
INSERT INTO pigtraxrefdata."City" (name, "lastUpdated", "userUpdated", "id_Country") VALUES ('Pouso Alto', CURRENT_TIMESTAMP, 'pigtraxadmin', 1);
INSERT INTO pigtraxrefdata."City" (name, "lastUpdated", "userUpdated", "id_Country") VALUES ('Pouso Novo', CURRENT_TIMESTAMP, 'pigtraxadmin', 1);
INSERT INTO pigtraxrefdata."City" (name, "lastUpdated", "userUpdated", "id_Country") VALUES ('Pouso Redondo', CURRENT_TIMESTAMP, 'pigtraxadmin', 1);
INSERT INTO pigtraxrefdata."City" (name, "lastUpdated", "userUpdated", "id_Country") VALUES ('Povo Novo', CURRENT_TIMESTAMP, 'pigtraxadmin', 1);
INSERT INTO pigtraxrefdata."City" (name, "lastUpdated", "userUpdated", "id_Country") VALUES ('Povoação', CURRENT_TIMESTAMP, 'pigtraxadmin', 1);
INSERT INTO pigtraxrefdata."City" (name, "lastUpdated", "userUpdated", "id_Country") VALUES ('Poxim', CURRENT_TIMESTAMP, 'pigtraxadmin', 1);
INSERT INTO pigtraxrefdata."City" (name, "lastUpdated", "userUpdated", "id_Country") VALUES ('Poxim do Sul', CURRENT_TIMESTAMP, 'pigtraxadmin', 1);
INSERT INTO pigtraxrefdata."City" (name, "lastUpdated", "userUpdated", "id_Country") VALUES ('Poxoréo', CURRENT_TIMESTAMP, 'pigtraxadmin', 1);
INSERT INTO pigtraxrefdata."City" (name, "lastUpdated", "userUpdated", "id_Country") VALUES ('Pracinha', CURRENT_TIMESTAMP, 'pigtraxadmin', 1);
INSERT INTO pigtraxrefdata."City" (name, "lastUpdated", "userUpdated", "id_Country") VALUES ('Pracuúba', CURRENT_TIMESTAMP, 'pigtraxadmin', 1);
INSERT INTO pigtraxrefdata."City" (name, "lastUpdated", "userUpdated", "id_Country") VALUES ('Prado', CURRENT_TIMESTAMP, 'pigtraxadmin', 1);
INSERT INTO pigtraxrefdata."City" (name, "lastUpdated", "userUpdated", "id_Country") VALUES ('Prado Ferreira', CURRENT_TIMESTAMP, 'pigtraxadmin', 1);
INSERT INTO pigtraxrefdata."City" (name, "lastUpdated", "userUpdated", "id_Country") VALUES ('Pradópolis', CURRENT_TIMESTAMP, 'pigtraxadmin', 1);
INSERT INTO pigtraxrefdata."City" (name, "lastUpdated", "userUpdated", "id_Country") VALUES ('Prados', CURRENT_TIMESTAMP, 'pigtraxadmin', 1);
INSERT INTO pigtraxrefdata."City" (name, "lastUpdated", "userUpdated", "id_Country") VALUES ('Pradoso', CURRENT_TIMESTAMP, 'pigtraxadmin', 1);
INSERT INTO pigtraxrefdata."City" (name, "lastUpdated", "userUpdated", "id_Country") VALUES ('Praia de Fagundes', CURRENT_TIMESTAMP, 'pigtraxadmin', 1);
INSERT INTO pigtraxrefdata."City" (name, "lastUpdated", "userUpdated", "id_Country") VALUES ('Praia de Marudá', CURRENT_TIMESTAMP, 'pigtraxadmin', 1);
INSERT INTO pigtraxrefdata."City" (name, "lastUpdated", "userUpdated", "id_Country") VALUES ('Praia Norte', CURRENT_TIMESTAMP, 'pigtraxadmin', 1);
INSERT INTO pigtraxrefdata."City" (name, "lastUpdated", "userUpdated", "id_Country") VALUES ('Praia Seca', CURRENT_TIMESTAMP, 'pigtraxadmin', 1);
INSERT INTO pigtraxrefdata."City" (name, "lastUpdated", "userUpdated", "id_Country") VALUES ('Prainha', CURRENT_TIMESTAMP, 'pigtraxadmin', 1);
INSERT INTO pigtraxrefdata."City" (name, "lastUpdated", "userUpdated", "id_Country") VALUES ('Pranchita', CURRENT_TIMESTAMP, 'pigtraxadmin', 1);
INSERT INTO pigtraxrefdata."City" (name, "lastUpdated", "userUpdated", "id_Country") VALUES ('Prata', CURRENT_TIMESTAMP, 'pigtraxadmin', 1);
INSERT INTO pigtraxrefdata."City" (name, "lastUpdated", "userUpdated", "id_Country") VALUES ('Prata de Lajinha', CURRENT_TIMESTAMP, 'pigtraxadmin', 1);
INSERT INTO pigtraxrefdata."City" (name, "lastUpdated", "userUpdated", "id_Country") VALUES ('Prata do Piauí', CURRENT_TIMESTAMP, 'pigtraxadmin', 1);
INSERT INTO pigtraxrefdata."City" (name, "lastUpdated", "userUpdated", "id_Country") VALUES ('Prata dos Baianos', CURRENT_TIMESTAMP, 'pigtraxadmin', 1);
INSERT INTO pigtraxrefdata."City" (name, "lastUpdated", "userUpdated", "id_Country") VALUES ('Pratânia', CURRENT_TIMESTAMP, 'pigtraxadmin', 1);
INSERT INTO pigtraxrefdata."City" (name, "lastUpdated", "userUpdated", "id_Country") VALUES ('Pratinha', CURRENT_TIMESTAMP, 'pigtraxadmin', 1);
INSERT INTO pigtraxrefdata."City" (name, "lastUpdated", "userUpdated", "id_Country") VALUES ('Pratiús', CURRENT_TIMESTAMP, 'pigtraxadmin', 1);
INSERT INTO pigtraxrefdata."City" (name, "lastUpdated", "userUpdated", "id_Country") VALUES ('Pratos', CURRENT_TIMESTAMP, 'pigtraxadmin', 1);
INSERT INTO pigtraxrefdata."City" (name, "lastUpdated", "userUpdated", "id_Country") VALUES ('Presidente Alves', CURRENT_TIMESTAMP, 'pigtraxadmin', 1);
INSERT INTO pigtraxrefdata."City" (name, "lastUpdated", "userUpdated", "id_Country") VALUES ('Presidente Castello Branco', CURRENT_TIMESTAMP, 'pigtraxadmin', 1);
INSERT INTO pigtraxrefdata."City" (name, "lastUpdated", "userUpdated", "id_Country") VALUES ('Presidente Castelo Branco', CURRENT_TIMESTAMP, 'pigtraxadmin', 1);
INSERT INTO pigtraxrefdata."City" (name, "lastUpdated", "userUpdated", "id_Country") VALUES ('Presidente Dutra', CURRENT_TIMESTAMP, 'pigtraxadmin', 1);
INSERT INTO pigtraxrefdata."City" (name, "lastUpdated", "userUpdated", "id_Country") VALUES ('Presidente Epitácio', CURRENT_TIMESTAMP, 'pigtraxadmin', 1);
INSERT INTO pigtraxrefdata."City" (name, "lastUpdated", "userUpdated", "id_Country") VALUES ('Presidente Figueiredo', CURRENT_TIMESTAMP, 'pigtraxadmin', 1);
INSERT INTO pigtraxrefdata."City" (name, "lastUpdated", "userUpdated", "id_Country") VALUES ('Presidente Juscelino', CURRENT_TIMESTAMP, 'pigtraxadmin', 1);
INSERT INTO pigtraxrefdata."City" (name, "lastUpdated", "userUpdated", "id_Country") VALUES ('Presidente Kennedy', CURRENT_TIMESTAMP, 'pigtraxadmin', 1);
INSERT INTO pigtraxrefdata."City" (name, "lastUpdated", "userUpdated", "id_Country") VALUES ('Presidente Kubitschek', CURRENT_TIMESTAMP, 'pigtraxadmin', 1);
INSERT INTO pigtraxrefdata."City" (name, "lastUpdated", "userUpdated", "id_Country") VALUES ('Presidente Lucena', CURRENT_TIMESTAMP, 'pigtraxadmin', 1);
INSERT INTO pigtraxrefdata."City" (name, "lastUpdated", "userUpdated", "id_Country") VALUES ('Presidente Médici', CURRENT_TIMESTAMP, 'pigtraxadmin', 1);
INSERT INTO pigtraxrefdata."City" (name, "lastUpdated", "userUpdated", "id_Country") VALUES ('Presidente Nereu', CURRENT_TIMESTAMP, 'pigtraxadmin', 1);
INSERT INTO pigtraxrefdata."City" (name, "lastUpdated", "userUpdated", "id_Country") VALUES ('Presidente Olegário', CURRENT_TIMESTAMP, 'pigtraxadmin', 1);
INSERT INTO pigtraxrefdata."City" (name, "lastUpdated", "userUpdated", "id_Country") VALUES ('Presidente Pena', CURRENT_TIMESTAMP, 'pigtraxadmin', 1);
INSERT INTO pigtraxrefdata."City" (name, "lastUpdated", "userUpdated", "id_Country") VALUES ('Presidente Prudente', CURRENT_TIMESTAMP, 'pigtraxadmin', 1);
INSERT INTO pigtraxrefdata."City" (name, "lastUpdated", "userUpdated", "id_Country") VALUES ('Presidente Sarney', CURRENT_TIMESTAMP, 'pigtraxadmin', 1);
INSERT INTO pigtraxrefdata."City" (name, "lastUpdated", "userUpdated", "id_Country") VALUES ('Presidente Tancredo Neves', CURRENT_TIMESTAMP, 'pigtraxadmin', 1);
INSERT INTO pigtraxrefdata."City" (name, "lastUpdated", "userUpdated", "id_Country") VALUES ('Presidente Vargas', CURRENT_TIMESTAMP, 'pigtraxadmin', 1);
INSERT INTO pigtraxrefdata."City" (name, "lastUpdated", "userUpdated", "id_Country") VALUES ('Presidente Venceslau', CURRENT_TIMESTAMP, 'pigtraxadmin', 1);
INSERT INTO pigtraxrefdata."City" (name, "lastUpdated", "userUpdated", "id_Country") VALUES ('Prevenido', CURRENT_TIMESTAMP, 'pigtraxadmin', 1);
INSERT INTO pigtraxrefdata."City" (name, "lastUpdated", "userUpdated", "id_Country") VALUES ('Primavera', CURRENT_TIMESTAMP, 'pigtraxadmin', 1);
INSERT INTO pigtraxrefdata."City" (name, "lastUpdated", "userUpdated", "id_Country") VALUES ('Primavera de Rondônia', CURRENT_TIMESTAMP, 'pigtraxadmin', 1);
INSERT INTO pigtraxrefdata."City" (name, "lastUpdated", "userUpdated", "id_Country") VALUES ('Primavera do Leste', CURRENT_TIMESTAMP, 'pigtraxadmin', 1);
INSERT INTO pigtraxrefdata."City" (name, "lastUpdated", "userUpdated", "id_Country") VALUES ('Primeira Cruz', CURRENT_TIMESTAMP, 'pigtraxadmin', 1);
INSERT INTO pigtraxrefdata."City" (name, "lastUpdated", "userUpdated", "id_Country") VALUES ('Primeiro de Maio', CURRENT_TIMESTAMP, 'pigtraxadmin', 1);
INSERT INTO pigtraxrefdata."City" (name, "lastUpdated", "userUpdated", "id_Country") VALUES ('Princesa', CURRENT_TIMESTAMP, 'pigtraxadmin', 1);
INSERT INTO pigtraxrefdata."City" (name, "lastUpdated", "userUpdated", "id_Country") VALUES ('Princesa Isabel', CURRENT_TIMESTAMP, 'pigtraxadmin', 1);
INSERT INTO pigtraxrefdata."City" (name, "lastUpdated", "userUpdated", "id_Country") VALUES ('Professor Jamil', CURRENT_TIMESTAMP, 'pigtraxadmin', 1);
INSERT INTO pigtraxrefdata."City" (name, "lastUpdated", "userUpdated", "id_Country") VALUES ('Professor Souza', CURRENT_TIMESTAMP, 'pigtraxadmin', 1);
INSERT INTO pigtraxrefdata."City" (name, "lastUpdated", "userUpdated", "id_Country") VALUES ('Progresso', CURRENT_TIMESTAMP, 'pigtraxadmin', 1);
INSERT INTO pigtraxrefdata."City" (name, "lastUpdated", "userUpdated", "id_Country") VALUES ('Promissão', CURRENT_TIMESTAMP, 'pigtraxadmin', 1);
INSERT INTO pigtraxrefdata."City" (name, "lastUpdated", "userUpdated", "id_Country") VALUES ('Propriá', CURRENT_TIMESTAMP, 'pigtraxadmin', 1);
INSERT INTO pigtraxrefdata."City" (name, "lastUpdated", "userUpdated", "id_Country") VALUES ('Prosperidade', CURRENT_TIMESTAMP, 'pigtraxadmin', 1);
INSERT INTO pigtraxrefdata."City" (name, "lastUpdated", "userUpdated", "id_Country") VALUES ('Prudêncio e Moraes', CURRENT_TIMESTAMP, 'pigtraxadmin', 1);
INSERT INTO pigtraxrefdata."City" (name, "lastUpdated", "userUpdated", "id_Country") VALUES ('Prudêncio Thomaz', CURRENT_TIMESTAMP, 'pigtraxadmin', 1);
INSERT INTO pigtraxrefdata."City" (name, "lastUpdated", "userUpdated", "id_Country") VALUES ('Prudentópolis', CURRENT_TIMESTAMP, 'pigtraxadmin', 1);
INSERT INTO pigtraxrefdata."City" (name, "lastUpdated", "userUpdated", "id_Country") VALUES ('Pugmil', CURRENT_TIMESTAMP, 'pigtraxadmin', 1);
INSERT INTO pigtraxrefdata."City" (name, "lastUpdated", "userUpdated", "id_Country") VALUES ('Pureza', CURRENT_TIMESTAMP, 'pigtraxadmin', 1);
INSERT INTO pigtraxrefdata."City" (name, "lastUpdated", "userUpdated", "id_Country") VALUES ('Purilândia', CURRENT_TIMESTAMP, 'pigtraxadmin', 1);
INSERT INTO pigtraxrefdata."City" (name, "lastUpdated", "userUpdated", "id_Country") VALUES ('Putinga', CURRENT_TIMESTAMP, 'pigtraxadmin', 1);
INSERT INTO pigtraxrefdata."City" (name, "lastUpdated", "userUpdated", "id_Country") VALUES ('Puxinanã', CURRENT_TIMESTAMP, 'pigtraxadmin', 1);
INSERT INTO pigtraxrefdata."City" (name, "lastUpdated", "userUpdated", "id_Country") VALUES ('Quadra', CURRENT_TIMESTAMP, 'pigtraxadmin', 1);
INSERT INTO pigtraxrefdata."City" (name, "lastUpdated", "userUpdated", "id_Country") VALUES ('Quaraçu', CURRENT_TIMESTAMP, 'pigtraxadmin', 1);
INSERT INTO pigtraxrefdata."City" (name, "lastUpdated", "userUpdated", "id_Country") VALUES ('Quaraí', CURRENT_TIMESTAMP, 'pigtraxadmin', 1);
INSERT INTO pigtraxrefdata."City" (name, "lastUpdated", "userUpdated", "id_Country") VALUES ('Quartel do Sacramento', CURRENT_TIMESTAMP, 'pigtraxadmin', 1);
INSERT INTO pigtraxrefdata."City" (name, "lastUpdated", "userUpdated", "id_Country") VALUES ('Quarto Centenário', CURRENT_TIMESTAMP, 'pigtraxadmin', 1);
INSERT INTO pigtraxrefdata."City" (name, "lastUpdated", "userUpdated", "id_Country") VALUES ('Quatá', CURRENT_TIMESTAMP, 'pigtraxadmin', 1);
INSERT INTO pigtraxrefdata."City" (name, "lastUpdated", "userUpdated", "id_Country") VALUES ('Quatiguá', CURRENT_TIMESTAMP, 'pigtraxadmin', 1);
INSERT INTO pigtraxrefdata."City" (name, "lastUpdated", "userUpdated", "id_Country") VALUES ('Quatiguaba', CURRENT_TIMESTAMP, 'pigtraxadmin', 1);
INSERT INTO pigtraxrefdata."City" (name, "lastUpdated", "userUpdated", "id_Country") VALUES ('Quatinga', CURRENT_TIMESTAMP, 'pigtraxadmin', 1);
INSERT INTO pigtraxrefdata."City" (name, "lastUpdated", "userUpdated", "id_Country") VALUES ('Quatipuru', CURRENT_TIMESTAMP, 'pigtraxadmin', 1);
INSERT INTO pigtraxrefdata."City" (name, "lastUpdated", "userUpdated", "id_Country") VALUES ('Quatis', CURRENT_TIMESTAMP, 'pigtraxadmin', 1);
INSERT INTO pigtraxrefdata."City" (name, "lastUpdated", "userUpdated", "id_Country") VALUES ('Quatituba', CURRENT_TIMESTAMP, 'pigtraxadmin', 1);
INSERT INTO pigtraxrefdata."City" (name, "lastUpdated", "userUpdated", "id_Country") VALUES ('Quatro Barras', CURRENT_TIMESTAMP, 'pigtraxadmin', 1);
INSERT INTO pigtraxrefdata."City" (name, "lastUpdated", "userUpdated", "id_Country") VALUES ('Quatro Irmãos', CURRENT_TIMESTAMP, 'pigtraxadmin', 1);
INSERT INTO pigtraxrefdata."City" (name, "lastUpdated", "userUpdated", "id_Country") VALUES ('Quatro Pontes', CURRENT_TIMESTAMP, 'pigtraxadmin', 1);
INSERT INTO pigtraxrefdata."City" (name, "lastUpdated", "userUpdated", "id_Country") VALUES ('Quebra Côco', CURRENT_TIMESTAMP, 'pigtraxadmin', 1);
INSERT INTO pigtraxrefdata."City" (name, "lastUpdated", "userUpdated", "id_Country") VALUES ('Quebrangulo', CURRENT_TIMESTAMP, 'pigtraxadmin', 1);
INSERT INTO pigtraxrefdata."City" (name, "lastUpdated", "userUpdated", "id_Country") VALUES ('Quedas do Iguaçu', CURRENT_TIMESTAMP, 'pigtraxadmin', 1);
INSERT INTO pigtraxrefdata."City" (name, "lastUpdated", "userUpdated", "id_Country") VALUES ('Queimada Nova', CURRENT_TIMESTAMP, 'pigtraxadmin', 1);
INSERT INTO pigtraxrefdata."City" (name, "lastUpdated", "userUpdated", "id_Country") VALUES ('Queimadas', CURRENT_TIMESTAMP, 'pigtraxadmin', 1);
INSERT INTO pigtraxrefdata."City" (name, "lastUpdated", "userUpdated", "id_Country") VALUES ('Queimados', CURRENT_TIMESTAMP, 'pigtraxadmin', 1);
INSERT INTO pigtraxrefdata."City" (name, "lastUpdated", "userUpdated", "id_Country") VALUES ('Queiroz', CURRENT_TIMESTAMP, 'pigtraxadmin', 1);
INSERT INTO pigtraxrefdata."City" (name, "lastUpdated", "userUpdated", "id_Country") VALUES ('Queixada', CURRENT_TIMESTAMP, 'pigtraxadmin', 1);
INSERT INTO pigtraxrefdata."City" (name, "lastUpdated", "userUpdated", "id_Country") VALUES ('Queluz', CURRENT_TIMESTAMP, 'pigtraxadmin', 1);
INSERT INTO pigtraxrefdata."City" (name, "lastUpdated", "userUpdated", "id_Country") VALUES ('Queluzito', CURRENT_TIMESTAMP, 'pigtraxadmin', 1);
INSERT INTO pigtraxrefdata."City" (name, "lastUpdated", "userUpdated", "id_Country") VALUES ('Quem-Quem', CURRENT_TIMESTAMP, 'pigtraxadmin', 1);
INSERT INTO pigtraxrefdata."City" (name, "lastUpdated", "userUpdated", "id_Country") VALUES ('Querência', CURRENT_TIMESTAMP, 'pigtraxadmin', 1);
INSERT INTO pigtraxrefdata."City" (name, "lastUpdated", "userUpdated", "id_Country") VALUES ('Querência do Norte', CURRENT_TIMESTAMP, 'pigtraxadmin', 1);
INSERT INTO pigtraxrefdata."City" (name, "lastUpdated", "userUpdated", "id_Country") VALUES ('Quevedos', CURRENT_TIMESTAMP, 'pigtraxadmin', 1);
INSERT INTO pigtraxrefdata."City" (name, "lastUpdated", "userUpdated", "id_Country") VALUES ('Quijingue', CURRENT_TIMESTAMP, 'pigtraxadmin', 1);
INSERT INTO pigtraxrefdata."City" (name, "lastUpdated", "userUpdated", "id_Country") VALUES ('Quilombo', CURRENT_TIMESTAMP, 'pigtraxadmin', 1);
INSERT INTO pigtraxrefdata."City" (name, "lastUpdated", "userUpdated", "id_Country") VALUES ('Quincuncá', CURRENT_TIMESTAMP, 'pigtraxadmin', 1);
INSERT INTO pigtraxrefdata."City" (name, "lastUpdated", "userUpdated", "id_Country") VALUES ('Quinta', CURRENT_TIMESTAMP, 'pigtraxadmin', 1);
INSERT INTO pigtraxrefdata."City" (name, "lastUpdated", "userUpdated", "id_Country") VALUES ('Quintana', CURRENT_TIMESTAMP, 'pigtraxadmin', 1);
INSERT INTO pigtraxrefdata."City" (name, "lastUpdated", "userUpdated", "id_Country") VALUES ('Quintão', CURRENT_TIMESTAMP, 'pigtraxadmin', 1);
INSERT INTO pigtraxrefdata."City" (name, "lastUpdated", "userUpdated", "id_Country") VALUES ('Quintinos', CURRENT_TIMESTAMP, 'pigtraxadmin', 1);
INSERT INTO pigtraxrefdata."City" (name, "lastUpdated", "userUpdated", "id_Country") VALUES ('Quinto BEC', CURRENT_TIMESTAMP, 'pigtraxadmin', 1);
INSERT INTO pigtraxrefdata."City" (name, "lastUpdated", "userUpdated", "id_Country") VALUES ('Quinze de Novembro', CURRENT_TIMESTAMP, 'pigtraxadmin', 1);
INSERT INTO pigtraxrefdata."City" (name, "lastUpdated", "userUpdated", "id_Country") VALUES ('Quirinópolis', CURRENT_TIMESTAMP, 'pigtraxadmin', 1);
INSERT INTO pigtraxrefdata."City" (name, "lastUpdated", "userUpdated", "id_Country") VALUES ('Quiririm', CURRENT_TIMESTAMP, 'pigtraxadmin', 1);
INSERT INTO pigtraxrefdata."City" (name, "lastUpdated", "userUpdated", "id_Country") VALUES ('Quissamã', CURRENT_TIMESTAMP, 'pigtraxadmin', 1);
INSERT INTO pigtraxrefdata."City" (name, "lastUpdated", "userUpdated", "id_Country") VALUES ('Quitaiús', CURRENT_TIMESTAMP, 'pigtraxadmin', 1);
INSERT INTO pigtraxrefdata."City" (name, "lastUpdated", "userUpdated", "id_Country") VALUES ('Quitandinha', CURRENT_TIMESTAMP, 'pigtraxadmin', 1);
INSERT INTO pigtraxrefdata."City" (name, "lastUpdated", "userUpdated", "id_Country") VALUES ('Quiterianópolis', CURRENT_TIMESTAMP, 'pigtraxadmin', 1);
INSERT INTO pigtraxrefdata."City" (name, "lastUpdated", "userUpdated", "id_Country") VALUES ('Quitimbu', CURRENT_TIMESTAMP, 'pigtraxadmin', 1);
INSERT INTO pigtraxrefdata."City" (name, "lastUpdated", "userUpdated", "id_Country") VALUES ('Quixaba', CURRENT_TIMESTAMP, 'pigtraxadmin', 1);
INSERT INTO pigtraxrefdata."City" (name, "lastUpdated", "userUpdated", "id_Country") VALUES ('Quixabá', CURRENT_TIMESTAMP, 'pigtraxadmin', 1);
INSERT INTO pigtraxrefdata."City" (name, "lastUpdated", "userUpdated", "id_Country") VALUES ('Quixabeira', CURRENT_TIMESTAMP, 'pigtraxadmin', 1);
INSERT INTO pigtraxrefdata."City" (name, "lastUpdated", "userUpdated", "id_Country") VALUES ('Quixadá', CURRENT_TIMESTAMP, 'pigtraxadmin', 1);
INSERT INTO pigtraxrefdata."City" (name, "lastUpdated", "userUpdated", "id_Country") VALUES ('Quixariú', CURRENT_TIMESTAMP, 'pigtraxadmin', 1);
INSERT INTO pigtraxrefdata."City" (name, "lastUpdated", "userUpdated", "id_Country") VALUES ('Quixelô', CURRENT_TIMESTAMP, 'pigtraxadmin', 1);
INSERT INTO pigtraxrefdata."City" (name, "lastUpdated", "userUpdated", "id_Country") VALUES ('Quixeramobim', CURRENT_TIMESTAMP, 'pigtraxadmin', 1);
INSERT INTO pigtraxrefdata."City" (name, "lastUpdated", "userUpdated", "id_Country") VALUES ('Quixeré', CURRENT_TIMESTAMP, 'pigtraxadmin', 1);
INSERT INTO pigtraxrefdata."City" (name, "lastUpdated", "userUpdated", "id_Country") VALUES ('Rafael Arruda', CURRENT_TIMESTAMP, 'pigtraxadmin', 1);
INSERT INTO pigtraxrefdata."City" (name, "lastUpdated", "userUpdated", "id_Country") VALUES ('Rafael Fernandes', CURRENT_TIMESTAMP, 'pigtraxadmin', 1);
INSERT INTO pigtraxrefdata."City" (name, "lastUpdated", "userUpdated", "id_Country") VALUES ('Rafael Godeiro', CURRENT_TIMESTAMP, 'pigtraxadmin', 1);
INSERT INTO pigtraxrefdata."City" (name, "lastUpdated", "userUpdated", "id_Country") VALUES ('Rafael Jambeiro', CURRENT_TIMESTAMP, 'pigtraxadmin', 1);
INSERT INTO pigtraxrefdata."City" (name, "lastUpdated", "userUpdated", "id_Country") VALUES ('Rafard', CURRENT_TIMESTAMP, 'pigtraxadmin', 1);
INSERT INTO pigtraxrefdata."City" (name, "lastUpdated", "userUpdated", "id_Country") VALUES ('Rainha do Mar', CURRENT_TIMESTAMP, 'pigtraxadmin', 1);
INSERT INTO pigtraxrefdata."City" (name, "lastUpdated", "userUpdated", "id_Country") VALUES ('Rainha Isabel', CURRENT_TIMESTAMP, 'pigtraxadmin', 1);
INSERT INTO pigtraxrefdata."City" (name, "lastUpdated", "userUpdated", "id_Country") VALUES ('Rajada', CURRENT_TIMESTAMP, 'pigtraxadmin', 1);
INSERT INTO pigtraxrefdata."City" (name, "lastUpdated", "userUpdated", "id_Country") VALUES ('Ramalho', CURRENT_TIMESTAMP, 'pigtraxadmin', 1);
INSERT INTO pigtraxrefdata."City" (name, "lastUpdated", "userUpdated", "id_Country") VALUES ('Ramilândia', CURRENT_TIMESTAMP, 'pigtraxadmin', 1);
INSERT INTO pigtraxrefdata."City" (name, "lastUpdated", "userUpdated", "id_Country") VALUES ('Rancharia', CURRENT_TIMESTAMP, 'pigtraxadmin', 1);
INSERT INTO pigtraxrefdata."City" (name, "lastUpdated", "userUpdated", "id_Country") VALUES ('Rancho Alegre', CURRENT_TIMESTAMP, 'pigtraxadmin', 1);
INSERT INTO pigtraxrefdata."City" (name, "lastUpdated", "userUpdated", "id_Country") VALUES ('Raposo', CURRENT_TIMESTAMP, 'pigtraxadmin', 1);
INSERT INTO pigtraxrefdata."City" (name, "lastUpdated", "userUpdated", "id_Country") VALUES ('Raposos', CURRENT_TIMESTAMP, 'pigtraxadmin', 1);
INSERT INTO pigtraxrefdata."City" (name, "lastUpdated", "userUpdated", "id_Country") VALUES ('Ratones', CURRENT_TIMESTAMP, 'pigtraxadmin', 1);
INSERT INTO pigtraxrefdata."City" (name, "lastUpdated", "userUpdated", "id_Country") VALUES ('Realejo', CURRENT_TIMESTAMP, 'pigtraxadmin', 1);
INSERT INTO pigtraxrefdata."City" (name, "lastUpdated", "userUpdated", "id_Country") VALUES ('Realeza', CURRENT_TIMESTAMP, 'pigtraxadmin', 1);
INSERT INTO pigtraxrefdata."City" (name, "lastUpdated", "userUpdated", "id_Country") VALUES ('Rechan', CURRENT_TIMESTAMP, 'pigtraxadmin', 1);
INSERT INTO pigtraxrefdata."City" (name, "lastUpdated", "userUpdated", "id_Country") VALUES ('Recife', CURRENT_TIMESTAMP, 'pigtraxadmin', 1);
INSERT INTO pigtraxrefdata."City" (name, "lastUpdated", "userUpdated", "id_Country") VALUES ('Recreio', CURRENT_TIMESTAMP, 'pigtraxadmin', 1);
INSERT INTO pigtraxrefdata."City" (name, "lastUpdated", "userUpdated", "id_Country") VALUES ('Recursolândia', CURRENT_TIMESTAMP, 'pigtraxadmin', 1);
INSERT INTO pigtraxrefdata."City" (name, "lastUpdated", "userUpdated", "id_Country") VALUES ('Redenção', CURRENT_TIMESTAMP, 'pigtraxadmin', 1);
INSERT INTO pigtraxrefdata."City" (name, "lastUpdated", "userUpdated", "id_Country") VALUES ('Redenção da Serra', CURRENT_TIMESTAMP, 'pigtraxadmin', 1);
INSERT INTO pigtraxrefdata."City" (name, "lastUpdated", "userUpdated", "id_Country") VALUES ('Redenção do Gurguéia', CURRENT_TIMESTAMP, 'pigtraxadmin', 1);
INSERT INTO pigtraxrefdata."City" (name, "lastUpdated", "userUpdated", "id_Country") VALUES ('Redentora', CURRENT_TIMESTAMP, 'pigtraxadmin', 1);
INSERT INTO pigtraxrefdata."City" (name, "lastUpdated", "userUpdated", "id_Country") VALUES ('Reduto', CURRENT_TIMESTAMP, 'pigtraxadmin', 1);
INSERT INTO pigtraxrefdata."City" (name, "lastUpdated", "userUpdated", "id_Country") VALUES ('Regência', CURRENT_TIMESTAMP, 'pigtraxadmin', 1);
INSERT INTO pigtraxrefdata."City" (name, "lastUpdated", "userUpdated", "id_Country") VALUES ('Regeneração', CURRENT_TIMESTAMP, 'pigtraxadmin', 1);
INSERT INTO pigtraxrefdata."City" (name, "lastUpdated", "userUpdated", "id_Country") VALUES ('Regente Feijó', CURRENT_TIMESTAMP, 'pigtraxadmin', 1);
INSERT INTO pigtraxrefdata."City" (name, "lastUpdated", "userUpdated", "id_Country") VALUES ('Reginópolis', CURRENT_TIMESTAMP, 'pigtraxadmin', 1);
INSERT INTO pigtraxrefdata."City" (name, "lastUpdated", "userUpdated", "id_Country") VALUES ('Registro', CURRENT_TIMESTAMP, 'pigtraxadmin', 1);
INSERT INTO pigtraxrefdata."City" (name, "lastUpdated", "userUpdated", "id_Country") VALUES ('Relvado', CURRENT_TIMESTAMP, 'pigtraxadmin', 1);
INSERT INTO pigtraxrefdata."City" (name, "lastUpdated", "userUpdated", "id_Country") VALUES ('Remanso', CURRENT_TIMESTAMP, 'pigtraxadmin', 1);
INSERT INTO pigtraxrefdata."City" (name, "lastUpdated", "userUpdated", "id_Country") VALUES ('Remígio', CURRENT_TIMESTAMP, 'pigtraxadmin', 1);
INSERT INTO pigtraxrefdata."City" (name, "lastUpdated", "userUpdated", "id_Country") VALUES ('Renascença', CURRENT_TIMESTAMP, 'pigtraxadmin', 1);
INSERT INTO pigtraxrefdata."City" (name, "lastUpdated", "userUpdated", "id_Country") VALUES ('Renascer', CURRENT_TIMESTAMP, 'pigtraxadmin', 1);
INSERT INTO pigtraxrefdata."City" (name, "lastUpdated", "userUpdated", "id_Country") VALUES ('Reriutaba', CURRENT_TIMESTAMP, 'pigtraxadmin', 1);
INSERT INTO pigtraxrefdata."City" (name, "lastUpdated", "userUpdated", "id_Country") VALUES ('Resende', CURRENT_TIMESTAMP, 'pigtraxadmin', 1);
INSERT INTO pigtraxrefdata."City" (name, "lastUpdated", "userUpdated", "id_Country") VALUES ('Resende Costa', CURRENT_TIMESTAMP, 'pigtraxadmin', 1);
INSERT INTO pigtraxrefdata."City" (name, "lastUpdated", "userUpdated", "id_Country") VALUES ('Reserva do Cabaçal', CURRENT_TIMESTAMP, 'pigtraxadmin', 1);
INSERT INTO pigtraxrefdata."City" (name, "lastUpdated", "userUpdated", "id_Country") VALUES ('Residência Fuck', CURRENT_TIMESTAMP, 'pigtraxadmin', 1);
INSERT INTO pigtraxrefdata."City" (name, "lastUpdated", "userUpdated", "id_Country") VALUES ('Resplendor', CURRENT_TIMESTAMP, 'pigtraxadmin', 1);
INSERT INTO pigtraxrefdata."City" (name, "lastUpdated", "userUpdated", "id_Country") VALUES ('Ressaquinha', CURRENT_TIMESTAMP, 'pigtraxadmin', 1);
INSERT INTO pigtraxrefdata."City" (name, "lastUpdated", "userUpdated", "id_Country") VALUES ('Restinga', CURRENT_TIMESTAMP, 'pigtraxadmin', 1);
INSERT INTO pigtraxrefdata."City" (name, "lastUpdated", "userUpdated", "id_Country") VALUES ('Restinga Seca', CURRENT_TIMESTAMP, 'pigtraxadmin', 1);
INSERT INTO pigtraxrefdata."City" (name, "lastUpdated", "userUpdated", "id_Country") VALUES ('Retiro', CURRENT_TIMESTAMP, 'pigtraxadmin', 1);
INSERT INTO pigtraxrefdata."City" (name, "lastUpdated", "userUpdated", "id_Country") VALUES ('Retiro do Muriaé', CURRENT_TIMESTAMP, 'pigtraxadmin', 1);
INSERT INTO pigtraxrefdata."City" (name, "lastUpdated", "userUpdated", "id_Country") VALUES ('Retirolândia', CURRENT_TIMESTAMP, 'pigtraxadmin', 1);
INSERT INTO pigtraxrefdata."City" (name, "lastUpdated", "userUpdated", "id_Country") VALUES ('Revés do Belém', CURRENT_TIMESTAMP, 'pigtraxadmin', 1);
INSERT INTO pigtraxrefdata."City" (name, "lastUpdated", "userUpdated", "id_Country") VALUES ('Riachão das Neves', CURRENT_TIMESTAMP, 'pigtraxadmin', 1);
INSERT INTO pigtraxrefdata."City" (name, "lastUpdated", "userUpdated", "id_Country") VALUES ('Riachão do Bacamarte', CURRENT_TIMESTAMP, 'pigtraxadmin', 1);
INSERT INTO pigtraxrefdata."City" (name, "lastUpdated", "userUpdated", "id_Country") VALUES ('Riachão do Dantas', CURRENT_TIMESTAMP, 'pigtraxadmin', 1);
INSERT INTO pigtraxrefdata."City" (name, "lastUpdated", "userUpdated", "id_Country") VALUES ('Riachão do Jacuípe', CURRENT_TIMESTAMP, 'pigtraxadmin', 1);
INSERT INTO pigtraxrefdata."City" (name, "lastUpdated", "userUpdated", "id_Country") VALUES ('Riachão do Poço', CURRENT_TIMESTAMP, 'pigtraxadmin', 1);
INSERT INTO pigtraxrefdata."City" (name, "lastUpdated", "userUpdated", "id_Country") VALUES ('Riachinho', CURRENT_TIMESTAMP, 'pigtraxadmin', 1);
INSERT INTO pigtraxrefdata."City" (name, "lastUpdated", "userUpdated", "id_Country") VALUES ('Riacho', CURRENT_TIMESTAMP, 'pigtraxadmin', 1);
INSERT INTO pigtraxrefdata."City" (name, "lastUpdated", "userUpdated", "id_Country") VALUES ('Riacho da Cruz', CURRENT_TIMESTAMP, 'pigtraxadmin', 1);
INSERT INTO pigtraxrefdata."City" (name, "lastUpdated", "userUpdated", "id_Country") VALUES ('Riacho da Guia', CURRENT_TIMESTAMP, 'pigtraxadmin', 1);
INSERT INTO pigtraxrefdata."City" (name, "lastUpdated", "userUpdated", "id_Country") VALUES ('Riacho das Almas', CURRENT_TIMESTAMP, 'pigtraxadmin', 1);
INSERT INTO pigtraxrefdata."City" (name, "lastUpdated", "userUpdated", "id_Country") VALUES ('Riacho de Santana', CURRENT_TIMESTAMP, 'pigtraxadmin', 1);
INSERT INTO pigtraxrefdata."City" (name, "lastUpdated", "userUpdated", "id_Country") VALUES ('Riacho de Santo Antônio', CURRENT_TIMESTAMP, 'pigtraxadmin', 1);
INSERT INTO pigtraxrefdata."City" (name, "lastUpdated", "userUpdated", "id_Country") VALUES ('Riacho do Meio', CURRENT_TIMESTAMP, 'pigtraxadmin', 1);
INSERT INTO pigtraxrefdata."City" (name, "lastUpdated", "userUpdated", "id_Country") VALUES ('Riacho do Sertão', CURRENT_TIMESTAMP, 'pigtraxadmin', 1);
INSERT INTO pigtraxrefdata."City" (name, "lastUpdated", "userUpdated", "id_Country") VALUES ('Riacho dos Cavalos', CURRENT_TIMESTAMP, 'pigtraxadmin', 1);
INSERT INTO pigtraxrefdata."City" (name, "lastUpdated", "userUpdated", "id_Country") VALUES ('Riacho dos Machados', CURRENT_TIMESTAMP, 'pigtraxadmin', 1);
INSERT INTO pigtraxrefdata."City" (name, "lastUpdated", "userUpdated", "id_Country") VALUES ('Riacho Fechado', CURRENT_TIMESTAMP, 'pigtraxadmin', 1);
INSERT INTO pigtraxrefdata."City" (name, "lastUpdated", "userUpdated", "id_Country") VALUES ('Riacho Frio', CURRENT_TIMESTAMP, 'pigtraxadmin', 1);
INSERT INTO pigtraxrefdata."City" (name, "lastUpdated", "userUpdated", "id_Country") VALUES ('Riacho Grande', CURRENT_TIMESTAMP, 'pigtraxadmin', 1);
INSERT INTO pigtraxrefdata."City" (name, "lastUpdated", "userUpdated", "id_Country") VALUES ('Riacho Seco', CURRENT_TIMESTAMP, 'pigtraxadmin', 1);
INSERT INTO pigtraxrefdata."City" (name, "lastUpdated", "userUpdated", "id_Country") VALUES ('Riacho Verde', CURRENT_TIMESTAMP, 'pigtraxadmin', 1);
INSERT INTO pigtraxrefdata."City" (name, "lastUpdated", "userUpdated", "id_Country") VALUES ('Riachuelo', CURRENT_TIMESTAMP, 'pigtraxadmin', 1);
INSERT INTO pigtraxrefdata."City" (name, "lastUpdated", "userUpdated", "id_Country") VALUES ('Rialma', CURRENT_TIMESTAMP, 'pigtraxadmin', 1);
INSERT INTO pigtraxrefdata."City" (name, "lastUpdated", "userUpdated", "id_Country") VALUES ('Rialto', CURRENT_TIMESTAMP, 'pigtraxadmin', 1);
INSERT INTO pigtraxrefdata."City" (name, "lastUpdated", "userUpdated", "id_Country") VALUES ('Rianápolis', CURRENT_TIMESTAMP, 'pigtraxadmin', 1);
INSERT INTO pigtraxrefdata."City" (name, "lastUpdated", "userUpdated", "id_Country") VALUES ('Ribamar Fiquene', CURRENT_TIMESTAMP, 'pigtraxadmin', 1);
INSERT INTO pigtraxrefdata."City" (name, "lastUpdated", "userUpdated", "id_Country") VALUES ('Ribas do Rio Pardo', CURRENT_TIMESTAMP, 'pigtraxadmin', 1);
INSERT INTO pigtraxrefdata."City" (name, "lastUpdated", "userUpdated", "id_Country") VALUES ('Ribeira', CURRENT_TIMESTAMP, 'pigtraxadmin', 1);
INSERT INTO pigtraxrefdata."City" (name, "lastUpdated", "userUpdated", "id_Country") VALUES ('Ribeira do Amparo', CURRENT_TIMESTAMP, 'pigtraxadmin', 1);
INSERT INTO pigtraxrefdata."City" (name, "lastUpdated", "userUpdated", "id_Country") VALUES ('Ribeira do Piauí', CURRENT_TIMESTAMP, 'pigtraxadmin', 1);
INSERT INTO pigtraxrefdata."City" (name, "lastUpdated", "userUpdated", "id_Country") VALUES ('Ribeira do Pombal', CURRENT_TIMESTAMP, 'pigtraxadmin', 1);
INSERT INTO pigtraxrefdata."City" (name, "lastUpdated", "userUpdated", "id_Country") VALUES ('Ribeirão', CURRENT_TIMESTAMP, 'pigtraxadmin', 1);
INSERT INTO pigtraxrefdata."City" (name, "lastUpdated", "userUpdated", "id_Country") VALUES ('Ribeirão Bonito', CURRENT_TIMESTAMP, 'pigtraxadmin', 1);
INSERT INTO pigtraxrefdata."City" (name, "lastUpdated", "userUpdated", "id_Country") VALUES ('Ribeirão Branco', CURRENT_TIMESTAMP, 'pigtraxadmin', 1);
INSERT INTO pigtraxrefdata."City" (name, "lastUpdated", "userUpdated", "id_Country") VALUES ('Ribeirão Claro', CURRENT_TIMESTAMP, 'pigtraxadmin', 1);
INSERT INTO pigtraxrefdata."City" (name, "lastUpdated", "userUpdated", "id_Country") VALUES ('Ribeirão Corrente', CURRENT_TIMESTAMP, 'pigtraxadmin', 1);
INSERT INTO pigtraxrefdata."City" (name, "lastUpdated", "userUpdated", "id_Country") VALUES ('Ribeirão da Ilha', CURRENT_TIMESTAMP, 'pigtraxadmin', 1);
INSERT INTO pigtraxrefdata."City" (name, "lastUpdated", "userUpdated", "id_Country") VALUES ('Ribeirão das Neves', CURRENT_TIMESTAMP, 'pigtraxadmin', 1);
INSERT INTO pigtraxrefdata."City" (name, "lastUpdated", "userUpdated", "id_Country") VALUES ('Ribeirão do Largo', CURRENT_TIMESTAMP, 'pigtraxadmin', 1);
INSERT INTO pigtraxrefdata."City" (name, "lastUpdated", "userUpdated", "id_Country") VALUES ('Ribeirão do Pinhal', CURRENT_TIMESTAMP, 'pigtraxadmin', 1);
INSERT INTO pigtraxrefdata."City" (name, "lastUpdated", "userUpdated", "id_Country") VALUES ('Ribeirão do Salto', CURRENT_TIMESTAMP, 'pigtraxadmin', 1);
INSERT INTO pigtraxrefdata."City" (name, "lastUpdated", "userUpdated", "id_Country") VALUES ('Ribeirão do Sul', CURRENT_TIMESTAMP, 'pigtraxadmin', 1);
INSERT INTO pigtraxrefdata."City" (name, "lastUpdated", "userUpdated", "id_Country") VALUES ('Ribeirão dos Índios', CURRENT_TIMESTAMP, 'pigtraxadmin', 1);
INSERT INTO pigtraxrefdata."City" (name, "lastUpdated", "userUpdated", "id_Country") VALUES ('Ribeirão Grande', CURRENT_TIMESTAMP, 'pigtraxadmin', 1);
INSERT INTO pigtraxrefdata."City" (name, "lastUpdated", "userUpdated", "id_Country") VALUES ('Ribeirão Pires', CURRENT_TIMESTAMP, 'pigtraxadmin', 1);
INSERT INTO pigtraxrefdata."City" (name, "lastUpdated", "userUpdated", "id_Country") VALUES ('Ribeirão Preto', CURRENT_TIMESTAMP, 'pigtraxadmin', 1);
INSERT INTO pigtraxrefdata."City" (name, "lastUpdated", "userUpdated", "id_Country") VALUES ('Ribeirão Vermelho', CURRENT_TIMESTAMP, 'pigtraxadmin', 1);
INSERT INTO pigtraxrefdata."City" (name, "lastUpdated", "userUpdated", "id_Country") VALUES ('Ribeirãozinho', CURRENT_TIMESTAMP, 'pigtraxadmin', 1);
INSERT INTO pigtraxrefdata."City" (name, "lastUpdated", "userUpdated", "id_Country") VALUES ('Ribeiro dos Santos', CURRENT_TIMESTAMP, 'pigtraxadmin', 1);
INSERT INTO pigtraxrefdata."City" (name, "lastUpdated", "userUpdated", "id_Country") VALUES ('Ribeiro Gonçalves', CURRENT_TIMESTAMP, 'pigtraxadmin', 1);
INSERT INTO pigtraxrefdata."City" (name, "lastUpdated", "userUpdated", "id_Country") VALUES ('Ribeiro Junqueira', CURRENT_TIMESTAMP, 'pigtraxadmin', 1);
INSERT INTO pigtraxrefdata."City" (name, "lastUpdated", "userUpdated", "id_Country") VALUES ('Ribeirópolis', CURRENT_TIMESTAMP, 'pigtraxadmin', 1);
INSERT INTO pigtraxrefdata."City" (name, "lastUpdated", "userUpdated", "id_Country") VALUES ('Rifaina', CURRENT_TIMESTAMP, 'pigtraxadmin', 1);
INSERT INTO pigtraxrefdata."City" (name, "lastUpdated", "userUpdated", "id_Country") VALUES ('Rincão', CURRENT_TIMESTAMP, 'pigtraxadmin', 1);
INSERT INTO pigtraxrefdata."City" (name, "lastUpdated", "userUpdated", "id_Country") VALUES ('Rinópolis', CURRENT_TIMESTAMP, 'pigtraxadmin', 1);
INSERT INTO pigtraxrefdata."City" (name, "lastUpdated", "userUpdated", "id_Country") VALUES ('Rio Acima', CURRENT_TIMESTAMP, 'pigtraxadmin', 1);
INSERT INTO pigtraxrefdata."City" (name, "lastUpdated", "userUpdated", "id_Country") VALUES ('Rio Azul', CURRENT_TIMESTAMP, 'pigtraxadmin', 1);
INSERT INTO pigtraxrefdata."City" (name, "lastUpdated", "userUpdated", "id_Country") VALUES ('Rio Bananal', CURRENT_TIMESTAMP, 'pigtraxadmin', 1);
INSERT INTO pigtraxrefdata."City" (name, "lastUpdated", "userUpdated", "id_Country") VALUES ('Rio Bom', CURRENT_TIMESTAMP, 'pigtraxadmin', 1);
INSERT INTO pigtraxrefdata."City" (name, "lastUpdated", "userUpdated", "id_Country") VALUES ('Rio Bonito', CURRENT_TIMESTAMP, 'pigtraxadmin', 1);
INSERT INTO pigtraxrefdata."City" (name, "lastUpdated", "userUpdated", "id_Country") VALUES ('Rio Bonito do Iguaçu', CURRENT_TIMESTAMP, 'pigtraxadmin', 1);
INSERT INTO pigtraxrefdata."City" (name, "lastUpdated", "userUpdated", "id_Country") VALUES ('Rio Branco', CURRENT_TIMESTAMP, 'pigtraxadmin', 1);
INSERT INTO pigtraxrefdata."City" (name, "lastUpdated", "userUpdated", "id_Country") VALUES ('Rio Branco do Ivaí', CURRENT_TIMESTAMP, 'pigtraxadmin', 1);
INSERT INTO pigtraxrefdata."City" (name, "lastUpdated", "userUpdated", "id_Country") VALUES ('Rio Branco do Sul', CURRENT_TIMESTAMP, 'pigtraxadmin', 1);
INSERT INTO pigtraxrefdata."City" (name, "lastUpdated", "userUpdated", "id_Country") VALUES ('Rio Casca', CURRENT_TIMESTAMP, 'pigtraxadmin', 1);
INSERT INTO pigtraxrefdata."City" (name, "lastUpdated", "userUpdated", "id_Country") VALUES ('Rio Claro', CURRENT_TIMESTAMP, 'pigtraxadmin', 1);
INSERT INTO pigtraxrefdata."City" (name, "lastUpdated", "userUpdated", "id_Country") VALUES ('Rio Claro do Sul', CURRENT_TIMESTAMP, 'pigtraxadmin', 1);
INSERT INTO pigtraxrefdata."City" (name, "lastUpdated", "userUpdated", "id_Country") VALUES ('Rio Crespo', CURRENT_TIMESTAMP, 'pigtraxadmin', 1);
INSERT INTO pigtraxrefdata."City" (name, "lastUpdated", "userUpdated", "id_Country") VALUES ('Rio da Conceição', CURRENT_TIMESTAMP, 'pigtraxadmin', 1);
INSERT INTO pigtraxrefdata."City" (name, "lastUpdated", "userUpdated", "id_Country") VALUES ('Rio das Antas', CURRENT_TIMESTAMP, 'pigtraxadmin', 1);
INSERT INTO pigtraxrefdata."City" (name, "lastUpdated", "userUpdated", "id_Country") VALUES ('Rio das Flores', CURRENT_TIMESTAMP, 'pigtraxadmin', 1);
INSERT INTO pigtraxrefdata."City" (name, "lastUpdated", "userUpdated", "id_Country") VALUES ('Rio das Mortes', CURRENT_TIMESTAMP, 'pigtraxadmin', 1);
INSERT INTO pigtraxrefdata."City" (name, "lastUpdated", "userUpdated", "id_Country") VALUES ('Rio das Ostras', CURRENT_TIMESTAMP, 'pigtraxadmin', 1);
INSERT INTO pigtraxrefdata."City" (name, "lastUpdated", "userUpdated", "id_Country") VALUES ('Rio das Pedras', CURRENT_TIMESTAMP, 'pigtraxadmin', 1);
INSERT INTO pigtraxrefdata."City" (name, "lastUpdated", "userUpdated", "id_Country") VALUES ('Rio de Contas', CURRENT_TIMESTAMP, 'pigtraxadmin', 1);
INSERT INTO pigtraxrefdata."City" (name, "lastUpdated", "userUpdated", "id_Country") VALUES ('Rio de Janeiro', CURRENT_TIMESTAMP, 'pigtraxadmin', 1);
INSERT INTO pigtraxrefdata."City" (name, "lastUpdated", "userUpdated", "id_Country") VALUES ('Rio do Antônio', CURRENT_TIMESTAMP, 'pigtraxadmin', 1);
INSERT INTO pigtraxrefdata."City" (name, "lastUpdated", "userUpdated", "id_Country") VALUES ('Rio do Campo', CURRENT_TIMESTAMP, 'pigtraxadmin', 1);
INSERT INTO pigtraxrefdata."City" (name, "lastUpdated", "userUpdated", "id_Country") VALUES ('Rio do Pires', CURRENT_TIMESTAMP, 'pigtraxadmin', 1);
INSERT INTO pigtraxrefdata."City" (name, "lastUpdated", "userUpdated", "id_Country") VALUES ('Rio do Prado', CURRENT_TIMESTAMP, 'pigtraxadmin', 1);
INSERT INTO pigtraxrefdata."City" (name, "lastUpdated", "userUpdated", "id_Country") VALUES ('Rio do Salto', CURRENT_TIMESTAMP, 'pigtraxadmin', 1);
INSERT INTO pigtraxrefdata."City" (name, "lastUpdated", "userUpdated", "id_Country") VALUES ('Rio do Sul', CURRENT_TIMESTAMP, 'pigtraxadmin', 1);
INSERT INTO pigtraxrefdata."City" (name, "lastUpdated", "userUpdated", "id_Country") VALUES ('Rio Doce', CURRENT_TIMESTAMP, 'pigtraxadmin', 1);
INSERT INTO pigtraxrefdata."City" (name, "lastUpdated", "userUpdated", "id_Country") VALUES ('Rio dos Bois', CURRENT_TIMESTAMP, 'pigtraxadmin', 1);
INSERT INTO pigtraxrefdata."City" (name, "lastUpdated", "userUpdated", "id_Country") VALUES ('Rio dos Cedros', CURRENT_TIMESTAMP, 'pigtraxadmin', 1);
INSERT INTO pigtraxrefdata."City" (name, "lastUpdated", "userUpdated", "id_Country") VALUES ('Rio dos Índios', CURRENT_TIMESTAMP, 'pigtraxadmin', 1);
INSERT INTO pigtraxrefdata."City" (name, "lastUpdated", "userUpdated", "id_Country") VALUES ('Rio Dourado', CURRENT_TIMESTAMP, 'pigtraxadmin', 1);
INSERT INTO pigtraxrefdata."City" (name, "lastUpdated", "userUpdated", "id_Country") VALUES ('Rio Espera', CURRENT_TIMESTAMP, 'pigtraxadmin', 1);
INSERT INTO pigtraxrefdata."City" (name, "lastUpdated", "userUpdated", "id_Country") VALUES ('Rio Formoso', CURRENT_TIMESTAMP, 'pigtraxadmin', 1);
INSERT INTO pigtraxrefdata."City" (name, "lastUpdated", "userUpdated", "id_Country") VALUES ('Rio Fortuna', CURRENT_TIMESTAMP, 'pigtraxadmin', 1);
INSERT INTO pigtraxrefdata."City" (name, "lastUpdated", "userUpdated", "id_Country") VALUES ('Rio Fundo', CURRENT_TIMESTAMP, 'pigtraxadmin', 1);
INSERT INTO pigtraxrefdata."City" (name, "lastUpdated", "userUpdated", "id_Country") VALUES ('Rio Grande', CURRENT_TIMESTAMP, 'pigtraxadmin', 1);
INSERT INTO pigtraxrefdata."City" (name, "lastUpdated", "userUpdated", "id_Country") VALUES ('Rio Grande da Serra', CURRENT_TIMESTAMP, 'pigtraxadmin', 1);
INSERT INTO pigtraxrefdata."City" (name, "lastUpdated", "userUpdated", "id_Country") VALUES ('Rio Grande do Piauí', CURRENT_TIMESTAMP, 'pigtraxadmin', 1);
INSERT INTO pigtraxrefdata."City" (name, "lastUpdated", "userUpdated", "id_Country") VALUES ('Rio Largo', CURRENT_TIMESTAMP, 'pigtraxadmin', 1);
INSERT INTO pigtraxrefdata."City" (name, "lastUpdated", "userUpdated", "id_Country") VALUES ('Rio Maina', CURRENT_TIMESTAMP, 'pigtraxadmin', 1);
INSERT INTO pigtraxrefdata."City" (name, "lastUpdated", "userUpdated", "id_Country") VALUES ('Rio Manso', CURRENT_TIMESTAMP, 'pigtraxadmin', 1);
INSERT INTO pigtraxrefdata."City" (name, "lastUpdated", "userUpdated", "id_Country") VALUES ('Rio Maria', CURRENT_TIMESTAMP, 'pigtraxadmin', 1);
INSERT INTO pigtraxrefdata."City" (name, "lastUpdated", "userUpdated", "id_Country") VALUES ('Rio Muqui', CURRENT_TIMESTAMP, 'pigtraxadmin', 1);
INSERT INTO pigtraxrefdata."City" (name, "lastUpdated", "userUpdated", "id_Country") VALUES ('Rio Negrinho', CURRENT_TIMESTAMP, 'pigtraxadmin', 1);
INSERT INTO pigtraxrefdata."City" (name, "lastUpdated", "userUpdated", "id_Country") VALUES ('Rio Negro', CURRENT_TIMESTAMP, 'pigtraxadmin', 1);
INSERT INTO pigtraxrefdata."City" (name, "lastUpdated", "userUpdated", "id_Country") VALUES ('Rio Novo do Sul', CURRENT_TIMESTAMP, 'pigtraxadmin', 1);
INSERT INTO pigtraxrefdata."City" (name, "lastUpdated", "userUpdated", "id_Country") VALUES ('Rio Paranaíba', CURRENT_TIMESTAMP, 'pigtraxadmin', 1);
INSERT INTO pigtraxrefdata."City" (name, "lastUpdated", "userUpdated", "id_Country") VALUES ('Rio Pardinho', CURRENT_TIMESTAMP, 'pigtraxadmin', 1);
INSERT INTO pigtraxrefdata."City" (name, "lastUpdated", "userUpdated", "id_Country") VALUES ('Rio Pardo', CURRENT_TIMESTAMP, 'pigtraxadmin', 1);
INSERT INTO pigtraxrefdata."City" (name, "lastUpdated", "userUpdated", "id_Country") VALUES ('Rio Pardo de Minas', CURRENT_TIMESTAMP, 'pigtraxadmin', 1);
INSERT INTO pigtraxrefdata."City" (name, "lastUpdated", "userUpdated", "id_Country") VALUES ('Rio Piracicaba', CURRENT_TIMESTAMP, 'pigtraxadmin', 1);
INSERT INTO pigtraxrefdata."City" (name, "lastUpdated", "userUpdated", "id_Country") VALUES ('Rio Pomba', CURRENT_TIMESTAMP, 'pigtraxadmin', 1);
INSERT INTO pigtraxrefdata."City" (name, "lastUpdated", "userUpdated", "id_Country") VALUES ('Rio Preto', CURRENT_TIMESTAMP, 'pigtraxadmin', 1);
INSERT INTO pigtraxrefdata."City" (name, "lastUpdated", "userUpdated", "id_Country") VALUES ('Rio Preto da Eva', CURRENT_TIMESTAMP, 'pigtraxadmin', 1);
INSERT INTO pigtraxrefdata."City" (name, "lastUpdated", "userUpdated", "id_Country") VALUES ('Rio Preto do Candeias', CURRENT_TIMESTAMP, 'pigtraxadmin', 1);
INSERT INTO pigtraxrefdata."City" (name, "lastUpdated", "userUpdated", "id_Country") VALUES ('Rio Quartel', CURRENT_TIMESTAMP, 'pigtraxadmin', 1);
INSERT INTO pigtraxrefdata."City" (name, "lastUpdated", "userUpdated", "id_Country") VALUES ('Rio Quente', CURRENT_TIMESTAMP, 'pigtraxadmin', 1);
INSERT INTO pigtraxrefdata."City" (name, "lastUpdated", "userUpdated", "id_Country") VALUES ('Rio Real', CURRENT_TIMESTAMP, 'pigtraxadmin', 1);
INSERT INTO pigtraxrefdata."City" (name, "lastUpdated", "userUpdated", "id_Country") VALUES ('Rio Rufino', CURRENT_TIMESTAMP, 'pigtraxadmin', 1);
INSERT INTO pigtraxrefdata."City" (name, "lastUpdated", "userUpdated", "id_Country") VALUES ('Rio Sono', CURRENT_TIMESTAMP, 'pigtraxadmin', 1);
INSERT INTO pigtraxrefdata."City" (name, "lastUpdated", "userUpdated", "id_Country") VALUES ('Rio Tinto', CURRENT_TIMESTAMP, 'pigtraxadmin', 1);
INSERT INTO pigtraxrefdata."City" (name, "lastUpdated", "userUpdated", "id_Country") VALUES ('Rio Verde', CURRENT_TIMESTAMP, 'pigtraxadmin', 1);
INSERT INTO pigtraxrefdata."City" (name, "lastUpdated", "userUpdated", "id_Country") VALUES ('Rio Verde de Mato Grosso', CURRENT_TIMESTAMP, 'pigtraxadmin', 1);
INSERT INTO pigtraxrefdata."City" (name, "lastUpdated", "userUpdated", "id_Country") VALUES ('Rio Vermelho', CURRENT_TIMESTAMP, 'pigtraxadmin', 1);
INSERT INTO pigtraxrefdata."City" (name, "lastUpdated", "userUpdated", "id_Country") VALUES ('Riograndina', CURRENT_TIMESTAMP, 'pigtraxadmin', 1);
INSERT INTO pigtraxrefdata."City" (name, "lastUpdated", "userUpdated", "id_Country") VALUES ('Riolândia', CURRENT_TIMESTAMP, 'pigtraxadmin', 1);
INSERT INTO pigtraxrefdata."City" (name, "lastUpdated", "userUpdated", "id_Country") VALUES ('Riozinho', CURRENT_TIMESTAMP, 'pigtraxadmin', 1);
INSERT INTO pigtraxrefdata."City" (name, "lastUpdated", "userUpdated", "id_Country") VALUES ('Riqueza', CURRENT_TIMESTAMP, 'pigtraxadmin', 1);
INSERT INTO pigtraxrefdata."City" (name, "lastUpdated", "userUpdated", "id_Country") VALUES ('Ritápolis', CURRENT_TIMESTAMP, 'pigtraxadmin', 1);
INSERT INTO pigtraxrefdata."City" (name, "lastUpdated", "userUpdated", "id_Country") VALUES ('Rive', CURRENT_TIMESTAMP, 'pigtraxadmin', 1);
INSERT INTO pigtraxrefdata."City" (name, "lastUpdated", "userUpdated", "id_Country") VALUES ('Riverlândia', CURRENT_TIMESTAMP, 'pigtraxadmin', 1);
INSERT INTO pigtraxrefdata."City" (name, "lastUpdated", "userUpdated", "id_Country") VALUES ('Riversul', CURRENT_TIMESTAMP, 'pigtraxadmin', 1);
INSERT INTO pigtraxrefdata."City" (name, "lastUpdated", "userUpdated", "id_Country") VALUES ('Roberto', CURRENT_TIMESTAMP, 'pigtraxadmin', 1);
INSERT INTO pigtraxrefdata."City" (name, "lastUpdated", "userUpdated", "id_Country") VALUES ('Roça Grande', CURRENT_TIMESTAMP, 'pigtraxadmin', 1);
INSERT INTO pigtraxrefdata."City" (name, "lastUpdated", "userUpdated", "id_Country") VALUES ('Roca Sales', CURRENT_TIMESTAMP, 'pigtraxadmin', 1);
INSERT INTO pigtraxrefdata."City" (name, "lastUpdated", "userUpdated", "id_Country") VALUES ('Roças Novas', CURRENT_TIMESTAMP, 'pigtraxadmin', 1);
INSERT INTO pigtraxrefdata."City" (name, "lastUpdated", "userUpdated", "id_Country") VALUES ('Rocha Cavalcante', CURRENT_TIMESTAMP, 'pigtraxadmin', 1);
INSERT INTO pigtraxrefdata."City" (name, "lastUpdated", "userUpdated", "id_Country") VALUES ('Rochedo', CURRENT_TIMESTAMP, 'pigtraxadmin', 1);
INSERT INTO pigtraxrefdata."City" (name, "lastUpdated", "userUpdated", "id_Country") VALUES ('Rochedo de Minas', CURRENT_TIMESTAMP, 'pigtraxadmin', 1);
INSERT INTO pigtraxrefdata."City" (name, "lastUpdated", "userUpdated", "id_Country") VALUES ('Rodeador', CURRENT_TIMESTAMP, 'pigtraxadmin', 1);
INSERT INTO pigtraxrefdata."City" (name, "lastUpdated", "userUpdated", "id_Country") VALUES ('Rodeio', CURRENT_TIMESTAMP, 'pigtraxadmin', 1);
INSERT INTO pigtraxrefdata."City" (name, "lastUpdated", "userUpdated", "id_Country") VALUES ('Rodeio Bonito', CURRENT_TIMESTAMP, 'pigtraxadmin', 1);
INSERT INTO pigtraxrefdata."City" (name, "lastUpdated", "userUpdated", "id_Country") VALUES ('Rodeiro', CURRENT_TIMESTAMP, 'pigtraxadmin', 1);
INSERT INTO pigtraxrefdata."City" (name, "lastUpdated", "userUpdated", "id_Country") VALUES ('Rodelas', CURRENT_TIMESTAMP, 'pigtraxadmin', 1);
INSERT INTO pigtraxrefdata."City" (name, "lastUpdated", "userUpdated", "id_Country") VALUES ('Rodolfo Fernandes', CURRENT_TIMESTAMP, 'pigtraxadmin', 1);
INSERT INTO pigtraxrefdata."City" (name, "lastUpdated", "userUpdated", "id_Country") VALUES ('Rodrigo Silva', CURRENT_TIMESTAMP, 'pigtraxadmin', 1);
INSERT INTO pigtraxrefdata."City" (name, "lastUpdated", "userUpdated", "id_Country") VALUES ('Rodrigues Alves', CURRENT_TIMESTAMP, 'pigtraxadmin', 1);
INSERT INTO pigtraxrefdata."City" (name, "lastUpdated", "userUpdated", "id_Country") VALUES ('Rolândia', CURRENT_TIMESTAMP, 'pigtraxadmin', 1);
INSERT INTO pigtraxrefdata."City" (name, "lastUpdated", "userUpdated", "id_Country") VALUES ('Rolante', CURRENT_TIMESTAMP, 'pigtraxadmin', 1);
INSERT INTO pigtraxrefdata."City" (name, "lastUpdated", "userUpdated", "id_Country") VALUES ('Rolantinho', CURRENT_TIMESTAMP, 'pigtraxadmin', 1);
INSERT INTO pigtraxrefdata."City" (name, "lastUpdated", "userUpdated", "id_Country") VALUES ('Rolim de Moura', CURRENT_TIMESTAMP, 'pigtraxadmin', 1);
INSERT INTO pigtraxrefdata."City" (name, "lastUpdated", "userUpdated", "id_Country") VALUES ('Romaria', CURRENT_TIMESTAMP, 'pigtraxadmin', 1);
INSERT INTO pigtraxrefdata."City" (name, "lastUpdated", "userUpdated", "id_Country") VALUES ('Romelândia', CURRENT_TIMESTAMP, 'pigtraxadmin', 1);
INSERT INTO pigtraxrefdata."City" (name, "lastUpdated", "userUpdated", "id_Country") VALUES ('Roncador', CURRENT_TIMESTAMP, 'pigtraxadmin', 1);
INSERT INTO pigtraxrefdata."City" (name, "lastUpdated", "userUpdated", "id_Country") VALUES ('Ronda Alta', CURRENT_TIMESTAMP, 'pigtraxadmin', 1);
INSERT INTO pigtraxrefdata."City" (name, "lastUpdated", "userUpdated", "id_Country") VALUES ('Rondinha', CURRENT_TIMESTAMP, 'pigtraxadmin', 1);
INSERT INTO pigtraxrefdata."City" (name, "lastUpdated", "userUpdated", "id_Country") VALUES ('Rondolândia', CURRENT_TIMESTAMP, 'pigtraxadmin', 1);
INSERT INTO pigtraxrefdata."City" (name, "lastUpdated", "userUpdated", "id_Country") VALUES ('Rondominas', CURRENT_TIMESTAMP, 'pigtraxadmin', 1);
INSERT INTO pigtraxrefdata."City" (name, "lastUpdated", "userUpdated", "id_Country") VALUES ('Rondon', CURRENT_TIMESTAMP, 'pigtraxadmin', 1);
INSERT INTO pigtraxrefdata."City" (name, "lastUpdated", "userUpdated", "id_Country") VALUES ('Rondon do Pará', CURRENT_TIMESTAMP, 'pigtraxadmin', 1);
INSERT INTO pigtraxrefdata."City" (name, "lastUpdated", "userUpdated", "id_Country") VALUES ('Rondonópolis', CURRENT_TIMESTAMP, 'pigtraxadmin', 1);
INSERT INTO pigtraxrefdata."City" (name, "lastUpdated", "userUpdated", "id_Country") VALUES ('Roque Gonzales', CURRENT_TIMESTAMP, 'pigtraxadmin', 1);
INSERT INTO pigtraxrefdata."City" (name, "lastUpdated", "userUpdated", "id_Country") VALUES ('Rorainópolis', CURRENT_TIMESTAMP, 'pigtraxadmin', 1);
INSERT INTO pigtraxrefdata."City" (name, "lastUpdated", "userUpdated", "id_Country") VALUES ('Rosal', CURRENT_TIMESTAMP, 'pigtraxadmin', 1);
INSERT INTO pigtraxrefdata."City" (name, "lastUpdated", "userUpdated", "id_Country") VALUES ('Rosália', CURRENT_TIMESTAMP, 'pigtraxadmin', 1);
INSERT INTO pigtraxrefdata."City" (name, "lastUpdated", "userUpdated", "id_Country") VALUES ('Rosana', CURRENT_TIMESTAMP, 'pigtraxadmin', 1);
INSERT INTO pigtraxrefdata."City" (name, "lastUpdated", "userUpdated", "id_Country") VALUES ('Rosário', CURRENT_TIMESTAMP, 'pigtraxadmin', 1);
INSERT INTO pigtraxrefdata."City" (name, "lastUpdated", "userUpdated", "id_Country") VALUES ('Rosário da Limeira', CURRENT_TIMESTAMP, 'pigtraxadmin', 1);
INSERT INTO pigtraxrefdata."City" (name, "lastUpdated", "userUpdated", "id_Country") VALUES ('Rosário de Minas', CURRENT_TIMESTAMP, 'pigtraxadmin', 1);
INSERT INTO pigtraxrefdata."City" (name, "lastUpdated", "userUpdated", "id_Country") VALUES ('Rosário do Catete', CURRENT_TIMESTAMP, 'pigtraxadmin', 1);
INSERT INTO pigtraxrefdata."City" (name, "lastUpdated", "userUpdated", "id_Country") VALUES ('Rosário do Ivaí', CURRENT_TIMESTAMP, 'pigtraxadmin', 1);
INSERT INTO pigtraxrefdata."City" (name, "lastUpdated", "userUpdated", "id_Country") VALUES ('Rosário do Sul', CURRENT_TIMESTAMP, 'pigtraxadmin', 1);
INSERT INTO pigtraxrefdata."City" (name, "lastUpdated", "userUpdated", "id_Country") VALUES ('Rosário Oeste', CURRENT_TIMESTAMP, 'pigtraxadmin', 1);
INSERT INTO pigtraxrefdata."City" (name, "lastUpdated", "userUpdated", "id_Country") VALUES ('Roseira', CURRENT_TIMESTAMP, 'pigtraxadmin', 1);
INSERT INTO pigtraxrefdata."City" (name, "lastUpdated", "userUpdated", "id_Country") VALUES ('Roseiral', CURRENT_TIMESTAMP, 'pigtraxadmin', 1);
INSERT INTO pigtraxrefdata."City" (name, "lastUpdated", "userUpdated", "id_Country") VALUES ('Roteiro', CURRENT_TIMESTAMP, 'pigtraxadmin', 1);
INSERT INTO pigtraxrefdata."City" (name, "lastUpdated", "userUpdated", "id_Country") VALUES ('Rua Nova', CURRENT_TIMESTAMP, 'pigtraxadmin', 1);
INSERT INTO pigtraxrefdata."City" (name, "lastUpdated", "userUpdated", "id_Country") VALUES ('Rubelita', CURRENT_TIMESTAMP, 'pigtraxadmin', 1);
INSERT INTO pigtraxrefdata."City" (name, "lastUpdated", "userUpdated", "id_Country") VALUES ('Rubiácea', CURRENT_TIMESTAMP, 'pigtraxadmin', 1);
INSERT INTO pigtraxrefdata."City" (name, "lastUpdated", "userUpdated", "id_Country") VALUES ('Rubião Júnior', CURRENT_TIMESTAMP, 'pigtraxadmin', 1);
INSERT INTO pigtraxrefdata."City" (name, "lastUpdated", "userUpdated", "id_Country") VALUES ('Rubiataba', CURRENT_TIMESTAMP, 'pigtraxadmin', 1);
INSERT INTO pigtraxrefdata."City" (name, "lastUpdated", "userUpdated", "id_Country") VALUES ('Rubim', CURRENT_TIMESTAMP, 'pigtraxadmin', 1);
INSERT INTO pigtraxrefdata."City" (name, "lastUpdated", "userUpdated", "id_Country") VALUES ('Rubinéia', CURRENT_TIMESTAMP, 'pigtraxadmin', 1);
INSERT INTO pigtraxrefdata."City" (name, "lastUpdated", "userUpdated", "id_Country") VALUES ('Ruilândia', CURRENT_TIMESTAMP, 'pigtraxadmin', 1);
INSERT INTO pigtraxrefdata."City" (name, "lastUpdated", "userUpdated", "id_Country") VALUES ('Rurópolis', CURRENT_TIMESTAMP, 'pigtraxadmin', 1);
INSERT INTO pigtraxrefdata."City" (name, "lastUpdated", "userUpdated", "id_Country") VALUES ('Russas', CURRENT_TIMESTAMP, 'pigtraxadmin', 1);
INSERT INTO pigtraxrefdata."City" (name, "lastUpdated", "userUpdated", "id_Country") VALUES ('Ruy Barbosa', CURRENT_TIMESTAMP, 'pigtraxadmin', 1);
INSERT INTO pigtraxrefdata."City" (name, "lastUpdated", "userUpdated", "id_Country") VALUES ('Sabará', CURRENT_TIMESTAMP, 'pigtraxadmin', 1);
INSERT INTO pigtraxrefdata."City" (name, "lastUpdated", "userUpdated", "id_Country") VALUES ('Sabáudia', CURRENT_TIMESTAMP, 'pigtraxadmin', 1);
INSERT INTO pigtraxrefdata."City" (name, "lastUpdated", "userUpdated", "id_Country") VALUES ('Sabaúna', CURRENT_TIMESTAMP, 'pigtraxadmin', 1);
INSERT INTO pigtraxrefdata."City" (name, "lastUpdated", "userUpdated", "id_Country") VALUES ('Sabino', CURRENT_TIMESTAMP, 'pigtraxadmin', 1);
INSERT INTO pigtraxrefdata."City" (name, "lastUpdated", "userUpdated", "id_Country") VALUES ('Sabinópolis', CURRENT_TIMESTAMP, 'pigtraxadmin', 1);
INSERT INTO pigtraxrefdata."City" (name, "lastUpdated", "userUpdated", "id_Country") VALUES ('Sacra Família do Tinguá', CURRENT_TIMESTAMP, 'pigtraxadmin', 1);
INSERT INTO pigtraxrefdata."City" (name, "lastUpdated", "userUpdated", "id_Country") VALUES ('Sacramento', CURRENT_TIMESTAMP, 'pigtraxadmin', 1);
INSERT INTO pigtraxrefdata."City" (name, "lastUpdated", "userUpdated", "id_Country") VALUES ('Sagrada Família', CURRENT_TIMESTAMP, 'pigtraxadmin', 1);
INSERT INTO pigtraxrefdata."City" (name, "lastUpdated", "userUpdated", "id_Country") VALUES ('Sagres', CURRENT_TIMESTAMP, 'pigtraxadmin', 1);
INSERT INTO pigtraxrefdata."City" (name, "lastUpdated", "userUpdated", "id_Country") VALUES ('Saí', CURRENT_TIMESTAMP, 'pigtraxadmin', 1);
INSERT INTO pigtraxrefdata."City" (name, "lastUpdated", "userUpdated", "id_Country") VALUES ('Saicã', CURRENT_TIMESTAMP, 'pigtraxadmin', 1);
INSERT INTO pigtraxrefdata."City" (name, "lastUpdated", "userUpdated", "id_Country") VALUES ('Sairé', CURRENT_TIMESTAMP, 'pigtraxadmin', 1);
INSERT INTO pigtraxrefdata."City" (name, "lastUpdated", "userUpdated", "id_Country") VALUES ('Saldanha Marinho', CURRENT_TIMESTAMP, 'pigtraxadmin', 1);
INSERT INTO pigtraxrefdata."City" (name, "lastUpdated", "userUpdated", "id_Country") VALUES ('Salema', CURRENT_TIMESTAMP, 'pigtraxadmin', 1);
INSERT INTO pigtraxrefdata."City" (name, "lastUpdated", "userUpdated", "id_Country") VALUES ('Sales', CURRENT_TIMESTAMP, 'pigtraxadmin', 1);
INSERT INTO pigtraxrefdata."City" (name, "lastUpdated", "userUpdated", "id_Country") VALUES ('Salesópolis', CURRENT_TIMESTAMP, 'pigtraxadmin', 1);
INSERT INTO pigtraxrefdata."City" (name, "lastUpdated", "userUpdated", "id_Country") VALUES ('Salete', CURRENT_TIMESTAMP, 'pigtraxadmin', 1);
INSERT INTO pigtraxrefdata."City" (name, "lastUpdated", "userUpdated", "id_Country") VALUES ('Salgadália', CURRENT_TIMESTAMP, 'pigtraxadmin', 1);
INSERT INTO pigtraxrefdata."City" (name, "lastUpdated", "userUpdated", "id_Country") VALUES ('Salgadinho', CURRENT_TIMESTAMP, 'pigtraxadmin', 1);
INSERT INTO pigtraxrefdata."City" (name, "lastUpdated", "userUpdated", "id_Country") VALUES ('Salgado', CURRENT_TIMESTAMP, 'pigtraxadmin', 1);
INSERT INTO pigtraxrefdata."City" (name, "lastUpdated", "userUpdated", "id_Country") VALUES ('Salgado de São Félix', CURRENT_TIMESTAMP, 'pigtraxadmin', 1);
INSERT INTO pigtraxrefdata."City" (name, "lastUpdated", "userUpdated", "id_Country") VALUES ('Salgado Filho', CURRENT_TIMESTAMP, 'pigtraxadmin', 1);
INSERT INTO pigtraxrefdata."City" (name, "lastUpdated", "userUpdated", "id_Country") VALUES ('Salgueiro', CURRENT_TIMESTAMP, 'pigtraxadmin', 1);
INSERT INTO pigtraxrefdata."City" (name, "lastUpdated", "userUpdated", "id_Country") VALUES ('Salinas', CURRENT_TIMESTAMP, 'pigtraxadmin', 1);
INSERT INTO pigtraxrefdata."City" (name, "lastUpdated", "userUpdated", "id_Country") VALUES ('Salinópolis', CURRENT_TIMESTAMP, 'pigtraxadmin', 1);
INSERT INTO pigtraxrefdata."City" (name, "lastUpdated", "userUpdated", "id_Country") VALUES ('Salitre', CURRENT_TIMESTAMP, 'pigtraxadmin', 1);
INSERT INTO pigtraxrefdata."City" (name, "lastUpdated", "userUpdated", "id_Country") VALUES ('Salitre de Minas', CURRENT_TIMESTAMP, 'pigtraxadmin', 1);
INSERT INTO pigtraxrefdata."City" (name, "lastUpdated", "userUpdated", "id_Country") VALUES ('Salles de Oliveira', CURRENT_TIMESTAMP, 'pigtraxadmin', 1);
INSERT INTO pigtraxrefdata."City" (name, "lastUpdated", "userUpdated", "id_Country") VALUES ('Salmourão', CURRENT_TIMESTAMP, 'pigtraxadmin', 1);
INSERT INTO pigtraxrefdata."City" (name, "lastUpdated", "userUpdated", "id_Country") VALUES ('Saloá', CURRENT_TIMESTAMP, 'pigtraxadmin', 1);
INSERT INTO pigtraxrefdata."City" (name, "lastUpdated", "userUpdated", "id_Country") VALUES ('Saltinho', CURRENT_TIMESTAMP, 'pigtraxadmin', 1);
INSERT INTO pigtraxrefdata."City" (name, "lastUpdated", "userUpdated", "id_Country") VALUES ('Saltinho do Oeste', CURRENT_TIMESTAMP, 'pigtraxadmin', 1);
INSERT INTO pigtraxrefdata."City" (name, "lastUpdated", "userUpdated", "id_Country") VALUES ('Salto', CURRENT_TIMESTAMP, 'pigtraxadmin', 1);
INSERT INTO pigtraxrefdata."City" (name, "lastUpdated", "userUpdated", "id_Country") VALUES ('Salto da Divisa', CURRENT_TIMESTAMP, 'pigtraxadmin', 1);
INSERT INTO pigtraxrefdata."City" (name, "lastUpdated", "userUpdated", "id_Country") VALUES ('Salto de Pirapora', CURRENT_TIMESTAMP, 'pigtraxadmin', 1);
INSERT INTO pigtraxrefdata."City" (name, "lastUpdated", "userUpdated", "id_Country") VALUES ('Salto do Céu', CURRENT_TIMESTAMP, 'pigtraxadmin', 1);
INSERT INTO pigtraxrefdata."City" (name, "lastUpdated", "userUpdated", "id_Country") VALUES ('Salto do Itararé', CURRENT_TIMESTAMP, 'pigtraxadmin', 1);
INSERT INTO pigtraxrefdata."City" (name, "lastUpdated", "userUpdated", "id_Country") VALUES ('Salto do Jacuí', CURRENT_TIMESTAMP, 'pigtraxadmin', 1);
INSERT INTO pigtraxrefdata."City" (name, "lastUpdated", "userUpdated", "id_Country") VALUES ('Salto do Lontra', CURRENT_TIMESTAMP, 'pigtraxadmin', 1);
INSERT INTO pigtraxrefdata."City" (name, "lastUpdated", "userUpdated", "id_Country") VALUES ('Salto Grande', CURRENT_TIMESTAMP, 'pigtraxadmin', 1);
INSERT INTO pigtraxrefdata."City" (name, "lastUpdated", "userUpdated", "id_Country") VALUES ('Salto Veloso', CURRENT_TIMESTAMP, 'pigtraxadmin', 1);
INSERT INTO pigtraxrefdata."City" (name, "lastUpdated", "userUpdated", "id_Country") VALUES ('Salutaris', CURRENT_TIMESTAMP, 'pigtraxadmin', 1);
INSERT INTO pigtraxrefdata."City" (name, "lastUpdated", "userUpdated", "id_Country") VALUES ('Salvador', CURRENT_TIMESTAMP, 'pigtraxadmin', 1);
INSERT INTO pigtraxrefdata."City" (name, "lastUpdated", "userUpdated", "id_Country") VALUES ('Salvador das Missões', CURRENT_TIMESTAMP, 'pigtraxadmin', 1);
INSERT INTO pigtraxrefdata."City" (name, "lastUpdated", "userUpdated", "id_Country") VALUES ('Salvador do Sul', CURRENT_TIMESTAMP, 'pigtraxadmin', 1);
INSERT INTO pigtraxrefdata."City" (name, "lastUpdated", "userUpdated", "id_Country") VALUES ('Salvaterra', CURRENT_TIMESTAMP, 'pigtraxadmin', 1);
INSERT INTO pigtraxrefdata."City" (name, "lastUpdated", "userUpdated", "id_Country") VALUES ('Samambaia', CURRENT_TIMESTAMP, 'pigtraxadmin', 1);
INSERT INTO pigtraxrefdata."City" (name, "lastUpdated", "userUpdated", "id_Country") VALUES ('Sambaetiba', CURRENT_TIMESTAMP, 'pigtraxadmin', 1);
INSERT INTO pigtraxrefdata."City" (name, "lastUpdated", "userUpdated", "id_Country") VALUES ('Sambaíba', CURRENT_TIMESTAMP, 'pigtraxadmin', 1);
INSERT INTO pigtraxrefdata."City" (name, "lastUpdated", "userUpdated", "id_Country") VALUES ('Sampaio', CURRENT_TIMESTAMP, 'pigtraxadmin', 1);
INSERT INTO pigtraxrefdata."City" (name, "lastUpdated", "userUpdated", "id_Country") VALUES ('Sampaio Correia', CURRENT_TIMESTAMP, 'pigtraxadmin', 1);
INSERT INTO pigtraxrefdata."City" (name, "lastUpdated", "userUpdated", "id_Country") VALUES ('Sana', CURRENT_TIMESTAMP, 'pigtraxadmin', 1);
INSERT INTO pigtraxrefdata."City" (name, "lastUpdated", "userUpdated", "id_Country") VALUES ('Sananduva', CURRENT_TIMESTAMP, 'pigtraxadmin', 1);
INSERT INTO pigtraxrefdata."City" (name, "lastUpdated", "userUpdated", "id_Country") VALUES ('Sanclerlândia', CURRENT_TIMESTAMP, 'pigtraxadmin', 1);
INSERT INTO pigtraxrefdata."City" (name, "lastUpdated", "userUpdated", "id_Country") VALUES ('Sandolândia', CURRENT_TIMESTAMP, 'pigtraxadmin', 1);
INSERT INTO pigtraxrefdata."City" (name, "lastUpdated", "userUpdated", "id_Country") VALUES ('Sandovalina', CURRENT_TIMESTAMP, 'pigtraxadmin', 1);
INSERT INTO pigtraxrefdata."City" (name, "lastUpdated", "userUpdated", "id_Country") VALUES ('Sanga da Toca', CURRENT_TIMESTAMP, 'pigtraxadmin', 1);
INSERT INTO pigtraxrefdata."City" (name, "lastUpdated", "userUpdated", "id_Country") VALUES ('Sanga Puitã', CURRENT_TIMESTAMP, 'pigtraxadmin', 1);
INSERT INTO pigtraxrefdata."City" (name, "lastUpdated", "userUpdated", "id_Country") VALUES ('Santa Adélia', CURRENT_TIMESTAMP, 'pigtraxadmin', 1);
INSERT INTO pigtraxrefdata."City" (name, "lastUpdated", "userUpdated", "id_Country") VALUES ('Santa Albertina', CURRENT_TIMESTAMP, 'pigtraxadmin', 1);
INSERT INTO pigtraxrefdata."City" (name, "lastUpdated", "userUpdated", "id_Country") VALUES ('Santa Amélia', CURRENT_TIMESTAMP, 'pigtraxadmin', 1);
INSERT INTO pigtraxrefdata."City" (name, "lastUpdated", "userUpdated", "id_Country") VALUES ('Santa Bárbara', CURRENT_TIMESTAMP, 'pigtraxadmin', 1);
INSERT INTO pigtraxrefdata."City" (name, "lastUpdated", "userUpdated", "id_Country") VALUES ('Santa Bárbara de Goiás', CURRENT_TIMESTAMP, 'pigtraxadmin', 1);
INSERT INTO pigtraxrefdata."City" (name, "lastUpdated", "userUpdated", "id_Country") VALUES ('Santa Bárbara do Monte Verde', CURRENT_TIMESTAMP, 'pigtraxadmin', 1);
INSERT INTO pigtraxrefdata."City" (name, "lastUpdated", "userUpdated", "id_Country") VALUES ('Santa Bárbara do Pará', CURRENT_TIMESTAMP, 'pigtraxadmin', 1);
INSERT INTO pigtraxrefdata."City" (name, "lastUpdated", "userUpdated", "id_Country") VALUES ('Santa Bárbara do Sapucaí', CURRENT_TIMESTAMP, 'pigtraxadmin', 1);
INSERT INTO pigtraxrefdata."City" (name, "lastUpdated", "userUpdated", "id_Country") VALUES ('Santa Bárbara do Sul', CURRENT_TIMESTAMP, 'pigtraxadmin', 1);
INSERT INTO pigtraxrefdata."City" (name, "lastUpdated", "userUpdated", "id_Country") VALUES ('Santa Bárbara do Tugúrio', CURRENT_TIMESTAMP, 'pigtraxadmin', 1);
INSERT INTO pigtraxrefdata."City" (name, "lastUpdated", "userUpdated", "id_Country") VALUES ('Santa Bárbara d''Oeste', CURRENT_TIMESTAMP, 'pigtraxadmin', 1);
INSERT INTO pigtraxrefdata."City" (name, "lastUpdated", "userUpdated", "id_Country") VALUES ('Santa Branca', CURRENT_TIMESTAMP, 'pigtraxadmin', 1);
INSERT INTO pigtraxrefdata."City" (name, "lastUpdated", "userUpdated", "id_Country") VALUES ('Santa Brígida', CURRENT_TIMESTAMP, 'pigtraxadmin', 1);
INSERT INTO pigtraxrefdata."City" (name, "lastUpdated", "userUpdated", "id_Country") VALUES ('Santa Carmem', CURRENT_TIMESTAMP, 'pigtraxadmin', 1);
INSERT INTO pigtraxrefdata."City" (name, "lastUpdated", "userUpdated", "id_Country") VALUES ('Santa Cecília', CURRENT_TIMESTAMP, 'pigtraxadmin', 1);
INSERT INTO pigtraxrefdata."City" (name, "lastUpdated", "userUpdated", "id_Country") VALUES ('Santa Clara', CURRENT_TIMESTAMP, 'pigtraxadmin', 1);
INSERT INTO pigtraxrefdata."City" (name, "lastUpdated", "userUpdated", "id_Country") VALUES ('Santa Clara do Sul', CURRENT_TIMESTAMP, 'pigtraxadmin', 1);
INSERT INTO pigtraxrefdata."City" (name, "lastUpdated", "userUpdated", "id_Country") VALUES ('Santa Clara d''Oeste', CURRENT_TIMESTAMP, 'pigtraxadmin', 1);
INSERT INTO pigtraxrefdata."City" (name, "lastUpdated", "userUpdated", "id_Country") VALUES ('Santa Cruz', CURRENT_TIMESTAMP, 'pigtraxadmin', 1);
INSERT INTO pigtraxrefdata."City" (name, "lastUpdated", "userUpdated", "id_Country") VALUES ('Santa Cruz Cabrália', CURRENT_TIMESTAMP, 'pigtraxadmin', 1);
INSERT INTO pigtraxrefdata."City" (name, "lastUpdated", "userUpdated", "id_Country") VALUES ('Santa Cruz da Baixa Verde', CURRENT_TIMESTAMP, 'pigtraxadmin', 1);
INSERT INTO pigtraxrefdata."City" (name, "lastUpdated", "userUpdated", "id_Country") VALUES ('Santa Cruz da Conceição', CURRENT_TIMESTAMP, 'pigtraxadmin', 1);
INSERT INTO pigtraxrefdata."City" (name, "lastUpdated", "userUpdated", "id_Country") VALUES ('Santa Cruz da Concórdia', CURRENT_TIMESTAMP, 'pigtraxadmin', 1);
INSERT INTO pigtraxrefdata."City" (name, "lastUpdated", "userUpdated", "id_Country") VALUES ('Santa Cruz da Vitória', CURRENT_TIMESTAMP, 'pigtraxadmin', 1);
INSERT INTO pigtraxrefdata."City" (name, "lastUpdated", "userUpdated", "id_Country") VALUES ('Santa Cruz de Goiás', CURRENT_TIMESTAMP, 'pigtraxadmin', 1);
INSERT INTO pigtraxrefdata."City" (name, "lastUpdated", "userUpdated", "id_Country") VALUES ('Santa Cruz de Irupi', CURRENT_TIMESTAMP, 'pigtraxadmin', 1);
INSERT INTO pigtraxrefdata."City" (name, "lastUpdated", "userUpdated", "id_Country") VALUES ('Santa Cruz de Minas', CURRENT_TIMESTAMP, 'pigtraxadmin', 1);
INSERT INTO pigtraxrefdata."City" (name, "lastUpdated", "userUpdated", "id_Country") VALUES ('Santa Cruz de Salinas', CURRENT_TIMESTAMP, 'pigtraxadmin', 1);
INSERT INTO pigtraxrefdata."City" (name, "lastUpdated", "userUpdated", "id_Country") VALUES ('Santa Cruz do Arari', CURRENT_TIMESTAMP, 'pigtraxadmin', 1);
INSERT INTO pigtraxrefdata."City" (name, "lastUpdated", "userUpdated", "id_Country") VALUES ('Santa Cruz do Banabuiú', CURRENT_TIMESTAMP, 'pigtraxadmin', 1);
INSERT INTO pigtraxrefdata."City" (name, "lastUpdated", "userUpdated", "id_Country") VALUES ('Santa Cruz do Capibaribe', CURRENT_TIMESTAMP, 'pigtraxadmin', 1);
INSERT INTO pigtraxrefdata."City" (name, "lastUpdated", "userUpdated", "id_Country") VALUES ('Santa Cruz do Escalvado', CURRENT_TIMESTAMP, 'pigtraxadmin', 1);
INSERT INTO pigtraxrefdata."City" (name, "lastUpdated", "userUpdated", "id_Country") VALUES ('Santa Cruz do Piauí', CURRENT_TIMESTAMP, 'pigtraxadmin', 1);
INSERT INTO pigtraxrefdata."City" (name, "lastUpdated", "userUpdated", "id_Country") VALUES ('Santa Cruz do Prata', CURRENT_TIMESTAMP, 'pigtraxadmin', 1);
INSERT INTO pigtraxrefdata."City" (name, "lastUpdated", "userUpdated", "id_Country") VALUES ('Santa Cruz do Rio Pardo', CURRENT_TIMESTAMP, 'pigtraxadmin', 1);
INSERT INTO pigtraxrefdata."City" (name, "lastUpdated", "userUpdated", "id_Country") VALUES ('Santa Cruz do Sul', CURRENT_TIMESTAMP, 'pigtraxadmin', 1);
INSERT INTO pigtraxrefdata."City" (name, "lastUpdated", "userUpdated", "id_Country") VALUES ('Santa Cruz do Timbó', CURRENT_TIMESTAMP, 'pigtraxadmin', 1);
INSERT INTO pigtraxrefdata."City" (name, "lastUpdated", "userUpdated", "id_Country") VALUES ('Santa Efigênia de Caratinga', CURRENT_TIMESTAMP, 'pigtraxadmin', 1);
INSERT INTO pigtraxrefdata."City" (name, "lastUpdated", "userUpdated", "id_Country") VALUES ('Santa Efigênia de Minas', CURRENT_TIMESTAMP, 'pigtraxadmin', 1);
INSERT INTO pigtraxrefdata."City" (name, "lastUpdated", "userUpdated", "id_Country") VALUES ('Santa Eliza', CURRENT_TIMESTAMP, 'pigtraxadmin', 1);
INSERT INTO pigtraxrefdata."City" (name, "lastUpdated", "userUpdated", "id_Country") VALUES ('Santa Elvira', CURRENT_TIMESTAMP, 'pigtraxadmin', 1);
INSERT INTO pigtraxrefdata."City" (name, "lastUpdated", "userUpdated", "id_Country") VALUES ('Santa Ernestina', CURRENT_TIMESTAMP, 'pigtraxadmin', 1);
INSERT INTO pigtraxrefdata."City" (name, "lastUpdated", "userUpdated", "id_Country") VALUES ('Santa Eudóxia', CURRENT_TIMESTAMP, 'pigtraxadmin', 1);
INSERT INTO pigtraxrefdata."City" (name, "lastUpdated", "userUpdated", "id_Country") VALUES ('Santa Fé', CURRENT_TIMESTAMP, 'pigtraxadmin', 1);
INSERT INTO pigtraxrefdata."City" (name, "lastUpdated", "userUpdated", "id_Country") VALUES ('Santa Fé de Goiás', CURRENT_TIMESTAMP, 'pigtraxadmin', 1);
INSERT INTO pigtraxrefdata."City" (name, "lastUpdated", "userUpdated", "id_Country") VALUES ('Santa Fé de Minas', CURRENT_TIMESTAMP, 'pigtraxadmin', 1);
INSERT INTO pigtraxrefdata."City" (name, "lastUpdated", "userUpdated", "id_Country") VALUES ('Santa Fé do Sul', CURRENT_TIMESTAMP, 'pigtraxadmin', 1);
INSERT INTO pigtraxrefdata."City" (name, "lastUpdated", "userUpdated", "id_Country") VALUES ('Santa Felícia', CURRENT_TIMESTAMP, 'pigtraxadmin', 1);
INSERT INTO pigtraxrefdata."City" (name, "lastUpdated", "userUpdated", "id_Country") VALUES ('Santa Filomena', CURRENT_TIMESTAMP, 'pigtraxadmin', 1);
INSERT INTO pigtraxrefdata."City" (name, "lastUpdated", "userUpdated", "id_Country") VALUES ('Santa Filomena do Maranhão', CURRENT_TIMESTAMP, 'pigtraxadmin', 1);
INSERT INTO pigtraxrefdata."City" (name, "lastUpdated", "userUpdated", "id_Country") VALUES ('Santa Gema', CURRENT_TIMESTAMP, 'pigtraxadmin', 1);
INSERT INTO pigtraxrefdata."City" (name, "lastUpdated", "userUpdated", "id_Country") VALUES ('Santa Gertrudes', CURRENT_TIMESTAMP, 'pigtraxadmin', 1);
INSERT INTO pigtraxrefdata."City" (name, "lastUpdated", "userUpdated", "id_Country") VALUES ('Santa Helena', CURRENT_TIMESTAMP, 'pigtraxadmin', 1);
INSERT INTO pigtraxrefdata."City" (name, "lastUpdated", "userUpdated", "id_Country") VALUES ('Santa Helena de Goiás', CURRENT_TIMESTAMP, 'pigtraxadmin', 1);
INSERT INTO pigtraxrefdata."City" (name, "lastUpdated", "userUpdated", "id_Country") VALUES ('Santa Helena de Minas', CURRENT_TIMESTAMP, 'pigtraxadmin', 1);
INSERT INTO pigtraxrefdata."City" (name, "lastUpdated", "userUpdated", "id_Country") VALUES ('Santa Inês', CURRENT_TIMESTAMP, 'pigtraxadmin', 1);
INSERT INTO pigtraxrefdata."City" (name, "lastUpdated", "userUpdated", "id_Country") VALUES ('Santa Isabel do Ivaí', CURRENT_TIMESTAMP, 'pigtraxadmin', 1);
INSERT INTO pigtraxrefdata."City" (name, "lastUpdated", "userUpdated", "id_Country") VALUES ('Santa Isabel do Pará', CURRENT_TIMESTAMP, 'pigtraxadmin', 1);
INSERT INTO pigtraxrefdata."City" (name, "lastUpdated", "userUpdated", "id_Country") VALUES ('Santa Isabel do Rio Negro', CURRENT_TIMESTAMP, 'pigtraxadmin', 1);
INSERT INTO pigtraxrefdata."City" (name, "lastUpdated", "userUpdated", "id_Country") VALUES ('Santa Isabel do Rio Preto', CURRENT_TIMESTAMP, 'pigtraxadmin', 1);
INSERT INTO pigtraxrefdata."City" (name, "lastUpdated", "userUpdated", "id_Country") VALUES ('Santa Izabel do Oeste', CURRENT_TIMESTAMP, 'pigtraxadmin', 1);
INSERT INTO pigtraxrefdata."City" (name, "lastUpdated", "userUpdated", "id_Country") VALUES ('Santa Juliana', CURRENT_TIMESTAMP, 'pigtraxadmin', 1);
INSERT INTO pigtraxrefdata."City" (name, "lastUpdated", "userUpdated", "id_Country") VALUES ('Santa Leopoldina', CURRENT_TIMESTAMP, 'pigtraxadmin', 1);
INSERT INTO pigtraxrefdata."City" (name, "lastUpdated", "userUpdated", "id_Country") VALUES ('Santa Lúcia', CURRENT_TIMESTAMP, 'pigtraxadmin', 1);
INSERT INTO pigtraxrefdata."City" (name, "lastUpdated", "userUpdated", "id_Country") VALUES ('Santa Luz', CURRENT_TIMESTAMP, 'pigtraxadmin', 1);
INSERT INTO pigtraxrefdata."City" (name, "lastUpdated", "userUpdated", "id_Country") VALUES ('Santa Luzia', CURRENT_TIMESTAMP, 'pigtraxadmin', 1);
INSERT INTO pigtraxrefdata."City" (name, "lastUpdated", "userUpdated", "id_Country") VALUES ('Santa Luzia da Alvorada', CURRENT_TIMESTAMP, 'pigtraxadmin', 1);
INSERT INTO pigtraxrefdata."City" (name, "lastUpdated", "userUpdated", "id_Country") VALUES ('Santa Luzia de Caratinga', CURRENT_TIMESTAMP, 'pigtraxadmin', 1);
INSERT INTO pigtraxrefdata."City" (name, "lastUpdated", "userUpdated", "id_Country") VALUES ('Santa Luzia de Mantenópolis', CURRENT_TIMESTAMP, 'pigtraxadmin', 1);
INSERT INTO pigtraxrefdata."City" (name, "lastUpdated", "userUpdated", "id_Country") VALUES ('Santa Luzia do Azul', CURRENT_TIMESTAMP, 'pigtraxadmin', 1);
INSERT INTO pigtraxrefdata."City" (name, "lastUpdated", "userUpdated", "id_Country") VALUES ('Santa Luzia do Cariri', CURRENT_TIMESTAMP, 'pigtraxadmin', 1);
INSERT INTO pigtraxrefdata."City" (name, "lastUpdated", "userUpdated", "id_Country") VALUES ('Santa Luzia do Itanhy', CURRENT_TIMESTAMP, 'pigtraxadmin', 1);
INSERT INTO pigtraxrefdata."City" (name, "lastUpdated", "userUpdated", "id_Country") VALUES ('Santa Luzia do Norte', CURRENT_TIMESTAMP, 'pigtraxadmin', 1);
INSERT INTO pigtraxrefdata."City" (name, "lastUpdated", "userUpdated", "id_Country") VALUES ('Santa Luzia do Pará', CURRENT_TIMESTAMP, 'pigtraxadmin', 1);
INSERT INTO pigtraxrefdata."City" (name, "lastUpdated", "userUpdated", "id_Country") VALUES ('Santa Luzia do Paruá', CURRENT_TIMESTAMP, 'pigtraxadmin', 1);
INSERT INTO pigtraxrefdata."City" (name, "lastUpdated", "userUpdated", "id_Country") VALUES ('Santa Luzia D''Oeste', CURRENT_TIMESTAMP, 'pigtraxadmin', 1);
INSERT INTO pigtraxrefdata."City" (name, "lastUpdated", "userUpdated", "id_Country") VALUES ('Santa Margarida', CURRENT_TIMESTAMP, 'pigtraxadmin', 1);
INSERT INTO pigtraxrefdata."City" (name, "lastUpdated", "userUpdated", "id_Country") VALUES ('Santa Margarida do Sul', CURRENT_TIMESTAMP, 'pigtraxadmin', 1);
INSERT INTO pigtraxrefdata."City" (name, "lastUpdated", "userUpdated", "id_Country") VALUES ('Santa Margarida Paulista', CURRENT_TIMESTAMP, 'pigtraxadmin', 1);
INSERT INTO pigtraxrefdata."City" (name, "lastUpdated", "userUpdated", "id_Country") VALUES ('Santa Maria', CURRENT_TIMESTAMP, 'pigtraxadmin', 1);
INSERT INTO pigtraxrefdata."City" (name, "lastUpdated", "userUpdated", "id_Country") VALUES ('Santa Maria da Serra', CURRENT_TIMESTAMP, 'pigtraxadmin', 1);
INSERT INTO pigtraxrefdata."City" (name, "lastUpdated", "userUpdated", "id_Country") VALUES ('Santa Maria das Barreiras', CURRENT_TIMESTAMP, 'pigtraxadmin', 1);
INSERT INTO pigtraxrefdata."City" (name, "lastUpdated", "userUpdated", "id_Country") VALUES ('Santa Maria de Itabira', CURRENT_TIMESTAMP, 'pigtraxadmin', 1);
INSERT INTO pigtraxrefdata."City" (name, "lastUpdated", "userUpdated", "id_Country") VALUES ('Santa Maria de Jetibá', CURRENT_TIMESTAMP, 'pigtraxadmin', 1);
INSERT INTO pigtraxrefdata."City" (name, "lastUpdated", "userUpdated", "id_Country") VALUES ('Santa Maria do Baixio', CURRENT_TIMESTAMP, 'pigtraxadmin', 1);
INSERT INTO pigtraxrefdata."City" (name, "lastUpdated", "userUpdated", "id_Country") VALUES ('Santa Maria do Cambucá', CURRENT_TIMESTAMP, 'pigtraxadmin', 1);
INSERT INTO pigtraxrefdata."City" (name, "lastUpdated", "userUpdated", "id_Country") VALUES ('Santa Maria do Herval', CURRENT_TIMESTAMP, 'pigtraxadmin', 1);
INSERT INTO pigtraxrefdata."City" (name, "lastUpdated", "userUpdated", "id_Country") VALUES ('Santa Maria do Oeste', CURRENT_TIMESTAMP, 'pigtraxadmin', 1);
INSERT INTO pigtraxrefdata."City" (name, "lastUpdated", "userUpdated", "id_Country") VALUES ('Santa Maria do Pará', CURRENT_TIMESTAMP, 'pigtraxadmin', 1);
INSERT INTO pigtraxrefdata."City" (name, "lastUpdated", "userUpdated", "id_Country") VALUES ('Santa Maria do Salto', CURRENT_TIMESTAMP, 'pigtraxadmin', 1);
INSERT INTO pigtraxrefdata."City" (name, "lastUpdated", "userUpdated", "id_Country") VALUES ('Santa Maria do Suaçuí', CURRENT_TIMESTAMP, 'pigtraxadmin', 1);
INSERT INTO pigtraxrefdata."City" (name, "lastUpdated", "userUpdated", "id_Country") VALUES ('Santa Maria do Tocantins', CURRENT_TIMESTAMP, 'pigtraxadmin', 1);
INSERT INTO pigtraxrefdata."City" (name, "lastUpdated", "userUpdated", "id_Country") VALUES ('Santa Maria Madalena', CURRENT_TIMESTAMP, 'pigtraxadmin', 1);
INSERT INTO pigtraxrefdata."City" (name, "lastUpdated", "userUpdated", "id_Country") VALUES ('Santa Mariana', CURRENT_TIMESTAMP, 'pigtraxadmin', 1);
INSERT INTO pigtraxrefdata."City" (name, "lastUpdated", "userUpdated", "id_Country") VALUES ('Santa Marta', CURRENT_TIMESTAMP, 'pigtraxadmin', 1);
INSERT INTO pigtraxrefdata."City" (name, "lastUpdated", "userUpdated", "id_Country") VALUES ('Santa Mercedes', CURRENT_TIMESTAMP, 'pigtraxadmin', 1);
INSERT INTO pigtraxrefdata."City" (name, "lastUpdated", "userUpdated", "id_Country") VALUES ('Santa Mônica', CURRENT_TIMESTAMP, 'pigtraxadmin', 1);
INSERT INTO pigtraxrefdata."City" (name, "lastUpdated", "userUpdated", "id_Country") VALUES ('Santa Quitéria', CURRENT_TIMESTAMP, 'pigtraxadmin', 1);
INSERT INTO pigtraxrefdata."City" (name, "lastUpdated", "userUpdated", "id_Country") VALUES ('Santa Quitéria do Maranhão', CURRENT_TIMESTAMP, 'pigtraxadmin', 1);
INSERT INTO pigtraxrefdata."City" (name, "lastUpdated", "userUpdated", "id_Country") VALUES ('Santa Rita', CURRENT_TIMESTAMP, 'pigtraxadmin', 1);
INSERT INTO pigtraxrefdata."City" (name, "lastUpdated", "userUpdated", "id_Country") VALUES ('Santa Rita da Estrela', CURRENT_TIMESTAMP, 'pigtraxadmin', 1);
INSERT INTO pigtraxrefdata."City" (name, "lastUpdated", "userUpdated", "id_Country") VALUES ('Santa Rita da Floresta', CURRENT_TIMESTAMP, 'pigtraxadmin', 1);
INSERT INTO pigtraxrefdata."City" (name, "lastUpdated", "userUpdated", "id_Country") VALUES ('Santa Rita de Caldas', CURRENT_TIMESTAMP, 'pigtraxadmin', 1);
INSERT INTO pigtraxrefdata."City" (name, "lastUpdated", "userUpdated", "id_Country") VALUES ('Santa Rita de Cássia', CURRENT_TIMESTAMP, 'pigtraxadmin', 1);
INSERT INTO pigtraxrefdata."City" (name, "lastUpdated", "userUpdated", "id_Country") VALUES ('Santa Rita de Ibitipoca', CURRENT_TIMESTAMP, 'pigtraxadmin', 1);
INSERT INTO pigtraxrefdata."City" (name, "lastUpdated", "userUpdated", "id_Country") VALUES ('Santa Rita de Jacutinga', CURRENT_TIMESTAMP, 'pigtraxadmin', 1);
INSERT INTO pigtraxrefdata."City" (name, "lastUpdated", "userUpdated", "id_Country") VALUES ('Santa Rita de Minas', CURRENT_TIMESTAMP, 'pigtraxadmin', 1);
INSERT INTO pigtraxrefdata."City" (name, "lastUpdated", "userUpdated", "id_Country") VALUES ('Santa Rita de Ouro Preto', CURRENT_TIMESTAMP, 'pigtraxadmin', 1);
INSERT INTO pigtraxrefdata."City" (name, "lastUpdated", "userUpdated", "id_Country") VALUES ('Santa Rita do Araguaia', CURRENT_TIMESTAMP, 'pigtraxadmin', 1);
INSERT INTO pigtraxrefdata."City" (name, "lastUpdated", "userUpdated", "id_Country") VALUES ('Santa Rita do Itueto', CURRENT_TIMESTAMP, 'pigtraxadmin', 1);
INSERT INTO pigtraxrefdata."City" (name, "lastUpdated", "userUpdated", "id_Country") VALUES ('Santa Rita do Novo Destino', CURRENT_TIMESTAMP, 'pigtraxadmin', 1);
INSERT INTO pigtraxrefdata."City" (name, "lastUpdated", "userUpdated", "id_Country") VALUES ('Santa Rita do Pardo', CURRENT_TIMESTAMP, 'pigtraxadmin', 1);
INSERT INTO pigtraxrefdata."City" (name, "lastUpdated", "userUpdated", "id_Country") VALUES ('Santa Rita do Passa Quatro', CURRENT_TIMESTAMP, 'pigtraxadmin', 1);
INSERT INTO pigtraxrefdata."City" (name, "lastUpdated", "userUpdated", "id_Country") VALUES ('Santa Rita do Ribeira', CURRENT_TIMESTAMP, 'pigtraxadmin', 1);
INSERT INTO pigtraxrefdata."City" (name, "lastUpdated", "userUpdated", "id_Country") VALUES ('Santa Rita do Sapucaí', CURRENT_TIMESTAMP, 'pigtraxadmin', 1);
INSERT INTO pigtraxrefdata."City" (name, "lastUpdated", "userUpdated", "id_Country") VALUES ('Santa Rita do Sul', CURRENT_TIMESTAMP, 'pigtraxadmin', 1);
INSERT INTO pigtraxrefdata."City" (name, "lastUpdated", "userUpdated", "id_Country") VALUES ('Santa Rita do Tocantins', CURRENT_TIMESTAMP, 'pigtraxadmin', 1);
INSERT INTO pigtraxrefdata."City" (name, "lastUpdated", "userUpdated", "id_Country") VALUES ('Santa Rita do Trivelato', CURRENT_TIMESTAMP, 'pigtraxadmin', 1);
INSERT INTO pigtraxrefdata."City" (name, "lastUpdated", "userUpdated", "id_Country") VALUES ('Santa Rita d''Oeste', CURRENT_TIMESTAMP, 'pigtraxadmin', 1);
INSERT INTO pigtraxrefdata."City" (name, "lastUpdated", "userUpdated", "id_Country") VALUES ('Santa Rita Durão', CURRENT_TIMESTAMP, 'pigtraxadmin', 1);
INSERT INTO pigtraxrefdata."City" (name, "lastUpdated", "userUpdated", "id_Country") VALUES ('Santa Rosa', CURRENT_TIMESTAMP, 'pigtraxadmin', 1);
INSERT INTO pigtraxrefdata."City" (name, "lastUpdated", "userUpdated", "id_Country") VALUES ('Santa Rosa da Serra', CURRENT_TIMESTAMP, 'pigtraxadmin', 1);
INSERT INTO pigtraxrefdata."City" (name, "lastUpdated", "userUpdated", "id_Country") VALUES ('Santa Rosa de Goiás', CURRENT_TIMESTAMP, 'pigtraxadmin', 1);
INSERT INTO pigtraxrefdata."City" (name, "lastUpdated", "userUpdated", "id_Country") VALUES ('Santa Rosa de Lima', CURRENT_TIMESTAMP, 'pigtraxadmin', 1);
INSERT INTO pigtraxrefdata."City" (name, "lastUpdated", "userUpdated", "id_Country") VALUES ('Santa Rosa de Viterbo', CURRENT_TIMESTAMP, 'pigtraxadmin', 1);
INSERT INTO pigtraxrefdata."City" (name, "lastUpdated", "userUpdated", "id_Country") VALUES ('Santa Rosa do Piauí', CURRENT_TIMESTAMP, 'pigtraxadmin', 1);
INSERT INTO pigtraxrefdata."City" (name, "lastUpdated", "userUpdated", "id_Country") VALUES ('Santa Rosa do Purus', CURRENT_TIMESTAMP, 'pigtraxadmin', 1);
INSERT INTO pigtraxrefdata."City" (name, "lastUpdated", "userUpdated", "id_Country") VALUES ('Santa Rosa do Sul', CURRENT_TIMESTAMP, 'pigtraxadmin', 1);
INSERT INTO pigtraxrefdata."City" (name, "lastUpdated", "userUpdated", "id_Country") VALUES ('Santa Rosa do Tocantins', CURRENT_TIMESTAMP, 'pigtraxadmin', 1);
INSERT INTO pigtraxrefdata."City" (name, "lastUpdated", "userUpdated", "id_Country") VALUES ('Santa Salete', CURRENT_TIMESTAMP, 'pigtraxadmin', 1);
INSERT INTO pigtraxrefdata."City" (name, "lastUpdated", "userUpdated", "id_Country") VALUES ('Santa Teresa', CURRENT_TIMESTAMP, 'pigtraxadmin', 1);
INSERT INTO pigtraxrefdata."City" (name, "lastUpdated", "userUpdated", "id_Country") VALUES ('Santa Teresinha', CURRENT_TIMESTAMP, 'pigtraxadmin', 1);
INSERT INTO pigtraxrefdata."City" (name, "lastUpdated", "userUpdated", "id_Country") VALUES ('Santa Teresinha de Piracicaba', CURRENT_TIMESTAMP, 'pigtraxadmin', 1);
INSERT INTO pigtraxrefdata."City" (name, "lastUpdated", "userUpdated", "id_Country") VALUES ('Santa Tereza', CURRENT_TIMESTAMP, 'pigtraxadmin', 1);
INSERT INTO pigtraxrefdata."City" (name, "lastUpdated", "userUpdated", "id_Country") VALUES ('Santa Tereza de Goiás', CURRENT_TIMESTAMP, 'pigtraxadmin', 1);
INSERT INTO pigtraxrefdata."City" (name, "lastUpdated", "userUpdated", "id_Country") VALUES ('Santa Tereza do Oeste', CURRENT_TIMESTAMP, 'pigtraxadmin', 1);
INSERT INTO pigtraxrefdata."City" (name, "lastUpdated", "userUpdated", "id_Country") VALUES ('Santa Tereza do Tocantins', CURRENT_TIMESTAMP, 'pigtraxadmin', 1);
INSERT INTO pigtraxrefdata."City" (name, "lastUpdated", "userUpdated", "id_Country") VALUES ('Santa Terezinha de Goiás', CURRENT_TIMESTAMP, 'pigtraxadmin', 1);
INSERT INTO pigtraxrefdata."City" (name, "lastUpdated", "userUpdated", "id_Country") VALUES ('Santa Terezinha de Itaipu', CURRENT_TIMESTAMP, 'pigtraxadmin', 1);
INSERT INTO pigtraxrefdata."City" (name, "lastUpdated", "userUpdated", "id_Country") VALUES ('Santa Terezinha de Minas', CURRENT_TIMESTAMP, 'pigtraxadmin', 1);
INSERT INTO pigtraxrefdata."City" (name, "lastUpdated", "userUpdated", "id_Country") VALUES ('Santa Terezinha do Tocantins', CURRENT_TIMESTAMP, 'pigtraxadmin', 1);
INSERT INTO pigtraxrefdata."City" (name, "lastUpdated", "userUpdated", "id_Country") VALUES ('Santa Vitória', CURRENT_TIMESTAMP, 'pigtraxadmin', 1);
INSERT INTO pigtraxrefdata."City" (name, "lastUpdated", "userUpdated", "id_Country") VALUES ('Santa Vitória do Palmar', CURRENT_TIMESTAMP, 'pigtraxadmin', 1);
INSERT INTO pigtraxrefdata."City" (name, "lastUpdated", "userUpdated", "id_Country") VALUES ('Santaluz', CURRENT_TIMESTAMP, 'pigtraxadmin', 1);
INSERT INTO pigtraxrefdata."City" (name, "lastUpdated", "userUpdated", "id_Country") VALUES ('Santana', CURRENT_TIMESTAMP, 'pigtraxadmin', 1);
INSERT INTO pigtraxrefdata."City" (name, "lastUpdated", "userUpdated", "id_Country") VALUES ('Santana da Boa Vista', CURRENT_TIMESTAMP, 'pigtraxadmin', 1);
INSERT INTO pigtraxrefdata."City" (name, "lastUpdated", "userUpdated", "id_Country") VALUES ('Santana da Ponte Pensa', CURRENT_TIMESTAMP, 'pigtraxadmin', 1);
INSERT INTO pigtraxrefdata."City" (name, "lastUpdated", "userUpdated", "id_Country") VALUES ('Santana da Serra', CURRENT_TIMESTAMP, 'pigtraxadmin', 1);
INSERT INTO pigtraxrefdata."City" (name, "lastUpdated", "userUpdated", "id_Country") VALUES ('Santana da Vargem', CURRENT_TIMESTAMP, 'pigtraxadmin', 1);
INSERT INTO pigtraxrefdata."City" (name, "lastUpdated", "userUpdated", "id_Country") VALUES ('Santana de Cataguases', CURRENT_TIMESTAMP, 'pigtraxadmin', 1);
INSERT INTO pigtraxrefdata."City" (name, "lastUpdated", "userUpdated", "id_Country") VALUES ('Santana de Mangueira', CURRENT_TIMESTAMP, 'pigtraxadmin', 1);
INSERT INTO pigtraxrefdata."City" (name, "lastUpdated", "userUpdated", "id_Country") VALUES ('Santana de Parnaíba', CURRENT_TIMESTAMP, 'pigtraxadmin', 1);
INSERT INTO pigtraxrefdata."City" (name, "lastUpdated", "userUpdated", "id_Country") VALUES ('Santana de Patos', CURRENT_TIMESTAMP, 'pigtraxadmin', 1);
INSERT INTO pigtraxrefdata."City" (name, "lastUpdated", "userUpdated", "id_Country") VALUES ('Santana de Pirapama', CURRENT_TIMESTAMP, 'pigtraxadmin', 1);
INSERT INTO pigtraxrefdata."City" (name, "lastUpdated", "userUpdated", "id_Country") VALUES ('Santana de São Francisco', CURRENT_TIMESTAMP, 'pigtraxadmin', 1);
INSERT INTO pigtraxrefdata."City" (name, "lastUpdated", "userUpdated", "id_Country") VALUES ('Santana de São Joaquim', CURRENT_TIMESTAMP, 'pigtraxadmin', 1);
INSERT INTO pigtraxrefdata."City" (name, "lastUpdated", "userUpdated", "id_Country") VALUES ('Santana do Araçuaí', CURRENT_TIMESTAMP, 'pigtraxadmin', 1);
INSERT INTO pigtraxrefdata."City" (name, "lastUpdated", "userUpdated", "id_Country") VALUES ('Santana do Araguaia', CURRENT_TIMESTAMP, 'pigtraxadmin', 1);
INSERT INTO pigtraxrefdata."City" (name, "lastUpdated", "userUpdated", "id_Country") VALUES ('Santana do Campestre', CURRENT_TIMESTAMP, 'pigtraxadmin', 1);
INSERT INTO pigtraxrefdata."City" (name, "lastUpdated", "userUpdated", "id_Country") VALUES ('Santana do Capivari', CURRENT_TIMESTAMP, 'pigtraxadmin', 1);
INSERT INTO pigtraxrefdata."City" (name, "lastUpdated", "userUpdated", "id_Country") VALUES ('Santana do Cariri', CURRENT_TIMESTAMP, 'pigtraxadmin', 1);
INSERT INTO pigtraxrefdata."City" (name, "lastUpdated", "userUpdated", "id_Country") VALUES ('Santana do Deserto', CURRENT_TIMESTAMP, 'pigtraxadmin', 1);
INSERT INTO pigtraxrefdata."City" (name, "lastUpdated", "userUpdated", "id_Country") VALUES ('Santana do Garambéu', CURRENT_TIMESTAMP, 'pigtraxadmin', 1);
INSERT INTO pigtraxrefdata."City" (name, "lastUpdated", "userUpdated", "id_Country") VALUES ('Santana do Guaporé', CURRENT_TIMESTAMP, 'pigtraxadmin', 1);
INSERT INTO pigtraxrefdata."City" (name, "lastUpdated", "userUpdated", "id_Country") VALUES ('Santana do Ipanema', CURRENT_TIMESTAMP, 'pigtraxadmin', 1);
INSERT INTO pigtraxrefdata."City" (name, "lastUpdated", "userUpdated", "id_Country") VALUES ('Santana do Itararé', CURRENT_TIMESTAMP, 'pigtraxadmin', 1);
INSERT INTO pigtraxrefdata."City" (name, "lastUpdated", "userUpdated", "id_Country") VALUES ('Santana do Jacaré', CURRENT_TIMESTAMP, 'pigtraxadmin', 1);
INSERT INTO pigtraxrefdata."City" (name, "lastUpdated", "userUpdated", "id_Country") VALUES ('Sant''Ana do Livramento', CURRENT_TIMESTAMP, 'pigtraxadmin', 1);
INSERT INTO pigtraxrefdata."City" (name, "lastUpdated", "userUpdated", "id_Country") VALUES ('Santana do Manhuaçu', CURRENT_TIMESTAMP, 'pigtraxadmin', 1);
INSERT INTO pigtraxrefdata."City" (name, "lastUpdated", "userUpdated", "id_Country") VALUES ('Santana do Matos', CURRENT_TIMESTAMP, 'pigtraxadmin', 1);
INSERT INTO pigtraxrefdata."City" (name, "lastUpdated", "userUpdated", "id_Country") VALUES ('Santana do Mundaú', CURRENT_TIMESTAMP, 'pigtraxadmin', 1);
INSERT INTO pigtraxrefdata."City" (name, "lastUpdated", "userUpdated", "id_Country") VALUES ('Santana do Paraíso', CURRENT_TIMESTAMP, 'pigtraxadmin', 1);
INSERT INTO pigtraxrefdata."City" (name, "lastUpdated", "userUpdated", "id_Country") VALUES ('Santana do Piauí', CURRENT_TIMESTAMP, 'pigtraxadmin', 1);
INSERT INTO pigtraxrefdata."City" (name, "lastUpdated", "userUpdated", "id_Country") VALUES ('Santana do São Francisco', CURRENT_TIMESTAMP, 'pigtraxadmin', 1);
INSERT INTO pigtraxrefdata."City" (name, "lastUpdated", "userUpdated", "id_Country") VALUES ('Santana do Seridó', CURRENT_TIMESTAMP, 'pigtraxadmin', 1);
INSERT INTO pigtraxrefdata."City" (name, "lastUpdated", "userUpdated", "id_Country") VALUES ('Santana dos Garrotes', CURRENT_TIMESTAMP, 'pigtraxadmin', 1);
INSERT INTO pigtraxrefdata."City" (name, "lastUpdated", "userUpdated", "id_Country") VALUES ('Santana dos Montes', CURRENT_TIMESTAMP, 'pigtraxadmin', 1);
INSERT INTO pigtraxrefdata."City" (name, "lastUpdated", "userUpdated", "id_Country") VALUES ('Santanésia', CURRENT_TIMESTAMP, 'pigtraxadmin', 1);
INSERT INTO pigtraxrefdata."City" (name, "lastUpdated", "userUpdated", "id_Country") VALUES ('Santanópolis', CURRENT_TIMESTAMP, 'pigtraxadmin', 1);
INSERT INTO pigtraxrefdata."City" (name, "lastUpdated", "userUpdated", "id_Country") VALUES ('Santarém Novo', CURRENT_TIMESTAMP, 'pigtraxadmin', 1);
INSERT INTO pigtraxrefdata."City" (name, "lastUpdated", "userUpdated", "id_Country") VALUES ('Santelmo', CURRENT_TIMESTAMP, 'pigtraxadmin', 1);
INSERT INTO pigtraxrefdata."City" (name, "lastUpdated", "userUpdated", "id_Country") VALUES ('Santiago do Iguape', CURRENT_TIMESTAMP, 'pigtraxadmin', 1);
INSERT INTO pigtraxrefdata."City" (name, "lastUpdated", "userUpdated", "id_Country") VALUES ('Santiago do Sul', CURRENT_TIMESTAMP, 'pigtraxadmin', 1);
INSERT INTO pigtraxrefdata."City" (name, "lastUpdated", "userUpdated", "id_Country") VALUES ('Santo Afonso', CURRENT_TIMESTAMP, 'pigtraxadmin', 1);
INSERT INTO pigtraxrefdata."City" (name, "lastUpdated", "userUpdated", "id_Country") VALUES ('Santo Aleixo', CURRENT_TIMESTAMP, 'pigtraxadmin', 1);
INSERT INTO pigtraxrefdata."City" (name, "lastUpdated", "userUpdated", "id_Country") VALUES ('Santo Amaro', CURRENT_TIMESTAMP, 'pigtraxadmin', 1);
INSERT INTO pigtraxrefdata."City" (name, "lastUpdated", "userUpdated", "id_Country") VALUES ('Santo Amaro da Imperatriz', CURRENT_TIMESTAMP, 'pigtraxadmin', 1);
INSERT INTO pigtraxrefdata."City" (name, "lastUpdated", "userUpdated", "id_Country") VALUES ('Santo Amaro das Brotas', CURRENT_TIMESTAMP, 'pigtraxadmin', 1);
INSERT INTO pigtraxrefdata."City" (name, "lastUpdated", "userUpdated", "id_Country") VALUES ('Santo Amaro de Campos', CURRENT_TIMESTAMP, 'pigtraxadmin', 1);
INSERT INTO pigtraxrefdata."City" (name, "lastUpdated", "userUpdated", "id_Country") VALUES ('Santo Amaro do Maranhão', CURRENT_TIMESTAMP, 'pigtraxadmin', 1);
INSERT INTO pigtraxrefdata."City" (name, "lastUpdated", "userUpdated", "id_Country") VALUES ('Santo Anastácio', CURRENT_TIMESTAMP, 'pigtraxadmin', 1);
INSERT INTO pigtraxrefdata."City" (name, "lastUpdated", "userUpdated", "id_Country") VALUES ('Santo André', CURRENT_TIMESTAMP, 'pigtraxadmin', 1);
INSERT INTO pigtraxrefdata."City" (name, "lastUpdated", "userUpdated", "id_Country") VALUES ('Santo Antonio', CURRENT_TIMESTAMP, 'pigtraxadmin', 1);
INSERT INTO pigtraxrefdata."City" (name, "lastUpdated", "userUpdated", "id_Country") VALUES ('Santo Antônio', CURRENT_TIMESTAMP, 'pigtraxadmin', 1);
INSERT INTO pigtraxrefdata."City" (name, "lastUpdated", "userUpdated", "id_Country") VALUES ('Santo Antônio da Alegria', CURRENT_TIMESTAMP, 'pigtraxadmin', 1);
INSERT INTO pigtraxrefdata."City" (name, "lastUpdated", "userUpdated", "id_Country") VALUES ('Santo Antônio da Boa Vista', CURRENT_TIMESTAMP, 'pigtraxadmin', 1);
INSERT INTO pigtraxrefdata."City" (name, "lastUpdated", "userUpdated", "id_Country") VALUES ('Santo Antônio da Patrulha', CURRENT_TIMESTAMP, 'pigtraxadmin', 1);
INSERT INTO pigtraxrefdata."City" (name, "lastUpdated", "userUpdated", "id_Country") VALUES ('Santo Antônio da Platina', CURRENT_TIMESTAMP, 'pigtraxadmin', 1);
INSERT INTO pigtraxrefdata."City" (name, "lastUpdated", "userUpdated", "id_Country") VALUES ('Santo Antônio das Missões', CURRENT_TIMESTAMP, 'pigtraxadmin', 1);
INSERT INTO pigtraxrefdata."City" (name, "lastUpdated", "userUpdated", "id_Country") VALUES ('Santo Antônio das Queimadas', CURRENT_TIMESTAMP, 'pigtraxadmin', 1);
INSERT INTO pigtraxrefdata."City" (name, "lastUpdated", "userUpdated", "id_Country") VALUES ('Santo Antônio de Barcelona', CURRENT_TIMESTAMP, 'pigtraxadmin', 1);
INSERT INTO pigtraxrefdata."City" (name, "lastUpdated", "userUpdated", "id_Country") VALUES ('Santo Antônio de Goiás', CURRENT_TIMESTAMP, 'pigtraxadmin', 1);
INSERT INTO pigtraxrefdata."City" (name, "lastUpdated", "userUpdated", "id_Country") VALUES ('Santo Antônio de Jesus', CURRENT_TIMESTAMP, 'pigtraxadmin', 1);
INSERT INTO pigtraxrefdata."City" (name, "lastUpdated", "userUpdated", "id_Country") VALUES ('Santo Antônio de Lisboa', CURRENT_TIMESTAMP, 'pigtraxadmin', 1);
INSERT INTO pigtraxrefdata."City" (name, "lastUpdated", "userUpdated", "id_Country") VALUES ('Santo Antônio de Pádua', CURRENT_TIMESTAMP, 'pigtraxadmin', 1);
INSERT INTO pigtraxrefdata."City" (name, "lastUpdated", "userUpdated", "id_Country") VALUES ('Santo Antônio de Posse', CURRENT_TIMESTAMP, 'pigtraxadmin', 1);
INSERT INTO pigtraxrefdata."City" (name, "lastUpdated", "userUpdated", "id_Country") VALUES ('Santo Antônio do Aracanguá', CURRENT_TIMESTAMP, 'pigtraxadmin', 1);
INSERT INTO pigtraxrefdata."City" (name, "lastUpdated", "userUpdated", "id_Country") VALUES ('Santo Antônio do Aventureiro', CURRENT_TIMESTAMP, 'pigtraxadmin', 1);
INSERT INTO pigtraxrefdata."City" (name, "lastUpdated", "userUpdated", "id_Country") VALUES ('Santo Antônio do Caiuá', CURRENT_TIMESTAMP, 'pigtraxadmin', 1);
INSERT INTO pigtraxrefdata."City" (name, "lastUpdated", "userUpdated", "id_Country") VALUES ('Santo Antônio do Canaã', CURRENT_TIMESTAMP, 'pigtraxadmin', 1);
INSERT INTO pigtraxrefdata."City" (name, "lastUpdated", "userUpdated", "id_Country") VALUES ('Santo Antônio do Cruzeiro', CURRENT_TIMESTAMP, 'pigtraxadmin', 1);
INSERT INTO pigtraxrefdata."City" (name, "lastUpdated", "userUpdated", "id_Country") VALUES ('Santo Antônio do Descoberto', CURRENT_TIMESTAMP, 'pigtraxadmin', 1);
INSERT INTO pigtraxrefdata."City" (name, "lastUpdated", "userUpdated", "id_Country") VALUES ('Santo Antônio do Fontoura', CURRENT_TIMESTAMP, 'pigtraxadmin', 1);
INSERT INTO pigtraxrefdata."City" (name, "lastUpdated", "userUpdated", "id_Country") VALUES ('Santo Antônio do Grama', CURRENT_TIMESTAMP, 'pigtraxadmin', 1);
INSERT INTO pigtraxrefdata."City" (name, "lastUpdated", "userUpdated", "id_Country") VALUES ('Santo Antônio do Içá', CURRENT_TIMESTAMP, 'pigtraxadmin', 1);
INSERT INTO pigtraxrefdata."City" (name, "lastUpdated", "userUpdated", "id_Country") VALUES ('Santo Antônio do Itambé', CURRENT_TIMESTAMP, 'pigtraxadmin', 1);
INSERT INTO pigtraxrefdata."City" (name, "lastUpdated", "userUpdated", "id_Country") VALUES ('Santo Antônio do Jacinto', CURRENT_TIMESTAMP, 'pigtraxadmin', 1);
INSERT INTO pigtraxrefdata."City" (name, "lastUpdated", "userUpdated", "id_Country") VALUES ('Santo Antônio do Jardim', CURRENT_TIMESTAMP, 'pigtraxadmin', 1);
INSERT INTO pigtraxrefdata."City" (name, "lastUpdated", "userUpdated", "id_Country") VALUES ('Santo Antônio do Leite', CURRENT_TIMESTAMP, 'pigtraxadmin', 1);
INSERT INTO pigtraxrefdata."City" (name, "lastUpdated", "userUpdated", "id_Country") VALUES ('Santo Antônio do Leste', CURRENT_TIMESTAMP, 'pigtraxadmin', 1);
INSERT INTO pigtraxrefdata."City" (name, "lastUpdated", "userUpdated", "id_Country") VALUES ('Santo Antônio do Leverger', CURRENT_TIMESTAMP, 'pigtraxadmin', 1);
INSERT INTO pigtraxrefdata."City" (name, "lastUpdated", "userUpdated", "id_Country") VALUES ('Santo Antônio do Manhuaçu', CURRENT_TIMESTAMP, 'pigtraxadmin', 1);
INSERT INTO pigtraxrefdata."City" (name, "lastUpdated", "userUpdated", "id_Country") VALUES ('Santo Antônio do Monte', CURRENT_TIMESTAMP, 'pigtraxadmin', 1);
INSERT INTO pigtraxrefdata."City" (name, "lastUpdated", "userUpdated", "id_Country") VALUES ('Santo Antônio do Mucuri', CURRENT_TIMESTAMP, 'pigtraxadmin', 1);
INSERT INTO pigtraxrefdata."City" (name, "lastUpdated", "userUpdated", "id_Country") VALUES ('Santo Antônio do Muqui', CURRENT_TIMESTAMP, 'pigtraxadmin', 1);
INSERT INTO pigtraxrefdata."City" (name, "lastUpdated", "userUpdated", "id_Country") VALUES ('Santo Antônio do Norte', CURRENT_TIMESTAMP, 'pigtraxadmin', 1);
INSERT INTO pigtraxrefdata."City" (name, "lastUpdated", "userUpdated", "id_Country") VALUES ('Santo Antônio do Palma', CURRENT_TIMESTAMP, 'pigtraxadmin', 1);
INSERT INTO pigtraxrefdata."City" (name, "lastUpdated", "userUpdated", "id_Country") VALUES ('Santo Antônio do Paraíso', CURRENT_TIMESTAMP, 'pigtraxadmin', 1);
INSERT INTO pigtraxrefdata."City" (name, "lastUpdated", "userUpdated", "id_Country") VALUES ('Santo Antônio do Pinhal', CURRENT_TIMESTAMP, 'pigtraxadmin', 1);
INSERT INTO pigtraxrefdata."City" (name, "lastUpdated", "userUpdated", "id_Country") VALUES ('Santo Antônio do Planalto', CURRENT_TIMESTAMP, 'pigtraxadmin', 1);
INSERT INTO pigtraxrefdata."City" (name, "lastUpdated", "userUpdated", "id_Country") VALUES ('Santo Antônio do Pontal', CURRENT_TIMESTAMP, 'pigtraxadmin', 1);
INSERT INTO pigtraxrefdata."City" (name, "lastUpdated", "userUpdated", "id_Country") VALUES ('Santo Antônio do Pousalegre', CURRENT_TIMESTAMP, 'pigtraxadmin', 1);
INSERT INTO pigtraxrefdata."City" (name, "lastUpdated", "userUpdated", "id_Country") VALUES ('Santo Antônio do Retiro', CURRENT_TIMESTAMP, 'pigtraxadmin', 1);
INSERT INTO pigtraxrefdata."City" (name, "lastUpdated", "userUpdated", "id_Country") VALUES ('Santo Antônio do Rio Abaixo', CURRENT_TIMESTAMP, 'pigtraxadmin', 1);
INSERT INTO pigtraxrefdata."City" (name, "lastUpdated", "userUpdated", "id_Country") VALUES ('Santo Antônio do Rio Doce', CURRENT_TIMESTAMP, 'pigtraxadmin', 1);
INSERT INTO pigtraxrefdata."City" (name, "lastUpdated", "userUpdated", "id_Country") VALUES ('Santo Antônio do Rio Grande', CURRENT_TIMESTAMP, 'pigtraxadmin', 1);
INSERT INTO pigtraxrefdata."City" (name, "lastUpdated", "userUpdated", "id_Country") VALUES ('Santo Antônio do Rio Verde', CURRENT_TIMESTAMP, 'pigtraxadmin', 1);
INSERT INTO pigtraxrefdata."City" (name, "lastUpdated", "userUpdated", "id_Country") VALUES ('Santo Antônio do Tauá', CURRENT_TIMESTAMP, 'pigtraxadmin', 1);
INSERT INTO pigtraxrefdata."City" (name, "lastUpdated", "userUpdated", "id_Country") VALUES ('Santo Antônio dos Campos', CURRENT_TIMESTAMP, 'pigtraxadmin', 1);
INSERT INTO pigtraxrefdata."City" (name, "lastUpdated", "userUpdated", "id_Country") VALUES ('Santo Antônio dos Lopes', CURRENT_TIMESTAMP, 'pigtraxadmin', 1);
INSERT INTO pigtraxrefdata."City" (name, "lastUpdated", "userUpdated", "id_Country") VALUES ('Santo Antônio dos Milagres', CURRENT_TIMESTAMP, 'pigtraxadmin', 1);
INSERT INTO pigtraxrefdata."City" (name, "lastUpdated", "userUpdated", "id_Country") VALUES ('Santo Antônio dos Palmares', CURRENT_TIMESTAMP, 'pigtraxadmin', 1);
INSERT INTO pigtraxrefdata."City" (name, "lastUpdated", "userUpdated", "id_Country") VALUES ('Santo Augusto', CURRENT_TIMESTAMP, 'pigtraxadmin', 1);
INSERT INTO pigtraxrefdata."City" (name, "lastUpdated", "userUpdated", "id_Country") VALUES ('Santo Cristo', CURRENT_TIMESTAMP, 'pigtraxadmin', 1);
INSERT INTO pigtraxrefdata."City" (name, "lastUpdated", "userUpdated", "id_Country") VALUES ('Santo Eduardo', CURRENT_TIMESTAMP, 'pigtraxadmin', 1);
INSERT INTO pigtraxrefdata."City" (name, "lastUpdated", "userUpdated", "id_Country") VALUES ('Santo Estêvão', CURRENT_TIMESTAMP, 'pigtraxadmin', 1);
INSERT INTO pigtraxrefdata."City" (name, "lastUpdated", "userUpdated", "id_Country") VALUES ('Santo Estevão Velho', CURRENT_TIMESTAMP, 'pigtraxadmin', 1);
INSERT INTO pigtraxrefdata."City" (name, "lastUpdated", "userUpdated", "id_Country") VALUES ('Santo Expedito', CURRENT_TIMESTAMP, 'pigtraxadmin', 1);
INSERT INTO pigtraxrefdata."City" (name, "lastUpdated", "userUpdated", "id_Country") VALUES ('Santo Expedito do Sul', CURRENT_TIMESTAMP, 'pigtraxadmin', 1);
INSERT INTO pigtraxrefdata."City" (name, "lastUpdated", "userUpdated", "id_Country") VALUES ('Santo Hipólito', CURRENT_TIMESTAMP, 'pigtraxadmin', 1);
INSERT INTO pigtraxrefdata."City" (name, "lastUpdated", "userUpdated", "id_Country") VALUES ('Santo Inácio', CURRENT_TIMESTAMP, 'pigtraxadmin', 1);
INSERT INTO pigtraxrefdata."City" (name, "lastUpdated", "userUpdated", "id_Country") VALUES ('Santo Inácio do Piauí', CURRENT_TIMESTAMP, 'pigtraxadmin', 1);
INSERT INTO pigtraxrefdata."City" (name, "lastUpdated", "userUpdated", "id_Country") VALUES ('Santo Izidro', CURRENT_TIMESTAMP, 'pigtraxadmin', 1);
INSERT INTO pigtraxrefdata."City" (name, "lastUpdated", "userUpdated", "id_Country") VALUES ('Santo Rei', CURRENT_TIMESTAMP, 'pigtraxadmin', 1);
INSERT INTO pigtraxrefdata."City" (name, "lastUpdated", "userUpdated", "id_Country") VALUES ('Santópolis do Aguapeí', CURRENT_TIMESTAMP, 'pigtraxadmin', 1);
INSERT INTO pigtraxrefdata."City" (name, "lastUpdated", "userUpdated", "id_Country") VALUES ('Santos', CURRENT_TIMESTAMP, 'pigtraxadmin', 1);
INSERT INTO pigtraxrefdata."City" (name, "lastUpdated", "userUpdated", "id_Country") VALUES ('Santos Dumont', CURRENT_TIMESTAMP, 'pigtraxadmin', 1);
INSERT INTO pigtraxrefdata."City" (name, "lastUpdated", "userUpdated", "id_Country") VALUES ('São Bartolomeu de Minas', CURRENT_TIMESTAMP, 'pigtraxadmin', 1);
INSERT INTO pigtraxrefdata."City" (name, "lastUpdated", "userUpdated", "id_Country") VALUES ('São Benedito', CURRENT_TIMESTAMP, 'pigtraxadmin', 1);
INSERT INTO pigtraxrefdata."City" (name, "lastUpdated", "userUpdated", "id_Country") VALUES ('São Benedito da Cachoeirinha', CURRENT_TIMESTAMP, 'pigtraxadmin', 1);
INSERT INTO pigtraxrefdata."City" (name, "lastUpdated", "userUpdated", "id_Country") VALUES ('São Benedito das Areias', CURRENT_TIMESTAMP, 'pigtraxadmin', 1);
INSERT INTO pigtraxrefdata."City" (name, "lastUpdated", "userUpdated", "id_Country") VALUES ('São Benedito do Rio Preto', CURRENT_TIMESTAMP, 'pigtraxadmin', 1);
INSERT INTO pigtraxrefdata."City" (name, "lastUpdated", "userUpdated", "id_Country") VALUES ('São Benedito do Sul', CURRENT_TIMESTAMP, 'pigtraxadmin', 1);
INSERT INTO pigtraxrefdata."City" (name, "lastUpdated", "userUpdated", "id_Country") VALUES ('São Bentinho', CURRENT_TIMESTAMP, 'pigtraxadmin', 1);
INSERT INTO pigtraxrefdata."City" (name, "lastUpdated", "userUpdated", "id_Country") VALUES ('São Bento', CURRENT_TIMESTAMP, 'pigtraxadmin', 1);
INSERT INTO pigtraxrefdata."City" (name, "lastUpdated", "userUpdated", "id_Country") VALUES ('São Bento Abade', CURRENT_TIMESTAMP, 'pigtraxadmin', 1);
INSERT INTO pigtraxrefdata."City" (name, "lastUpdated", "userUpdated", "id_Country") VALUES ('São Bento Baixo', CURRENT_TIMESTAMP, 'pigtraxadmin', 1);
INSERT INTO pigtraxrefdata."City" (name, "lastUpdated", "userUpdated", "id_Country") VALUES ('São Bento de Caldas', CURRENT_TIMESTAMP, 'pigtraxadmin', 1);
INSERT INTO pigtraxrefdata."City" (name, "lastUpdated", "userUpdated", "id_Country") VALUES ('São Bento do Norte', CURRENT_TIMESTAMP, 'pigtraxadmin', 1);
INSERT INTO pigtraxrefdata."City" (name, "lastUpdated", "userUpdated", "id_Country") VALUES ('São Bento do Sapucaí', CURRENT_TIMESTAMP, 'pigtraxadmin', 1);
INSERT INTO pigtraxrefdata."City" (name, "lastUpdated", "userUpdated", "id_Country") VALUES ('São Bento do Sul', CURRENT_TIMESTAMP, 'pigtraxadmin', 1);
INSERT INTO pigtraxrefdata."City" (name, "lastUpdated", "userUpdated", "id_Country") VALUES ('São Bento do Tocantins', CURRENT_TIMESTAMP, 'pigtraxadmin', 1);
INSERT INTO pigtraxrefdata."City" (name, "lastUpdated", "userUpdated", "id_Country") VALUES ('São Bento do Trairí', CURRENT_TIMESTAMP, 'pigtraxadmin', 1);
INSERT INTO pigtraxrefdata."City" (name, "lastUpdated", "userUpdated", "id_Country") VALUES ('São Bento do Una', CURRENT_TIMESTAMP, 'pigtraxadmin', 1);
INSERT INTO pigtraxrefdata."City" (name, "lastUpdated", "userUpdated", "id_Country") VALUES ('São Bernardino', CURRENT_TIMESTAMP, 'pigtraxadmin', 1);
INSERT INTO pigtraxrefdata."City" (name, "lastUpdated", "userUpdated", "id_Country") VALUES ('São Bernardo', CURRENT_TIMESTAMP, 'pigtraxadmin', 1);
INSERT INTO pigtraxrefdata."City" (name, "lastUpdated", "userUpdated", "id_Country") VALUES ('São Bernardo do Campo', CURRENT_TIMESTAMP, 'pigtraxadmin', 1);
INSERT INTO pigtraxrefdata."City" (name, "lastUpdated", "userUpdated", "id_Country") VALUES ('São Berto', CURRENT_TIMESTAMP, 'pigtraxadmin', 1);
INSERT INTO pigtraxrefdata."City" (name, "lastUpdated", "userUpdated", "id_Country") VALUES ('São Bonifácio', CURRENT_TIMESTAMP, 'pigtraxadmin', 1);
INSERT INTO pigtraxrefdata."City" (name, "lastUpdated", "userUpdated", "id_Country") VALUES ('São Borja', CURRENT_TIMESTAMP, 'pigtraxadmin', 1);
INSERT INTO pigtraxrefdata."City" (name, "lastUpdated", "userUpdated", "id_Country") VALUES ('São Brás de Minas', CURRENT_TIMESTAMP, 'pigtraxadmin', 1);
INSERT INTO pigtraxrefdata."City" (name, "lastUpdated", "userUpdated", "id_Country") VALUES ('São Braz do Piauí', CURRENT_TIMESTAMP, 'pigtraxadmin', 1);
INSERT INTO pigtraxrefdata."City" (name, "lastUpdated", "userUpdated", "id_Country") VALUES ('São Caetano de Odivelas', CURRENT_TIMESTAMP, 'pigtraxadmin', 1);
INSERT INTO pigtraxrefdata."City" (name, "lastUpdated", "userUpdated", "id_Country") VALUES ('São Caetano do Navio', CURRENT_TIMESTAMP, 'pigtraxadmin', 1);
INSERT INTO pigtraxrefdata."City" (name, "lastUpdated", "userUpdated", "id_Country") VALUES ('São Caetano do Sul', CURRENT_TIMESTAMP, 'pigtraxadmin', 1);
INSERT INTO pigtraxrefdata."City" (name, "lastUpdated", "userUpdated", "id_Country") VALUES ('São Caitano', CURRENT_TIMESTAMP, 'pigtraxadmin', 1);
INSERT INTO pigtraxrefdata."City" (name, "lastUpdated", "userUpdated", "id_Country") VALUES ('São Camilo', CURRENT_TIMESTAMP, 'pigtraxadmin', 1);
INSERT INTO pigtraxrefdata."City" (name, "lastUpdated", "userUpdated", "id_Country") VALUES ('São Cândido', CURRENT_TIMESTAMP, 'pigtraxadmin', 1);
INSERT INTO pigtraxrefdata."City" (name, "lastUpdated", "userUpdated", "id_Country") VALUES ('São Carlos', CURRENT_TIMESTAMP, 'pigtraxadmin', 1);
INSERT INTO pigtraxrefdata."City" (name, "lastUpdated", "userUpdated", "id_Country") VALUES ('São Carlos do Ivaí', CURRENT_TIMESTAMP, 'pigtraxadmin', 1);
INSERT INTO pigtraxrefdata."City" (name, "lastUpdated", "userUpdated", "id_Country") VALUES ('São Clemente', CURRENT_TIMESTAMP, 'pigtraxadmin', 1);
INSERT INTO pigtraxrefdata."City" (name, "lastUpdated", "userUpdated", "id_Country") VALUES ('São Cristóvão', CURRENT_TIMESTAMP, 'pigtraxadmin', 1);
INSERT INTO pigtraxrefdata."City" (name, "lastUpdated", "userUpdated", "id_Country") VALUES ('São Cristovão do Sul', CURRENT_TIMESTAMP, 'pigtraxadmin', 1);
INSERT INTO pigtraxrefdata."City" (name, "lastUpdated", "userUpdated", "id_Country") VALUES ('São Desidério', CURRENT_TIMESTAMP, 'pigtraxadmin', 1);
INSERT INTO pigtraxrefdata."City" (name, "lastUpdated", "userUpdated", "id_Country") VALUES ('São Domingos', CURRENT_TIMESTAMP, 'pigtraxadmin', 1);
INSERT INTO pigtraxrefdata."City" (name, "lastUpdated", "userUpdated", "id_Country") VALUES ('São Domingos das Dores', CURRENT_TIMESTAMP, 'pigtraxadmin', 1);
INSERT INTO pigtraxrefdata."City" (name, "lastUpdated", "userUpdated", "id_Country") VALUES ('São Domingos do Araguaia', CURRENT_TIMESTAMP, 'pigtraxadmin', 1);
INSERT INTO pigtraxrefdata."City" (name, "lastUpdated", "userUpdated", "id_Country") VALUES ('São Domingos do Azeitão', CURRENT_TIMESTAMP, 'pigtraxadmin', 1);
INSERT INTO pigtraxrefdata."City" (name, "lastUpdated", "userUpdated", "id_Country") VALUES ('São Domingos do Cariri', CURRENT_TIMESTAMP, 'pigtraxadmin', 1);
INSERT INTO pigtraxrefdata."City" (name, "lastUpdated", "userUpdated", "id_Country") VALUES ('São Domingos do Maranhão', CURRENT_TIMESTAMP, 'pigtraxadmin', 1);
INSERT INTO pigtraxrefdata."City" (name, "lastUpdated", "userUpdated", "id_Country") VALUES ('São Domingos do Norte', CURRENT_TIMESTAMP, 'pigtraxadmin', 1);
INSERT INTO pigtraxrefdata."City" (name, "lastUpdated", "userUpdated", "id_Country") VALUES ('São Domingos do Prata', CURRENT_TIMESTAMP, 'pigtraxadmin', 1);
INSERT INTO pigtraxrefdata."City" (name, "lastUpdated", "userUpdated", "id_Country") VALUES ('São Domingos do Sul', CURRENT_TIMESTAMP, 'pigtraxadmin', 1);
INSERT INTO pigtraxrefdata."City" (name, "lastUpdated", "userUpdated", "id_Country") VALUES ('São Felipe', CURRENT_TIMESTAMP, 'pigtraxadmin', 1);
INSERT INTO pigtraxrefdata."City" (name, "lastUpdated", "userUpdated", "id_Country") VALUES ('São Félix', CURRENT_TIMESTAMP, 'pigtraxadmin', 1);
INSERT INTO pigtraxrefdata."City" (name, "lastUpdated", "userUpdated", "id_Country") VALUES ('São Félix de Balsas', CURRENT_TIMESTAMP, 'pigtraxadmin', 1);
INSERT INTO pigtraxrefdata."City" (name, "lastUpdated", "userUpdated", "id_Country") VALUES ('São Félix de Minas', CURRENT_TIMESTAMP, 'pigtraxadmin', 1);
INSERT INTO pigtraxrefdata."City" (name, "lastUpdated", "userUpdated", "id_Country") VALUES ('São Félix do Araguaia', CURRENT_TIMESTAMP, 'pigtraxadmin', 1);
INSERT INTO pigtraxrefdata."City" (name, "lastUpdated", "userUpdated", "id_Country") VALUES ('São Félix do Coribe', CURRENT_TIMESTAMP, 'pigtraxadmin', 1);
INSERT INTO pigtraxrefdata."City" (name, "lastUpdated", "userUpdated", "id_Country") VALUES ('São Félix do Piauí', CURRENT_TIMESTAMP, 'pigtraxadmin', 1);
INSERT INTO pigtraxrefdata."City" (name, "lastUpdated", "userUpdated", "id_Country") VALUES ('São Félix do Tocantins', CURRENT_TIMESTAMP, 'pigtraxadmin', 1);
INSERT INTO pigtraxrefdata."City" (name, "lastUpdated", "userUpdated", "id_Country") VALUES ('São Félix do Xingu', CURRENT_TIMESTAMP, 'pigtraxadmin', 1);
INSERT INTO pigtraxrefdata."City" (name, "lastUpdated", "userUpdated", "id_Country") VALUES ('São Fernando', CURRENT_TIMESTAMP, 'pigtraxadmin', 1);
INSERT INTO pigtraxrefdata."City" (name, "lastUpdated", "userUpdated", "id_Country") VALUES ('São Fidélis', CURRENT_TIMESTAMP, 'pigtraxadmin', 1);
INSERT INTO pigtraxrefdata."City" (name, "lastUpdated", "userUpdated", "id_Country") VALUES ('São Francisco', CURRENT_TIMESTAMP, 'pigtraxadmin', 1);
INSERT INTO pigtraxrefdata."City" (name, "lastUpdated", "userUpdated", "id_Country") VALUES ('São Francisco da Praia', CURRENT_TIMESTAMP, 'pigtraxadmin', 1);
INSERT INTO pigtraxrefdata."City" (name, "lastUpdated", "userUpdated", "id_Country") VALUES ('São Francisco de Assis', CURRENT_TIMESTAMP, 'pigtraxadmin', 1);
INSERT INTO pigtraxrefdata."City" (name, "lastUpdated", "userUpdated", "id_Country") VALUES ('São Francisco de Assis do Piauí', CURRENT_TIMESTAMP, 'pigtraxadmin', 1);
INSERT INTO pigtraxrefdata."City" (name, "lastUpdated", "userUpdated", "id_Country") VALUES ('São Francisco de Goiás', CURRENT_TIMESTAMP, 'pigtraxadmin', 1);
INSERT INTO pigtraxrefdata."City" (name, "lastUpdated", "userUpdated", "id_Country") VALUES ('São Francisco de Itabapoana', CURRENT_TIMESTAMP, 'pigtraxadmin', 1);
INSERT INTO pigtraxrefdata."City" (name, "lastUpdated", "userUpdated", "id_Country") VALUES ('São Francisco de Paula', CURRENT_TIMESTAMP, 'pigtraxadmin', 1);
INSERT INTO pigtraxrefdata."City" (name, "lastUpdated", "userUpdated", "id_Country") VALUES ('São Francisco de Sales', CURRENT_TIMESTAMP, 'pigtraxadmin', 1);
INSERT INTO pigtraxrefdata."City" (name, "lastUpdated", "userUpdated", "id_Country") VALUES ('São Francisco do Brejão', CURRENT_TIMESTAMP, 'pigtraxadmin', 1);
INSERT INTO pigtraxrefdata."City" (name, "lastUpdated", "userUpdated", "id_Country") VALUES ('São Francisco do Conde', CURRENT_TIMESTAMP, 'pigtraxadmin', 1);
INSERT INTO pigtraxrefdata."City" (name, "lastUpdated", "userUpdated", "id_Country") VALUES ('São Francisco do Glória', CURRENT_TIMESTAMP, 'pigtraxadmin', 1);
INSERT INTO pigtraxrefdata."City" (name, "lastUpdated", "userUpdated", "id_Country") VALUES ('São Francisco do Guaporé', CURRENT_TIMESTAMP, 'pigtraxadmin', 1);
INSERT INTO pigtraxrefdata."City" (name, "lastUpdated", "userUpdated", "id_Country") VALUES ('São Francisco do Humaitá', CURRENT_TIMESTAMP, 'pigtraxadmin', 1);
INSERT INTO pigtraxrefdata."City" (name, "lastUpdated", "userUpdated", "id_Country") VALUES ('São Francisco do Maranhão', CURRENT_TIMESTAMP, 'pigtraxadmin', 1);
INSERT INTO pigtraxrefdata."City" (name, "lastUpdated", "userUpdated", "id_Country") VALUES ('São Francisco do Oeste', CURRENT_TIMESTAMP, 'pigtraxadmin', 1);
INSERT INTO pigtraxrefdata."City" (name, "lastUpdated", "userUpdated", "id_Country") VALUES ('São Francisco do Pará', CURRENT_TIMESTAMP, 'pigtraxadmin', 1);
INSERT INTO pigtraxrefdata."City" (name, "lastUpdated", "userUpdated", "id_Country") VALUES ('São Francisco do Piauí', CURRENT_TIMESTAMP, 'pigtraxadmin', 1);
INSERT INTO pigtraxrefdata."City" (name, "lastUpdated", "userUpdated", "id_Country") VALUES ('São Francisco do Sul', CURRENT_TIMESTAMP, 'pigtraxadmin', 1);
INSERT INTO pigtraxrefdata."City" (name, "lastUpdated", "userUpdated", "id_Country") VALUES ('São Francisco Xavier', CURRENT_TIMESTAMP, 'pigtraxadmin', 1);
INSERT INTO pigtraxrefdata."City" (name, "lastUpdated", "userUpdated", "id_Country") VALUES ('São Gabriel', CURRENT_TIMESTAMP, 'pigtraxadmin', 1);
INSERT INTO pigtraxrefdata."City" (name, "lastUpdated", "userUpdated", "id_Country") VALUES ('São Gabriel da Cachoeira', CURRENT_TIMESTAMP, 'pigtraxadmin', 1);
INSERT INTO pigtraxrefdata."City" (name, "lastUpdated", "userUpdated", "id_Country") VALUES ('São Gabriel da Palha', CURRENT_TIMESTAMP, 'pigtraxadmin', 1);
INSERT INTO pigtraxrefdata."City" (name, "lastUpdated", "userUpdated", "id_Country") VALUES ('São Gabriel de Goiás', CURRENT_TIMESTAMP, 'pigtraxadmin', 1);
INSERT INTO pigtraxrefdata."City" (name, "lastUpdated", "userUpdated", "id_Country") VALUES ('São Gabriel do Oeste', CURRENT_TIMESTAMP, 'pigtraxadmin', 1);
INSERT INTO pigtraxrefdata."City" (name, "lastUpdated", "userUpdated", "id_Country") VALUES ('São Geraldo', CURRENT_TIMESTAMP, 'pigtraxadmin', 1);
INSERT INTO pigtraxrefdata."City" (name, "lastUpdated", "userUpdated", "id_Country") VALUES ('São Geraldo da Piedade', CURRENT_TIMESTAMP, 'pigtraxadmin', 1);
INSERT INTO pigtraxrefdata."City" (name, "lastUpdated", "userUpdated", "id_Country") VALUES ('São Geraldo de Tumiritinga', CURRENT_TIMESTAMP, 'pigtraxadmin', 1);
INSERT INTO pigtraxrefdata."City" (name, "lastUpdated", "userUpdated", "id_Country") VALUES ('São Geraldo do Araguaia', CURRENT_TIMESTAMP, 'pigtraxadmin', 1);
INSERT INTO pigtraxrefdata."City" (name, "lastUpdated", "userUpdated", "id_Country") VALUES ('São Geraldo do Baguari', CURRENT_TIMESTAMP, 'pigtraxadmin', 1);
INSERT INTO pigtraxrefdata."City" (name, "lastUpdated", "userUpdated", "id_Country") VALUES ('São Geraldo do Baixio', CURRENT_TIMESTAMP, 'pigtraxadmin', 1);
INSERT INTO pigtraxrefdata."City" (name, "lastUpdated", "userUpdated", "id_Country") VALUES ('São Gonçalo de Botelhos', CURRENT_TIMESTAMP, 'pigtraxadmin', 1);
INSERT INTO pigtraxrefdata."City" (name, "lastUpdated", "userUpdated", "id_Country") VALUES ('São Gonçalo do Abaeté', CURRENT_TIMESTAMP, 'pigtraxadmin', 1);
INSERT INTO pigtraxrefdata."City" (name, "lastUpdated", "userUpdated", "id_Country") VALUES ('São Gonçalo do Amarante', CURRENT_TIMESTAMP, 'pigtraxadmin', 1);
INSERT INTO pigtraxrefdata."City" (name, "lastUpdated", "userUpdated", "id_Country") VALUES ('São Gonçalo do Gurguéia', CURRENT_TIMESTAMP, 'pigtraxadmin', 1);
INSERT INTO pigtraxrefdata."City" (name, "lastUpdated", "userUpdated", "id_Country") VALUES ('São Gonçalo do Pará', CURRENT_TIMESTAMP, 'pigtraxadmin', 1);
INSERT INTO pigtraxrefdata."City" (name, "lastUpdated", "userUpdated", "id_Country") VALUES ('São Gonçalo do Piauí', CURRENT_TIMESTAMP, 'pigtraxadmin', 1);
INSERT INTO pigtraxrefdata."City" (name, "lastUpdated", "userUpdated", "id_Country") VALUES ('São Gonçalo do Rio Abaixo', CURRENT_TIMESTAMP, 'pigtraxadmin', 1);
INSERT INTO pigtraxrefdata."City" (name, "lastUpdated", "userUpdated", "id_Country") VALUES ('São Gonçalo do Rio das Pedras', CURRENT_TIMESTAMP, 'pigtraxadmin', 1);
INSERT INTO pigtraxrefdata."City" (name, "lastUpdated", "userUpdated", "id_Country") VALUES ('São Gonçalo do Rio Preto', CURRENT_TIMESTAMP, 'pigtraxadmin', 1);
INSERT INTO pigtraxrefdata."City" (name, "lastUpdated", "userUpdated", "id_Country") VALUES ('São Gonçalo do Sapucaí', CURRENT_TIMESTAMP, 'pigtraxadmin', 1);
INSERT INTO pigtraxrefdata."City" (name, "lastUpdated", "userUpdated", "id_Country") VALUES ('São Gonçalo do Umari', CURRENT_TIMESTAMP, 'pigtraxadmin', 1);
INSERT INTO pigtraxrefdata."City" (name, "lastUpdated", "userUpdated", "id_Country") VALUES ('São Gonçalo dos Campos', CURRENT_TIMESTAMP, 'pigtraxadmin', 1);
INSERT INTO pigtraxrefdata."City" (name, "lastUpdated", "userUpdated", "id_Country") VALUES ('São Gotardo', CURRENT_TIMESTAMP, 'pigtraxadmin', 1);
INSERT INTO pigtraxrefdata."City" (name, "lastUpdated", "userUpdated", "id_Country") VALUES ('São Jacinto', CURRENT_TIMESTAMP, 'pigtraxadmin', 1);
INSERT INTO pigtraxrefdata."City" (name, "lastUpdated", "userUpdated", "id_Country") VALUES ('São Jerônimo', CURRENT_TIMESTAMP, 'pigtraxadmin', 1);
INSERT INTO pigtraxrefdata."City" (name, "lastUpdated", "userUpdated", "id_Country") VALUES ('São Jerônimo da Serra', CURRENT_TIMESTAMP, 'pigtraxadmin', 1);
INSERT INTO pigtraxrefdata."City" (name, "lastUpdated", "userUpdated", "id_Country") VALUES ('São João', CURRENT_TIMESTAMP, 'pigtraxadmin', 1);
INSERT INTO pigtraxrefdata."City" (name, "lastUpdated", "userUpdated", "id_Country") VALUES ('São João Batista', CURRENT_TIMESTAMP, 'pigtraxadmin', 1);
INSERT INTO pigtraxrefdata."City" (name, "lastUpdated", "userUpdated", "id_Country") VALUES ('São João Batista do Glória', CURRENT_TIMESTAMP, 'pigtraxadmin', 1);
INSERT INTO pigtraxrefdata."City" (name, "lastUpdated", "userUpdated", "id_Country") VALUES ('São João da Baliza', CURRENT_TIMESTAMP, 'pigtraxadmin', 1);
INSERT INTO pigtraxrefdata."City" (name, "lastUpdated", "userUpdated", "id_Country") VALUES ('São João da Barra', CURRENT_TIMESTAMP, 'pigtraxadmin', 1);
INSERT INTO pigtraxrefdata."City" (name, "lastUpdated", "userUpdated", "id_Country") VALUES ('São João da Canabrava', CURRENT_TIMESTAMP, 'pigtraxadmin', 1);
INSERT INTO pigtraxrefdata."City" (name, "lastUpdated", "userUpdated", "id_Country") VALUES ('São João da Chapada', CURRENT_TIMESTAMP, 'pigtraxadmin', 1);
INSERT INTO pigtraxrefdata."City" (name, "lastUpdated", "userUpdated", "id_Country") VALUES ('São João da Figueira', CURRENT_TIMESTAMP, 'pigtraxadmin', 1);
INSERT INTO pigtraxrefdata."City" (name, "lastUpdated", "userUpdated", "id_Country") VALUES ('São João da Fortaleza', CURRENT_TIMESTAMP, 'pigtraxadmin', 1);
INSERT INTO pigtraxrefdata."City" (name, "lastUpdated", "userUpdated", "id_Country") VALUES ('São João da Fronteira', CURRENT_TIMESTAMP, 'pigtraxadmin', 1);
INSERT INTO pigtraxrefdata."City" (name, "lastUpdated", "userUpdated", "id_Country") VALUES ('São João da Lagoa', CURRENT_TIMESTAMP, 'pigtraxadmin', 1);
INSERT INTO pigtraxrefdata."City" (name, "lastUpdated", "userUpdated", "id_Country") VALUES ('São João da Mata', CURRENT_TIMESTAMP, 'pigtraxadmin', 1);
INSERT INTO pigtraxrefdata."City" (name, "lastUpdated", "userUpdated", "id_Country") VALUES ('São João da Paraúna', CURRENT_TIMESTAMP, 'pigtraxadmin', 1);
INSERT INTO pigtraxrefdata."City" (name, "lastUpdated", "userUpdated", "id_Country") VALUES ('São João da Ponta', CURRENT_TIMESTAMP, 'pigtraxadmin', 1);
INSERT INTO pigtraxrefdata."City" (name, "lastUpdated", "userUpdated", "id_Country") VALUES ('São João da Ponte', CURRENT_TIMESTAMP, 'pigtraxadmin', 1);
INSERT INTO pigtraxrefdata."City" (name, "lastUpdated", "userUpdated", "id_Country") VALUES ('São João da Serra', CURRENT_TIMESTAMP, 'pigtraxadmin', 1);
INSERT INTO pigtraxrefdata."City" (name, "lastUpdated", "userUpdated", "id_Country") VALUES ('São João da Serra Negra', CURRENT_TIMESTAMP, 'pigtraxadmin', 1);
INSERT INTO pigtraxrefdata."City" (name, "lastUpdated", "userUpdated", "id_Country") VALUES ('São João da Urtiga', CURRENT_TIMESTAMP, 'pigtraxadmin', 1);
INSERT INTO pigtraxrefdata."City" (name, "lastUpdated", "userUpdated", "id_Country") VALUES ('São João da Varjota', CURRENT_TIMESTAMP, 'pigtraxadmin', 1);
INSERT INTO pigtraxrefdata."City" (name, "lastUpdated", "userUpdated", "id_Country") VALUES ('São João da Vitória', CURRENT_TIMESTAMP, 'pigtraxadmin', 1);
INSERT INTO pigtraxrefdata."City" (name, "lastUpdated", "userUpdated", "id_Country") VALUES ('São João d''Aliança', CURRENT_TIMESTAMP, 'pigtraxadmin', 1);
INSERT INTO pigtraxrefdata."City" (name, "lastUpdated", "userUpdated", "id_Country") VALUES ('São João das Duas Pontes', CURRENT_TIMESTAMP, 'pigtraxadmin', 1);
INSERT INTO pigtraxrefdata."City" (name, "lastUpdated", "userUpdated", "id_Country") VALUES ('São João das Missões', CURRENT_TIMESTAMP, 'pigtraxadmin', 1);
INSERT INTO pigtraxrefdata."City" (name, "lastUpdated", "userUpdated", "id_Country") VALUES ('São João de Iracema', CURRENT_TIMESTAMP, 'pigtraxadmin', 1);
INSERT INTO pigtraxrefdata."City" (name, "lastUpdated", "userUpdated", "id_Country") VALUES ('São João de Itaguaçu', CURRENT_TIMESTAMP, 'pigtraxadmin', 1);
INSERT INTO pigtraxrefdata."City" (name, "lastUpdated", "userUpdated", "id_Country") VALUES ('São João de Meriti', CURRENT_TIMESTAMP, 'pigtraxadmin', 1);
INSERT INTO pigtraxrefdata."City" (name, "lastUpdated", "userUpdated", "id_Country") VALUES ('São João de Viçosa', CURRENT_TIMESTAMP, 'pigtraxadmin', 1);
INSERT INTO pigtraxrefdata."City" (name, "lastUpdated", "userUpdated", "id_Country") VALUES ('São João del Rei', CURRENT_TIMESTAMP, 'pigtraxadmin', 1);
INSERT INTO pigtraxrefdata."City" (name, "lastUpdated", "userUpdated", "id_Country") VALUES ('São João do Amanari', CURRENT_TIMESTAMP, 'pigtraxadmin', 1);
INSERT INTO pigtraxrefdata."City" (name, "lastUpdated", "userUpdated", "id_Country") VALUES ('São João do Araguaia', CURRENT_TIMESTAMP, 'pigtraxadmin', 1);
INSERT INTO pigtraxrefdata."City" (name, "lastUpdated", "userUpdated", "id_Country") VALUES ('São João do Arraial', CURRENT_TIMESTAMP, 'pigtraxadmin', 1);
INSERT INTO pigtraxrefdata."City" (name, "lastUpdated", "userUpdated", "id_Country") VALUES ('São João do Bonito', CURRENT_TIMESTAMP, 'pigtraxadmin', 1);
INSERT INTO pigtraxrefdata."City" (name, "lastUpdated", "userUpdated", "id_Country") VALUES ('São João do Caiuá', CURRENT_TIMESTAMP, 'pigtraxadmin', 1);
INSERT INTO pigtraxrefdata."City" (name, "lastUpdated", "userUpdated", "id_Country") VALUES ('São João do Cariri', CURRENT_TIMESTAMP, 'pigtraxadmin', 1);
INSERT INTO pigtraxrefdata."City" (name, "lastUpdated", "userUpdated", "id_Country") VALUES ('São João do Itaperiú', CURRENT_TIMESTAMP, 'pigtraxadmin', 1);
INSERT INTO pigtraxrefdata."City" (name, "lastUpdated", "userUpdated", "id_Country") VALUES ('São João do Ivaí', CURRENT_TIMESTAMP, 'pigtraxadmin', 1);
INSERT INTO pigtraxrefdata."City" (name, "lastUpdated", "userUpdated", "id_Country") VALUES ('São João do Jacutinga', CURRENT_TIMESTAMP, 'pigtraxadmin', 1);
INSERT INTO pigtraxrefdata."City" (name, "lastUpdated", "userUpdated", "id_Country") VALUES ('São João do Jaguaribe', CURRENT_TIMESTAMP, 'pigtraxadmin', 1);
INSERT INTO pigtraxrefdata."City" (name, "lastUpdated", "userUpdated", "id_Country") VALUES ('São João do Manhuaçu', CURRENT_TIMESTAMP, 'pigtraxadmin', 1);
INSERT INTO pigtraxrefdata."City" (name, "lastUpdated", "userUpdated", "id_Country") VALUES ('São João do Manteninha', CURRENT_TIMESTAMP, 'pigtraxadmin', 1);
INSERT INTO pigtraxrefdata."City" (name, "lastUpdated", "userUpdated", "id_Country") VALUES ('São João do Oeste', CURRENT_TIMESTAMP, 'pigtraxadmin', 1);
INSERT INTO pigtraxrefdata."City" (name, "lastUpdated", "userUpdated", "id_Country") VALUES ('São João do Oriente', CURRENT_TIMESTAMP, 'pigtraxadmin', 1);
INSERT INTO pigtraxrefdata."City" (name, "lastUpdated", "userUpdated", "id_Country") VALUES ('São João do Pacuí', CURRENT_TIMESTAMP, 'pigtraxadmin', 1);
INSERT INTO pigtraxrefdata."City" (name, "lastUpdated", "userUpdated", "id_Country") VALUES ('São João do Panelinha', CURRENT_TIMESTAMP, 'pigtraxadmin', 1);
INSERT INTO pigtraxrefdata."City" (name, "lastUpdated", "userUpdated", "id_Country") VALUES ('São João do Paraíso', CURRENT_TIMESTAMP, 'pigtraxadmin', 1);
INSERT INTO pigtraxrefdata."City" (name, "lastUpdated", "userUpdated", "id_Country") VALUES ('São João do Pau d''Alho', CURRENT_TIMESTAMP, 'pigtraxadmin', 1);
INSERT INTO pigtraxrefdata."City" (name, "lastUpdated", "userUpdated", "id_Country") VALUES ('São João do Piauí', CURRENT_TIMESTAMP, 'pigtraxadmin', 1);
INSERT INTO pigtraxrefdata."City" (name, "lastUpdated", "userUpdated", "id_Country") VALUES ('São João do Pinhal', CURRENT_TIMESTAMP, 'pigtraxadmin', 1);
INSERT INTO pigtraxrefdata."City" (name, "lastUpdated", "userUpdated", "id_Country") VALUES ('São João do Polêsine', CURRENT_TIMESTAMP, 'pigtraxadmin', 1);
INSERT INTO pigtraxrefdata."City" (name, "lastUpdated", "userUpdated", "id_Country") VALUES ('São João do Rio do Peixe', CURRENT_TIMESTAMP, 'pigtraxadmin', 1);
INSERT INTO pigtraxrefdata."City" (name, "lastUpdated", "userUpdated", "id_Country") VALUES ('São João do Rio Vermelho', CURRENT_TIMESTAMP, 'pigtraxadmin', 1);
INSERT INTO pigtraxrefdata."City" (name, "lastUpdated", "userUpdated", "id_Country") VALUES ('São João do Sabugi', CURRENT_TIMESTAMP, 'pigtraxadmin', 1);
INSERT INTO pigtraxrefdata."City" (name, "lastUpdated", "userUpdated", "id_Country") VALUES ('São João do Sobrado', CURRENT_TIMESTAMP, 'pigtraxadmin', 1);
INSERT INTO pigtraxrefdata."City" (name, "lastUpdated", "userUpdated", "id_Country") VALUES ('São João do Soter', CURRENT_TIMESTAMP, 'pigtraxadmin', 1);
INSERT INTO pigtraxrefdata."City" (name, "lastUpdated", "userUpdated", "id_Country") VALUES ('São João do Sul', CURRENT_TIMESTAMP, 'pigtraxadmin', 1);
INSERT INTO pigtraxrefdata."City" (name, "lastUpdated", "userUpdated", "id_Country") VALUES ('São João do Tigre', CURRENT_TIMESTAMP, 'pigtraxadmin', 1);
INSERT INTO pigtraxrefdata."City" (name, "lastUpdated", "userUpdated", "id_Country") VALUES ('São João do Triunfo', CURRENT_TIMESTAMP, 'pigtraxadmin', 1);
INSERT INTO pigtraxrefdata."City" (name, "lastUpdated", "userUpdated", "id_Country") VALUES ('São João do Vacaria', CURRENT_TIMESTAMP, 'pigtraxadmin', 1);
INSERT INTO pigtraxrefdata."City" (name, "lastUpdated", "userUpdated", "id_Country") VALUES ('São João dos Patos', CURRENT_TIMESTAMP, 'pigtraxadmin', 1);
INSERT INTO pigtraxrefdata."City" (name, "lastUpdated", "userUpdated", "id_Country") VALUES ('São João dos Queirozes', CURRENT_TIMESTAMP, 'pigtraxadmin', 1);
INSERT INTO pigtraxrefdata."City" (name, "lastUpdated", "userUpdated", "id_Country") VALUES ('São João Evangelista', CURRENT_TIMESTAMP, 'pigtraxadmin', 1);
INSERT INTO pigtraxrefdata."City" (name, "lastUpdated", "userUpdated", "id_Country") VALUES ('São João Nepomuceno', CURRENT_TIMESTAMP, 'pigtraxadmin', 1);
INSERT INTO pigtraxrefdata."City" (name, "lastUpdated", "userUpdated", "id_Country") VALUES ('São João Novo', CURRENT_TIMESTAMP, 'pigtraxadmin', 1);
INSERT INTO pigtraxrefdata."City" (name, "lastUpdated", "userUpdated", "id_Country") VALUES ('São Joaquim', CURRENT_TIMESTAMP, 'pigtraxadmin', 1);
INSERT INTO pigtraxrefdata."City" (name, "lastUpdated", "userUpdated", "id_Country") VALUES ('São Joaquim da Barra', CURRENT_TIMESTAMP, 'pigtraxadmin', 1);
INSERT INTO pigtraxrefdata."City" (name, "lastUpdated", "userUpdated", "id_Country") VALUES ('São Joaquim de Bicas', CURRENT_TIMESTAMP, 'pigtraxadmin', 1);
INSERT INTO pigtraxrefdata."City" (name, "lastUpdated", "userUpdated", "id_Country") VALUES ('São Joaquim do Ituquara', CURRENT_TIMESTAMP, 'pigtraxadmin', 1);
INSERT INTO pigtraxrefdata."City" (name, "lastUpdated", "userUpdated", "id_Country") VALUES ('São Joaquim do Monte', CURRENT_TIMESTAMP, 'pigtraxadmin', 1);
INSERT INTO pigtraxrefdata."City" (name, "lastUpdated", "userUpdated", "id_Country") VALUES ('São Joaquim do Pacuí', CURRENT_TIMESTAMP, 'pigtraxadmin', 1);
INSERT INTO pigtraxrefdata."City" (name, "lastUpdated", "userUpdated", "id_Country") VALUES ('São Jorge', CURRENT_TIMESTAMP, 'pigtraxadmin', 1);
INSERT INTO pigtraxrefdata."City" (name, "lastUpdated", "userUpdated", "id_Country") VALUES ('São Jorge de Oliveira', CURRENT_TIMESTAMP, 'pigtraxadmin', 1);
INSERT INTO pigtraxrefdata."City" (name, "lastUpdated", "userUpdated", "id_Country") VALUES ('São Jorge de Tiradentes', CURRENT_TIMESTAMP, 'pigtraxadmin', 1);
INSERT INTO pigtraxrefdata."City" (name, "lastUpdated", "userUpdated", "id_Country") VALUES ('São Jorge do Ivaí', CURRENT_TIMESTAMP, 'pigtraxadmin', 1);
INSERT INTO pigtraxrefdata."City" (name, "lastUpdated", "userUpdated", "id_Country") VALUES ('São Jorge d''Oeste', CURRENT_TIMESTAMP, 'pigtraxadmin', 1);
INSERT INTO pigtraxrefdata."City" (name, "lastUpdated", "userUpdated", "id_Country") VALUES ('São José', CURRENT_TIMESTAMP, 'pigtraxadmin', 1);
INSERT INTO pigtraxrefdata."City" (name, "lastUpdated", "userUpdated", "id_Country") VALUES ('São José (Campinas)', CURRENT_TIMESTAMP, 'pigtraxadmin', 1);
INSERT INTO pigtraxrefdata."City" (name, "lastUpdated", "userUpdated", "id_Country") VALUES ('São José da Barra', CURRENT_TIMESTAMP, 'pigtraxadmin', 1);
INSERT INTO pigtraxrefdata."City" (name, "lastUpdated", "userUpdated", "id_Country") VALUES ('São José da Batalha', CURRENT_TIMESTAMP, 'pigtraxadmin', 1);
INSERT INTO pigtraxrefdata."City" (name, "lastUpdated", "userUpdated", "id_Country") VALUES ('São José da Bela Vista', CURRENT_TIMESTAMP, 'pigtraxadmin', 1);
INSERT INTO pigtraxrefdata."City" (name, "lastUpdated", "userUpdated", "id_Country") VALUES ('São José da Boa Vista', CURRENT_TIMESTAMP, 'pigtraxadmin', 1);
INSERT INTO pigtraxrefdata."City" (name, "lastUpdated", "userUpdated", "id_Country") VALUES ('São José da Coroa Grande', CURRENT_TIMESTAMP, 'pigtraxadmin', 1);
INSERT INTO pigtraxrefdata."City" (name, "lastUpdated", "userUpdated", "id_Country") VALUES ('São José da Lagoa Tapada', CURRENT_TIMESTAMP, 'pigtraxadmin', 1);
INSERT INTO pigtraxrefdata."City" (name, "lastUpdated", "userUpdated", "id_Country") VALUES ('São José da Laje', CURRENT_TIMESTAMP, 'pigtraxadmin', 1);
INSERT INTO pigtraxrefdata."City" (name, "lastUpdated", "userUpdated", "id_Country") VALUES ('São José da Lapa', CURRENT_TIMESTAMP, 'pigtraxadmin', 1);
INSERT INTO pigtraxrefdata."City" (name, "lastUpdated", "userUpdated", "id_Country") VALUES ('São José da Mata', CURRENT_TIMESTAMP, 'pigtraxadmin', 1);
INSERT INTO pigtraxrefdata."City" (name, "lastUpdated", "userUpdated", "id_Country") VALUES ('São José da Tapera', CURRENT_TIMESTAMP, 'pigtraxadmin', 1);
INSERT INTO pigtraxrefdata."City" (name, "lastUpdated", "userUpdated", "id_Country") VALUES ('São José da Varginha', CURRENT_TIMESTAMP, 'pigtraxadmin', 1);
INSERT INTO pigtraxrefdata."City" (name, "lastUpdated", "userUpdated", "id_Country") VALUES ('São José da Vitória', CURRENT_TIMESTAMP, 'pigtraxadmin', 1);
INSERT INTO pigtraxrefdata."City" (name, "lastUpdated", "userUpdated", "id_Country") VALUES ('São José das Missões', CURRENT_TIMESTAMP, 'pigtraxadmin', 1);
INSERT INTO pigtraxrefdata."City" (name, "lastUpdated", "userUpdated", "id_Country") VALUES ('São José das Palmeiras', CURRENT_TIMESTAMP, 'pigtraxadmin', 1);
INSERT INTO pigtraxrefdata."City" (name, "lastUpdated", "userUpdated", "id_Country") VALUES ('São José das Torres', CURRENT_TIMESTAMP, 'pigtraxadmin', 1);
INSERT INTO pigtraxrefdata."City" (name, "lastUpdated", "userUpdated", "id_Country") VALUES ('São José de Mipibu', CURRENT_TIMESTAMP, 'pigtraxadmin', 1);
INSERT INTO pigtraxrefdata."City" (name, "lastUpdated", "userUpdated", "id_Country") VALUES ('São José de Piranhas', CURRENT_TIMESTAMP, 'pigtraxadmin', 1);
INSERT INTO pigtraxrefdata."City" (name, "lastUpdated", "userUpdated", "id_Country") VALUES ('São José de Princesa', CURRENT_TIMESTAMP, 'pigtraxadmin', 1);
INSERT INTO pigtraxrefdata."City" (name, "lastUpdated", "userUpdated", "id_Country") VALUES ('São José de Ribamar', CURRENT_TIMESTAMP, 'pigtraxadmin', 1);
INSERT INTO pigtraxrefdata."City" (name, "lastUpdated", "userUpdated", "id_Country") VALUES ('São José de Solonópole', CURRENT_TIMESTAMP, 'pigtraxadmin', 1);
INSERT INTO pigtraxrefdata."City" (name, "lastUpdated", "userUpdated", "id_Country") VALUES ('São José de Ubá', CURRENT_TIMESTAMP, 'pigtraxadmin', 1);
INSERT INTO pigtraxrefdata."City" (name, "lastUpdated", "userUpdated", "id_Country") VALUES ('São José do Acácio', CURRENT_TIMESTAMP, 'pigtraxadmin', 1);
INSERT INTO pigtraxrefdata."City" (name, "lastUpdated", "userUpdated", "id_Country") VALUES ('São José do Alegre', CURRENT_TIMESTAMP, 'pigtraxadmin', 1);
INSERT INTO pigtraxrefdata."City" (name, "lastUpdated", "userUpdated", "id_Country") VALUES ('São José do Barreiro', CURRENT_TIMESTAMP, 'pigtraxadmin', 1);
INSERT INTO pigtraxrefdata."City" (name, "lastUpdated", "userUpdated", "id_Country") VALUES ('São José do Batatal', CURRENT_TIMESTAMP, 'pigtraxadmin', 1);
INSERT INTO pigtraxrefdata."City" (name, "lastUpdated", "userUpdated", "id_Country") VALUES ('São José do Belmonte', CURRENT_TIMESTAMP, 'pigtraxadmin', 1);
INSERT INTO pigtraxrefdata."City" (name, "lastUpdated", "userUpdated", "id_Country") VALUES ('São José do Bonfim', CURRENT_TIMESTAMP, 'pigtraxadmin', 1);
INSERT INTO pigtraxrefdata."City" (name, "lastUpdated", "userUpdated", "id_Country") VALUES ('São José do Brejo do Cruz', CURRENT_TIMESTAMP, 'pigtraxadmin', 1);
INSERT INTO pigtraxrefdata."City" (name, "lastUpdated", "userUpdated", "id_Country") VALUES ('São José do Buriti', CURRENT_TIMESTAMP, 'pigtraxadmin', 1);
INSERT INTO pigtraxrefdata."City" (name, "lastUpdated", "userUpdated", "id_Country") VALUES ('São José do Calçado', CURRENT_TIMESTAMP, 'pigtraxadmin', 1);
INSERT INTO pigtraxrefdata."City" (name, "lastUpdated", "userUpdated", "id_Country") VALUES ('São José do Campestre', CURRENT_TIMESTAMP, 'pigtraxadmin', 1);
INSERT INTO pigtraxrefdata."City" (name, "lastUpdated", "userUpdated", "id_Country") VALUES ('São José do Cedro', CURRENT_TIMESTAMP, 'pigtraxadmin', 1);
INSERT INTO pigtraxrefdata."City" (name, "lastUpdated", "userUpdated", "id_Country") VALUES ('São José do Cerrito', CURRENT_TIMESTAMP, 'pigtraxadmin', 1);
INSERT INTO pigtraxrefdata."City" (name, "lastUpdated", "userUpdated", "id_Country") VALUES ('São José do Divino', CURRENT_TIMESTAMP, 'pigtraxadmin', 1);
INSERT INTO pigtraxrefdata."City" (name, "lastUpdated", "userUpdated", "id_Country") VALUES ('São José do Egito', CURRENT_TIMESTAMP, 'pigtraxadmin', 1);
INSERT INTO pigtraxrefdata."City" (name, "lastUpdated", "userUpdated", "id_Country") VALUES ('São José do Goiabal', CURRENT_TIMESTAMP, 'pigtraxadmin', 1);
INSERT INTO pigtraxrefdata."City" (name, "lastUpdated", "userUpdated", "id_Country") VALUES ('São José do Gurupi', CURRENT_TIMESTAMP, 'pigtraxadmin', 1);
INSERT INTO pigtraxrefdata."City" (name, "lastUpdated", "userUpdated", "id_Country") VALUES ('São José do Herval', CURRENT_TIMESTAMP, 'pigtraxadmin', 1);
INSERT INTO pigtraxrefdata."City" (name, "lastUpdated", "userUpdated", "id_Country") VALUES ('São José do Hortêncio', CURRENT_TIMESTAMP, 'pigtraxadmin', 1);
INSERT INTO pigtraxrefdata."City" (name, "lastUpdated", "userUpdated", "id_Country") VALUES ('São José do Inhacorá', CURRENT_TIMESTAMP, 'pigtraxadmin', 1);
INSERT INTO pigtraxrefdata."City" (name, "lastUpdated", "userUpdated", "id_Country") VALUES ('São José do Itavó', CURRENT_TIMESTAMP, 'pigtraxadmin', 1);
INSERT INTO pigtraxrefdata."City" (name, "lastUpdated", "userUpdated", "id_Country") VALUES ('São José do Itueto', CURRENT_TIMESTAMP, 'pigtraxadmin', 1);
INSERT INTO pigtraxrefdata."City" (name, "lastUpdated", "userUpdated", "id_Country") VALUES ('São José do Ivaí', CURRENT_TIMESTAMP, 'pigtraxadmin', 1);
INSERT INTO pigtraxrefdata."City" (name, "lastUpdated", "userUpdated", "id_Country") VALUES ('São José do Jacuípe', CURRENT_TIMESTAMP, 'pigtraxadmin', 1);
INSERT INTO pigtraxrefdata."City" (name, "lastUpdated", "userUpdated", "id_Country") VALUES ('São José do Jacuri', CURRENT_TIMESTAMP, 'pigtraxadmin', 1);
INSERT INTO pigtraxrefdata."City" (name, "lastUpdated", "userUpdated", "id_Country") VALUES ('São José do Lagamar', CURRENT_TIMESTAMP, 'pigtraxadmin', 1);
INSERT INTO pigtraxrefdata."City" (name, "lastUpdated", "userUpdated", "id_Country") VALUES ('São José do Mantimento', CURRENT_TIMESTAMP, 'pigtraxadmin', 1);
INSERT INTO pigtraxrefdata."City" (name, "lastUpdated", "userUpdated", "id_Country") VALUES ('São José do Mucambo', CURRENT_TIMESTAMP, 'pigtraxadmin', 1);
INSERT INTO pigtraxrefdata."City" (name, "lastUpdated", "userUpdated", "id_Country") VALUES ('São José do Norte', CURRENT_TIMESTAMP, 'pigtraxadmin', 1);
INSERT INTO pigtraxrefdata."City" (name, "lastUpdated", "userUpdated", "id_Country") VALUES ('São José do Ouro', CURRENT_TIMESTAMP, 'pigtraxadmin', 1);
INSERT INTO pigtraxrefdata."City" (name, "lastUpdated", "userUpdated", "id_Country") VALUES ('Sao José do Pântano', CURRENT_TIMESTAMP, 'pigtraxadmin', 1);
INSERT INTO pigtraxrefdata."City" (name, "lastUpdated", "userUpdated", "id_Country") VALUES ('São José do Paraopeba', CURRENT_TIMESTAMP, 'pigtraxadmin', 1);
INSERT INTO pigtraxrefdata."City" (name, "lastUpdated", "userUpdated", "id_Country") VALUES ('São José do Peixe', CURRENT_TIMESTAMP, 'pigtraxadmin', 1);
INSERT INTO pigtraxrefdata."City" (name, "lastUpdated", "userUpdated", "id_Country") VALUES ('São José do Povo', CURRENT_TIMESTAMP, 'pigtraxadmin', 1);
INSERT INTO pigtraxrefdata."City" (name, "lastUpdated", "userUpdated", "id_Country") VALUES ('São José do Ribeirão', CURRENT_TIMESTAMP, 'pigtraxadmin', 1);
INSERT INTO pigtraxrefdata."City" (name, "lastUpdated", "userUpdated", "id_Country") VALUES ('São José do Rio Claro', CURRENT_TIMESTAMP, 'pigtraxadmin', 1);
INSERT INTO pigtraxrefdata."City" (name, "lastUpdated", "userUpdated", "id_Country") VALUES ('São José do Rio Pardo', CURRENT_TIMESTAMP, 'pigtraxadmin', 1);
INSERT INTO pigtraxrefdata."City" (name, "lastUpdated", "userUpdated", "id_Country") VALUES ('São José do Sobradinho', CURRENT_TIMESTAMP, 'pigtraxadmin', 1);
INSERT INTO pigtraxrefdata."City" (name, "lastUpdated", "userUpdated", "id_Country") VALUES ('São José do Sul', CURRENT_TIMESTAMP, 'pigtraxadmin', 1);
INSERT INTO pigtraxrefdata."City" (name, "lastUpdated", "userUpdated", "id_Country") VALUES ('São José do Torto', CURRENT_TIMESTAMP, 'pigtraxadmin', 1);
INSERT INTO pigtraxrefdata."City" (name, "lastUpdated", "userUpdated", "id_Country") VALUES ('São José dos Ausentes', CURRENT_TIMESTAMP, 'pigtraxadmin', 1);
INSERT INTO pigtraxrefdata."City" (name, "lastUpdated", "userUpdated", "id_Country") VALUES ('São José dos Campos', CURRENT_TIMESTAMP, 'pigtraxadmin', 1);
INSERT INTO pigtraxrefdata."City" (name, "lastUpdated", "userUpdated", "id_Country") VALUES ('São José dos Cordeiros', CURRENT_TIMESTAMP, 'pigtraxadmin', 1);
INSERT INTO pigtraxrefdata."City" (name, "lastUpdated", "userUpdated", "id_Country") VALUES ('São José dos Pinhais', CURRENT_TIMESTAMP, 'pigtraxadmin', 1);
INSERT INTO pigtraxrefdata."City" (name, "lastUpdated", "userUpdated", "id_Country") VALUES ('São José dos Quatro Marcos', CURRENT_TIMESTAMP, 'pigtraxadmin', 1);
INSERT INTO pigtraxrefdata."City" (name, "lastUpdated", "userUpdated", "id_Country") VALUES ('São José dos Ramos', CURRENT_TIMESTAMP, 'pigtraxadmin', 1);
INSERT INTO pigtraxrefdata."City" (name, "lastUpdated", "userUpdated", "id_Country") VALUES ('São José dos Salgados', CURRENT_TIMESTAMP, 'pigtraxadmin', 1);
INSERT INTO pigtraxrefdata."City" (name, "lastUpdated", "userUpdated", "id_Country") VALUES ('São José, Centro Histórico de', CURRENT_TIMESTAMP, 'pigtraxadmin', 1);
INSERT INTO pigtraxrefdata."City" (name, "lastUpdated", "userUpdated", "id_Country") VALUES ('São Julião', CURRENT_TIMESTAMP, 'pigtraxadmin', 1);
INSERT INTO pigtraxrefdata."City" (name, "lastUpdated", "userUpdated", "id_Country") VALUES ('São Leopoldo', CURRENT_TIMESTAMP, 'pigtraxadmin', 1);
INSERT INTO pigtraxrefdata."City" (name, "lastUpdated", "userUpdated", "id_Country") VALUES ('São Lourenço', CURRENT_TIMESTAMP, 'pigtraxadmin', 1);
INSERT INTO pigtraxrefdata."City" (name, "lastUpdated", "userUpdated", "id_Country") VALUES ('São Lourenço do Sul', CURRENT_TIMESTAMP, 'pigtraxadmin', 1);
INSERT INTO pigtraxrefdata."City" (name, "lastUpdated", "userUpdated", "id_Country") VALUES ('São Lourenço do Turvo', CURRENT_TIMESTAMP, 'pigtraxadmin', 1);
INSERT INTO pigtraxrefdata."City" (name, "lastUpdated", "userUpdated", "id_Country") VALUES ('São Ludgero', CURRENT_TIMESTAMP, 'pigtraxadmin', 1);
INSERT INTO pigtraxrefdata."City" (name, "lastUpdated", "userUpdated", "id_Country") VALUES ('São Luís', CURRENT_TIMESTAMP, 'pigtraxadmin', 1);
INSERT INTO pigtraxrefdata."City" (name, "lastUpdated", "userUpdated", "id_Country") VALUES ('São Luís de Montes Belos', CURRENT_TIMESTAMP, 'pigtraxadmin', 1);
INSERT INTO pigtraxrefdata."City" (name, "lastUpdated", "userUpdated", "id_Country") VALUES ('São Luís do Curu', CURRENT_TIMESTAMP, 'pigtraxadmin', 1);
INSERT INTO pigtraxrefdata."City" (name, "lastUpdated", "userUpdated", "id_Country") VALUES ('São Luís do Paraitinga', CURRENT_TIMESTAMP, 'pigtraxadmin', 1);
INSERT INTO pigtraxrefdata."City" (name, "lastUpdated", "userUpdated", "id_Country") VALUES ('São Luis do Piauí', CURRENT_TIMESTAMP, 'pigtraxadmin', 1);
INSERT INTO pigtraxrefdata."City" (name, "lastUpdated", "userUpdated", "id_Country") VALUES ('São Luís do Quitunde', CURRENT_TIMESTAMP, 'pigtraxadmin', 1);
INSERT INTO pigtraxrefdata."City" (name, "lastUpdated", "userUpdated", "id_Country") VALUES ('São Luís Gonzaga do Maranhão', CURRENT_TIMESTAMP, 'pigtraxadmin', 1);
INSERT INTO pigtraxrefdata."City" (name, "lastUpdated", "userUpdated", "id_Country") VALUES ('São Luiz', CURRENT_TIMESTAMP, 'pigtraxadmin', 1);
INSERT INTO pigtraxrefdata."City" (name, "lastUpdated", "userUpdated", "id_Country") VALUES ('São Luiz do Purunã', CURRENT_TIMESTAMP, 'pigtraxadmin', 1);
INSERT INTO pigtraxrefdata."City" (name, "lastUpdated", "userUpdated", "id_Country") VALUES ('São Luiz Gonzaga', CURRENT_TIMESTAMP, 'pigtraxadmin', 1);
INSERT INTO pigtraxrefdata."City" (name, "lastUpdated", "userUpdated", "id_Country") VALUES ('São Mamede', CURRENT_TIMESTAMP, 'pigtraxadmin', 1);
INSERT INTO pigtraxrefdata."City" (name, "lastUpdated", "userUpdated", "id_Country") VALUES ('São Manoel do Paraná', CURRENT_TIMESTAMP, 'pigtraxadmin', 1);
INSERT INTO pigtraxrefdata."City" (name, "lastUpdated", "userUpdated", "id_Country") VALUES ('São Manuel', CURRENT_TIMESTAMP, 'pigtraxadmin', 1);
INSERT INTO pigtraxrefdata."City" (name, "lastUpdated", "userUpdated", "id_Country") VALUES ('São Marcos', CURRENT_TIMESTAMP, 'pigtraxadmin', 1);
INSERT INTO pigtraxrefdata."City" (name, "lastUpdated", "userUpdated", "id_Country") VALUES ('São Martinho', CURRENT_TIMESTAMP, 'pigtraxadmin', 1);
INSERT INTO pigtraxrefdata."City" (name, "lastUpdated", "userUpdated", "id_Country") VALUES ('São Martinho da Serra', CURRENT_TIMESTAMP, 'pigtraxadmin', 1);
INSERT INTO pigtraxrefdata."City" (name, "lastUpdated", "userUpdated", "id_Country") VALUES ('São Mateus', CURRENT_TIMESTAMP, 'pigtraxadmin', 1);
INSERT INTO pigtraxrefdata."City" (name, "lastUpdated", "userUpdated", "id_Country") VALUES ('São Mateus da Palestina', CURRENT_TIMESTAMP, 'pigtraxadmin', 1);
INSERT INTO pigtraxrefdata."City" (name, "lastUpdated", "userUpdated", "id_Country") VALUES ('São Mateus do Maranhão', CURRENT_TIMESTAMP, 'pigtraxadmin', 1);
INSERT INTO pigtraxrefdata."City" (name, "lastUpdated", "userUpdated", "id_Country") VALUES ('São Mateus do Sul', CURRENT_TIMESTAMP, 'pigtraxadmin', 1);
INSERT INTO pigtraxrefdata."City" (name, "lastUpdated", "userUpdated", "id_Country") VALUES ('São Miguel', CURRENT_TIMESTAMP, 'pigtraxadmin', 1);
INSERT INTO pigtraxrefdata."City" (name, "lastUpdated", "userUpdated", "id_Country") VALUES ('São Miguel Arcanjo', CURRENT_TIMESTAMP, 'pigtraxadmin', 1);
INSERT INTO pigtraxrefdata."City" (name, "lastUpdated", "userUpdated", "id_Country") VALUES ('São Miguel da Baixa Grande', CURRENT_TIMESTAMP, 'pigtraxadmin', 1);
INSERT INTO pigtraxrefdata."City" (name, "lastUpdated", "userUpdated", "id_Country") VALUES ('São Miguel das Matas', CURRENT_TIMESTAMP, 'pigtraxadmin', 1);
INSERT INTO pigtraxrefdata."City" (name, "lastUpdated", "userUpdated", "id_Country") VALUES ('São Miguel das Missões', CURRENT_TIMESTAMP, 'pigtraxadmin', 1);
INSERT INTO pigtraxrefdata."City" (name, "lastUpdated", "userUpdated", "id_Country") VALUES ('São Miguel de Taipu', CURRENT_TIMESTAMP, 'pigtraxadmin', 1);
INSERT INTO pigtraxrefdata."City" (name, "lastUpdated", "userUpdated", "id_Country") VALUES ('São Miguel do Aleixo', CURRENT_TIMESTAMP, 'pigtraxadmin', 1);
INSERT INTO pigtraxrefdata."City" (name, "lastUpdated", "userUpdated", "id_Country") VALUES ('São Miguel do Anta', CURRENT_TIMESTAMP, 'pigtraxadmin', 1);
INSERT INTO pigtraxrefdata."City" (name, "lastUpdated", "userUpdated", "id_Country") VALUES ('São Miguel do Araguaia', CURRENT_TIMESTAMP, 'pigtraxadmin', 1);
INSERT INTO pigtraxrefdata."City" (name, "lastUpdated", "userUpdated", "id_Country") VALUES ('São Miguel do Cambuí', CURRENT_TIMESTAMP, 'pigtraxadmin', 1);
INSERT INTO pigtraxrefdata."City" (name, "lastUpdated", "userUpdated", "id_Country") VALUES ('São Miguel do Fidalgo', CURRENT_TIMESTAMP, 'pigtraxadmin', 1);
INSERT INTO pigtraxrefdata."City" (name, "lastUpdated", "userUpdated", "id_Country") VALUES ('São Miguel do Gostoso', CURRENT_TIMESTAMP, 'pigtraxadmin', 1);
INSERT INTO pigtraxrefdata."City" (name, "lastUpdated", "userUpdated", "id_Country") VALUES ('São Miguel do Guamá', CURRENT_TIMESTAMP, 'pigtraxadmin', 1);
INSERT INTO pigtraxrefdata."City" (name, "lastUpdated", "userUpdated", "id_Country") VALUES ('São Miguel do Oeste', CURRENT_TIMESTAMP, 'pigtraxadmin', 1);
INSERT INTO pigtraxrefdata."City" (name, "lastUpdated", "userUpdated", "id_Country") VALUES ('São Miguel do Passa Quatro', CURRENT_TIMESTAMP, 'pigtraxadmin', 1);
INSERT INTO pigtraxrefdata."City" (name, "lastUpdated", "userUpdated", "id_Country") VALUES ('São Miguel do Pracuúba', CURRENT_TIMESTAMP, 'pigtraxadmin', 1);
INSERT INTO pigtraxrefdata."City" (name, "lastUpdated", "userUpdated", "id_Country") VALUES ('São Miguel do Tapuio', CURRENT_TIMESTAMP, 'pigtraxadmin', 1);
INSERT INTO pigtraxrefdata."City" (name, "lastUpdated", "userUpdated", "id_Country") VALUES ('São Miguel dos Campos', CURRENT_TIMESTAMP, 'pigtraxadmin', 1);
INSERT INTO pigtraxrefdata."City" (name, "lastUpdated", "userUpdated", "id_Country") VALUES ('São Miguel dos Milagres', CURRENT_TIMESTAMP, 'pigtraxadmin', 1);
INSERT INTO pigtraxrefdata."City" (name, "lastUpdated", "userUpdated", "id_Country") VALUES ('São Nicolau', CURRENT_TIMESTAMP, 'pigtraxadmin', 1);
INSERT INTO pigtraxrefdata."City" (name, "lastUpdated", "userUpdated", "id_Country") VALUES ('São Patrício', CURRENT_TIMESTAMP, 'pigtraxadmin', 1);
INSERT INTO pigtraxrefdata."City" (name, "lastUpdated", "userUpdated", "id_Country") VALUES ('São Paulinho', CURRENT_TIMESTAMP, 'pigtraxadmin', 1);
INSERT INTO pigtraxrefdata."City" (name, "lastUpdated", "userUpdated", "id_Country") VALUES ('São Paulo', CURRENT_TIMESTAMP, 'pigtraxadmin', 1);
INSERT INTO pigtraxrefdata."City" (name, "lastUpdated", "userUpdated", "id_Country") VALUES ('São Paulo das Missões', CURRENT_TIMESTAMP, 'pigtraxadmin', 1);
INSERT INTO pigtraxrefdata."City" (name, "lastUpdated", "userUpdated", "id_Country") VALUES ('São Paulo de Olivença', CURRENT_TIMESTAMP, 'pigtraxadmin', 1);
INSERT INTO pigtraxrefdata."City" (name, "lastUpdated", "userUpdated", "id_Country") VALUES ('São Paulo do Potengi', CURRENT_TIMESTAMP, 'pigtraxadmin', 1);
INSERT INTO pigtraxrefdata."City" (name, "lastUpdated", "userUpdated", "id_Country") VALUES ('São Pedro', CURRENT_TIMESTAMP, 'pigtraxadmin', 1);
INSERT INTO pigtraxrefdata."City" (name, "lastUpdated", "userUpdated", "id_Country") VALUES ('São Pedro da Água Branca', CURRENT_TIMESTAMP, 'pigtraxadmin', 1);
INSERT INTO pigtraxrefdata."City" (name, "lastUpdated", "userUpdated", "id_Country") VALUES ('São Pedro da Aldeia', CURRENT_TIMESTAMP, 'pigtraxadmin', 1);
INSERT INTO pigtraxrefdata."City" (name, "lastUpdated", "userUpdated", "id_Country") VALUES ('São Pedro da Cipa', CURRENT_TIMESTAMP, 'pigtraxadmin', 1);
INSERT INTO pigtraxrefdata."City" (name, "lastUpdated", "userUpdated", "id_Country") VALUES ('São Pedro da Garça', CURRENT_TIMESTAMP, 'pigtraxadmin', 1);
INSERT INTO pigtraxrefdata."City" (name, "lastUpdated", "userUpdated", "id_Country") VALUES ('São Pedro da Serra', CURRENT_TIMESTAMP, 'pigtraxadmin', 1);
INSERT INTO pigtraxrefdata."City" (name, "lastUpdated", "userUpdated", "id_Country") VALUES ('São Pedro das Missões', CURRENT_TIMESTAMP, 'pigtraxadmin', 1);
INSERT INTO pigtraxrefdata."City" (name, "lastUpdated", "userUpdated", "id_Country") VALUES ('São Pedro das Tabocas', CURRENT_TIMESTAMP, 'pigtraxadmin', 1);
INSERT INTO pigtraxrefdata."City" (name, "lastUpdated", "userUpdated", "id_Country") VALUES ('São Pedro de Caldas', CURRENT_TIMESTAMP, 'pigtraxadmin', 1);
INSERT INTO pigtraxrefdata."City" (name, "lastUpdated", "userUpdated", "id_Country") VALUES ('São Pedro de Rates', CURRENT_TIMESTAMP, 'pigtraxadmin', 1);
INSERT INTO pigtraxrefdata."City" (name, "lastUpdated", "userUpdated", "id_Country") VALUES ('São Pedro do Avaí', CURRENT_TIMESTAMP, 'pigtraxadmin', 1);
INSERT INTO pigtraxrefdata."City" (name, "lastUpdated", "userUpdated", "id_Country") VALUES ('São Pedro do Cordeiro', CURRENT_TIMESTAMP, 'pigtraxadmin', 1);
INSERT INTO pigtraxrefdata."City" (name, "lastUpdated", "userUpdated", "id_Country") VALUES ('São Pedro do Glória', CURRENT_TIMESTAMP, 'pigtraxadmin', 1);
INSERT INTO pigtraxrefdata."City" (name, "lastUpdated", "userUpdated", "id_Country") VALUES ('São Pedro do Iguaçu', CURRENT_TIMESTAMP, 'pigtraxadmin', 1);
INSERT INTO pigtraxrefdata."City" (name, "lastUpdated", "userUpdated", "id_Country") VALUES ('São Pedro do Ivaí', CURRENT_TIMESTAMP, 'pigtraxadmin', 1);
INSERT INTO pigtraxrefdata."City" (name, "lastUpdated", "userUpdated", "id_Country") VALUES ('São Pedro do Jequitinhonha', CURRENT_TIMESTAMP, 'pigtraxadmin', 1);
INSERT INTO pigtraxrefdata."City" (name, "lastUpdated", "userUpdated", "id_Country") VALUES ('São Pedro do Norte', CURRENT_TIMESTAMP, 'pigtraxadmin', 1);
INSERT INTO pigtraxrefdata."City" (name, "lastUpdated", "userUpdated", "id_Country") VALUES ('São Pedro do Paraná', CURRENT_TIMESTAMP, 'pigtraxadmin', 1);
INSERT INTO pigtraxrefdata."City" (name, "lastUpdated", "userUpdated", "id_Country") VALUES ('São Pedro do Passa Três', CURRENT_TIMESTAMP, 'pigtraxadmin', 1);
INSERT INTO pigtraxrefdata."City" (name, "lastUpdated", "userUpdated", "id_Country") VALUES ('São Pedro do Suaçuí', CURRENT_TIMESTAMP, 'pigtraxadmin', 1);
INSERT INTO pigtraxrefdata."City" (name, "lastUpdated", "userUpdated", "id_Country") VALUES ('São Pedro do Sul', CURRENT_TIMESTAMP, 'pigtraxadmin', 1);
INSERT INTO pigtraxrefdata."City" (name, "lastUpdated", "userUpdated", "id_Country") VALUES ('São Rafael', CURRENT_TIMESTAMP, 'pigtraxadmin', 1);
INSERT INTO pigtraxrefdata."City" (name, "lastUpdated", "userUpdated", "id_Country") VALUES ('São Raimundo', CURRENT_TIMESTAMP, 'pigtraxadmin', 1);
INSERT INTO pigtraxrefdata."City" (name, "lastUpdated", "userUpdated", "id_Country") VALUES ('São Raimundo da Pedra Menina', CURRENT_TIMESTAMP, 'pigtraxadmin', 1);
INSERT INTO pigtraxrefdata."City" (name, "lastUpdated", "userUpdated", "id_Country") VALUES ('São Raimundo das Mangabeiras', CURRENT_TIMESTAMP, 'pigtraxadmin', 1);
INSERT INTO pigtraxrefdata."City" (name, "lastUpdated", "userUpdated", "id_Country") VALUES ('São Roberto', CURRENT_TIMESTAMP, 'pigtraxadmin', 1);
INSERT INTO pigtraxrefdata."City" (name, "lastUpdated", "userUpdated", "id_Country") VALUES ('São Romão', CURRENT_TIMESTAMP, 'pigtraxadmin', 1);
INSERT INTO pigtraxrefdata."City" (name, "lastUpdated", "userUpdated", "id_Country") VALUES ('São Roque', CURRENT_TIMESTAMP, 'pigtraxadmin', 1);
INSERT INTO pigtraxrefdata."City" (name, "lastUpdated", "userUpdated", "id_Country") VALUES ('São Roque da Fartura', CURRENT_TIMESTAMP, 'pigtraxadmin', 1);
INSERT INTO pigtraxrefdata."City" (name, "lastUpdated", "userUpdated", "id_Country") VALUES ('São Roque de Minas', CURRENT_TIMESTAMP, 'pigtraxadmin', 1);
INSERT INTO pigtraxrefdata."City" (name, "lastUpdated", "userUpdated", "id_Country") VALUES ('São Roque do Canaã', CURRENT_TIMESTAMP, 'pigtraxadmin', 1);
INSERT INTO pigtraxrefdata."City" (name, "lastUpdated", "userUpdated", "id_Country") VALUES ('São Roque do Chopim', CURRENT_TIMESTAMP, 'pigtraxadmin', 1);
INSERT INTO pigtraxrefdata."City" (name, "lastUpdated", "userUpdated", "id_Country") VALUES ('São Roque do Paraguaçu', CURRENT_TIMESTAMP, 'pigtraxadmin', 1);
INSERT INTO pigtraxrefdata."City" (name, "lastUpdated", "userUpdated", "id_Country") VALUES ('São Salvador do Tocantins', CURRENT_TIMESTAMP, 'pigtraxadmin', 1);
INSERT INTO pigtraxrefdata."City" (name, "lastUpdated", "userUpdated", "id_Country") VALUES ('São Sebastião', CURRENT_TIMESTAMP, 'pigtraxadmin', 1);
INSERT INTO pigtraxrefdata."City" (name, "lastUpdated", "userUpdated", "id_Country") VALUES ('São Sebastião da Bela Vista', CURRENT_TIMESTAMP, 'pigtraxadmin', 1);
INSERT INTO pigtraxrefdata."City" (name, "lastUpdated", "userUpdated", "id_Country") VALUES ('São Sebastião da Boa Vista', CURRENT_TIMESTAMP, 'pigtraxadmin', 1);
INSERT INTO pigtraxrefdata."City" (name, "lastUpdated", "userUpdated", "id_Country") VALUES ('São Sebastião da Estrela', CURRENT_TIMESTAMP, 'pigtraxadmin', 1);
INSERT INTO pigtraxrefdata."City" (name, "lastUpdated", "userUpdated", "id_Country") VALUES ('São Sebastião da Grama', CURRENT_TIMESTAMP, 'pigtraxadmin', 1);
INSERT INTO pigtraxrefdata."City" (name, "lastUpdated", "userUpdated", "id_Country") VALUES ('São Sebastião da Serra', CURRENT_TIMESTAMP, 'pigtraxadmin', 1);
INSERT INTO pigtraxrefdata."City" (name, "lastUpdated", "userUpdated", "id_Country") VALUES ('São Sebastião da Vala', CURRENT_TIMESTAMP, 'pigtraxadmin', 1);
INSERT INTO pigtraxrefdata."City" (name, "lastUpdated", "userUpdated", "id_Country") VALUES ('São Sebastião da Vargem Alegre', CURRENT_TIMESTAMP, 'pigtraxadmin', 1);
INSERT INTO pigtraxrefdata."City" (name, "lastUpdated", "userUpdated", "id_Country") VALUES ('São Sebastião da Vitória', CURRENT_TIMESTAMP, 'pigtraxadmin', 1);
INSERT INTO pigtraxrefdata."City" (name, "lastUpdated", "userUpdated", "id_Country") VALUES ('São Sebastião de Braúnas', CURRENT_TIMESTAMP, 'pigtraxadmin', 1);
INSERT INTO pigtraxrefdata."City" (name, "lastUpdated", "userUpdated", "id_Country") VALUES ('São Sebastião de Campolide', CURRENT_TIMESTAMP, 'pigtraxadmin', 1);
INSERT INTO pigtraxrefdata."City" (name, "lastUpdated", "userUpdated", "id_Country") VALUES ('São Sebastião de Campos', CURRENT_TIMESTAMP, 'pigtraxadmin', 1);
INSERT INTO pigtraxrefdata."City" (name, "lastUpdated", "userUpdated", "id_Country") VALUES ('São Sebastião de Lagoa de Roça', CURRENT_TIMESTAMP, 'pigtraxadmin', 1);
INSERT INTO pigtraxrefdata."City" (name, "lastUpdated", "userUpdated", "id_Country") VALUES ('São Sebastião do Alto', CURRENT_TIMESTAMP, 'pigtraxadmin', 1);
INSERT INTO pigtraxrefdata."City" (name, "lastUpdated", "userUpdated", "id_Country") VALUES ('São Sebastião do Anta', CURRENT_TIMESTAMP, 'pigtraxadmin', 1);
INSERT INTO pigtraxrefdata."City" (name, "lastUpdated", "userUpdated", "id_Country") VALUES ('São Sebastião do Baixio', CURRENT_TIMESTAMP, 'pigtraxadmin', 1);
INSERT INTO pigtraxrefdata."City" (name, "lastUpdated", "userUpdated", "id_Country") VALUES ('São Sebastião do Bugre', CURRENT_TIMESTAMP, 'pigtraxadmin', 1);
INSERT INTO pigtraxrefdata."City" (name, "lastUpdated", "userUpdated", "id_Country") VALUES ('São Sebastião do Caí', CURRENT_TIMESTAMP, 'pigtraxadmin', 1);
INSERT INTO pigtraxrefdata."City" (name, "lastUpdated", "userUpdated", "id_Country") VALUES ('São Sebastião do Maranhão', CURRENT_TIMESTAMP, 'pigtraxadmin', 1);
INSERT INTO pigtraxrefdata."City" (name, "lastUpdated", "userUpdated", "id_Country") VALUES ('São Sebastião do Oeste', CURRENT_TIMESTAMP, 'pigtraxadmin', 1);
INSERT INTO pigtraxrefdata."City" (name, "lastUpdated", "userUpdated", "id_Country") VALUES ('São Sebastião do Paraíso', CURRENT_TIMESTAMP, 'pigtraxadmin', 1);
INSERT INTO pigtraxrefdata."City" (name, "lastUpdated", "userUpdated", "id_Country") VALUES ('São Sebastião do Passé', CURRENT_TIMESTAMP, 'pigtraxadmin', 1);
INSERT INTO pigtraxrefdata."City" (name, "lastUpdated", "userUpdated", "id_Country") VALUES ('São Sebastião do Pontal', CURRENT_TIMESTAMP, 'pigtraxadmin', 1);
INSERT INTO pigtraxrefdata."City" (name, "lastUpdated", "userUpdated", "id_Country") VALUES ('São Sebastião do Rio Preto', CURRENT_TIMESTAMP, 'pigtraxadmin', 1);
INSERT INTO pigtraxrefdata."City" (name, "lastUpdated", "userUpdated", "id_Country") VALUES ('São Sebastião do Rio Verde', CURRENT_TIMESTAMP, 'pigtraxadmin', 1);
INSERT INTO pigtraxrefdata."City" (name, "lastUpdated", "userUpdated", "id_Country") VALUES ('São Sebastião do Sacramento', CURRENT_TIMESTAMP, 'pigtraxadmin', 1);
INSERT INTO pigtraxrefdata."City" (name, "lastUpdated", "userUpdated", "id_Country") VALUES ('São Sebastião do Tocantins', CURRENT_TIMESTAMP, 'pigtraxadmin', 1);
INSERT INTO pigtraxrefdata."City" (name, "lastUpdated", "userUpdated", "id_Country") VALUES ('São Sebastião do Uatumã', CURRENT_TIMESTAMP, 'pigtraxadmin', 1);
INSERT INTO pigtraxrefdata."City" (name, "lastUpdated", "userUpdated", "id_Country") VALUES ('São Sebastião do Umbuzeiro', CURRENT_TIMESTAMP, 'pigtraxadmin', 1);
INSERT INTO pigtraxrefdata."City" (name, "lastUpdated", "userUpdated", "id_Country") VALUES ('São Sebastião dos Poções', CURRENT_TIMESTAMP, 'pigtraxadmin', 1);
INSERT INTO pigtraxrefdata."City" (name, "lastUpdated", "userUpdated", "id_Country") VALUES ('São Sepé', CURRENT_TIMESTAMP, 'pigtraxadmin', 1);
INSERT INTO pigtraxrefdata."City" (name, "lastUpdated", "userUpdated", "id_Country") VALUES ('São Silvestre de Jacareí', CURRENT_TIMESTAMP, 'pigtraxadmin', 1);
INSERT INTO pigtraxrefdata."City" (name, "lastUpdated", "userUpdated", "id_Country") VALUES ('São Simão', CURRENT_TIMESTAMP, 'pigtraxadmin', 1);
INSERT INTO pigtraxrefdata."City" (name, "lastUpdated", "userUpdated", "id_Country") VALUES ('São Simão do Rio Preto', CURRENT_TIMESTAMP, 'pigtraxadmin', 1);
INSERT INTO pigtraxrefdata."City" (name, "lastUpdated", "userUpdated", "id_Country") VALUES ('São Thomé das Letras', CURRENT_TIMESTAMP, 'pigtraxadmin', 1);
INSERT INTO pigtraxrefdata."City" (name, "lastUpdated", "userUpdated", "id_Country") VALUES ('São Tiago', CURRENT_TIMESTAMP, 'pigtraxadmin', 1);
INSERT INTO pigtraxrefdata."City" (name, "lastUpdated", "userUpdated", "id_Country") VALUES ('São Tomás de Aquino', CURRENT_TIMESTAMP, 'pigtraxadmin', 1);
INSERT INTO pigtraxrefdata."City" (name, "lastUpdated", "userUpdated", "id_Country") VALUES ('São Tomé', CURRENT_TIMESTAMP, 'pigtraxadmin', 1);
INSERT INTO pigtraxrefdata."City" (name, "lastUpdated", "userUpdated", "id_Country") VALUES ('São Torquato', CURRENT_TIMESTAMP, 'pigtraxadmin', 1);
INSERT INTO pigtraxrefdata."City" (name, "lastUpdated", "userUpdated", "id_Country") VALUES ('São Valério', CURRENT_TIMESTAMP, 'pigtraxadmin', 1);
INSERT INTO pigtraxrefdata."City" (name, "lastUpdated", "userUpdated", "id_Country") VALUES ('São Valério do Sul', CURRENT_TIMESTAMP, 'pigtraxadmin', 1);
INSERT INTO pigtraxrefdata."City" (name, "lastUpdated", "userUpdated", "id_Country") VALUES ('São Vendelino', CURRENT_TIMESTAMP, 'pigtraxadmin', 1);
INSERT INTO pigtraxrefdata."City" (name, "lastUpdated", "userUpdated", "id_Country") VALUES ('São Vicente', CURRENT_TIMESTAMP, 'pigtraxadmin', 1);
INSERT INTO pigtraxrefdata."City" (name, "lastUpdated", "userUpdated", "id_Country") VALUES ('São Vicente da Estrela', CURRENT_TIMESTAMP, 'pigtraxadmin', 1);
INSERT INTO pigtraxrefdata."City" (name, "lastUpdated", "userUpdated", "id_Country") VALUES ('São Vicente de Minas', CURRENT_TIMESTAMP, 'pigtraxadmin', 1);
INSERT INTO pigtraxrefdata."City" (name, "lastUpdated", "userUpdated", "id_Country") VALUES ('São Vicente de Paula', CURRENT_TIMESTAMP, 'pigtraxadmin', 1);
INSERT INTO pigtraxrefdata."City" (name, "lastUpdated", "userUpdated", "id_Country") VALUES ('São Vicente do Seridó', CURRENT_TIMESTAMP, 'pigtraxadmin', 1);
INSERT INTO pigtraxrefdata."City" (name, "lastUpdated", "userUpdated", "id_Country") VALUES ('São Vicente do Sul', CURRENT_TIMESTAMP, 'pigtraxadmin', 1);
INSERT INTO pigtraxrefdata."City" (name, "lastUpdated", "userUpdated", "id_Country") VALUES ('São Vicente Ferrer', CURRENT_TIMESTAMP, 'pigtraxadmin', 1);
INSERT INTO pigtraxrefdata."City" (name, "lastUpdated", "userUpdated", "id_Country") VALUES ('São Vítor', CURRENT_TIMESTAMP, 'pigtraxadmin', 1);
INSERT INTO pigtraxrefdata."City" (name, "lastUpdated", "userUpdated", "id_Country") VALUES ('Sapé', CURRENT_TIMESTAMP, 'pigtraxadmin', 1);
INSERT INTO pigtraxrefdata."City" (name, "lastUpdated", "userUpdated", "id_Country") VALUES ('Sapeaçu', CURRENT_TIMESTAMP, 'pigtraxadmin', 1);
INSERT INTO pigtraxrefdata."City" (name, "lastUpdated", "userUpdated", "id_Country") VALUES ('Sapezal', CURRENT_TIMESTAMP, 'pigtraxadmin', 1);
INSERT INTO pigtraxrefdata."City" (name, "lastUpdated", "userUpdated", "id_Country") VALUES ('Sapiranga', CURRENT_TIMESTAMP, 'pigtraxadmin', 1);
INSERT INTO pigtraxrefdata."City" (name, "lastUpdated", "userUpdated", "id_Country") VALUES ('Sapopema', CURRENT_TIMESTAMP, 'pigtraxadmin', 1);
INSERT INTO pigtraxrefdata."City" (name, "lastUpdated", "userUpdated", "id_Country") VALUES ('Sapucaí', CURRENT_TIMESTAMP, 'pigtraxadmin', 1);
INSERT INTO pigtraxrefdata."City" (name, "lastUpdated", "userUpdated", "id_Country") VALUES ('Sapucaia de Guanhães', CURRENT_TIMESTAMP, 'pigtraxadmin', 1);
INSERT INTO pigtraxrefdata."City" (name, "lastUpdated", "userUpdated", "id_Country") VALUES ('Sapucarana', CURRENT_TIMESTAMP, 'pigtraxadmin', 1);
INSERT INTO pigtraxrefdata."City" (name, "lastUpdated", "userUpdated", "id_Country") VALUES ('Sapupara', CURRENT_TIMESTAMP, 'pigtraxadmin', 1);
INSERT INTO pigtraxrefdata."City" (name, "lastUpdated", "userUpdated", "id_Country") VALUES ('Saquarema', CURRENT_TIMESTAMP, 'pigtraxadmin', 1);
INSERT INTO pigtraxrefdata."City" (name, "lastUpdated", "userUpdated", "id_Country") VALUES ('Sarandi', CURRENT_TIMESTAMP, 'pigtraxadmin', 1);
INSERT INTO pigtraxrefdata."City" (name, "lastUpdated", "userUpdated", "id_Country") VALUES ('Sarandira', CURRENT_TIMESTAMP, 'pigtraxadmin', 1);
INSERT INTO pigtraxrefdata."City" (name, "lastUpdated", "userUpdated", "id_Country") VALUES ('Sarapuí', CURRENT_TIMESTAMP, 'pigtraxadmin', 1);
INSERT INTO pigtraxrefdata."City" (name, "lastUpdated", "userUpdated", "id_Country") VALUES ('Sardoá', CURRENT_TIMESTAMP, 'pigtraxadmin', 1);
INSERT INTO pigtraxrefdata."City" (name, "lastUpdated", "userUpdated", "id_Country") VALUES ('Sarutaiá', CURRENT_TIMESTAMP, 'pigtraxadmin', 1);
INSERT INTO pigtraxrefdata."City" (name, "lastUpdated", "userUpdated", "id_Country") VALUES ('Sarzedo', CURRENT_TIMESTAMP, 'pigtraxadmin', 1);
INSERT INTO pigtraxrefdata."City" (name, "lastUpdated", "userUpdated", "id_Country") VALUES ('Sátiro Dias', CURRENT_TIMESTAMP, 'pigtraxadmin', 1);
INSERT INTO pigtraxrefdata."City" (name, "lastUpdated", "userUpdated", "id_Country") VALUES ('Satuba', CURRENT_TIMESTAMP, 'pigtraxadmin', 1);
INSERT INTO pigtraxrefdata."City" (name, "lastUpdated", "userUpdated", "id_Country") VALUES ('Saubara', CURRENT_TIMESTAMP, 'pigtraxadmin', 1);
INSERT INTO pigtraxrefdata."City" (name, "lastUpdated", "userUpdated", "id_Country") VALUES ('Saudade do Iguaçu', CURRENT_TIMESTAMP, 'pigtraxadmin', 1);
INSERT INTO pigtraxrefdata."City" (name, "lastUpdated", "userUpdated", "id_Country") VALUES ('Saudades', CURRENT_TIMESTAMP, 'pigtraxadmin', 1);
INSERT INTO pigtraxrefdata."City" (name, "lastUpdated", "userUpdated", "id_Country") VALUES ('Saúde', CURRENT_TIMESTAMP, 'pigtraxadmin', 1);
INSERT INTO pigtraxrefdata."City" (name, "lastUpdated", "userUpdated", "id_Country") VALUES ('Sauê', CURRENT_TIMESTAMP, 'pigtraxadmin', 1);
INSERT INTO pigtraxrefdata."City" (name, "lastUpdated", "userUpdated", "id_Country") VALUES ('Schroeder', CURRENT_TIMESTAMP, 'pigtraxadmin', 1);
INSERT INTO pigtraxrefdata."City" (name, "lastUpdated", "userUpdated", "id_Country") VALUES ('Seabra', CURRENT_TIMESTAMP, 'pigtraxadmin', 1);
INSERT INTO pigtraxrefdata."City" (name, "lastUpdated", "userUpdated", "id_Country") VALUES ('Seara', CURRENT_TIMESTAMP, 'pigtraxadmin', 1);
INSERT INTO pigtraxrefdata."City" (name, "lastUpdated", "userUpdated", "id_Country") VALUES ('Sebastianópolis do Sul', CURRENT_TIMESTAMP, 'pigtraxadmin', 1);
INSERT INTO pigtraxrefdata."City" (name, "lastUpdated", "userUpdated", "id_Country") VALUES ('Sebastião Barros', CURRENT_TIMESTAMP, 'pigtraxadmin', 1);
INSERT INTO pigtraxrefdata."City" (name, "lastUpdated", "userUpdated", "id_Country") VALUES ('Sebastião de Abreu', CURRENT_TIMESTAMP, 'pigtraxadmin', 1);
INSERT INTO pigtraxrefdata."City" (name, "lastUpdated", "userUpdated", "id_Country") VALUES ('Sebastião Laranjeiras', CURRENT_TIMESTAMP, 'pigtraxadmin', 1);
INSERT INTO pigtraxrefdata."City" (name, "lastUpdated", "userUpdated", "id_Country") VALUES ('Sebastião Leal', CURRENT_TIMESTAMP, 'pigtraxadmin', 1);
INSERT INTO pigtraxrefdata."City" (name, "lastUpdated", "userUpdated", "id_Country") VALUES ('Seberi', CURRENT_TIMESTAMP, 'pigtraxadmin', 1);
INSERT INTO pigtraxrefdata."City" (name, "lastUpdated", "userUpdated", "id_Country") VALUES ('Seca', CURRENT_TIMESTAMP, 'pigtraxadmin', 1);
INSERT INTO pigtraxrefdata."City" (name, "lastUpdated", "userUpdated", "id_Country") VALUES ('Sede Alvorada', CURRENT_TIMESTAMP, 'pigtraxadmin', 1);
INSERT INTO pigtraxrefdata."City" (name, "lastUpdated", "userUpdated", "id_Country") VALUES ('Sede Nova', CURRENT_TIMESTAMP, 'pigtraxadmin', 1);
INSERT INTO pigtraxrefdata."City" (name, "lastUpdated", "userUpdated", "id_Country") VALUES ('Segredo', CURRENT_TIMESTAMP, 'pigtraxadmin', 1);
INSERT INTO pigtraxrefdata."City" (name, "lastUpdated", "userUpdated", "id_Country") VALUES ('Segrêdo', CURRENT_TIMESTAMP, 'pigtraxadmin', 1);
INSERT INTO pigtraxrefdata."City" (name, "lastUpdated", "userUpdated", "id_Country") VALUES ('Selbach', CURRENT_TIMESTAMP, 'pigtraxadmin', 1);
INSERT INTO pigtraxrefdata."City" (name, "lastUpdated", "userUpdated", "id_Country") VALUES ('Selvíria', CURRENT_TIMESTAMP, 'pigtraxadmin', 1);
INSERT INTO pigtraxrefdata."City" (name, "lastUpdated", "userUpdated", "id_Country") VALUES ('Sem-Peixe', CURRENT_TIMESTAMP, 'pigtraxadmin', 1);
INSERT INTO pigtraxrefdata."City" (name, "lastUpdated", "userUpdated", "id_Country") VALUES ('Sena Madureira', CURRENT_TIMESTAMP, 'pigtraxadmin', 1);
INSERT INTO pigtraxrefdata."City" (name, "lastUpdated", "userUpdated", "id_Country") VALUES ('Senador Alexandre Costa', CURRENT_TIMESTAMP, 'pigtraxadmin', 1);
INSERT INTO pigtraxrefdata."City" (name, "lastUpdated", "userUpdated", "id_Country") VALUES ('Senador Amaral', CURRENT_TIMESTAMP, 'pigtraxadmin', 1);
INSERT INTO pigtraxrefdata."City" (name, "lastUpdated", "userUpdated", "id_Country") VALUES ('Senador Canedo', CURRENT_TIMESTAMP, 'pigtraxadmin', 1);
INSERT INTO pigtraxrefdata."City" (name, "lastUpdated", "userUpdated", "id_Country") VALUES ('Senador Carlos Jereissati', CURRENT_TIMESTAMP, 'pigtraxadmin', 1);
INSERT INTO pigtraxrefdata."City" (name, "lastUpdated", "userUpdated", "id_Country") VALUES ('Senador Cortes', CURRENT_TIMESTAMP, 'pigtraxadmin', 1);
INSERT INTO pigtraxrefdata."City" (name, "lastUpdated", "userUpdated", "id_Country") VALUES ('Senador Elói de Souza', CURRENT_TIMESTAMP, 'pigtraxadmin', 1);
INSERT INTO pigtraxrefdata."City" (name, "lastUpdated", "userUpdated", "id_Country") VALUES ('Senador Firmino', CURRENT_TIMESTAMP, 'pigtraxadmin', 1);
INSERT INTO pigtraxrefdata."City" (name, "lastUpdated", "userUpdated", "id_Country") VALUES ('Senador Georgino Avelino', CURRENT_TIMESTAMP, 'pigtraxadmin', 1);
INSERT INTO pigtraxrefdata."City" (name, "lastUpdated", "userUpdated", "id_Country") VALUES ('Senador Guiomard', CURRENT_TIMESTAMP, 'pigtraxadmin', 1);
INSERT INTO pigtraxrefdata."City" (name, "lastUpdated", "userUpdated", "id_Country") VALUES ('Senador José Bento', CURRENT_TIMESTAMP, 'pigtraxadmin', 1);
INSERT INTO pigtraxrefdata."City" (name, "lastUpdated", "userUpdated", "id_Country") VALUES ('Senador José Porfírio', CURRENT_TIMESTAMP, 'pigtraxadmin', 1);
INSERT INTO pigtraxrefdata."City" (name, "lastUpdated", "userUpdated", "id_Country") VALUES ('Senador La Rocque', CURRENT_TIMESTAMP, 'pigtraxadmin', 1);
INSERT INTO pigtraxrefdata."City" (name, "lastUpdated", "userUpdated", "id_Country") VALUES ('Senador Melo Viana', CURRENT_TIMESTAMP, 'pigtraxadmin', 1);
INSERT INTO pigtraxrefdata."City" (name, "lastUpdated", "userUpdated", "id_Country") VALUES ('Senador Modestino Gonçalves', CURRENT_TIMESTAMP, 'pigtraxadmin', 1);
INSERT INTO pigtraxrefdata."City" (name, "lastUpdated", "userUpdated", "id_Country") VALUES ('Senador Mourão', CURRENT_TIMESTAMP, 'pigtraxadmin', 1);
INSERT INTO pigtraxrefdata."City" (name, "lastUpdated", "userUpdated", "id_Country") VALUES ('Senador Pompeu', CURRENT_TIMESTAMP, 'pigtraxadmin', 1);
INSERT INTO pigtraxrefdata."City" (name, "lastUpdated", "userUpdated", "id_Country") VALUES ('Senador Rui Palmeira', CURRENT_TIMESTAMP, 'pigtraxadmin', 1);
INSERT INTO pigtraxrefdata."City" (name, "lastUpdated", "userUpdated", "id_Country") VALUES ('Senador Sá', CURRENT_TIMESTAMP, 'pigtraxadmin', 1);
INSERT INTO pigtraxrefdata."City" (name, "lastUpdated", "userUpdated", "id_Country") VALUES ('Senador Salgado Filho', CURRENT_TIMESTAMP, 'pigtraxadmin', 1);
INSERT INTO pigtraxrefdata."City" (name, "lastUpdated", "userUpdated", "id_Country") VALUES ('Sengés', CURRENT_TIMESTAMP, 'pigtraxadmin', 1);
INSERT INTO pigtraxrefdata."City" (name, "lastUpdated", "userUpdated", "id_Country") VALUES ('Senhor do Bonfim', CURRENT_TIMESTAMP, 'pigtraxadmin', 1);
INSERT INTO pigtraxrefdata."City" (name, "lastUpdated", "userUpdated", "id_Country") VALUES ('Senhora da Glória', CURRENT_TIMESTAMP, 'pigtraxadmin', 1);
INSERT INTO pigtraxrefdata."City" (name, "lastUpdated", "userUpdated", "id_Country") VALUES ('Senhora das Dores', CURRENT_TIMESTAMP, 'pigtraxadmin', 1);
INSERT INTO pigtraxrefdata."City" (name, "lastUpdated", "userUpdated", "id_Country") VALUES ('Senhora de Oliveira', CURRENT_TIMESTAMP, 'pigtraxadmin', 1);
INSERT INTO pigtraxrefdata."City" (name, "lastUpdated", "userUpdated", "id_Country") VALUES ('Senhora do Carmo', CURRENT_TIMESTAMP, 'pigtraxadmin', 1);
INSERT INTO pigtraxrefdata."City" (name, "lastUpdated", "userUpdated", "id_Country") VALUES ('Senhora do Porto', CURRENT_TIMESTAMP, 'pigtraxadmin', 1);
INSERT INTO pigtraxrefdata."City" (name, "lastUpdated", "userUpdated", "id_Country") VALUES ('Senhora dos Remédios', CURRENT_TIMESTAMP, 'pigtraxadmin', 1);
INSERT INTO pigtraxrefdata."City" (name, "lastUpdated", "userUpdated", "id_Country") VALUES ('Sentinela do Sul', CURRENT_TIMESTAMP, 'pigtraxadmin', 1);
INSERT INTO pigtraxrefdata."City" (name, "lastUpdated", "userUpdated", "id_Country") VALUES ('Sento Sé', CURRENT_TIMESTAMP, 'pigtraxadmin', 1);
INSERT INTO pigtraxrefdata."City" (name, "lastUpdated", "userUpdated", "id_Country") VALUES ('Serafina Corrêa', CURRENT_TIMESTAMP, 'pigtraxadmin', 1);
INSERT INTO pigtraxrefdata."City" (name, "lastUpdated", "userUpdated", "id_Country") VALUES ('Sereno', CURRENT_TIMESTAMP, 'pigtraxadmin', 1);
INSERT INTO pigtraxrefdata."City" (name, "lastUpdated", "userUpdated", "id_Country") VALUES ('Sereno de Cima', CURRENT_TIMESTAMP, 'pigtraxadmin', 1);
INSERT INTO pigtraxrefdata."City" (name, "lastUpdated", "userUpdated", "id_Country") VALUES ('Sergi', CURRENT_TIMESTAMP, 'pigtraxadmin', 1);
INSERT INTO pigtraxrefdata."City" (name, "lastUpdated", "userUpdated", "id_Country") VALUES ('Sericita', CURRENT_TIMESTAMP, 'pigtraxadmin', 1);
INSERT INTO pigtraxrefdata."City" (name, "lastUpdated", "userUpdated", "id_Country") VALUES ('Seridó', CURRENT_TIMESTAMP, 'pigtraxadmin', 1);
INSERT INTO pigtraxrefdata."City" (name, "lastUpdated", "userUpdated", "id_Country") VALUES ('Seringueiras', CURRENT_TIMESTAMP, 'pigtraxadmin', 1);
INSERT INTO pigtraxrefdata."City" (name, "lastUpdated", "userUpdated", "id_Country") VALUES ('Seritinga', CURRENT_TIMESTAMP, 'pigtraxadmin', 1);
INSERT INTO pigtraxrefdata."City" (name, "lastUpdated", "userUpdated", "id_Country") VALUES ('Seropédica', CURRENT_TIMESTAMP, 'pigtraxadmin', 1);
INSERT INTO pigtraxrefdata."City" (name, "lastUpdated", "userUpdated", "id_Country") VALUES ('Serra', CURRENT_TIMESTAMP, 'pigtraxadmin', 1);
INSERT INTO pigtraxrefdata."City" (name, "lastUpdated", "userUpdated", "id_Country") VALUES ('Serra Alta', CURRENT_TIMESTAMP, 'pigtraxadmin', 1);
INSERT INTO pigtraxrefdata."City" (name, "lastUpdated", "userUpdated", "id_Country") VALUES ('Serra Azul', CURRENT_TIMESTAMP, 'pigtraxadmin', 1);
INSERT INTO pigtraxrefdata."City" (name, "lastUpdated", "userUpdated", "id_Country") VALUES ('Serra Azul de Minas', CURRENT_TIMESTAMP, 'pigtraxadmin', 1);
INSERT INTO pigtraxrefdata."City" (name, "lastUpdated", "userUpdated", "id_Country") VALUES ('Serra Branca', CURRENT_TIMESTAMP, 'pigtraxadmin', 1);
INSERT INTO pigtraxrefdata."City" (name, "lastUpdated", "userUpdated", "id_Country") VALUES ('Serra da Raiz', CURRENT_TIMESTAMP, 'pigtraxadmin', 1);
INSERT INTO pigtraxrefdata."City" (name, "lastUpdated", "userUpdated", "id_Country") VALUES ('Serra da Saudade', CURRENT_TIMESTAMP, 'pigtraxadmin', 1);
INSERT INTO pigtraxrefdata."City" (name, "lastUpdated", "userUpdated", "id_Country") VALUES ('Serra da Tapuia', CURRENT_TIMESTAMP, 'pigtraxadmin', 1);
INSERT INTO pigtraxrefdata."City" (name, "lastUpdated", "userUpdated", "id_Country") VALUES ('Serra das Araras', CURRENT_TIMESTAMP, 'pigtraxadmin', 1);
INSERT INTO pigtraxrefdata."City" (name, "lastUpdated", "userUpdated", "id_Country") VALUES ('Serra de São Bento', CURRENT_TIMESTAMP, 'pigtraxadmin', 1);
INSERT INTO pigtraxrefdata."City" (name, "lastUpdated", "userUpdated", "id_Country") VALUES ('Serra do Cipó', CURRENT_TIMESTAMP, 'pigtraxadmin', 1);
INSERT INTO pigtraxrefdata."City" (name, "lastUpdated", "userUpdated", "id_Country") VALUES ('Serra do Félix', CURRENT_TIMESTAMP, 'pigtraxadmin', 1);
INSERT INTO pigtraxrefdata."City" (name, "lastUpdated", "userUpdated", "id_Country") VALUES ('Serra do Mel', CURRENT_TIMESTAMP, 'pigtraxadmin', 1);
INSERT INTO pigtraxrefdata."City" (name, "lastUpdated", "userUpdated", "id_Country") VALUES ('Serra do Navio', CURRENT_TIMESTAMP, 'pigtraxadmin', 1);
INSERT INTO pigtraxrefdata."City" (name, "lastUpdated", "userUpdated", "id_Country") VALUES ('Serra do Ramalho', CURRENT_TIMESTAMP, 'pigtraxadmin', 1);
INSERT INTO pigtraxrefdata."City" (name, "lastUpdated", "userUpdated", "id_Country") VALUES ('Serra dos Aimorés', CURRENT_TIMESTAMP, 'pigtraxadmin', 1);
INSERT INTO pigtraxrefdata."City" (name, "lastUpdated", "userUpdated", "id_Country") VALUES ('Serra dos Dourados', CURRENT_TIMESTAMP, 'pigtraxadmin', 1);
INSERT INTO pigtraxrefdata."City" (name, "lastUpdated", "userUpdated", "id_Country") VALUES ('Serra Dourada', CURRENT_TIMESTAMP, 'pigtraxadmin', 1);
INSERT INTO pigtraxrefdata."City" (name, "lastUpdated", "userUpdated", "id_Country") VALUES ('Serra Grande', CURRENT_TIMESTAMP, 'pigtraxadmin', 1);
INSERT INTO pigtraxrefdata."City" (name, "lastUpdated", "userUpdated", "id_Country") VALUES ('Serra Negra', CURRENT_TIMESTAMP, 'pigtraxadmin', 1);
INSERT INTO pigtraxrefdata."City" (name, "lastUpdated", "userUpdated", "id_Country") VALUES ('Serra Negra do Norte', CURRENT_TIMESTAMP, 'pigtraxadmin', 1);
INSERT INTO pigtraxrefdata."City" (name, "lastUpdated", "userUpdated", "id_Country") VALUES ('Serra Nova', CURRENT_TIMESTAMP, 'pigtraxadmin', 1);
INSERT INTO pigtraxrefdata."City" (name, "lastUpdated", "userUpdated", "id_Country") VALUES ('Serra Nova Dourada', CURRENT_TIMESTAMP, 'pigtraxadmin', 1);
INSERT INTO pigtraxrefdata."City" (name, "lastUpdated", "userUpdated", "id_Country") VALUES ('Serra Pelada', CURRENT_TIMESTAMP, 'pigtraxadmin', 1);
INSERT INTO pigtraxrefdata."City" (name, "lastUpdated", "userUpdated", "id_Country") VALUES ('Serra Preta', CURRENT_TIMESTAMP, 'pigtraxadmin', 1);
INSERT INTO pigtraxrefdata."City" (name, "lastUpdated", "userUpdated", "id_Country") VALUES ('Serra Redonda', CURRENT_TIMESTAMP, 'pigtraxadmin', 1);
INSERT INTO pigtraxrefdata."City" (name, "lastUpdated", "userUpdated", "id_Country") VALUES ('Serra Talhada', CURRENT_TIMESTAMP, 'pigtraxadmin', 1);
INSERT INTO pigtraxrefdata."City" (name, "lastUpdated", "userUpdated", "id_Country") VALUES ('Serragem', CURRENT_TIMESTAMP, 'pigtraxadmin', 1);
INSERT INTO pigtraxrefdata."City" (name, "lastUpdated", "userUpdated", "id_Country") VALUES ('Serrana', CURRENT_TIMESTAMP, 'pigtraxadmin', 1);
INSERT INTO pigtraxrefdata."City" (name, "lastUpdated", "userUpdated", "id_Country") VALUES ('Serrania', CURRENT_TIMESTAMP, 'pigtraxadmin', 1);
INSERT INTO pigtraxrefdata."City" (name, "lastUpdated", "userUpdated", "id_Country") VALUES ('Serranópolis', CURRENT_TIMESTAMP, 'pigtraxadmin', 1);
INSERT INTO pigtraxrefdata."City" (name, "lastUpdated", "userUpdated", "id_Country") VALUES ('Serranópolis de Minas', CURRENT_TIMESTAMP, 'pigtraxadmin', 1);
INSERT INTO pigtraxrefdata."City" (name, "lastUpdated", "userUpdated", "id_Country") VALUES ('Serranópolis do Iguaçu', CURRENT_TIMESTAMP, 'pigtraxadmin', 1);
INSERT INTO pigtraxrefdata."City" (name, "lastUpdated", "userUpdated", "id_Country") VALUES ('Serrinha', CURRENT_TIMESTAMP, 'pigtraxadmin', 1);
INSERT INTO pigtraxrefdata."City" (name, "lastUpdated", "userUpdated", "id_Country") VALUES ('Serrinha dos Pintos', CURRENT_TIMESTAMP, 'pigtraxadmin', 1);
INSERT INTO pigtraxrefdata."City" (name, "lastUpdated", "userUpdated", "id_Country") VALUES ('Serrita', CURRENT_TIMESTAMP, 'pigtraxadmin', 1);
INSERT INTO pigtraxrefdata."City" (name, "lastUpdated", "userUpdated", "id_Country") VALUES ('Sertão Santana', CURRENT_TIMESTAMP, 'pigtraxadmin', 1);
INSERT INTO pigtraxrefdata."City" (name, "lastUpdated", "userUpdated", "id_Country") VALUES ('Sertãozinho', CURRENT_TIMESTAMP, 'pigtraxadmin', 1);
INSERT INTO pigtraxrefdata."City" (name, "lastUpdated", "userUpdated", "id_Country") VALUES ('Sertãozinho de Baixo', CURRENT_TIMESTAMP, 'pigtraxadmin', 1);
INSERT INTO pigtraxrefdata."City" (name, "lastUpdated", "userUpdated", "id_Country") VALUES ('Sete Barras', CURRENT_TIMESTAMP, 'pigtraxadmin', 1);
INSERT INTO pigtraxrefdata."City" (name, "lastUpdated", "userUpdated", "id_Country") VALUES ('Sete Lagoas', CURRENT_TIMESTAMP, 'pigtraxadmin', 1);
INSERT INTO pigtraxrefdata."City" (name, "lastUpdated", "userUpdated", "id_Country") VALUES ('Sete Pontes', CURRENT_TIMESTAMP, 'pigtraxadmin', 1);
INSERT INTO pigtraxrefdata."City" (name, "lastUpdated", "userUpdated", "id_Country") VALUES ('Sete Quedas', CURRENT_TIMESTAMP, 'pigtraxadmin', 1);
INSERT INTO pigtraxrefdata."City" (name, "lastUpdated", "userUpdated", "id_Country") VALUES ('Setubinha', CURRENT_TIMESTAMP, 'pigtraxadmin', 1);
INSERT INTO pigtraxrefdata."City" (name, "lastUpdated", "userUpdated", "id_Country") VALUES ('Severiano de Almeida', CURRENT_TIMESTAMP, 'pigtraxadmin', 1);
INSERT INTO pigtraxrefdata."City" (name, "lastUpdated", "userUpdated", "id_Country") VALUES ('Severiano Melo', CURRENT_TIMESTAMP, 'pigtraxadmin', 1);
INSERT INTO pigtraxrefdata."City" (name, "lastUpdated", "userUpdated", "id_Country") VALUES ('Severínia', CURRENT_TIMESTAMP, 'pigtraxadmin', 1);
INSERT INTO pigtraxrefdata."City" (name, "lastUpdated", "userUpdated", "id_Country") VALUES ('Siderópolis', CURRENT_TIMESTAMP, 'pigtraxadmin', 1);
INSERT INTO pigtraxrefdata."City" (name, "lastUpdated", "userUpdated", "id_Country") VALUES ('Sigefredo Pacheco', CURRENT_TIMESTAMP, 'pigtraxadmin', 1);
INSERT INTO pigtraxrefdata."City" (name, "lastUpdated", "userUpdated", "id_Country") VALUES ('Silva Campos', CURRENT_TIMESTAMP, 'pigtraxadmin', 1);
INSERT INTO pigtraxrefdata."City" (name, "lastUpdated", "userUpdated", "id_Country") VALUES ('Silva Jardim', CURRENT_TIMESTAMP, 'pigtraxadmin', 1);
INSERT INTO pigtraxrefdata."City" (name, "lastUpdated", "userUpdated", "id_Country") VALUES ('Silvânia', CURRENT_TIMESTAMP, 'pigtraxadmin', 1);
INSERT INTO pigtraxrefdata."City" (name, "lastUpdated", "userUpdated", "id_Country") VALUES ('Silvano', CURRENT_TIMESTAMP, 'pigtraxadmin', 1);
INSERT INTO pigtraxrefdata."City" (name, "lastUpdated", "userUpdated", "id_Country") VALUES ('Silvanópolis', CURRENT_TIMESTAMP, 'pigtraxadmin', 1);
INSERT INTO pigtraxrefdata."City" (name, "lastUpdated", "userUpdated", "id_Country") VALUES ('Silveira Carvalho', CURRENT_TIMESTAMP, 'pigtraxadmin', 1);
INSERT INTO pigtraxrefdata."City" (name, "lastUpdated", "userUpdated", "id_Country") VALUES ('Silveira Martins', CURRENT_TIMESTAMP, 'pigtraxadmin', 1);
INSERT INTO pigtraxrefdata."City" (name, "lastUpdated", "userUpdated", "id_Country") VALUES ('Silveirânia', CURRENT_TIMESTAMP, 'pigtraxadmin', 1);
INSERT INTO pigtraxrefdata."City" (name, "lastUpdated", "userUpdated", "id_Country") VALUES ('Silveiras', CURRENT_TIMESTAMP, 'pigtraxadmin', 1);
INSERT INTO pigtraxrefdata."City" (name, "lastUpdated", "userUpdated", "id_Country") VALUES ('Simão', CURRENT_TIMESTAMP, 'pigtraxadmin', 1);
INSERT INTO pigtraxrefdata."City" (name, "lastUpdated", "userUpdated", "id_Country") VALUES ('Simão Campos', CURRENT_TIMESTAMP, 'pigtraxadmin', 1);
INSERT INTO pigtraxrefdata."City" (name, "lastUpdated", "userUpdated", "id_Country") VALUES ('Simão Dias', CURRENT_TIMESTAMP, 'pigtraxadmin', 1);
INSERT INTO pigtraxrefdata."City" (name, "lastUpdated", "userUpdated", "id_Country") VALUES ('Simão Pereira', CURRENT_TIMESTAMP, 'pigtraxadmin', 1);
INSERT INTO pigtraxrefdata."City" (name, "lastUpdated", "userUpdated", "id_Country") VALUES ('Simões', CURRENT_TIMESTAMP, 'pigtraxadmin', 1);
INSERT INTO pigtraxrefdata."City" (name, "lastUpdated", "userUpdated", "id_Country") VALUES ('Simões Filho', CURRENT_TIMESTAMP, 'pigtraxadmin', 1);
INSERT INTO pigtraxrefdata."City" (name, "lastUpdated", "userUpdated", "id_Country") VALUES ('Simonésia', CURRENT_TIMESTAMP, 'pigtraxadmin', 1);
INSERT INTO pigtraxrefdata."City" (name, "lastUpdated", "userUpdated", "id_Country") VALUES ('Simonsen', CURRENT_TIMESTAMP, 'pigtraxadmin', 1);
INSERT INTO pigtraxrefdata."City" (name, "lastUpdated", "userUpdated", "id_Country") VALUES ('Simplício Mendes', CURRENT_TIMESTAMP, 'pigtraxadmin', 1);
INSERT INTO pigtraxrefdata."City" (name, "lastUpdated", "userUpdated", "id_Country") VALUES ('Sinimbu', CURRENT_TIMESTAMP, 'pigtraxadmin', 1);
INSERT INTO pigtraxrefdata."City" (name, "lastUpdated", "userUpdated", "id_Country") VALUES ('Sinop', CURRENT_TIMESTAMP, 'pigtraxadmin', 1);
INSERT INTO pigtraxrefdata."City" (name, "lastUpdated", "userUpdated", "id_Country") VALUES ('Siqueira Campos', CURRENT_TIMESTAMP, 'pigtraxadmin', 1);
INSERT INTO pigtraxrefdata."City" (name, "lastUpdated", "userUpdated", "id_Country") VALUES ('Siriji', CURRENT_TIMESTAMP, 'pigtraxadmin', 1);
INSERT INTO pigtraxrefdata."City" (name, "lastUpdated", "userUpdated", "id_Country") VALUES ('Sirinhaém', CURRENT_TIMESTAMP, 'pigtraxadmin', 1);
INSERT INTO pigtraxrefdata."City" (name, "lastUpdated", "userUpdated", "id_Country") VALUES ('Siriri', CURRENT_TIMESTAMP, 'pigtraxadmin', 1);
INSERT INTO pigtraxrefdata."City" (name, "lastUpdated", "userUpdated", "id_Country") VALUES ('Sítio Alegre', CURRENT_TIMESTAMP, 'pigtraxadmin', 1);
INSERT INTO pigtraxrefdata."City" (name, "lastUpdated", "userUpdated", "id_Country") VALUES ('Sítio d''Abadia', CURRENT_TIMESTAMP, 'pigtraxadmin', 1);
INSERT INTO pigtraxrefdata."City" (name, "lastUpdated", "userUpdated", "id_Country") VALUES ('Sítio do Mato', CURRENT_TIMESTAMP, 'pigtraxadmin', 1);
INSERT INTO pigtraxrefdata."City" (name, "lastUpdated", "userUpdated", "id_Country") VALUES ('Sítio do Quinto', CURRENT_TIMESTAMP, 'pigtraxadmin', 1);
INSERT INTO pigtraxrefdata."City" (name, "lastUpdated", "userUpdated", "id_Country") VALUES ('Sítio Grande', CURRENT_TIMESTAMP, 'pigtraxadmin', 1);
INSERT INTO pigtraxrefdata."City" (name, "lastUpdated", "userUpdated", "id_Country") VALUES ('Sítio Novo', CURRENT_TIMESTAMP, 'pigtraxadmin', 1);
INSERT INTO pigtraxrefdata."City" (name, "lastUpdated", "userUpdated", "id_Country") VALUES ('Sítio Novo do Tocantins', CURRENT_TIMESTAMP, 'pigtraxadmin', 1);
INSERT INTO pigtraxrefdata."City" (name, "lastUpdated", "userUpdated", "id_Country") VALUES ('Sítios Novos', CURRENT_TIMESTAMP, 'pigtraxadmin', 1);
INSERT INTO pigtraxrefdata."City" (name, "lastUpdated", "userUpdated", "id_Country") VALUES ('Siupé', CURRENT_TIMESTAMP, 'pigtraxadmin', 1);
INSERT INTO pigtraxrefdata."City" (name, "lastUpdated", "userUpdated", "id_Country") VALUES ('Sobradinho', CURRENT_TIMESTAMP, 'pigtraxadmin', 1);
INSERT INTO pigtraxrefdata."City" (name, "lastUpdated", "userUpdated", "id_Country") VALUES ('Sobrado', CURRENT_TIMESTAMP, 'pigtraxadmin', 1);
INSERT INTO pigtraxrefdata."City" (name, "lastUpdated", "userUpdated", "id_Country") VALUES ('Sobral', CURRENT_TIMESTAMP, 'pigtraxadmin', 1);
INSERT INTO pigtraxrefdata."City" (name, "lastUpdated", "userUpdated", "id_Country") VALUES ('Sobrália', CURRENT_TIMESTAMP, 'pigtraxadmin', 1);
INSERT INTO pigtraxrefdata."City" (name, "lastUpdated", "userUpdated", "id_Country") VALUES ('Sobreiro', CURRENT_TIMESTAMP, 'pigtraxadmin', 1);
INSERT INTO pigtraxrefdata."City" (name, "lastUpdated", "userUpdated", "id_Country") VALUES ('Socavão', CURRENT_TIMESTAMP, 'pigtraxadmin', 1);
INSERT INTO pigtraxrefdata."City" (name, "lastUpdated", "userUpdated", "id_Country") VALUES ('Socorro', CURRENT_TIMESTAMP, 'pigtraxadmin', 1);
INSERT INTO pigtraxrefdata."City" (name, "lastUpdated", "userUpdated", "id_Country") VALUES ('Socorro do Piauí', CURRENT_TIMESTAMP, 'pigtraxadmin', 1);
INSERT INTO pigtraxrefdata."City" (name, "lastUpdated", "userUpdated", "id_Country") VALUES ('Solânea', CURRENT_TIMESTAMP, 'pigtraxadmin', 1);
INSERT INTO pigtraxrefdata."City" (name, "lastUpdated", "userUpdated", "id_Country") VALUES ('Soledade de Minas', CURRENT_TIMESTAMP, 'pigtraxadmin', 1);
INSERT INTO pigtraxrefdata."City" (name, "lastUpdated", "userUpdated", "id_Country") VALUES ('Solemar', CURRENT_TIMESTAMP, 'pigtraxadmin', 1);
INSERT INTO pigtraxrefdata."City" (name, "lastUpdated", "userUpdated", "id_Country") VALUES ('Solidão', CURRENT_TIMESTAMP, 'pigtraxadmin', 1);
INSERT INTO pigtraxrefdata."City" (name, "lastUpdated", "userUpdated", "id_Country") VALUES ('Solonópole', CURRENT_TIMESTAMP, 'pigtraxadmin', 1);
INSERT INTO pigtraxrefdata."City" (name, "lastUpdated", "userUpdated", "id_Country") VALUES ('Sombrio', CURRENT_TIMESTAMP, 'pigtraxadmin', 1);
INSERT INTO pigtraxrefdata."City" (name, "lastUpdated", "userUpdated", "id_Country") VALUES ('Sonho Azul', CURRENT_TIMESTAMP, 'pigtraxadmin', 1);
INSERT INTO pigtraxrefdata."City" (name, "lastUpdated", "userUpdated", "id_Country") VALUES ('Sonora', CURRENT_TIMESTAMP, 'pigtraxadmin', 1);
INSERT INTO pigtraxrefdata."City" (name, "lastUpdated", "userUpdated", "id_Country") VALUES ('Sooretama', CURRENT_TIMESTAMP, 'pigtraxadmin', 1);
INSERT INTO pigtraxrefdata."City" (name, "lastUpdated", "userUpdated", "id_Country") VALUES ('Sorocaba', CURRENT_TIMESTAMP, 'pigtraxadmin', 1);
INSERT INTO pigtraxrefdata."City" (name, "lastUpdated", "userUpdated", "id_Country") VALUES ('Sorriso', CURRENT_TIMESTAMP, 'pigtraxadmin', 1);
INSERT INTO pigtraxrefdata."City" (name, "lastUpdated", "userUpdated", "id_Country") VALUES ('Sossêgo', CURRENT_TIMESTAMP, 'pigtraxadmin', 1);
INSERT INTO pigtraxrefdata."City" (name, "lastUpdated", "userUpdated", "id_Country") VALUES ('Soure', CURRENT_TIMESTAMP, 'pigtraxadmin', 1);
INSERT INTO pigtraxrefdata."City" (name, "lastUpdated", "userUpdated", "id_Country") VALUES ('Sousa', CURRENT_TIMESTAMP, 'pigtraxadmin', 1);
INSERT INTO pigtraxrefdata."City" (name, "lastUpdated", "userUpdated", "id_Country") VALUES ('Sousânia', CURRENT_TIMESTAMP, 'pigtraxadmin', 1);
INSERT INTO pigtraxrefdata."City" (name, "lastUpdated", "userUpdated", "id_Country") VALUES ('Suassurana', CURRENT_TIMESTAMP, 'pigtraxadmin', 1);
INSERT INTO pigtraxrefdata."City" (name, "lastUpdated", "userUpdated", "id_Country") VALUES ('Subaúma', CURRENT_TIMESTAMP, 'pigtraxadmin', 1);
INSERT INTO pigtraxrefdata."City" (name, "lastUpdated", "userUpdated", "id_Country") VALUES ('Sucanga', CURRENT_TIMESTAMP, 'pigtraxadmin', 1);
INSERT INTO pigtraxrefdata."City" (name, "lastUpdated", "userUpdated", "id_Country") VALUES ('Sucatinga', CURRENT_TIMESTAMP, 'pigtraxadmin', 1);
INSERT INTO pigtraxrefdata."City" (name, "lastUpdated", "userUpdated", "id_Country") VALUES ('Sucesso', CURRENT_TIMESTAMP, 'pigtraxadmin', 1);
INSERT INTO pigtraxrefdata."City" (name, "lastUpdated", "userUpdated", "id_Country") VALUES ('Sucupira', CURRENT_TIMESTAMP, 'pigtraxadmin', 1);
INSERT INTO pigtraxrefdata."City" (name, "lastUpdated", "userUpdated", "id_Country") VALUES ('Sucupira do Norte', CURRENT_TIMESTAMP, 'pigtraxadmin', 1);
INSERT INTO pigtraxrefdata."City" (name, "lastUpdated", "userUpdated", "id_Country") VALUES ('Sucupira do Riachão', CURRENT_TIMESTAMP, 'pigtraxadmin', 1);
INSERT INTO pigtraxrefdata."City" (name, "lastUpdated", "userUpdated", "id_Country") VALUES ('Sucuriju', CURRENT_TIMESTAMP, 'pigtraxadmin', 1);
INSERT INTO pigtraxrefdata."City" (name, "lastUpdated", "userUpdated", "id_Country") VALUES ('Sud Mennucci', CURRENT_TIMESTAMP, 'pigtraxadmin', 1);
INSERT INTO pigtraxrefdata."City" (name, "lastUpdated", "userUpdated", "id_Country") VALUES ('Sul Brasil', CURRENT_TIMESTAMP, 'pigtraxadmin', 1);
INSERT INTO pigtraxrefdata."City" (name, "lastUpdated", "userUpdated", "id_Country") VALUES ('Sulina', CURRENT_TIMESTAMP, 'pigtraxadmin', 1);
INSERT INTO pigtraxrefdata."City" (name, "lastUpdated", "userUpdated", "id_Country") VALUES ('Sumaré', CURRENT_TIMESTAMP, 'pigtraxadmin', 1);
INSERT INTO pigtraxrefdata."City" (name, "lastUpdated", "userUpdated", "id_Country") VALUES ('Sumé', CURRENT_TIMESTAMP, 'pigtraxadmin', 1);
INSERT INTO pigtraxrefdata."City" (name, "lastUpdated", "userUpdated", "id_Country") VALUES ('Sumidouro', CURRENT_TIMESTAMP, 'pigtraxadmin', 1);
INSERT INTO pigtraxrefdata."City" (name, "lastUpdated", "userUpdated", "id_Country") VALUES ('Surpresa', CURRENT_TIMESTAMP, 'pigtraxadmin', 1);
INSERT INTO pigtraxrefdata."City" (name, "lastUpdated", "userUpdated", "id_Country") VALUES ('Surubim', CURRENT_TIMESTAMP, 'pigtraxadmin', 1);
INSERT INTO pigtraxrefdata."City" (name, "lastUpdated", "userUpdated", "id_Country") VALUES ('Suruí', CURRENT_TIMESTAMP, 'pigtraxadmin', 1);
INSERT INTO pigtraxrefdata."City" (name, "lastUpdated", "userUpdated", "id_Country") VALUES ('Sussuapara', CURRENT_TIMESTAMP, 'pigtraxadmin', 1);
INSERT INTO pigtraxrefdata."City" (name, "lastUpdated", "userUpdated", "id_Country") VALUES ('Sussuarana', CURRENT_TIMESTAMP, 'pigtraxadmin', 1);
INSERT INTO pigtraxrefdata."City" (name, "lastUpdated", "userUpdated", "id_Country") VALUES ('Suzanápolis', CURRENT_TIMESTAMP, 'pigtraxadmin', 1);
INSERT INTO pigtraxrefdata."City" (name, "lastUpdated", "userUpdated", "id_Country") VALUES ('Suzano', CURRENT_TIMESTAMP, 'pigtraxadmin', 1);
INSERT INTO pigtraxrefdata."City" (name, "lastUpdated", "userUpdated", "id_Country") VALUES ('Tabaí', CURRENT_TIMESTAMP, 'pigtraxadmin', 1);
INSERT INTO pigtraxrefdata."City" (name, "lastUpdated", "userUpdated", "id_Country") VALUES ('Tabajara', CURRENT_TIMESTAMP, 'pigtraxadmin', 1);
INSERT INTO pigtraxrefdata."City" (name, "lastUpdated", "userUpdated", "id_Country") VALUES ('Tabaporã', CURRENT_TIMESTAMP, 'pigtraxadmin', 1);
INSERT INTO pigtraxrefdata."City" (name, "lastUpdated", "userUpdated", "id_Country") VALUES ('Tabapuã', CURRENT_TIMESTAMP, 'pigtraxadmin', 1);
INSERT INTO pigtraxrefdata."City" (name, "lastUpdated", "userUpdated", "id_Country") VALUES ('Tabatinga', CURRENT_TIMESTAMP, 'pigtraxadmin', 1);
INSERT INTO pigtraxrefdata."City" (name, "lastUpdated", "userUpdated", "id_Country") VALUES ('Tabira', CURRENT_TIMESTAMP, 'pigtraxadmin', 1);
INSERT INTO pigtraxrefdata."City" (name, "lastUpdated", "userUpdated", "id_Country") VALUES ('Taboão da Serra', CURRENT_TIMESTAMP, 'pigtraxadmin', 1);
INSERT INTO pigtraxrefdata."City" (name, "lastUpdated", "userUpdated", "id_Country") VALUES ('Taboas', CURRENT_TIMESTAMP, 'pigtraxadmin', 1);
INSERT INTO pigtraxrefdata."City" (name, "lastUpdated", "userUpdated", "id_Country") VALUES ('Taboca', CURRENT_TIMESTAMP, 'pigtraxadmin', 1);
INSERT INTO pigtraxrefdata."City" (name, "lastUpdated", "userUpdated", "id_Country") VALUES ('Tabocas do Brejo Velho', CURRENT_TIMESTAMP, 'pigtraxadmin', 1);
INSERT INTO pigtraxrefdata."City" (name, "lastUpdated", "userUpdated", "id_Country") VALUES ('Taboleiro', CURRENT_TIMESTAMP, 'pigtraxadmin', 1);
INSERT INTO pigtraxrefdata."City" (name, "lastUpdated", "userUpdated", "id_Country") VALUES ('Taboleiro Grande', CURRENT_TIMESTAMP, 'pigtraxadmin', 1);
INSERT INTO pigtraxrefdata."City" (name, "lastUpdated", "userUpdated", "id_Country") VALUES ('Taboquinhas', CURRENT_TIMESTAMP, 'pigtraxadmin', 1);
INSERT INTO pigtraxrefdata."City" (name, "lastUpdated", "userUpdated", "id_Country") VALUES ('Tabuleiro', CURRENT_TIMESTAMP, 'pigtraxadmin', 1);
INSERT INTO pigtraxrefdata."City" (name, "lastUpdated", "userUpdated", "id_Country") VALUES ('Tabuleiro do Norte', CURRENT_TIMESTAMP, 'pigtraxadmin', 1);
INSERT INTO pigtraxrefdata."City" (name, "lastUpdated", "userUpdated", "id_Country") VALUES ('Tacaimbó', CURRENT_TIMESTAMP, 'pigtraxadmin', 1);
INSERT INTO pigtraxrefdata."City" (name, "lastUpdated", "userUpdated", "id_Country") VALUES ('Tacaratu', CURRENT_TIMESTAMP, 'pigtraxadmin', 1);
INSERT INTO pigtraxrefdata."City" (name, "lastUpdated", "userUpdated", "id_Country") VALUES ('Taciba', CURRENT_TIMESTAMP, 'pigtraxadmin', 1);
INSERT INTO pigtraxrefdata."City" (name, "lastUpdated", "userUpdated", "id_Country") VALUES ('Tacima', CURRENT_TIMESTAMP, 'pigtraxadmin', 1);
INSERT INTO pigtraxrefdata."City" (name, "lastUpdated", "userUpdated", "id_Country") VALUES ('Tacuru', CURRENT_TIMESTAMP, 'pigtraxadmin', 1);
INSERT INTO pigtraxrefdata."City" (name, "lastUpdated", "userUpdated", "id_Country") VALUES ('Taguá', CURRENT_TIMESTAMP, 'pigtraxadmin', 1);
INSERT INTO pigtraxrefdata."City" (name, "lastUpdated", "userUpdated", "id_Country") VALUES ('Taguaí', CURRENT_TIMESTAMP, 'pigtraxadmin', 1);
INSERT INTO pigtraxrefdata."City" (name, "lastUpdated", "userUpdated", "id_Country") VALUES ('Taguatinga', CURRENT_TIMESTAMP, 'pigtraxadmin', 1);
INSERT INTO pigtraxrefdata."City" (name, "lastUpdated", "userUpdated", "id_Country") VALUES ('Taiaçu', CURRENT_TIMESTAMP, 'pigtraxadmin', 1);
INSERT INTO pigtraxrefdata."City" (name, "lastUpdated", "userUpdated", "id_Country") VALUES ('Taiaçupeba', CURRENT_TIMESTAMP, 'pigtraxadmin', 1);
INSERT INTO pigtraxrefdata."City" (name, "lastUpdated", "userUpdated", "id_Country") VALUES ('Taiba', CURRENT_TIMESTAMP, 'pigtraxadmin', 1);
INSERT INTO pigtraxrefdata."City" (name, "lastUpdated", "userUpdated", "id_Country") VALUES ('Taipas do Tocantins', CURRENT_TIMESTAMP, 'pigtraxadmin', 1);
INSERT INTO pigtraxrefdata."City" (name, "lastUpdated", "userUpdated", "id_Country") VALUES ('Taipu', CURRENT_TIMESTAMP, 'pigtraxadmin', 1);
INSERT INTO pigtraxrefdata."City" (name, "lastUpdated", "userUpdated", "id_Country") VALUES ('Taiúva', CURRENT_TIMESTAMP, 'pigtraxadmin', 1);
INSERT INTO pigtraxrefdata."City" (name, "lastUpdated", "userUpdated", "id_Country") VALUES ('Talhado', CURRENT_TIMESTAMP, 'pigtraxadmin', 1);
INSERT INTO pigtraxrefdata."City" (name, "lastUpdated", "userUpdated", "id_Country") VALUES ('Talismã', CURRENT_TIMESTAMP, 'pigtraxadmin', 1);
INSERT INTO pigtraxrefdata."City" (name, "lastUpdated", "userUpdated", "id_Country") VALUES ('Tamandaré', CURRENT_TIMESTAMP, 'pigtraxadmin', 1);
INSERT INTO pigtraxrefdata."City" (name, "lastUpdated", "userUpdated", "id_Country") VALUES ('Tamarana', CURRENT_TIMESTAMP, 'pigtraxadmin', 1);
INSERT INTO pigtraxrefdata."City" (name, "lastUpdated", "userUpdated", "id_Country") VALUES ('Tambaú', CURRENT_TIMESTAMP, 'pigtraxadmin', 1);
INSERT INTO pigtraxrefdata."City" (name, "lastUpdated", "userUpdated", "id_Country") VALUES ('Tamboara', CURRENT_TIMESTAMP, 'pigtraxadmin', 1);
INSERT INTO pigtraxrefdata."City" (name, "lastUpdated", "userUpdated", "id_Country") VALUES ('Tamboril', CURRENT_TIMESTAMP, 'pigtraxadmin', 1);
INSERT INTO pigtraxrefdata."City" (name, "lastUpdated", "userUpdated", "id_Country") VALUES ('Tamboril do Piauí', CURRENT_TIMESTAMP, 'pigtraxadmin', 1);
INSERT INTO pigtraxrefdata."City" (name, "lastUpdated", "userUpdated", "id_Country") VALUES ('Tanabi', CURRENT_TIMESTAMP, 'pigtraxadmin', 1);
INSERT INTO pigtraxrefdata."City" (name, "lastUpdated", "userUpdated", "id_Country") VALUES ('Tangará', CURRENT_TIMESTAMP, 'pigtraxadmin', 1);
INSERT INTO pigtraxrefdata."City" (name, "lastUpdated", "userUpdated", "id_Country") VALUES ('Tangará da Serra', CURRENT_TIMESTAMP, 'pigtraxadmin', 1);
INSERT INTO pigtraxrefdata."City" (name, "lastUpdated", "userUpdated", "id_Country") VALUES ('Tangente', CURRENT_TIMESTAMP, 'pigtraxadmin', 1);
INSERT INTO pigtraxrefdata."City" (name, "lastUpdated", "userUpdated", "id_Country") VALUES ('Tanguá', CURRENT_TIMESTAMP, 'pigtraxadmin', 1);
INSERT INTO pigtraxrefdata."City" (name, "lastUpdated", "userUpdated", "id_Country") VALUES ('Tanhaçu', CURRENT_TIMESTAMP, 'pigtraxadmin', 1);
INSERT INTO pigtraxrefdata."City" (name, "lastUpdated", "userUpdated", "id_Country") VALUES ('Tanque d''Arca', CURRENT_TIMESTAMP, 'pigtraxadmin', 1);
INSERT INTO pigtraxrefdata."City" (name, "lastUpdated", "userUpdated", "id_Country") VALUES ('Tanque do Piauí', CURRENT_TIMESTAMP, 'pigtraxadmin', 1);
INSERT INTO pigtraxrefdata."City" (name, "lastUpdated", "userUpdated", "id_Country") VALUES ('Tanque Novo', CURRENT_TIMESTAMP, 'pigtraxadmin', 1);
INSERT INTO pigtraxrefdata."City" (name, "lastUpdated", "userUpdated", "id_Country") VALUES ('Tapejara', CURRENT_TIMESTAMP, 'pigtraxadmin', 1);
INSERT INTO pigtraxrefdata."City" (name, "lastUpdated", "userUpdated", "id_Country") VALUES ('Tapera', CURRENT_TIMESTAMP, 'pigtraxadmin', 1);
INSERT INTO pigtraxrefdata."City" (name, "lastUpdated", "userUpdated", "id_Country") VALUES ('Taperoá', CURRENT_TIMESTAMP, 'pigtraxadmin', 1);
INSERT INTO pigtraxrefdata."City" (name, "lastUpdated", "userUpdated", "id_Country") VALUES ('Taperuaba', CURRENT_TIMESTAMP, 'pigtraxadmin', 1);
INSERT INTO pigtraxrefdata."City" (name, "lastUpdated", "userUpdated", "id_Country") VALUES ('Tapes', CURRENT_TIMESTAMP, 'pigtraxadmin', 1);
INSERT INTO pigtraxrefdata."City" (name, "lastUpdated", "userUpdated", "id_Country") VALUES ('Tapinas', CURRENT_TIMESTAMP, 'pigtraxadmin', 1);
INSERT INTO pigtraxrefdata."City" (name, "lastUpdated", "userUpdated", "id_Country") VALUES ('Tapira', CURRENT_TIMESTAMP, 'pigtraxadmin', 1);
INSERT INTO pigtraxrefdata."City" (name, "lastUpdated", "userUpdated", "id_Country") VALUES ('Tapiraí', CURRENT_TIMESTAMP, 'pigtraxadmin', 1);
INSERT INTO pigtraxrefdata."City" (name, "lastUpdated", "userUpdated", "id_Country") VALUES ('Tapiraim', CURRENT_TIMESTAMP, 'pigtraxadmin', 1);
INSERT INTO pigtraxrefdata."City" (name, "lastUpdated", "userUpdated", "id_Country") VALUES ('Tapiraípe', CURRENT_TIMESTAMP, 'pigtraxadmin', 1);
INSERT INTO pigtraxrefdata."City" (name, "lastUpdated", "userUpdated", "id_Country") VALUES ('Tapirama', CURRENT_TIMESTAMP, 'pigtraxadmin', 1);
INSERT INTO pigtraxrefdata."City" (name, "lastUpdated", "userUpdated", "id_Country") VALUES ('Tapiramutá', CURRENT_TIMESTAMP, 'pigtraxadmin', 1);
INSERT INTO pigtraxrefdata."City" (name, "lastUpdated", "userUpdated", "id_Country") VALUES ('Tapurah', CURRENT_TIMESTAMP, 'pigtraxadmin', 1);
INSERT INTO pigtraxrefdata."City" (name, "lastUpdated", "userUpdated", "id_Country") VALUES ('Taquara', CURRENT_TIMESTAMP, 'pigtraxadmin', 1);
INSERT INTO pigtraxrefdata."City" (name, "lastUpdated", "userUpdated", "id_Country") VALUES ('Taquara Verde', CURRENT_TIMESTAMP, 'pigtraxadmin', 1);
INSERT INTO pigtraxrefdata."City" (name, "lastUpdated", "userUpdated", "id_Country") VALUES ('Taquaraçu de Minas', CURRENT_TIMESTAMP, 'pigtraxadmin', 1);
INSERT INTO pigtraxrefdata."City" (name, "lastUpdated", "userUpdated", "id_Country") VALUES ('Taquaral', CURRENT_TIMESTAMP, 'pigtraxadmin', 1);
INSERT INTO pigtraxrefdata."City" (name, "lastUpdated", "userUpdated", "id_Country") VALUES ('Taquaral de Goiás', CURRENT_TIMESTAMP, 'pigtraxadmin', 1);
INSERT INTO pigtraxrefdata."City" (name, "lastUpdated", "userUpdated", "id_Country") VALUES ('Taquarana', CURRENT_TIMESTAMP, 'pigtraxadmin', 1);
INSERT INTO pigtraxrefdata."City" (name, "lastUpdated", "userUpdated", "id_Country") VALUES ('Taquarandi', CURRENT_TIMESTAMP, 'pigtraxadmin', 1);
INSERT INTO pigtraxrefdata."City" (name, "lastUpdated", "userUpdated", "id_Country") VALUES ('Taquari', CURRENT_TIMESTAMP, 'pigtraxadmin', 1);
INSERT INTO pigtraxrefdata."City" (name, "lastUpdated", "userUpdated", "id_Country") VALUES ('Taquarinha', CURRENT_TIMESTAMP, 'pigtraxadmin', 1);
INSERT INTO pigtraxrefdata."City" (name, "lastUpdated", "userUpdated", "id_Country") VALUES ('Taquaritinga', CURRENT_TIMESTAMP, 'pigtraxadmin', 1);
INSERT INTO pigtraxrefdata."City" (name, "lastUpdated", "userUpdated", "id_Country") VALUES ('Taquaritinga do Norte', CURRENT_TIMESTAMP, 'pigtraxadmin', 1);
INSERT INTO pigtraxrefdata."City" (name, "lastUpdated", "userUpdated", "id_Country") VALUES ('Taquarituba', CURRENT_TIMESTAMP, 'pigtraxadmin', 1);
INSERT INTO pigtraxrefdata."City" (name, "lastUpdated", "userUpdated", "id_Country") VALUES ('Taquarivaí', CURRENT_TIMESTAMP, 'pigtraxadmin', 1);
INSERT INTO pigtraxrefdata."City" (name, "lastUpdated", "userUpdated", "id_Country") VALUES ('Taquaruçu', CURRENT_TIMESTAMP, 'pigtraxadmin', 1);
INSERT INTO pigtraxrefdata."City" (name, "lastUpdated", "userUpdated", "id_Country") VALUES ('Taquaruçu do Sul', CURRENT_TIMESTAMP, 'pigtraxadmin', 1);
INSERT INTO pigtraxrefdata."City" (name, "lastUpdated", "userUpdated", "id_Country") VALUES ('Taquarussu', CURRENT_TIMESTAMP, 'pigtraxadmin', 1);
INSERT INTO pigtraxrefdata."City" (name, "lastUpdated", "userUpdated", "id_Country") VALUES ('Tarabai', CURRENT_TIMESTAMP, 'pigtraxadmin', 1);
INSERT INTO pigtraxrefdata."City" (name, "lastUpdated", "userUpdated", "id_Country") VALUES ('Tarauacá', CURRENT_TIMESTAMP, 'pigtraxadmin', 1);
INSERT INTO pigtraxrefdata."City" (name, "lastUpdated", "userUpdated", "id_Country") VALUES ('Tarilândia', CURRENT_TIMESTAMP, 'pigtraxadmin', 1);
INSERT INTO pigtraxrefdata."City" (name, "lastUpdated", "userUpdated", "id_Country") VALUES ('Tarituba', CURRENT_TIMESTAMP, 'pigtraxadmin', 1);
INSERT INTO pigtraxrefdata."City" (name, "lastUpdated", "userUpdated", "id_Country") VALUES ('Tarrafas', CURRENT_TIMESTAMP, 'pigtraxadmin', 1);
INSERT INTO pigtraxrefdata."City" (name, "lastUpdated", "userUpdated", "id_Country") VALUES ('Tartaruga', CURRENT_TIMESTAMP, 'pigtraxadmin', 1);
INSERT INTO pigtraxrefdata."City" (name, "lastUpdated", "userUpdated", "id_Country") VALUES ('Tartarugalzinho', CURRENT_TIMESTAMP, 'pigtraxadmin', 1);
INSERT INTO pigtraxrefdata."City" (name, "lastUpdated", "userUpdated", "id_Country") VALUES ('Taruaçu de Minas', CURRENT_TIMESTAMP, 'pigtraxadmin', 1);
INSERT INTO pigtraxrefdata."City" (name, "lastUpdated", "userUpdated", "id_Country") VALUES ('Tarumã', CURRENT_TIMESTAMP, 'pigtraxadmin', 1);
INSERT INTO pigtraxrefdata."City" (name, "lastUpdated", "userUpdated", "id_Country") VALUES ('Tarumirim', CURRENT_TIMESTAMP, 'pigtraxadmin', 1);
INSERT INTO pigtraxrefdata."City" (name, "lastUpdated", "userUpdated", "id_Country") VALUES ('Tasso Fragoso', CURRENT_TIMESTAMP, 'pigtraxadmin', 1);
INSERT INTO pigtraxrefdata."City" (name, "lastUpdated", "userUpdated", "id_Country") VALUES ('Tatuamunha', CURRENT_TIMESTAMP, 'pigtraxadmin', 1);
INSERT INTO pigtraxrefdata."City" (name, "lastUpdated", "userUpdated", "id_Country") VALUES ('Tatuí', CURRENT_TIMESTAMP, 'pigtraxadmin', 1);
INSERT INTO pigtraxrefdata."City" (name, "lastUpdated", "userUpdated", "id_Country") VALUES ('Tauá', CURRENT_TIMESTAMP, 'pigtraxadmin', 1);
INSERT INTO pigtraxrefdata."City" (name, "lastUpdated", "userUpdated", "id_Country") VALUES ('Tauape', CURRENT_TIMESTAMP, 'pigtraxadmin', 1);
INSERT INTO pigtraxrefdata."City" (name, "lastUpdated", "userUpdated", "id_Country") VALUES ('Tauari', CURRENT_TIMESTAMP, 'pigtraxadmin', 1);
INSERT INTO pigtraxrefdata."City" (name, "lastUpdated", "userUpdated", "id_Country") VALUES ('Tauarizinho', CURRENT_TIMESTAMP, 'pigtraxadmin', 1);
INSERT INTO pigtraxrefdata."City" (name, "lastUpdated", "userUpdated", "id_Country") VALUES ('Taubaté', CURRENT_TIMESTAMP, 'pigtraxadmin', 1);
INSERT INTO pigtraxrefdata."City" (name, "lastUpdated", "userUpdated", "id_Country") VALUES ('Tavares', CURRENT_TIMESTAMP, 'pigtraxadmin', 1);
INSERT INTO pigtraxrefdata."City" (name, "lastUpdated", "userUpdated", "id_Country") VALUES ('Tavares de Minas', CURRENT_TIMESTAMP, 'pigtraxadmin', 1);
INSERT INTO pigtraxrefdata."City" (name, "lastUpdated", "userUpdated", "id_Country") VALUES ('Tebas', CURRENT_TIMESTAMP, 'pigtraxadmin', 1);
INSERT INTO pigtraxrefdata."City" (name, "lastUpdated", "userUpdated", "id_Country") VALUES ('Teçaindá', CURRENT_TIMESTAMP, 'pigtraxadmin', 1);
INSERT INTO pigtraxrefdata."City" (name, "lastUpdated", "userUpdated", "id_Country") VALUES ('Tefé', CURRENT_TIMESTAMP, 'pigtraxadmin', 1);
INSERT INTO pigtraxrefdata."City" (name, "lastUpdated", "userUpdated", "id_Country") VALUES ('Teixeira de Freitas', CURRENT_TIMESTAMP, 'pigtraxadmin', 1);
INSERT INTO pigtraxrefdata."City" (name, "lastUpdated", "userUpdated", "id_Country") VALUES ('Teixeira do Progresso', CURRENT_TIMESTAMP, 'pigtraxadmin', 1);
INSERT INTO pigtraxrefdata."City" (name, "lastUpdated", "userUpdated", "id_Country") VALUES ('Teixeira Soares', CURRENT_TIMESTAMP, 'pigtraxadmin', 1);
INSERT INTO pigtraxrefdata."City" (name, "lastUpdated", "userUpdated", "id_Country") VALUES ('Teixeiras', CURRENT_TIMESTAMP, 'pigtraxadmin', 1);
INSERT INTO pigtraxrefdata."City" (name, "lastUpdated", "userUpdated", "id_Country") VALUES ('Teixeirópolis', CURRENT_TIMESTAMP, 'pigtraxadmin', 1);
INSERT INTO pigtraxrefdata."City" (name, "lastUpdated", "userUpdated", "id_Country") VALUES ('Tejuco', CURRENT_TIMESTAMP, 'pigtraxadmin', 1);
INSERT INTO pigtraxrefdata."City" (name, "lastUpdated", "userUpdated", "id_Country") VALUES ('Tejucopapo', CURRENT_TIMESTAMP, 'pigtraxadmin', 1);
INSERT INTO pigtraxrefdata."City" (name, "lastUpdated", "userUpdated", "id_Country") VALUES ('Tejuçuoca', CURRENT_TIMESTAMP, 'pigtraxadmin', 1);
INSERT INTO pigtraxrefdata."City" (name, "lastUpdated", "userUpdated", "id_Country") VALUES ('Tejupá', CURRENT_TIMESTAMP, 'pigtraxadmin', 1);
INSERT INTO pigtraxrefdata."City" (name, "lastUpdated", "userUpdated", "id_Country") VALUES ('Telêmaco Borba', CURRENT_TIMESTAMP, 'pigtraxadmin', 1);
INSERT INTO pigtraxrefdata."City" (name, "lastUpdated", "userUpdated", "id_Country") VALUES ('Telha', CURRENT_TIMESTAMP, 'pigtraxadmin', 1);
INSERT INTO pigtraxrefdata."City" (name, "lastUpdated", "userUpdated", "id_Country") VALUES ('Tenente Ananias', CURRENT_TIMESTAMP, 'pigtraxadmin', 1);
INSERT INTO pigtraxrefdata."City" (name, "lastUpdated", "userUpdated", "id_Country") VALUES ('Tenente Laurentino Cruz', CURRENT_TIMESTAMP, 'pigtraxadmin', 1);
INSERT INTO pigtraxrefdata."City" (name, "lastUpdated", "userUpdated", "id_Country") VALUES ('Tenente Portela', CURRENT_TIMESTAMP, 'pigtraxadmin', 1);
INSERT INTO pigtraxrefdata."City" (name, "lastUpdated", "userUpdated", "id_Country") VALUES ('Tenório', CURRENT_TIMESTAMP, 'pigtraxadmin', 1);
INSERT INTO pigtraxrefdata."City" (name, "lastUpdated", "userUpdated", "id_Country") VALUES ('Teodoro Sampaio', CURRENT_TIMESTAMP, 'pigtraxadmin', 1);
INSERT INTO pigtraxrefdata."City" (name, "lastUpdated", "userUpdated", "id_Country") VALUES ('Teofilândia', CURRENT_TIMESTAMP, 'pigtraxadmin', 1);
INSERT INTO pigtraxrefdata."City" (name, "lastUpdated", "userUpdated", "id_Country") VALUES ('Teófilo Otoni', CURRENT_TIMESTAMP, 'pigtraxadmin', 1);
INSERT INTO pigtraxrefdata."City" (name, "lastUpdated", "userUpdated", "id_Country") VALUES ('Teolândia', CURRENT_TIMESTAMP, 'pigtraxadmin', 1);
INSERT INTO pigtraxrefdata."City" (name, "lastUpdated", "userUpdated", "id_Country") VALUES ('Teotônio Vilela', CURRENT_TIMESTAMP, 'pigtraxadmin', 1);
INSERT INTO pigtraxrefdata."City" (name, "lastUpdated", "userUpdated", "id_Country") VALUES ('Terenos', CURRENT_TIMESTAMP, 'pigtraxadmin', 1);
INSERT INTO pigtraxrefdata."City" (name, "lastUpdated", "userUpdated", "id_Country") VALUES ('Teresina', CURRENT_TIMESTAMP, 'pigtraxadmin', 1);
INSERT INTO pigtraxrefdata."City" (name, "lastUpdated", "userUpdated", "id_Country") VALUES ('Teresina de Goiás', CURRENT_TIMESTAMP, 'pigtraxadmin', 1);
INSERT INTO pigtraxrefdata."City" (name, "lastUpdated", "userUpdated", "id_Country") VALUES ('Teresópolis', CURRENT_TIMESTAMP, 'pigtraxadmin', 1);
INSERT INTO pigtraxrefdata."City" (name, "lastUpdated", "userUpdated", "id_Country") VALUES ('Terezinha', CURRENT_TIMESTAMP, 'pigtraxadmin', 1);
INSERT INTO pigtraxrefdata."City" (name, "lastUpdated", "userUpdated", "id_Country") VALUES ('Terezópolis de Goiás', CURRENT_TIMESTAMP, 'pigtraxadmin', 1);
INSERT INTO pigtraxrefdata."City" (name, "lastUpdated", "userUpdated", "id_Country") VALUES ('Termas de Ibirá', CURRENT_TIMESTAMP, 'pigtraxadmin', 1);
INSERT INTO pigtraxrefdata."City" (name, "lastUpdated", "userUpdated", "id_Country") VALUES ('Terra Alta', CURRENT_TIMESTAMP, 'pigtraxadmin', 1);
INSERT INTO pigtraxrefdata."City" (name, "lastUpdated", "userUpdated", "id_Country") VALUES ('Terra Boa', CURRENT_TIMESTAMP, 'pigtraxadmin', 1);
INSERT INTO pigtraxrefdata."City" (name, "lastUpdated", "userUpdated", "id_Country") VALUES ('Terra de Areia', CURRENT_TIMESTAMP, 'pigtraxadmin', 1);
INSERT INTO pigtraxrefdata."City" (name, "lastUpdated", "userUpdated", "id_Country") VALUES ('Terra Nova', CURRENT_TIMESTAMP, 'pigtraxadmin', 1);
INSERT INTO pigtraxrefdata."City" (name, "lastUpdated", "userUpdated", "id_Country") VALUES ('Terra Nova do Norte', CURRENT_TIMESTAMP, 'pigtraxadmin', 1);
INSERT INTO pigtraxrefdata."City" (name, "lastUpdated", "userUpdated", "id_Country") VALUES ('Terra Preta', CURRENT_TIMESTAMP, 'pigtraxadmin', 1);
INSERT INTO pigtraxrefdata."City" (name, "lastUpdated", "userUpdated", "id_Country") VALUES ('Terra Rica', CURRENT_TIMESTAMP, 'pigtraxadmin', 1);
INSERT INTO pigtraxrefdata."City" (name, "lastUpdated", "userUpdated", "id_Country") VALUES ('Terra Roxa', CURRENT_TIMESTAMP, 'pigtraxadmin', 1);
INSERT INTO pigtraxrefdata."City" (name, "lastUpdated", "userUpdated", "id_Country") VALUES ('Terra Santa', CURRENT_TIMESTAMP, 'pigtraxadmin', 1);
INSERT INTO pigtraxrefdata."City" (name, "lastUpdated", "userUpdated", "id_Country") VALUES ('Tesouro', CURRENT_TIMESTAMP, 'pigtraxadmin', 1);
INSERT INTO pigtraxrefdata."City" (name, "lastUpdated", "userUpdated", "id_Country") VALUES ('Teutônia', CURRENT_TIMESTAMP, 'pigtraxadmin', 1);
INSERT INTO pigtraxrefdata."City" (name, "lastUpdated", "userUpdated", "id_Country") VALUES ('Theobroma', CURRENT_TIMESTAMP, 'pigtraxadmin', 1);
INSERT INTO pigtraxrefdata."City" (name, "lastUpdated", "userUpdated", "id_Country") VALUES ('Tianguá', CURRENT_TIMESTAMP, 'pigtraxadmin', 1);
INSERT INTO pigtraxrefdata."City" (name, "lastUpdated", "userUpdated", "id_Country") VALUES ('Tiaraju', CURRENT_TIMESTAMP, 'pigtraxadmin', 1);
INSERT INTO pigtraxrefdata."City" (name, "lastUpdated", "userUpdated", "id_Country") VALUES ('Tibagi', CURRENT_TIMESTAMP, 'pigtraxadmin', 1);
INSERT INTO pigtraxrefdata."City" (name, "lastUpdated", "userUpdated", "id_Country") VALUES ('Tibau', CURRENT_TIMESTAMP, 'pigtraxadmin', 1);
INSERT INTO pigtraxrefdata."City" (name, "lastUpdated", "userUpdated", "id_Country") VALUES ('Tibau do Sul', CURRENT_TIMESTAMP, 'pigtraxadmin', 1);
INSERT INTO pigtraxrefdata."City" (name, "lastUpdated", "userUpdated", "id_Country") VALUES ('Tibiriçá', CURRENT_TIMESTAMP, 'pigtraxadmin', 1);
INSERT INTO pigtraxrefdata."City" (name, "lastUpdated", "userUpdated", "id_Country") VALUES ('Tibiriçá do Paranapanema', CURRENT_TIMESTAMP, 'pigtraxadmin', 1);
INSERT INTO pigtraxrefdata."City" (name, "lastUpdated", "userUpdated", "id_Country") VALUES ('Tietê', CURRENT_TIMESTAMP, 'pigtraxadmin', 1);
INSERT INTO pigtraxrefdata."City" (name, "lastUpdated", "userUpdated", "id_Country") VALUES ('Tijucas', CURRENT_TIMESTAMP, 'pigtraxadmin', 1);
INSERT INTO pigtraxrefdata."City" (name, "lastUpdated", "userUpdated", "id_Country") VALUES ('Tijucas do Sul', CURRENT_TIMESTAMP, 'pigtraxadmin', 1);
INSERT INTO pigtraxrefdata."City" (name, "lastUpdated", "userUpdated", "id_Country") VALUES ('Timbaúba', CURRENT_TIMESTAMP, 'pigtraxadmin', 1);
INSERT INTO pigtraxrefdata."City" (name, "lastUpdated", "userUpdated", "id_Country") VALUES ('Timbaúba dos Batistas', CURRENT_TIMESTAMP, 'pigtraxadmin', 1);
INSERT INTO pigtraxrefdata."City" (name, "lastUpdated", "userUpdated", "id_Country") VALUES ('Timbaúba dos Marinheiros', CURRENT_TIMESTAMP, 'pigtraxadmin', 1);
INSERT INTO pigtraxrefdata."City" (name, "lastUpdated", "userUpdated", "id_Country") VALUES ('Timbé do Sul', CURRENT_TIMESTAMP, 'pigtraxadmin', 1);
INSERT INTO pigtraxrefdata."City" (name, "lastUpdated", "userUpdated", "id_Country") VALUES ('Timbiras', CURRENT_TIMESTAMP, 'pigtraxadmin', 1);
INSERT INTO pigtraxrefdata."City" (name, "lastUpdated", "userUpdated", "id_Country") VALUES ('Timbó', CURRENT_TIMESTAMP, 'pigtraxadmin', 1);
INSERT INTO pigtraxrefdata."City" (name, "lastUpdated", "userUpdated", "id_Country") VALUES ('Timbó Grande', CURRENT_TIMESTAMP, 'pigtraxadmin', 1);
INSERT INTO pigtraxrefdata."City" (name, "lastUpdated", "userUpdated", "id_Country") VALUES ('Timboteua', CURRENT_TIMESTAMP, 'pigtraxadmin', 1);
INSERT INTO pigtraxrefdata."City" (name, "lastUpdated", "userUpdated", "id_Country") VALUES ('Timbuí', CURRENT_TIMESTAMP, 'pigtraxadmin', 1);
INSERT INTO pigtraxrefdata."City" (name, "lastUpdated", "userUpdated", "id_Country") VALUES ('Timburi', CURRENT_TIMESTAMP, 'pigtraxadmin', 1);
INSERT INTO pigtraxrefdata."City" (name, "lastUpdated", "userUpdated", "id_Country") VALUES ('Timon', CURRENT_TIMESTAMP, 'pigtraxadmin', 1);
INSERT INTO pigtraxrefdata."City" (name, "lastUpdated", "userUpdated", "id_Country") VALUES ('Timonha', CURRENT_TIMESTAMP, 'pigtraxadmin', 1);
INSERT INTO pigtraxrefdata."City" (name, "lastUpdated", "userUpdated", "id_Country") VALUES ('Timorante', CURRENT_TIMESTAMP, 'pigtraxadmin', 1);
INSERT INTO pigtraxrefdata."City" (name, "lastUpdated", "userUpdated", "id_Country") VALUES ('Timóteo', CURRENT_TIMESTAMP, 'pigtraxadmin', 1);
INSERT INTO pigtraxrefdata."City" (name, "lastUpdated", "userUpdated", "id_Country") VALUES ('Tiradentes', CURRENT_TIMESTAMP, 'pigtraxadmin', 1);
INSERT INTO pigtraxrefdata."City" (name, "lastUpdated", "userUpdated", "id_Country") VALUES ('Tiradentes do Sul', CURRENT_TIMESTAMP, 'pigtraxadmin', 1);
INSERT INTO pigtraxrefdata."City" (name, "lastUpdated", "userUpdated", "id_Country") VALUES ('Tiros', CURRENT_TIMESTAMP, 'pigtraxadmin', 1);
INSERT INTO pigtraxrefdata."City" (name, "lastUpdated", "userUpdated", "id_Country") VALUES ('Tobias Barreto', CURRENT_TIMESTAMP, 'pigtraxadmin', 1);
INSERT INTO pigtraxrefdata."City" (name, "lastUpdated", "userUpdated", "id_Country") VALUES ('Tocandira', CURRENT_TIMESTAMP, 'pigtraxadmin', 1);
INSERT INTO pigtraxrefdata."City" (name, "lastUpdated", "userUpdated", "id_Country") VALUES ('Tocantínia', CURRENT_TIMESTAMP, 'pigtraxadmin', 1);
INSERT INTO pigtraxrefdata."City" (name, "lastUpdated", "userUpdated", "id_Country") VALUES ('Tocantinópolis', CURRENT_TIMESTAMP, 'pigtraxadmin', 1);
INSERT INTO pigtraxrefdata."City" (name, "lastUpdated", "userUpdated", "id_Country") VALUES ('Tocantins', CURRENT_TIMESTAMP, 'pigtraxadmin', 1);
INSERT INTO pigtraxrefdata."City" (name, "lastUpdated", "userUpdated", "id_Country") VALUES ('Tocoiós de Minas', CURRENT_TIMESTAMP, 'pigtraxadmin', 1);
INSERT INTO pigtraxrefdata."City" (name, "lastUpdated", "userUpdated", "id_Country") VALUES ('Toledo', CURRENT_TIMESTAMP, 'pigtraxadmin', 1);
INSERT INTO pigtraxrefdata."City" (name, "lastUpdated", "userUpdated", "id_Country") VALUES ('Tombos', CURRENT_TIMESTAMP, 'pigtraxadmin', 1);
INSERT INTO pigtraxrefdata."City" (name, "lastUpdated", "userUpdated", "id_Country") VALUES ('Tomé-Açu', CURRENT_TIMESTAMP, 'pigtraxadmin', 1);
INSERT INTO pigtraxrefdata."City" (name, "lastUpdated", "userUpdated", "id_Country") VALUES ('Topázio', CURRENT_TIMESTAMP, 'pigtraxadmin', 1);
INSERT INTO pigtraxrefdata."City" (name, "lastUpdated", "userUpdated", "id_Country") VALUES ('Toritama', CURRENT_TIMESTAMP, 'pigtraxadmin', 1);
INSERT INTO pigtraxrefdata."City" (name, "lastUpdated", "userUpdated", "id_Country") VALUES ('Torixoréu', CURRENT_TIMESTAMP, 'pigtraxadmin', 1);
INSERT INTO pigtraxrefdata."City" (name, "lastUpdated", "userUpdated", "id_Country") VALUES ('Torneiros', CURRENT_TIMESTAMP, 'pigtraxadmin', 1);
INSERT INTO pigtraxrefdata."City" (name, "lastUpdated", "userUpdated", "id_Country") VALUES ('Torreões', CURRENT_TIMESTAMP, 'pigtraxadmin', 1);
INSERT INTO pigtraxrefdata."City" (name, "lastUpdated", "userUpdated", "id_Country") VALUES ('Torres', CURRENT_TIMESTAMP, 'pigtraxadmin', 1);
INSERT INTO pigtraxrefdata."City" (name, "lastUpdated", "userUpdated", "id_Country") VALUES ('Torrinha', CURRENT_TIMESTAMP, 'pigtraxadmin', 1);
INSERT INTO pigtraxrefdata."City" (name, "lastUpdated", "userUpdated", "id_Country") VALUES ('Touros', CURRENT_TIMESTAMP, 'pigtraxadmin', 1);
INSERT INTO pigtraxrefdata."City" (name, "lastUpdated", "userUpdated", "id_Country") VALUES ('Trabiju', CURRENT_TIMESTAMP, 'pigtraxadmin', 1);
INSERT INTO pigtraxrefdata."City" (name, "lastUpdated", "userUpdated", "id_Country") VALUES ('Tracuateua', CURRENT_TIMESTAMP, 'pigtraxadmin', 1);
INSERT INTO pigtraxrefdata."City" (name, "lastUpdated", "userUpdated", "id_Country") VALUES ('Tracunhaém', CURRENT_TIMESTAMP, 'pigtraxadmin', 1);
INSERT INTO pigtraxrefdata."City" (name, "lastUpdated", "userUpdated", "id_Country") VALUES ('Traipu', CURRENT_TIMESTAMP, 'pigtraxadmin', 1);
INSERT INTO pigtraxrefdata."City" (name, "lastUpdated", "userUpdated", "id_Country") VALUES ('Trairão', CURRENT_TIMESTAMP, 'pigtraxadmin', 1);
INSERT INTO pigtraxrefdata."City" (name, "lastUpdated", "userUpdated", "id_Country") VALUES ('Trairi', CURRENT_TIMESTAMP, 'pigtraxadmin', 1);
INSERT INTO pigtraxrefdata."City" (name, "lastUpdated", "userUpdated", "id_Country") VALUES ('Trajano de Moraes', CURRENT_TIMESTAMP, 'pigtraxadmin', 1);
INSERT INTO pigtraxrefdata."City" (name, "lastUpdated", "userUpdated", "id_Country") VALUES ('Tramandaí', CURRENT_TIMESTAMP, 'pigtraxadmin', 1);
INSERT INTO pigtraxrefdata."City" (name, "lastUpdated", "userUpdated", "id_Country") VALUES ('Trancoso', CURRENT_TIMESTAMP, 'pigtraxadmin', 1);
INSERT INTO pigtraxrefdata."City" (name, "lastUpdated", "userUpdated", "id_Country") VALUES ('Tranqueiras', CURRENT_TIMESTAMP, 'pigtraxadmin', 1);
INSERT INTO pigtraxrefdata."City" (name, "lastUpdated", "userUpdated", "id_Country") VALUES ('Trapiá', CURRENT_TIMESTAMP, 'pigtraxadmin', 1);
INSERT INTO pigtraxrefdata."City" (name, "lastUpdated", "userUpdated", "id_Country") VALUES ('Travessão', CURRENT_TIMESTAMP, 'pigtraxadmin', 1);
INSERT INTO pigtraxrefdata."City" (name, "lastUpdated", "userUpdated", "id_Country") VALUES ('Travessão de Minas', CURRENT_TIMESTAMP, 'pigtraxadmin', 1);
INSERT INTO pigtraxrefdata."City" (name, "lastUpdated", "userUpdated", "id_Country") VALUES ('Travesseiro', CURRENT_TIMESTAMP, 'pigtraxadmin', 1);
INSERT INTO pigtraxrefdata."City" (name, "lastUpdated", "userUpdated", "id_Country") VALUES ('Tremedal', CURRENT_TIMESTAMP, 'pigtraxadmin', 1);
INSERT INTO pigtraxrefdata."City" (name, "lastUpdated", "userUpdated", "id_Country") VALUES ('Tremembé', CURRENT_TIMESTAMP, 'pigtraxadmin', 1);
INSERT INTO pigtraxrefdata."City" (name, "lastUpdated", "userUpdated", "id_Country") VALUES ('Três Alianças', CURRENT_TIMESTAMP, 'pigtraxadmin', 1);
INSERT INTO pigtraxrefdata."City" (name, "lastUpdated", "userUpdated", "id_Country") VALUES ('Três Arroios', CURRENT_TIMESTAMP, 'pigtraxadmin', 1);
INSERT INTO pigtraxrefdata."City" (name, "lastUpdated", "userUpdated", "id_Country") VALUES ('Três Barras', CURRENT_TIMESTAMP, 'pigtraxadmin', 1);
INSERT INTO pigtraxrefdata."City" (name, "lastUpdated", "userUpdated", "id_Country") VALUES ('Três Barras do Paraná', CURRENT_TIMESTAMP, 'pigtraxadmin', 1);
INSERT INTO pigtraxrefdata."City" (name, "lastUpdated", "userUpdated", "id_Country") VALUES ('Três Cachoeiras', CURRENT_TIMESTAMP, 'pigtraxadmin', 1);
INSERT INTO pigtraxrefdata."City" (name, "lastUpdated", "userUpdated", "id_Country") VALUES ('Três Corações', CURRENT_TIMESTAMP, 'pigtraxadmin', 1);
INSERT INTO pigtraxrefdata."City" (name, "lastUpdated", "userUpdated", "id_Country") VALUES ('Três Coroas', CURRENT_TIMESTAMP, 'pigtraxadmin', 1);
INSERT INTO pigtraxrefdata."City" (name, "lastUpdated", "userUpdated", "id_Country") VALUES ('Três de Maio', CURRENT_TIMESTAMP, 'pigtraxadmin', 1);
INSERT INTO pigtraxrefdata."City" (name, "lastUpdated", "userUpdated", "id_Country") VALUES ('Três Fronteiras', CURRENT_TIMESTAMP, 'pigtraxadmin', 1);
INSERT INTO pigtraxrefdata."City" (name, "lastUpdated", "userUpdated", "id_Country") VALUES ('Três Mártires', CURRENT_TIMESTAMP, 'pigtraxadmin', 1);
INSERT INTO pigtraxrefdata."City" (name, "lastUpdated", "userUpdated", "id_Country") VALUES ('Três Palmeiras', CURRENT_TIMESTAMP, 'pigtraxadmin', 1);
INSERT INTO pigtraxrefdata."City" (name, "lastUpdated", "userUpdated", "id_Country") VALUES ('Três Passos', CURRENT_TIMESTAMP, 'pigtraxadmin', 1);
INSERT INTO pigtraxrefdata."City" (name, "lastUpdated", "userUpdated", "id_Country") VALUES ('Três Pontas', CURRENT_TIMESTAMP, 'pigtraxadmin', 1);
INSERT INTO pigtraxrefdata."City" (name, "lastUpdated", "userUpdated", "id_Country") VALUES ('Três Pontes', CURRENT_TIMESTAMP, 'pigtraxadmin', 1);
INSERT INTO pigtraxrefdata."City" (name, "lastUpdated", "userUpdated", "id_Country") VALUES ('Três Rios', CURRENT_TIMESTAMP, 'pigtraxadmin', 1);
INSERT INTO pigtraxrefdata."City" (name, "lastUpdated", "userUpdated", "id_Country") VALUES ('Treviso', CURRENT_TIMESTAMP, 'pigtraxadmin', 1);
INSERT INTO pigtraxrefdata."City" (name, "lastUpdated", "userUpdated", "id_Country") VALUES ('Treze de Maio', CURRENT_TIMESTAMP, 'pigtraxadmin', 1);
INSERT INTO pigtraxrefdata."City" (name, "lastUpdated", "userUpdated", "id_Country") VALUES ('Treze Tílias', CURRENT_TIMESTAMP, 'pigtraxadmin', 1);
INSERT INTO pigtraxrefdata."City" (name, "lastUpdated", "userUpdated", "id_Country") VALUES ('Trindade', CURRENT_TIMESTAMP, 'pigtraxadmin', 1);
INSERT INTO pigtraxrefdata."City" (name, "lastUpdated", "userUpdated", "id_Country") VALUES ('Trindade do Sul', CURRENT_TIMESTAMP, 'pigtraxadmin', 1);
INSERT INTO pigtraxrefdata."City" (name, "lastUpdated", "userUpdated", "id_Country") VALUES ('Triunfo', CURRENT_TIMESTAMP, 'pigtraxadmin', 1);
INSERT INTO pigtraxrefdata."City" (name, "lastUpdated", "userUpdated", "id_Country") VALUES ('Triunfo Potiguar', CURRENT_TIMESTAMP, 'pigtraxadmin', 1);
INSERT INTO pigtraxrefdata."City" (name, "lastUpdated", "userUpdated", "id_Country") VALUES ('Trizidela do Vale', CURRENT_TIMESTAMP, 'pigtraxadmin', 1);
INSERT INTO pigtraxrefdata."City" (name, "lastUpdated", "userUpdated", "id_Country") VALUES ('Trombas', CURRENT_TIMESTAMP, 'pigtraxadmin', 1);
INSERT INTO pigtraxrefdata."City" (name, "lastUpdated", "userUpdated", "id_Country") VALUES ('Trombudo Central', CURRENT_TIMESTAMP, 'pigtraxadmin', 1);
INSERT INTO pigtraxrefdata."City" (name, "lastUpdated", "userUpdated", "id_Country") VALUES ('Trussu', CURRENT_TIMESTAMP, 'pigtraxadmin', 1);
INSERT INTO pigtraxrefdata."City" (name, "lastUpdated", "userUpdated", "id_Country") VALUES ('Tubarão', CURRENT_TIMESTAMP, 'pigtraxadmin', 1);
INSERT INTO pigtraxrefdata."City" (name, "lastUpdated", "userUpdated", "id_Country") VALUES ('Tucano', CURRENT_TIMESTAMP, 'pigtraxadmin', 1);
INSERT INTO pigtraxrefdata."City" (name, "lastUpdated", "userUpdated", "id_Country") VALUES ('Tucumã', CURRENT_TIMESTAMP, 'pigtraxadmin', 1);
INSERT INTO pigtraxrefdata."City" (name, "lastUpdated", "userUpdated", "id_Country") VALUES ('Tucunduva', CURRENT_TIMESTAMP, 'pigtraxadmin', 1);
INSERT INTO pigtraxrefdata."City" (name, "lastUpdated", "userUpdated", "id_Country") VALUES ('Tucuns', CURRENT_TIMESTAMP, 'pigtraxadmin', 1);
INSERT INTO pigtraxrefdata."City" (name, "lastUpdated", "userUpdated", "id_Country") VALUES ('Tucuruí', CURRENT_TIMESTAMP, 'pigtraxadmin', 1);
INSERT INTO pigtraxrefdata."City" (name, "lastUpdated", "userUpdated", "id_Country") VALUES ('Tufilândia', CURRENT_TIMESTAMP, 'pigtraxadmin', 1);
INSERT INTO pigtraxrefdata."City" (name, "lastUpdated", "userUpdated", "id_Country") VALUES ('Tuína', CURRENT_TIMESTAMP, 'pigtraxadmin', 1);
INSERT INTO pigtraxrefdata."City" (name, "lastUpdated", "userUpdated", "id_Country") VALUES ('Tuiuti', CURRENT_TIMESTAMP, 'pigtraxadmin', 1);
INSERT INTO pigtraxrefdata."City" (name, "lastUpdated", "userUpdated", "id_Country") VALUES ('Tuiutí', CURRENT_TIMESTAMP, 'pigtraxadmin', 1);
INSERT INTO pigtraxrefdata."City" (name, "lastUpdated", "userUpdated", "id_Country") VALUES ('Tujuguaba', CURRENT_TIMESTAMP, 'pigtraxadmin', 1);
INSERT INTO pigtraxrefdata."City" (name, "lastUpdated", "userUpdated", "id_Country") VALUES ('Tumiritinga', CURRENT_TIMESTAMP, 'pigtraxadmin', 1);
INSERT INTO pigtraxrefdata."City" (name, "lastUpdated", "userUpdated", "id_Country") VALUES ('Tunápolis', CURRENT_TIMESTAMP, 'pigtraxadmin', 1);
INSERT INTO pigtraxrefdata."City" (name, "lastUpdated", "userUpdated", "id_Country") VALUES ('Tunas', CURRENT_TIMESTAMP, 'pigtraxadmin', 1);
INSERT INTO pigtraxrefdata."City" (name, "lastUpdated", "userUpdated", "id_Country") VALUES ('Tunas do Paraná', CURRENT_TIMESTAMP, 'pigtraxadmin', 1);
INSERT INTO pigtraxrefdata."City" (name, "lastUpdated", "userUpdated", "id_Country") VALUES ('Tuneiras do Oeste', CURRENT_TIMESTAMP, 'pigtraxadmin', 1);
INSERT INTO pigtraxrefdata."City" (name, "lastUpdated", "userUpdated", "id_Country") VALUES ('Túnel Verde', CURRENT_TIMESTAMP, 'pigtraxadmin', 1);
INSERT INTO pigtraxrefdata."City" (name, "lastUpdated", "userUpdated", "id_Country") VALUES ('Tuntum', CURRENT_TIMESTAMP, 'pigtraxadmin', 1);
INSERT INTO pigtraxrefdata."City" (name, "lastUpdated", "userUpdated", "id_Country") VALUES ('Tupã', CURRENT_TIMESTAMP, 'pigtraxadmin', 1);
INSERT INTO pigtraxrefdata."City" (name, "lastUpdated", "userUpdated", "id_Country") VALUES ('Tupaciguara', CURRENT_TIMESTAMP, 'pigtraxadmin', 1);
INSERT INTO pigtraxrefdata."City" (name, "lastUpdated", "userUpdated", "id_Country") VALUES ('Tupanatinga', CURRENT_TIMESTAMP, 'pigtraxadmin', 1);
INSERT INTO pigtraxrefdata."City" (name, "lastUpdated", "userUpdated", "id_Country") VALUES ('Tupandi', CURRENT_TIMESTAMP, 'pigtraxadmin', 1);
INSERT INTO pigtraxrefdata."City" (name, "lastUpdated", "userUpdated", "id_Country") VALUES ('Tupaoca', CURRENT_TIMESTAMP, 'pigtraxadmin', 1);
INSERT INTO pigtraxrefdata."City" (name, "lastUpdated", "userUpdated", "id_Country") VALUES ('Tuparecê', CURRENT_TIMESTAMP, 'pigtraxadmin', 1);
INSERT INTO pigtraxrefdata."City" (name, "lastUpdated", "userUpdated", "id_Country") VALUES ('Tuparendi', CURRENT_TIMESTAMP, 'pigtraxadmin', 1);
INSERT INTO pigtraxrefdata."City" (name, "lastUpdated", "userUpdated", "id_Country") VALUES ('Tuparetama', CURRENT_TIMESTAMP, 'pigtraxadmin', 1);
INSERT INTO pigtraxrefdata."City" (name, "lastUpdated", "userUpdated", "id_Country") VALUES ('Tupãssi', CURRENT_TIMESTAMP, 'pigtraxadmin', 1);
INSERT INTO pigtraxrefdata."City" (name, "lastUpdated", "userUpdated", "id_Country") VALUES ('Tupi', CURRENT_TIMESTAMP, 'pigtraxadmin', 1);
INSERT INTO pigtraxrefdata."City" (name, "lastUpdated", "userUpdated", "id_Country") VALUES ('Tupy', CURRENT_TIMESTAMP, 'pigtraxadmin', 1);
INSERT INTO pigtraxrefdata."City" (name, "lastUpdated", "userUpdated", "id_Country") VALUES ('Turiaçu', CURRENT_TIMESTAMP, 'pigtraxadmin', 1);
INSERT INTO pigtraxrefdata."City" (name, "lastUpdated", "userUpdated", "id_Country") VALUES ('Turilândia', CURRENT_TIMESTAMP, 'pigtraxadmin', 1);
INSERT INTO pigtraxrefdata."City" (name, "lastUpdated", "userUpdated", "id_Country") VALUES ('Turiúba', CURRENT_TIMESTAMP, 'pigtraxadmin', 1);
INSERT INTO pigtraxrefdata."City" (name, "lastUpdated", "userUpdated", "id_Country") VALUES ('Turuçu', CURRENT_TIMESTAMP, 'pigtraxadmin', 1);
INSERT INTO pigtraxrefdata."City" (name, "lastUpdated", "userUpdated", "id_Country") VALUES ('Tururu', CURRENT_TIMESTAMP, 'pigtraxadmin', 1);
INSERT INTO pigtraxrefdata."City" (name, "lastUpdated", "userUpdated", "id_Country") VALUES ('Turvânia', CURRENT_TIMESTAMP, 'pigtraxadmin', 1);
INSERT INTO pigtraxrefdata."City" (name, "lastUpdated", "userUpdated", "id_Country") VALUES ('Turvelândia', CURRENT_TIMESTAMP, 'pigtraxadmin', 1);
INSERT INTO pigtraxrefdata."City" (name, "lastUpdated", "userUpdated", "id_Country") VALUES ('Turvo', CURRENT_TIMESTAMP, 'pigtraxadmin', 1);
INSERT INTO pigtraxrefdata."City" (name, "lastUpdated", "userUpdated", "id_Country") VALUES ('Turvolândia', CURRENT_TIMESTAMP, 'pigtraxadmin', 1);
INSERT INTO pigtraxrefdata."City" (name, "lastUpdated", "userUpdated", "id_Country") VALUES ('Tutóia', CURRENT_TIMESTAMP, 'pigtraxadmin', 1);
INSERT INTO pigtraxrefdata."City" (name, "lastUpdated", "userUpdated", "id_Country") VALUES ('Uarini', CURRENT_TIMESTAMP, 'pigtraxadmin', 1);
INSERT INTO pigtraxrefdata."City" (name, "lastUpdated", "userUpdated", "id_Country") VALUES ('Uauá', CURRENT_TIMESTAMP, 'pigtraxadmin', 1);
INSERT INTO pigtraxrefdata."City" (name, "lastUpdated", "userUpdated", "id_Country") VALUES ('Ubá', CURRENT_TIMESTAMP, 'pigtraxadmin', 1);
INSERT INTO pigtraxrefdata."City" (name, "lastUpdated", "userUpdated", "id_Country") VALUES ('Ubaí', CURRENT_TIMESTAMP, 'pigtraxadmin', 1);
INSERT INTO pigtraxrefdata."City" (name, "lastUpdated", "userUpdated", "id_Country") VALUES ('Ubaíra', CURRENT_TIMESTAMP, 'pigtraxadmin', 1);
INSERT INTO pigtraxrefdata."City" (name, "lastUpdated", "userUpdated", "id_Country") VALUES ('Ubaitaba', CURRENT_TIMESTAMP, 'pigtraxadmin', 1);
INSERT INTO pigtraxrefdata."City" (name, "lastUpdated", "userUpdated", "id_Country") VALUES ('Ubajara', CURRENT_TIMESTAMP, 'pigtraxadmin', 1);
INSERT INTO pigtraxrefdata."City" (name, "lastUpdated", "userUpdated", "id_Country") VALUES ('Ubaporanga', CURRENT_TIMESTAMP, 'pigtraxadmin', 1);
INSERT INTO pigtraxrefdata."City" (name, "lastUpdated", "userUpdated", "id_Country") VALUES ('Ubarana', CURRENT_TIMESTAMP, 'pigtraxadmin', 1);
INSERT INTO pigtraxrefdata."City" (name, "lastUpdated", "userUpdated", "id_Country") VALUES ('Ubatã', CURRENT_TIMESTAMP, 'pigtraxadmin', 1);
INSERT INTO pigtraxrefdata."City" (name, "lastUpdated", "userUpdated", "id_Country") VALUES ('Ubatuba', CURRENT_TIMESTAMP, 'pigtraxadmin', 1);
INSERT INTO pigtraxrefdata."City" (name, "lastUpdated", "userUpdated", "id_Country") VALUES ('Ubaúna', CURRENT_TIMESTAMP, 'pigtraxadmin', 1);
INSERT INTO pigtraxrefdata."City" (name, "lastUpdated", "userUpdated", "id_Country") VALUES ('Uberaba', CURRENT_TIMESTAMP, 'pigtraxadmin', 1);
INSERT INTO pigtraxrefdata."City" (name, "lastUpdated", "userUpdated", "id_Country") VALUES ('Uberlândia', CURRENT_TIMESTAMP, 'pigtraxadmin', 1);
INSERT INTO pigtraxrefdata."City" (name, "lastUpdated", "userUpdated", "id_Country") VALUES ('Ubiraitá', CURRENT_TIMESTAMP, 'pigtraxadmin', 1);
INSERT INTO pigtraxrefdata."City" (name, "lastUpdated", "userUpdated", "id_Country") VALUES ('Ubirajara', CURRENT_TIMESTAMP, 'pigtraxadmin', 1);
INSERT INTO pigtraxrefdata."City" (name, "lastUpdated", "userUpdated", "id_Country") VALUES ('Ubiratã', CURRENT_TIMESTAMP, 'pigtraxadmin', 1);
INSERT INTO pigtraxrefdata."City" (name, "lastUpdated", "userUpdated", "id_Country") VALUES ('Ubiretama', CURRENT_TIMESTAMP, 'pigtraxadmin', 1);
INSERT INTO pigtraxrefdata."City" (name, "lastUpdated", "userUpdated", "id_Country") VALUES ('Uchoa', CURRENT_TIMESTAMP, 'pigtraxadmin', 1);
INSERT INTO pigtraxrefdata."City" (name, "lastUpdated", "userUpdated", "id_Country") VALUES ('Uibaí', CURRENT_TIMESTAMP, 'pigtraxadmin', 1);
INSERT INTO pigtraxrefdata."City" (name, "lastUpdated", "userUpdated", "id_Country") VALUES ('Uiramutã', CURRENT_TIMESTAMP, 'pigtraxadmin', 1);
INSERT INTO pigtraxrefdata."City" (name, "lastUpdated", "userUpdated", "id_Country") VALUES ('Uiraponga', CURRENT_TIMESTAMP, 'pigtraxadmin', 1);
INSERT INTO pigtraxrefdata."City" (name, "lastUpdated", "userUpdated", "id_Country") VALUES ('Uirapuru', CURRENT_TIMESTAMP, 'pigtraxadmin', 1);
INSERT INTO pigtraxrefdata."City" (name, "lastUpdated", "userUpdated", "id_Country") VALUES ('Ulianópolis', CURRENT_TIMESTAMP, 'pigtraxadmin', 1);
INSERT INTO pigtraxrefdata."City" (name, "lastUpdated", "userUpdated", "id_Country") VALUES ('Umari', CURRENT_TIMESTAMP, 'pigtraxadmin', 1);
INSERT INTO pigtraxrefdata."City" (name, "lastUpdated", "userUpdated", "id_Country") VALUES ('Umarituba', CURRENT_TIMESTAMP, 'pigtraxadmin', 1);
INSERT INTO pigtraxrefdata."City" (name, "lastUpdated", "userUpdated", "id_Country") VALUES ('Umarizal', CURRENT_TIMESTAMP, 'pigtraxadmin', 1);
INSERT INTO pigtraxrefdata."City" (name, "lastUpdated", "userUpdated", "id_Country") VALUES ('Umarizal do Tocantins', CURRENT_TIMESTAMP, 'pigtraxadmin', 1);
INSERT INTO pigtraxrefdata."City" (name, "lastUpdated", "userUpdated", "id_Country") VALUES ('Umãs', CURRENT_TIMESTAMP, 'pigtraxadmin', 1);
INSERT INTO pigtraxrefdata."City" (name, "lastUpdated", "userUpdated", "id_Country") VALUES ('Umbaúba', CURRENT_TIMESTAMP, 'pigtraxadmin', 1);
INSERT INTO pigtraxrefdata."City" (name, "lastUpdated", "userUpdated", "id_Country") VALUES ('Umbu', CURRENT_TIMESTAMP, 'pigtraxadmin', 1);
INSERT INTO pigtraxrefdata."City" (name, "lastUpdated", "userUpdated", "id_Country") VALUES ('Umburanas', CURRENT_TIMESTAMP, 'pigtraxadmin', 1);
INSERT INTO pigtraxrefdata."City" (name, "lastUpdated", "userUpdated", "id_Country") VALUES ('Umburaninha', CURRENT_TIMESTAMP, 'pigtraxadmin', 1);
INSERT INTO pigtraxrefdata."City" (name, "lastUpdated", "userUpdated", "id_Country") VALUES ('Umburatiba', CURRENT_TIMESTAMP, 'pigtraxadmin', 1);
INSERT INTO pigtraxrefdata."City" (name, "lastUpdated", "userUpdated", "id_Country") VALUES ('Umburetama', CURRENT_TIMESTAMP, 'pigtraxadmin', 1);
INSERT INTO pigtraxrefdata."City" (name, "lastUpdated", "userUpdated", "id_Country") VALUES ('Unaí', CURRENT_TIMESTAMP, 'pigtraxadmin', 1);
INSERT INTO pigtraxrefdata."City" (name, "lastUpdated", "userUpdated", "id_Country") VALUES ('União', CURRENT_TIMESTAMP, 'pigtraxadmin', 1);
INSERT INTO pigtraxrefdata."City" (name, "lastUpdated", "userUpdated", "id_Country") VALUES ('União da Floresta', CURRENT_TIMESTAMP, 'pigtraxadmin', 1);
INSERT INTO pigtraxrefdata."City" (name, "lastUpdated", "userUpdated", "id_Country") VALUES ('União da Vitória', CURRENT_TIMESTAMP, 'pigtraxadmin', 1);
INSERT INTO pigtraxrefdata."City" (name, "lastUpdated", "userUpdated", "id_Country") VALUES ('União de Minas', CURRENT_TIMESTAMP, 'pigtraxadmin', 1);
INSERT INTO pigtraxrefdata."City" (name, "lastUpdated", "userUpdated", "id_Country") VALUES ('União do Oeste', CURRENT_TIMESTAMP, 'pigtraxadmin', 1);
INSERT INTO pigtraxrefdata."City" (name, "lastUpdated", "userUpdated", "id_Country") VALUES ('União do Sul', CURRENT_TIMESTAMP, 'pigtraxadmin', 1);
INSERT INTO pigtraxrefdata."City" (name, "lastUpdated", "userUpdated", "id_Country") VALUES ('União Paulista', CURRENT_TIMESTAMP, 'pigtraxadmin', 1);
INSERT INTO pigtraxrefdata."City" (name, "lastUpdated", "userUpdated", "id_Country") VALUES ('Uniflor', CURRENT_TIMESTAMP, 'pigtraxadmin', 1);
INSERT INTO pigtraxrefdata."City" (name, "lastUpdated", "userUpdated", "id_Country") VALUES ('Universo', CURRENT_TIMESTAMP, 'pigtraxadmin', 1);
INSERT INTO pigtraxrefdata."City" (name, "lastUpdated", "userUpdated", "id_Country") VALUES ('Upanema', CURRENT_TIMESTAMP, 'pigtraxadmin', 1);
INSERT INTO pigtraxrefdata."City" (name, "lastUpdated", "userUpdated", "id_Country") VALUES ('Upatininga', CURRENT_TIMESTAMP, 'pigtraxadmin', 1);
INSERT INTO pigtraxrefdata."City" (name, "lastUpdated", "userUpdated", "id_Country") VALUES ('Urandi', CURRENT_TIMESTAMP, 'pigtraxadmin', 1);
INSERT INTO pigtraxrefdata."City" (name, "lastUpdated", "userUpdated", "id_Country") VALUES ('Urânia', CURRENT_TIMESTAMP, 'pigtraxadmin', 1);
INSERT INTO pigtraxrefdata."City" (name, "lastUpdated", "userUpdated", "id_Country") VALUES ('Urbano Santos', CURRENT_TIMESTAMP, 'pigtraxadmin', 1);
INSERT INTO pigtraxrefdata."City" (name, "lastUpdated", "userUpdated", "id_Country") VALUES ('Uru', CURRENT_TIMESTAMP, 'pigtraxadmin', 1);
INSERT INTO pigtraxrefdata."City" (name, "lastUpdated", "userUpdated", "id_Country") VALUES ('Uruana de Minas', CURRENT_TIMESTAMP, 'pigtraxadmin', 1);
INSERT INTO pigtraxrefdata."City" (name, "lastUpdated", "userUpdated", "id_Country") VALUES ('Uruará', CURRENT_TIMESTAMP, 'pigtraxadmin', 1);
INSERT INTO pigtraxrefdata."City" (name, "lastUpdated", "userUpdated", "id_Country") VALUES ('Urubici', CURRENT_TIMESTAMP, 'pigtraxadmin', 1);
INSERT INTO pigtraxrefdata."City" (name, "lastUpdated", "userUpdated", "id_Country") VALUES ('Uruburetama', CURRENT_TIMESTAMP, 'pigtraxadmin', 1);
INSERT INTO pigtraxrefdata."City" (name, "lastUpdated", "userUpdated", "id_Country") VALUES ('Urucânia', CURRENT_TIMESTAMP, 'pigtraxadmin', 1);
INSERT INTO pigtraxrefdata."City" (name, "lastUpdated", "userUpdated", "id_Country") VALUES ('Urucará', CURRENT_TIMESTAMP, 'pigtraxadmin', 1);
INSERT INTO pigtraxrefdata."City" (name, "lastUpdated", "userUpdated", "id_Country") VALUES ('Urucuba', CURRENT_TIMESTAMP, 'pigtraxadmin', 1);
INSERT INTO pigtraxrefdata."City" (name, "lastUpdated", "userUpdated", "id_Country") VALUES ('Uruçuí', CURRENT_TIMESTAMP, 'pigtraxadmin', 1);
INSERT INTO pigtraxrefdata."City" (name, "lastUpdated", "userUpdated", "id_Country") VALUES ('Urucuia', CURRENT_TIMESTAMP, 'pigtraxadmin', 1);
INSERT INTO pigtraxrefdata."City" (name, "lastUpdated", "userUpdated", "id_Country") VALUES ('Uruçu-Mirim', CURRENT_TIMESTAMP, 'pigtraxadmin', 1);
INSERT INTO pigtraxrefdata."City" (name, "lastUpdated", "userUpdated", "id_Country") VALUES ('Urucurituba', CURRENT_TIMESTAMP, 'pigtraxadmin', 1);
INSERT INTO pigtraxrefdata."City" (name, "lastUpdated", "userUpdated", "id_Country") VALUES ('Uruguaiana', CURRENT_TIMESTAMP, 'pigtraxadmin', 1);
INSERT INTO pigtraxrefdata."City" (name, "lastUpdated", "userUpdated", "id_Country") VALUES ('Uruíta', CURRENT_TIMESTAMP, 'pigtraxadmin', 1);
INSERT INTO pigtraxrefdata."City" (name, "lastUpdated", "userUpdated", "id_Country") VALUES ('Uruoca', CURRENT_TIMESTAMP, 'pigtraxadmin', 1);
INSERT INTO pigtraxrefdata."City" (name, "lastUpdated", "userUpdated", "id_Country") VALUES ('Urupá', CURRENT_TIMESTAMP, 'pigtraxadmin', 1);
INSERT INTO pigtraxrefdata."City" (name, "lastUpdated", "userUpdated", "id_Country") VALUES ('Urupema', CURRENT_TIMESTAMP, 'pigtraxadmin', 1);
INSERT INTO pigtraxrefdata."City" (name, "lastUpdated", "userUpdated", "id_Country") VALUES ('Urupês', CURRENT_TIMESTAMP, 'pigtraxadmin', 1);
INSERT INTO pigtraxrefdata."City" (name, "lastUpdated", "userUpdated", "id_Country") VALUES ('Uruquê', CURRENT_TIMESTAMP, 'pigtraxadmin', 1);
INSERT INTO pigtraxrefdata."City" (name, "lastUpdated", "userUpdated", "id_Country") VALUES ('Urussanga', CURRENT_TIMESTAMP, 'pigtraxadmin', 1);
INSERT INTO pigtraxrefdata."City" (name, "lastUpdated", "userUpdated", "id_Country") VALUES ('Urutaí', CURRENT_TIMESTAMP, 'pigtraxadmin', 1);
INSERT INTO pigtraxrefdata."City" (name, "lastUpdated", "userUpdated", "id_Country") VALUES ('Utinga', CURRENT_TIMESTAMP, 'pigtraxadmin', 1);
INSERT INTO pigtraxrefdata."City" (name, "lastUpdated", "userUpdated", "id_Country") VALUES ('Vacacaí', CURRENT_TIMESTAMP, 'pigtraxadmin', 1);
INSERT INTO pigtraxrefdata."City" (name, "lastUpdated", "userUpdated", "id_Country") VALUES ('Vacaria', CURRENT_TIMESTAMP, 'pigtraxadmin', 1);
INSERT INTO pigtraxrefdata."City" (name, "lastUpdated", "userUpdated", "id_Country") VALUES ('Vai-Volta', CURRENT_TIMESTAMP, 'pigtraxadmin', 1);
INSERT INTO pigtraxrefdata."City" (name, "lastUpdated", "userUpdated", "id_Country") VALUES ('Valão', CURRENT_TIMESTAMP, 'pigtraxadmin', 1);
INSERT INTO pigtraxrefdata."City" (name, "lastUpdated", "userUpdated", "id_Country") VALUES ('Valão do Barro', CURRENT_TIMESTAMP, 'pigtraxadmin', 1);
INSERT INTO pigtraxrefdata."City" (name, "lastUpdated", "userUpdated", "id_Country") VALUES ('Vale de Bonsucesso', CURRENT_TIMESTAMP, 'pigtraxadmin', 1);
INSERT INTO pigtraxrefdata."City" (name, "lastUpdated", "userUpdated", "id_Country") VALUES ('Vale de São Domingos', CURRENT_TIMESTAMP, 'pigtraxadmin', 1);
INSERT INTO pigtraxrefdata."City" (name, "lastUpdated", "userUpdated", "id_Country") VALUES ('Vale do Anari', CURRENT_TIMESTAMP, 'pigtraxadmin', 1);
INSERT INTO pigtraxrefdata."City" (name, "lastUpdated", "userUpdated", "id_Country") VALUES ('Vale do Paquequer', CURRENT_TIMESTAMP, 'pigtraxadmin', 1);
INSERT INTO pigtraxrefdata."City" (name, "lastUpdated", "userUpdated", "id_Country") VALUES ('Vale do Paraíso', CURRENT_TIMESTAMP, 'pigtraxadmin', 1);
INSERT INTO pigtraxrefdata."City" (name, "lastUpdated", "userUpdated", "id_Country") VALUES ('Vale do Sol', CURRENT_TIMESTAMP, 'pigtraxadmin', 1);
INSERT INTO pigtraxrefdata."City" (name, "lastUpdated", "userUpdated", "id_Country") VALUES ('Vale Real', CURRENT_TIMESTAMP, 'pigtraxadmin', 1);
INSERT INTO pigtraxrefdata."City" (name, "lastUpdated", "userUpdated", "id_Country") VALUES ('Vale Rico', CURRENT_TIMESTAMP, 'pigtraxadmin', 1);
INSERT INTO pigtraxrefdata."City" (name, "lastUpdated", "userUpdated", "id_Country") VALUES ('Vale Verde', CURRENT_TIMESTAMP, 'pigtraxadmin', 1);
INSERT INTO pigtraxrefdata."City" (name, "lastUpdated", "userUpdated", "id_Country") VALUES ('Vale Verde de Minas', CURRENT_TIMESTAMP, 'pigtraxadmin', 1);
INSERT INTO pigtraxrefdata."City" (name, "lastUpdated", "userUpdated", "id_Country") VALUES ('Valença', CURRENT_TIMESTAMP, 'pigtraxadmin', 1);
INSERT INTO pigtraxrefdata."City" (name, "lastUpdated", "userUpdated", "id_Country") VALUES ('Valença do Piauí', CURRENT_TIMESTAMP, 'pigtraxadmin', 1);
INSERT INTO pigtraxrefdata."City" (name, "lastUpdated", "userUpdated", "id_Country") VALUES ('Valente', CURRENT_TIMESTAMP, 'pigtraxadmin', 1);
INSERT INTO pigtraxrefdata."City" (name, "lastUpdated", "userUpdated", "id_Country") VALUES ('Valentim Gentil', CURRENT_TIMESTAMP, 'pigtraxadmin', 1);
INSERT INTO pigtraxrefdata."City" (name, "lastUpdated", "userUpdated", "id_Country") VALUES ('Valinhos', CURRENT_TIMESTAMP, 'pigtraxadmin', 1);
INSERT INTO pigtraxrefdata."City" (name, "lastUpdated", "userUpdated", "id_Country") VALUES ('Valparaíso', CURRENT_TIMESTAMP, 'pigtraxadmin', 1);
INSERT INTO pigtraxrefdata."City" (name, "lastUpdated", "userUpdated", "id_Country") VALUES ('Valparaíso de Goiás', CURRENT_TIMESTAMP, 'pigtraxadmin', 1);
INSERT INTO pigtraxrefdata."City" (name, "lastUpdated", "userUpdated", "id_Country") VALUES ('Vanini', CURRENT_TIMESTAMP, 'pigtraxadmin', 1);
INSERT INTO pigtraxrefdata."City" (name, "lastUpdated", "userUpdated", "id_Country") VALUES ('Vargeão', CURRENT_TIMESTAMP, 'pigtraxadmin', 1);
INSERT INTO pigtraxrefdata."City" (name, "lastUpdated", "userUpdated", "id_Country") VALUES ('Vargem', CURRENT_TIMESTAMP, 'pigtraxadmin', 1);
INSERT INTO pigtraxrefdata."City" (name, "lastUpdated", "userUpdated", "id_Country") VALUES ('Vargem Alegre', CURRENT_TIMESTAMP, 'pigtraxadmin', 1);
INSERT INTO pigtraxrefdata."City" (name, "lastUpdated", "userUpdated", "id_Country") VALUES ('Vargem Alta', CURRENT_TIMESTAMP, 'pigtraxadmin', 1);
INSERT INTO pigtraxrefdata."City" (name, "lastUpdated", "userUpdated", "id_Country") VALUES ('Vargem Bonita', CURRENT_TIMESTAMP, 'pigtraxadmin', 1);
INSERT INTO pigtraxrefdata."City" (name, "lastUpdated", "userUpdated", "id_Country") VALUES ('Vargem Grande', CURRENT_TIMESTAMP, 'pigtraxadmin', 1);
INSERT INTO pigtraxrefdata."City" (name, "lastUpdated", "userUpdated", "id_Country") VALUES ('Vargem Grande do Rio Pardo', CURRENT_TIMESTAMP, 'pigtraxadmin', 1);
INSERT INTO pigtraxrefdata."City" (name, "lastUpdated", "userUpdated", "id_Country") VALUES ('Vargem Grande do Sul', CURRENT_TIMESTAMP, 'pigtraxadmin', 1);
INSERT INTO pigtraxrefdata."City" (name, "lastUpdated", "userUpdated", "id_Country") VALUES ('Vargem Grande Paulista', CURRENT_TIMESTAMP, 'pigtraxadmin', 1);
INSERT INTO pigtraxrefdata."City" (name, "lastUpdated", "userUpdated", "id_Country") VALUES ('Varginha', CURRENT_TIMESTAMP, 'pigtraxadmin', 1);
INSERT INTO pigtraxrefdata."City" (name, "lastUpdated", "userUpdated", "id_Country") VALUES ('Varjão', CURRENT_TIMESTAMP, 'pigtraxadmin', 1);
INSERT INTO pigtraxrefdata."City" (name, "lastUpdated", "userUpdated", "id_Country") VALUES ('Varjão de Minas', CURRENT_TIMESTAMP, 'pigtraxadmin', 1);
INSERT INTO pigtraxrefdata."City" (name, "lastUpdated", "userUpdated", "id_Country") VALUES ('Varjota', CURRENT_TIMESTAMP, 'pigtraxadmin', 1);
INSERT INTO pigtraxrefdata."City" (name, "lastUpdated", "userUpdated", "id_Country") VALUES ('Varre-Sai', CURRENT_TIMESTAMP, 'pigtraxadmin', 1);
INSERT INTO pigtraxrefdata."City" (name, "lastUpdated", "userUpdated", "id_Country") VALUES ('Várzea', CURRENT_TIMESTAMP, 'pigtraxadmin', 1);
INSERT INTO pigtraxrefdata."City" (name, "lastUpdated", "userUpdated", "id_Country") VALUES ('Várzea Alegre', CURRENT_TIMESTAMP, 'pigtraxadmin', 1);
INSERT INTO pigtraxrefdata."City" (name, "lastUpdated", "userUpdated", "id_Country") VALUES ('Várzea Branca', CURRENT_TIMESTAMP, 'pigtraxadmin', 1);
INSERT INTO pigtraxrefdata."City" (name, "lastUpdated", "userUpdated", "id_Country") VALUES ('Várzea da Conceição', CURRENT_TIMESTAMP, 'pigtraxadmin', 1);
INSERT INTO pigtraxrefdata."City" (name, "lastUpdated", "userUpdated", "id_Country") VALUES ('Várzea da Onça', CURRENT_TIMESTAMP, 'pigtraxadmin', 1);
INSERT INTO pigtraxrefdata."City" (name, "lastUpdated", "userUpdated", "id_Country") VALUES ('Várzea da Palma', CURRENT_TIMESTAMP, 'pigtraxadmin', 1);
INSERT INTO pigtraxrefdata."City" (name, "lastUpdated", "userUpdated", "id_Country") VALUES ('Várzea da Roça', CURRENT_TIMESTAMP, 'pigtraxadmin', 1);
INSERT INTO pigtraxrefdata."City" (name, "lastUpdated", "userUpdated", "id_Country") VALUES ('Várzea da Volta', CURRENT_TIMESTAMP, 'pigtraxadmin', 1);
INSERT INTO pigtraxrefdata."City" (name, "lastUpdated", "userUpdated", "id_Country") VALUES ('Várzea do Cerco', CURRENT_TIMESTAMP, 'pigtraxadmin', 1);
INSERT INTO pigtraxrefdata."City" (name, "lastUpdated", "userUpdated", "id_Country") VALUES ('Várzea do Giló', CURRENT_TIMESTAMP, 'pigtraxadmin', 1);
INSERT INTO pigtraxrefdata."City" (name, "lastUpdated", "userUpdated", "id_Country") VALUES ('Várzea do Poço', CURRENT_TIMESTAMP, 'pigtraxadmin', 1);
INSERT INTO pigtraxrefdata."City" (name, "lastUpdated", "userUpdated", "id_Country") VALUES ('Várzea dos Espinhos', CURRENT_TIMESTAMP, 'pigtraxadmin', 1);
INSERT INTO pigtraxrefdata."City" (name, "lastUpdated", "userUpdated", "id_Country") VALUES ('Várzea Grande', CURRENT_TIMESTAMP, 'pigtraxadmin', 1);
INSERT INTO pigtraxrefdata."City" (name, "lastUpdated", "userUpdated", "id_Country") VALUES ('Várzea Nova', CURRENT_TIMESTAMP, 'pigtraxadmin', 1);
INSERT INTO pigtraxrefdata."City" (name, "lastUpdated", "userUpdated", "id_Country") VALUES ('Várzea Paulista', CURRENT_TIMESTAMP, 'pigtraxadmin', 1);
INSERT INTO pigtraxrefdata."City" (name, "lastUpdated", "userUpdated", "id_Country") VALUES ('Várzeas', CURRENT_TIMESTAMP, 'pigtraxadmin', 1);
INSERT INTO pigtraxrefdata."City" (name, "lastUpdated", "userUpdated", "id_Country") VALUES ('Varzedo', CURRENT_TIMESTAMP, 'pigtraxadmin', 1);
INSERT INTO pigtraxrefdata."City" (name, "lastUpdated", "userUpdated", "id_Country") VALUES ('Varzelândia', CURRENT_TIMESTAMP, 'pigtraxadmin', 1);
INSERT INTO pigtraxrefdata."City" (name, "lastUpdated", "userUpdated", "id_Country") VALUES ('Varzinha', CURRENT_TIMESTAMP, 'pigtraxadmin', 1);
INSERT INTO pigtraxrefdata."City" (name, "lastUpdated", "userUpdated", "id_Country") VALUES ('Vassouras', CURRENT_TIMESTAMP, 'pigtraxadmin', 1);
INSERT INTO pigtraxrefdata."City" (name, "lastUpdated", "userUpdated", "id_Country") VALUES ('Vau-Açu', CURRENT_TIMESTAMP, 'pigtraxadmin', 1);
INSERT INTO pigtraxrefdata."City" (name, "lastUpdated", "userUpdated", "id_Country") VALUES ('Vazante', CURRENT_TIMESTAMP, 'pigtraxadmin', 1);
INSERT INTO pigtraxrefdata."City" (name, "lastUpdated", "userUpdated", "id_Country") VALUES ('Velha Boipeba', CURRENT_TIMESTAMP, 'pigtraxadmin', 1);
INSERT INTO pigtraxrefdata."City" (name, "lastUpdated", "userUpdated", "id_Country") VALUES ('Venâncio Aires', CURRENT_TIMESTAMP, 'pigtraxadmin', 1);
INSERT INTO pigtraxrefdata."City" (name, "lastUpdated", "userUpdated", "id_Country") VALUES ('Venda Branca', CURRENT_TIMESTAMP, 'pigtraxadmin', 1);
INSERT INTO pigtraxrefdata."City" (name, "lastUpdated", "userUpdated", "id_Country") VALUES ('Venda Nova do Imigrante', CURRENT_TIMESTAMP, 'pigtraxadmin', 1);
INSERT INTO pigtraxrefdata."City" (name, "lastUpdated", "userUpdated", "id_Country") VALUES ('Venha-Ver', CURRENT_TIMESTAMP, 'pigtraxadmin', 1);
INSERT INTO pigtraxrefdata."City" (name, "lastUpdated", "userUpdated", "id_Country") VALUES ('Ventania', CURRENT_TIMESTAMP, 'pigtraxadmin', 1);
INSERT INTO pigtraxrefdata."City" (name, "lastUpdated", "userUpdated", "id_Country") VALUES ('Venturosa', CURRENT_TIMESTAMP, 'pigtraxadmin', 1);
INSERT INTO pigtraxrefdata."City" (name, "lastUpdated", "userUpdated", "id_Country") VALUES ('Vera', CURRENT_TIMESTAMP, 'pigtraxadmin', 1);
INSERT INTO pigtraxrefdata."City" (name, "lastUpdated", "userUpdated", "id_Country") VALUES ('Vera Cruz', CURRENT_TIMESTAMP, 'pigtraxadmin', 1);
INSERT INTO pigtraxrefdata."City" (name, "lastUpdated", "userUpdated", "id_Country") VALUES ('Vera Cruz de Minas', CURRENT_TIMESTAMP, 'pigtraxadmin', 1);
INSERT INTO pigtraxrefdata."City" (name, "lastUpdated", "userUpdated", "id_Country") VALUES ('Vera Cruz do Oeste', CURRENT_TIMESTAMP, 'pigtraxadmin', 1);
INSERT INTO pigtraxrefdata."City" (name, "lastUpdated", "userUpdated", "id_Country") VALUES ('Vera Mendes', CURRENT_TIMESTAMP, 'pigtraxadmin', 1);
INSERT INTO pigtraxrefdata."City" (name, "lastUpdated", "userUpdated", "id_Country") VALUES ('Veranópolis', CURRENT_TIMESTAMP, 'pigtraxadmin', 1);
INSERT INTO pigtraxrefdata."City" (name, "lastUpdated", "userUpdated", "id_Country") VALUES ('Verdejante', CURRENT_TIMESTAMP, 'pigtraxadmin', 1);
INSERT INTO pigtraxrefdata."City" (name, "lastUpdated", "userUpdated", "id_Country") VALUES ('Verdelândia', CURRENT_TIMESTAMP, 'pigtraxadmin', 1);
INSERT INTO pigtraxrefdata."City" (name, "lastUpdated", "userUpdated", "id_Country") VALUES ('Verê', CURRENT_TIMESTAMP, 'pigtraxadmin', 1);
INSERT INTO pigtraxrefdata."City" (name, "lastUpdated", "userUpdated", "id_Country") VALUES ('Vereda', CURRENT_TIMESTAMP, 'pigtraxadmin', 1);
INSERT INTO pigtraxrefdata."City" (name, "lastUpdated", "userUpdated", "id_Country") VALUES ('Veredinha', CURRENT_TIMESTAMP, 'pigtraxadmin', 1);
INSERT INTO pigtraxrefdata."City" (name, "lastUpdated", "userUpdated", "id_Country") VALUES ('Veríssimo', CURRENT_TIMESTAMP, 'pigtraxadmin', 1);
INSERT INTO pigtraxrefdata."City" (name, "lastUpdated", "userUpdated", "id_Country") VALUES ('Vermelho Velho', CURRENT_TIMESTAMP, 'pigtraxadmin', 1);
INSERT INTO pigtraxrefdata."City" (name, "lastUpdated", "userUpdated", "id_Country") VALUES ('Vertente do Lério', CURRENT_TIMESTAMP, 'pigtraxadmin', 1);
INSERT INTO pigtraxrefdata."City" (name, "lastUpdated", "userUpdated", "id_Country") VALUES ('Vertentes', CURRENT_TIMESTAMP, 'pigtraxadmin', 1);
INSERT INTO pigtraxrefdata."City" (name, "lastUpdated", "userUpdated", "id_Country") VALUES ('Vespasiano', CURRENT_TIMESTAMP, 'pigtraxadmin', 1);
INSERT INTO pigtraxrefdata."City" (name, "lastUpdated", "userUpdated", "id_Country") VALUES ('Viadutos', CURRENT_TIMESTAMP, 'pigtraxadmin', 1);
INSERT INTO pigtraxrefdata."City" (name, "lastUpdated", "userUpdated", "id_Country") VALUES ('Viamão', CURRENT_TIMESTAMP, 'pigtraxadmin', 1);
INSERT INTO pigtraxrefdata."City" (name, "lastUpdated", "userUpdated", "id_Country") VALUES ('Viamópolis', CURRENT_TIMESTAMP, 'pigtraxadmin', 1);
INSERT INTO pigtraxrefdata."City" (name, "lastUpdated", "userUpdated", "id_Country") VALUES ('Viana', CURRENT_TIMESTAMP, 'pigtraxadmin', 1);
INSERT INTO pigtraxrefdata."City" (name, "lastUpdated", "userUpdated", "id_Country") VALUES ('Vianópolis', CURRENT_TIMESTAMP, 'pigtraxadmin', 1);
INSERT INTO pigtraxrefdata."City" (name, "lastUpdated", "userUpdated", "id_Country") VALUES ('Vicência', CURRENT_TIMESTAMP, 'pigtraxadmin', 1);
INSERT INTO pigtraxrefdata."City" (name, "lastUpdated", "userUpdated", "id_Country") VALUES ('Vicente de Carvalho', CURRENT_TIMESTAMP, 'pigtraxadmin', 1);
INSERT INTO pigtraxrefdata."City" (name, "lastUpdated", "userUpdated", "id_Country") VALUES ('Vicente Dutra', CURRENT_TIMESTAMP, 'pigtraxadmin', 1);
INSERT INTO pigtraxrefdata."City" (name, "lastUpdated", "userUpdated", "id_Country") VALUES ('Vicentina', CURRENT_TIMESTAMP, 'pigtraxadmin', 1);
INSERT INTO pigtraxrefdata."City" (name, "lastUpdated", "userUpdated", "id_Country") VALUES ('Vicentinópolis', CURRENT_TIMESTAMP, 'pigtraxadmin', 1);
INSERT INTO pigtraxrefdata."City" (name, "lastUpdated", "userUpdated", "id_Country") VALUES ('Viçosa', CURRENT_TIMESTAMP, 'pigtraxadmin', 1);
INSERT INTO pigtraxrefdata."City" (name, "lastUpdated", "userUpdated", "id_Country") VALUES ('Viçosa do Ceará', CURRENT_TIMESTAMP, 'pigtraxadmin', 1);
INSERT INTO pigtraxrefdata."City" (name, "lastUpdated", "userUpdated", "id_Country") VALUES ('Victor Graeff', CURRENT_TIMESTAMP, 'pigtraxadmin', 1);
INSERT INTO pigtraxrefdata."City" (name, "lastUpdated", "userUpdated", "id_Country") VALUES ('Vidal Ramos', CURRENT_TIMESTAMP, 'pigtraxadmin', 1);
INSERT INTO pigtraxrefdata."City" (name, "lastUpdated", "userUpdated", "id_Country") VALUES ('Videira', CURRENT_TIMESTAMP, 'pigtraxadmin', 1);
INSERT INTO pigtraxrefdata."City" (name, "lastUpdated", "userUpdated", "id_Country") VALUES ('Vieirópolis', CURRENT_TIMESTAMP, 'pigtraxadmin', 1);
INSERT INTO pigtraxrefdata."City" (name, "lastUpdated", "userUpdated", "id_Country") VALUES ('Vigia', CURRENT_TIMESTAMP, 'pigtraxadmin', 1);
INSERT INTO pigtraxrefdata."City" (name, "lastUpdated", "userUpdated", "id_Country") VALUES ('Vila Bela da Santíssima Trindade', CURRENT_TIMESTAMP, 'pigtraxadmin', 1);
INSERT INTO pigtraxrefdata."City" (name, "lastUpdated", "userUpdated", "id_Country") VALUES ('Vila Block', CURRENT_TIMESTAMP, 'pigtraxadmin', 1);
INSERT INTO pigtraxrefdata."City" (name, "lastUpdated", "userUpdated", "id_Country") VALUES ('Vila Brasil', CURRENT_TIMESTAMP, 'pigtraxadmin', 1);
INSERT INTO pigtraxrefdata."City" (name, "lastUpdated", "userUpdated", "id_Country") VALUES ('Vila Cristina', CURRENT_TIMESTAMP, 'pigtraxadmin', 1);
INSERT INTO pigtraxrefdata."City" (name, "lastUpdated", "userUpdated", "id_Country") VALUES ('Vila da Grama', CURRENT_TIMESTAMP, 'pigtraxadmin', 1);
INSERT INTO pigtraxrefdata."City" (name, "lastUpdated", "userUpdated", "id_Country") VALUES ('Vila de Volta Grande', CURRENT_TIMESTAMP, 'pigtraxadmin', 1);
INSERT INTO pigtraxrefdata."City" (name, "lastUpdated", "userUpdated", "id_Country") VALUES ('Vila Dirce', CURRENT_TIMESTAMP, 'pigtraxadmin', 1);
INSERT INTO pigtraxrefdata."City" (name, "lastUpdated", "userUpdated", "id_Country") VALUES ('Vila do Carmo do Tocantins', CURRENT_TIMESTAMP, 'pigtraxadmin', 1);
INSERT INTO pigtraxrefdata."City" (name, "lastUpdated", "userUpdated", "id_Country") VALUES ('Vila do Treme', CURRENT_TIMESTAMP, 'pigtraxadmin', 1);
INSERT INTO pigtraxrefdata."City" (name, "lastUpdated", "userUpdated", "id_Country") VALUES ('Vila Flor', CURRENT_TIMESTAMP, 'pigtraxadmin', 1);
INSERT INTO pigtraxrefdata."City" (name, "lastUpdated", "userUpdated", "id_Country") VALUES ('Vila Lindoeste', CURRENT_TIMESTAMP, 'pigtraxadmin', 1);
INSERT INTO pigtraxrefdata."City" (name, "lastUpdated", "userUpdated", "id_Country") VALUES ('Vila Maria', CURRENT_TIMESTAMP, 'pigtraxadmin', 1);
INSERT INTO pigtraxrefdata."City" (name, "lastUpdated", "userUpdated", "id_Country") VALUES ('Vila Muriqui', CURRENT_TIMESTAMP, 'pigtraxadmin', 1);
INSERT INTO pigtraxrefdata."City" (name, "lastUpdated", "userUpdated", "id_Country") VALUES ('Vila Nelita', CURRENT_TIMESTAMP, 'pigtraxadmin', 1);
INSERT INTO pigtraxrefdata."City" (name, "lastUpdated", "userUpdated", "id_Country") VALUES ('Vila Nereu', CURRENT_TIMESTAMP, 'pigtraxadmin', 1);
INSERT INTO pigtraxrefdata."City" (name, "lastUpdated", "userUpdated", "id_Country") VALUES ('Vila Nery', CURRENT_TIMESTAMP, 'pigtraxadmin', 1);
INSERT INTO pigtraxrefdata."City" (name, "lastUpdated", "userUpdated", "id_Country") VALUES ('Vila Nova', CURRENT_TIMESTAMP, 'pigtraxadmin', 1);
INSERT INTO pigtraxrefdata."City" (name, "lastUpdated", "userUpdated", "id_Country") VALUES ('Vila Nova de Campos', CURRENT_TIMESTAMP, 'pigtraxadmin', 1);
INSERT INTO pigtraxrefdata."City" (name, "lastUpdated", "userUpdated", "id_Country") VALUES ('Vila Nova do Piauí', CURRENT_TIMESTAMP, 'pigtraxadmin', 1);
INSERT INTO pigtraxrefdata."City" (name, "lastUpdated", "userUpdated", "id_Country") VALUES ('Vila Nova do Sul', CURRENT_TIMESTAMP, 'pigtraxadmin', 1);
INSERT INTO pigtraxrefdata."City" (name, "lastUpdated", "userUpdated", "id_Country") VALUES ('Vila Nova dos Martírios', CURRENT_TIMESTAMP, 'pigtraxadmin', 1);
INSERT INTO pigtraxrefdata."City" (name, "lastUpdated", "userUpdated", "id_Country") VALUES ('Vila Nova dos Poções', CURRENT_TIMESTAMP, 'pigtraxadmin', 1);
INSERT INTO pigtraxrefdata."City" (name, "lastUpdated", "userUpdated", "id_Country") VALUES ('Vila Nova Floresta', CURRENT_TIMESTAMP, 'pigtraxadmin', 1);
INSERT INTO pigtraxrefdata."City" (name, "lastUpdated", "userUpdated", "id_Country") VALUES ('Vila Operária', CURRENT_TIMESTAMP, 'pigtraxadmin', 1);
INSERT INTO pigtraxrefdata."City" (name, "lastUpdated", "userUpdated", "id_Country") VALUES ('Vila Pavão', CURRENT_TIMESTAMP, 'pigtraxadmin', 1);
INSERT INTO pigtraxrefdata."City" (name, "lastUpdated", "userUpdated", "id_Country") VALUES ('Vila Paz', CURRENT_TIMESTAMP, 'pigtraxadmin', 1);
INSERT INTO pigtraxrefdata."City" (name, "lastUpdated", "userUpdated", "id_Country") VALUES ('Vila Pereira', CURRENT_TIMESTAMP, 'pigtraxadmin', 1);
INSERT INTO pigtraxrefdata."City" (name, "lastUpdated", "userUpdated", "id_Country") VALUES ('Vila Propício', CURRENT_TIMESTAMP, 'pigtraxadmin', 1);
INSERT INTO pigtraxrefdata."City" (name, "lastUpdated", "userUpdated", "id_Country") VALUES ('Vila Reis', CURRENT_TIMESTAMP, 'pigtraxadmin', 1);
INSERT INTO pigtraxrefdata."City" (name, "lastUpdated", "userUpdated", "id_Country") VALUES ('Vila Rica', CURRENT_TIMESTAMP, 'pigtraxadmin', 1);
INSERT INTO pigtraxrefdata."City" (name, "lastUpdated", "userUpdated", "id_Country") VALUES ('Vila Taveira', CURRENT_TIMESTAMP, 'pigtraxadmin', 1);
INSERT INTO pigtraxrefdata."City" (name, "lastUpdated", "userUpdated", "id_Country") VALUES ('Vila União', CURRENT_TIMESTAMP, 'pigtraxadmin', 1);
INSERT INTO pigtraxrefdata."City" (name, "lastUpdated", "userUpdated", "id_Country") VALUES ('Vila Valério', CURRENT_TIMESTAMP, 'pigtraxadmin', 1);
INSERT INTO pigtraxrefdata."City" (name, "lastUpdated", "userUpdated", "id_Country") VALUES ('Vila Vargas', CURRENT_TIMESTAMP, 'pigtraxadmin', 1);
INSERT INTO pigtraxrefdata."City" (name, "lastUpdated", "userUpdated", "id_Country") VALUES ('Vila Velha', CURRENT_TIMESTAMP, 'pigtraxadmin', 1);
INSERT INTO pigtraxrefdata."City" (name, "lastUpdated", "userUpdated", "id_Country") VALUES ('Vila Verde', CURRENT_TIMESTAMP, 'pigtraxadmin', 1);
INSERT INTO pigtraxrefdata."City" (name, "lastUpdated", "userUpdated", "id_Country") VALUES ('Vila Xavier', CURRENT_TIMESTAMP, 'pigtraxadmin', 1);
INSERT INTO pigtraxrefdata."City" (name, "lastUpdated", "userUpdated", "id_Country") VALUES ('Vilanova', CURRENT_TIMESTAMP, 'pigtraxadmin', 1);
INSERT INTO pigtraxrefdata."City" (name, "lastUpdated", "userUpdated", "id_Country") VALUES ('Vilhena', CURRENT_TIMESTAMP, 'pigtraxadmin', 1);
INSERT INTO pigtraxrefdata."City" (name, "lastUpdated", "userUpdated", "id_Country") VALUES ('Vinhedo', CURRENT_TIMESTAMP, 'pigtraxadmin', 1);
INSERT INTO pigtraxrefdata."City" (name, "lastUpdated", "userUpdated", "id_Country") VALUES ('Viração', CURRENT_TIMESTAMP, 'pigtraxadmin', 1);
INSERT INTO pigtraxrefdata."City" (name, "lastUpdated", "userUpdated", "id_Country") VALUES ('Viradouro', CURRENT_TIMESTAMP, 'pigtraxadmin', 1);
INSERT INTO pigtraxrefdata."City" (name, "lastUpdated", "userUpdated", "id_Country") VALUES ('Virgem da Lapa', CURRENT_TIMESTAMP, 'pigtraxadmin', 1);
INSERT INTO pigtraxrefdata."City" (name, "lastUpdated", "userUpdated", "id_Country") VALUES ('Virgínia', CURRENT_TIMESTAMP, 'pigtraxadmin', 1);
INSERT INTO pigtraxrefdata."City" (name, "lastUpdated", "userUpdated", "id_Country") VALUES ('Virginópolis', CURRENT_TIMESTAMP, 'pigtraxadmin', 1);
INSERT INTO pigtraxrefdata."City" (name, "lastUpdated", "userUpdated", "id_Country") VALUES ('Virgolândia', CURRENT_TIMESTAMP, 'pigtraxadmin', 1);
INSERT INTO pigtraxrefdata."City" (name, "lastUpdated", "userUpdated", "id_Country") VALUES ('Virmond', CURRENT_TIMESTAMP, 'pigtraxadmin', 1);
INSERT INTO pigtraxrefdata."City" (name, "lastUpdated", "userUpdated", "id_Country") VALUES ('Visconde de Imbé', CURRENT_TIMESTAMP, 'pigtraxadmin', 1);
INSERT INTO pigtraxrefdata."City" (name, "lastUpdated", "userUpdated", "id_Country") VALUES ('Visconde de Itaboraí', CURRENT_TIMESTAMP, 'pigtraxadmin', 1);
INSERT INTO pigtraxrefdata."City" (name, "lastUpdated", "userUpdated", "id_Country") VALUES ('Visconde do Rio Branco', CURRENT_TIMESTAMP, 'pigtraxadmin', 1);
INSERT INTO pigtraxrefdata."City" (name, "lastUpdated", "userUpdated", "id_Country") VALUES ('Viseu', CURRENT_TIMESTAMP, 'pigtraxadmin', 1);
INSERT INTO pigtraxrefdata."City" (name, "lastUpdated", "userUpdated", "id_Country") VALUES ('Vista Alegre', CURRENT_TIMESTAMP, 'pigtraxadmin', 1);
INSERT INTO pigtraxrefdata."City" (name, "lastUpdated", "userUpdated", "id_Country") VALUES ('Vista Alegre do Abunã', CURRENT_TIMESTAMP, 'pigtraxadmin', 1);
INSERT INTO pigtraxrefdata."City" (name, "lastUpdated", "userUpdated", "id_Country") VALUES ('Vista Alegre do Alto', CURRENT_TIMESTAMP, 'pigtraxadmin', 1);
INSERT INTO pigtraxrefdata."City" (name, "lastUpdated", "userUpdated", "id_Country") VALUES ('Vista Gaúcha', CURRENT_TIMESTAMP, 'pigtraxadmin', 1);
INSERT INTO pigtraxrefdata."City" (name, "lastUpdated", "userUpdated", "id_Country") VALUES ('Vista Serrana', CURRENT_TIMESTAMP, 'pigtraxadmin', 1);
INSERT INTO pigtraxrefdata."City" (name, "lastUpdated", "userUpdated", "id_Country") VALUES ('Vitor Meireles', CURRENT_TIMESTAMP, 'pigtraxadmin', 1);
INSERT INTO pigtraxrefdata."City" (name, "lastUpdated", "userUpdated", "id_Country") VALUES ('Vitória da Conquista', CURRENT_TIMESTAMP, 'pigtraxadmin', 1);
INSERT INTO pigtraxrefdata."City" (name, "lastUpdated", "userUpdated", "id_Country") VALUES ('Vitória das Missões', CURRENT_TIMESTAMP, 'pigtraxadmin', 1);
INSERT INTO pigtraxrefdata."City" (name, "lastUpdated", "userUpdated", "id_Country") VALUES ('Vitória de Santo Antão', CURRENT_TIMESTAMP, 'pigtraxadmin', 1);
INSERT INTO pigtraxrefdata."City" (name, "lastUpdated", "userUpdated", "id_Country") VALUES ('Vitória do Jari', CURRENT_TIMESTAMP, 'pigtraxadmin', 1);
INSERT INTO pigtraxrefdata."City" (name, "lastUpdated", "userUpdated", "id_Country") VALUES ('Vitória do Mearim', CURRENT_TIMESTAMP, 'pigtraxadmin', 1);
INSERT INTO pigtraxrefdata."City" (name, "lastUpdated", "userUpdated", "id_Country") VALUES ('Vitoriana', CURRENT_TIMESTAMP, 'pigtraxadmin', 1);
INSERT INTO pigtraxrefdata."City" (name, "lastUpdated", "userUpdated", "id_Country") VALUES ('Vitorino Freire', CURRENT_TIMESTAMP, 'pigtraxadmin', 1);
INSERT INTO pigtraxrefdata."City" (name, "lastUpdated", "userUpdated", "id_Country") VALUES ('Volta do Moxotó', CURRENT_TIMESTAMP, 'pigtraxadmin', 1);
INSERT INTO pigtraxrefdata."City" (name, "lastUpdated", "userUpdated", "id_Country") VALUES ('Volta Grande', CURRENT_TIMESTAMP, 'pigtraxadmin', 1);
INSERT INTO pigtraxrefdata."City" (name, "lastUpdated", "userUpdated", "id_Country") VALUES ('Volta Redonda', CURRENT_TIMESTAMP, 'pigtraxadmin', 1);
INSERT INTO pigtraxrefdata."City" (name, "lastUpdated", "userUpdated", "id_Country") VALUES ('Votorantim', CURRENT_TIMESTAMP, 'pigtraxadmin', 1);
INSERT INTO pigtraxrefdata."City" (name, "lastUpdated", "userUpdated", "id_Country") VALUES ('Votuporanga', CURRENT_TIMESTAMP, 'pigtraxadmin', 1);
INSERT INTO pigtraxrefdata."City" (name, "lastUpdated", "userUpdated", "id_Country") VALUES ('Wagner', CURRENT_TIMESTAMP, 'pigtraxadmin', 1);
INSERT INTO pigtraxrefdata."City" (name, "lastUpdated", "userUpdated", "id_Country") VALUES ('Wall Ferraz', CURRENT_TIMESTAMP, 'pigtraxadmin', 1);
INSERT INTO pigtraxrefdata."City" (name, "lastUpdated", "userUpdated", "id_Country") VALUES ('Wanderley', CURRENT_TIMESTAMP, 'pigtraxadmin', 1);
INSERT INTO pigtraxrefdata."City" (name, "lastUpdated", "userUpdated", "id_Country") VALUES ('Warta', CURRENT_TIMESTAMP, 'pigtraxadmin', 1);
INSERT INTO pigtraxrefdata."City" (name, "lastUpdated", "userUpdated", "id_Country") VALUES ('Wenceslau Braz', CURRENT_TIMESTAMP, 'pigtraxadmin', 1);
INSERT INTO pigtraxrefdata."City" (name, "lastUpdated", "userUpdated", "id_Country") VALUES ('Wenceslau Guimarães', CURRENT_TIMESTAMP, 'pigtraxadmin', 1);
INSERT INTO pigtraxrefdata."City" (name, "lastUpdated", "userUpdated", "id_Country") VALUES ('Werneck', CURRENT_TIMESTAMP, 'pigtraxadmin', 1);
INSERT INTO pigtraxrefdata."City" (name, "lastUpdated", "userUpdated", "id_Country") VALUES ('Westfalia', CURRENT_TIMESTAMP, 'pigtraxadmin', 1);
INSERT INTO pigtraxrefdata."City" (name, "lastUpdated", "userUpdated", "id_Country") VALUES ('Witmarsum', CURRENT_TIMESTAMP, 'pigtraxadmin', 1);
INSERT INTO pigtraxrefdata."City" (name, "lastUpdated", "userUpdated", "id_Country") VALUES ('Xambioá', CURRENT_TIMESTAMP, 'pigtraxadmin', 1);
INSERT INTO pigtraxrefdata."City" (name, "lastUpdated", "userUpdated", "id_Country") VALUES ('Xambrê', CURRENT_TIMESTAMP, 'pigtraxadmin', 1);
INSERT INTO pigtraxrefdata."City" (name, "lastUpdated", "userUpdated", "id_Country") VALUES ('Xangri-lá', CURRENT_TIMESTAMP, 'pigtraxadmin', 1);
INSERT INTO pigtraxrefdata."City" (name, "lastUpdated", "userUpdated", "id_Country") VALUES ('Xanxerê', CURRENT_TIMESTAMP, 'pigtraxadmin', 1);
INSERT INTO pigtraxrefdata."City" (name, "lastUpdated", "userUpdated", "id_Country") VALUES ('Xapuri', CURRENT_TIMESTAMP, 'pigtraxadmin', 1);
INSERT INTO pigtraxrefdata."City" (name, "lastUpdated", "userUpdated", "id_Country") VALUES ('Xavantina', CURRENT_TIMESTAMP, 'pigtraxadmin', 1);
INSERT INTO pigtraxrefdata."City" (name, "lastUpdated", "userUpdated", "id_Country") VALUES ('Xaxim', CURRENT_TIMESTAMP, 'pigtraxadmin', 1);
INSERT INTO pigtraxrefdata."City" (name, "lastUpdated", "userUpdated", "id_Country") VALUES ('Xerém', CURRENT_TIMESTAMP, 'pigtraxadmin', 1);
INSERT INTO pigtraxrefdata."City" (name, "lastUpdated", "userUpdated", "id_Country") VALUES ('Xexéu', CURRENT_TIMESTAMP, 'pigtraxadmin', 1);
INSERT INTO pigtraxrefdata."City" (name, "lastUpdated", "userUpdated", "id_Country") VALUES ('Xinguara', CURRENT_TIMESTAMP, 'pigtraxadmin', 1);
INSERT INTO pigtraxrefdata."City" (name, "lastUpdated", "userUpdated", "id_Country") VALUES ('Xique-Xique', CURRENT_TIMESTAMP, 'pigtraxadmin', 1);
INSERT INTO pigtraxrefdata."City" (name, "lastUpdated", "userUpdated", "id_Country") VALUES ('Xucuru', CURRENT_TIMESTAMP, 'pigtraxadmin', 1);
INSERT INTO pigtraxrefdata."City" (name, "lastUpdated", "userUpdated", "id_Country") VALUES ('Yolanda', CURRENT_TIMESTAMP, 'pigtraxadmin', 1);
INSERT INTO pigtraxrefdata."City" (name, "lastUpdated", "userUpdated", "id_Country") VALUES ('Zabelê', CURRENT_TIMESTAMP, 'pigtraxadmin', 1);
INSERT INTO pigtraxrefdata."City" (name, "lastUpdated", "userUpdated", "id_Country") VALUES ('Zacarias', CURRENT_TIMESTAMP, 'pigtraxadmin', 1);
INSERT INTO pigtraxrefdata."City" (name, "lastUpdated", "userUpdated", "id_Country") VALUES ('Zé Doca', CURRENT_TIMESTAMP, 'pigtraxadmin', 1);
INSERT INTO pigtraxrefdata."City" (name, "lastUpdated", "userUpdated", "id_Country") VALUES ('Zortéa', CURRENT_TIMESTAMP, 'pigtraxadmin', 1);



--Spain Cities
INSERT INTO pigtraxrefdata."City" (name, "lastUpdated", "userUpdated", "id_Country") VALUES ('Madrid', CURRENT_TIMESTAMP, 'pigtraxadmin', 2);
INSERT INTO pigtraxrefdata."City" (name, "lastUpdated", "userUpdated", "id_Country") VALUES ('Barcelona', CURRENT_TIMESTAMP, 'pigtraxadmin', 2);
INSERT INTO pigtraxrefdata."City" (name, "lastUpdated", "userUpdated", "id_Country") VALUES ('Alicante', CURRENT_TIMESTAMP, 'pigtraxadmin', 2);
-- US cities
INSERT INTO pigtraxrefdata."City" (name, "lastUpdated", "userUpdated", "id_Country") VALUES ('Dallas', CURRENT_TIMESTAMP, 'pigtraxadmin', 3);
INSERT INTO pigtraxrefdata."City" (name, "lastUpdated", "userUpdated", "id_Country") VALUES ('Los Angeles', CURRENT_TIMESTAMP, 'pigtraxadmin', 3);
INSERT INTO pigtraxrefdata."City" (name, "lastUpdated", "userUpdated", "id_Country") VALUES ('San Fransisco', CURRENT_TIMESTAMP, 'pigtraxadmin', 3);

--BarnType/PhaseType
INSERT INTO pigtraxrefdata."PhaseType" ("fieldCode","fieldDescription","lastUpdated","userUpdated") VALUES (1,'Nursery', CURRENT_TIMESTAMP,'pigtraxadmin');
INSERT INTO pigtraxrefdata."PhaseType" ("fieldCode","fieldDescription","lastUpdated","userUpdated") VALUES (2,'Finishing',CURRENT_TIMESTAMP,'pigtraxadmin');
INSERT INTO pigtraxrefdata."PhaseType" ("fieldCode","fieldDescription","lastUpdated","userUpdated") VALUES (3,'Wean to finish',CURRENT_TIMESTAMP,'pigtraxadmin');
INSERT INTO pigtraxrefdata."PhaseType" ("fieldCode","fieldDescription","lastUpdated","userUpdated") VALUES (4,'GDU',CURRENT_TIMESTAMP,'pigtraxadmin');
INSERT INTO pigtraxrefdata."PhaseType" ("fieldCode","fieldDescription","lastUpdated","userUpdated") VALUES (5,'Farrow',CURRENT_TIMESTAMP,'pigtraxadmin');
INSERT INTO pigtraxrefdata."PhaseType" ("fieldCode","fieldDescription","lastUpdated","userUpdated") VALUES (6,'Gestation',CURRENT_TIMESTAMP,'pigtraxadmin');
INSERT INTO pigtraxrefdata."PhaseType" ("fieldCode","fieldDescription","lastUpdated","userUpdated") VALUES (7,'Breeding',CURRENT_TIMESTAMP,'pigtraxadmin');
INSERT INTO pigtraxrefdata."PhaseType" ("fieldCode","fieldDescription","lastUpdated","userUpdated") VALUES (8,'AI Stud',CURRENT_TIMESTAMP,'pigtraxadmin');
INSERT INTO pigtraxrefdata."PhaseType" ("fieldCode","fieldDescription","lastUpdated","userUpdated") VALUES (9,'Extra Pigs',CURRENT_TIMESTAMP,'pigtraxadmin');

INSERT INTO pigtraxrefdata."PhaseTypeTranslation" ("fieldValue","fieldLanguage","lastUpdated","userUpdated","id_PhaseType") VALUES ('Nursery','en',CURRENT_TIMESTAMP,'pigtraxadmin',1);
INSERT INTO pigtraxrefdata."PhaseTypeTranslation" ("fieldValue","fieldLanguage","lastUpdated","userUpdated","id_PhaseType") VALUES ('Finishing','en',CURRENT_TIMESTAMP,'pigtraxadmin',2);
INSERT INTO pigtraxrefdata."PhaseTypeTranslation" ("fieldValue","fieldLanguage","lastUpdated","userUpdated","id_PhaseType") VALUES ('Wean to finish','en',CURRENT_TIMESTAMP,'pigtraxadmin',3);
INSERT INTO pigtraxrefdata."PhaseTypeTranslation" ("fieldValue","fieldLanguage","lastUpdated","userUpdated","id_PhaseType") VALUES ('GDU','en',CURRENT_TIMESTAMP,'pigtraxadmin',4);
INSERT INTO pigtraxrefdata."PhaseTypeTranslation" ("fieldValue","fieldLanguage","lastUpdated","userUpdated","id_PhaseType") VALUES ('Farrow','en',CURRENT_TIMESTAMP,'pigtraxadmin',5);
INSERT INTO pigtraxrefdata."PhaseTypeTranslation" ("fieldValue","fieldLanguage","lastUpdated","userUpdated","id_PhaseType") VALUES ('Gestation','en',CURRENT_TIMESTAMP,'pigtraxadmin',6);
INSERT INTO pigtraxrefdata."PhaseTypeTranslation" ("fieldValue","fieldLanguage","lastUpdated","userUpdated","id_PhaseType") VALUES ('Breeding','en',CURRENT_TIMESTAMP,'pigtraxadmin',7);
INSERT INTO pigtraxrefdata."PhaseTypeTranslation" ("fieldValue","fieldLanguage","lastUpdated","userUpdated","id_PhaseType") VALUES ('AI Stud','en',CURRENT_TIMESTAMP,'pigtraxadmin',8);
INSERT INTO pigtraxrefdata."PhaseTypeTranslation" ("fieldValue","fieldLanguage","lastUpdated","userUpdated","id_PhaseType") VALUES ('Extra Pigs','en',CURRENT_TIMESTAMP,'pigtraxadmin',9);

INSERT INTO pigtraxrefdata."PhaseTypeTranslation" ("fieldValue","fieldLanguage","lastUpdated","userUpdated","id_PhaseType") VALUES ('Nursery_ES','es',CURRENT_TIMESTAMP,'pigtraxadmin',1);
INSERT INTO pigtraxrefdata."PhaseTypeTranslation" ("fieldValue","fieldLanguage","lastUpdated","userUpdated","id_PhaseType") VALUES ('Finishing_ES','es',CURRENT_TIMESTAMP,'pigtraxadmin',2);
INSERT INTO pigtraxrefdata."PhaseTypeTranslation" ("fieldValue","fieldLanguage","lastUpdated","userUpdated","id_PhaseType") VALUES ('Wean to finish_ES','es',CURRENT_TIMESTAMP,'pigtraxadmin',3);
INSERT INTO pigtraxrefdata."PhaseTypeTranslation" ("fieldValue","fieldLanguage","lastUpdated","userUpdated","id_PhaseType") VALUES ('GDU_ES','es',CURRENT_TIMESTAMP,'pigtraxadmin',4);
INSERT INTO pigtraxrefdata."PhaseTypeTranslation" ("fieldValue","fieldLanguage","lastUpdated","userUpdated","id_PhaseType") VALUES ('Farrow_ES','es',CURRENT_TIMESTAMP,'pigtraxadmin',5);
INSERT INTO pigtraxrefdata."PhaseTypeTranslation" ("fieldValue","fieldLanguage","lastUpdated","userUpdated","id_PhaseType") VALUES ('Gestation_ES','es',CURRENT_TIMESTAMP,'pigtraxadmin',6);
INSERT INTO pigtraxrefdata."PhaseTypeTranslation" ("fieldValue","fieldLanguage","lastUpdated","userUpdated","id_PhaseType") VALUES ('Breeding_ES','es',CURRENT_TIMESTAMP,'pigtraxadmin',7);
INSERT INTO pigtraxrefdata."PhaseTypeTranslation" ("fieldValue","fieldLanguage","lastUpdated","userUpdated","id_PhaseType") VALUES ('AI Stud_ES','es',CURRENT_TIMESTAMP,'pigtraxadmin',8);
INSERT INTO pigtraxrefdata."PhaseTypeTranslation" ("fieldValue","fieldLanguage","lastUpdated","userUpdated","id_PhaseType") VALUES ('Extra Pigs_ES','es',CURRENT_TIMESTAMP,'pigtraxadmin',9);

INSERT INTO pigtraxrefdata."PhaseTypeTranslation" ("fieldValue","fieldLanguage","lastUpdated","userUpdated","id_PhaseType") VALUES ('Nursery_PR','pr',CURRENT_TIMESTAMP,'pigtraxadmin',1);
INSERT INTO pigtraxrefdata."PhaseTypeTranslation" ("fieldValue","fieldLanguage","lastUpdated","userUpdated","id_PhaseType") VALUES ('Finishing_PR','pr',CURRENT_TIMESTAMP,'pigtraxadmin',2);
INSERT INTO pigtraxrefdata."PhaseTypeTranslation" ("fieldValue","fieldLanguage","lastUpdated","userUpdated","id_PhaseType") VALUES ('Wean to finish_PR','pr',CURRENT_TIMESTAMP,'pigtraxadmin',3);
INSERT INTO pigtraxrefdata."PhaseTypeTranslation" ("fieldValue","fieldLanguage","lastUpdated","userUpdated","id_PhaseType") VALUES ('GDU_ES_PR','pr',CURRENT_TIMESTAMP,'pigtraxadmin',4);
INSERT INTO pigtraxrefdata."PhaseTypeTranslation" ("fieldValue","fieldLanguage","lastUpdated","userUpdated","id_PhaseType") VALUES ('Farrow_PR','pr',CURRENT_TIMESTAMP,'pigtraxadmin',5);
INSERT INTO pigtraxrefdata."PhaseTypeTranslation" ("fieldValue","fieldLanguage","lastUpdated","userUpdated","id_PhaseType") VALUES ('Gestation_Pr','pr',CURRENT_TIMESTAMP,'pigtraxadmin',6);
INSERT INTO pigtraxrefdata."PhaseTypeTranslation" ("fieldValue","fieldLanguage","lastUpdated","userUpdated","id_PhaseType") VALUES ('Breeding_PR','pr',CURRENT_TIMESTAMP,'pigtraxadmin',7);
INSERT INTO pigtraxrefdata."PhaseTypeTranslation" ("fieldValue","fieldLanguage","lastUpdated","userUpdated","id_PhaseType") VALUES ('AI Stud_PR','pr',CURRENT_TIMESTAMP,'pigtraxadmin',8);
INSERT INTO pigtraxrefdata."PhaseTypeTranslation" ("fieldValue","fieldLanguage","lastUpdated","userUpdated","id_PhaseType") VALUES ('Extra Pigs_PR','pr',CURRENT_TIMESTAMP,'pigtraxadmin',9);

--VentilatoinType
INSERT INTO pigtraxrefdata."VentilationType" ("fieldCode","fieldDescription","lastUpdated","userUpdated") VALUES (1,'Power', CURRENT_TIMESTAMP,'pigtraxadmin');
INSERT INTO pigtraxrefdata."VentilationType" ("fieldCode","fieldDescription","lastUpdated","userUpdated") VALUES (2,'Natural',CURRENT_TIMESTAMP,'pigtraxadmin');
INSERT INTO pigtraxrefdata."VentilationType" ("fieldCode","fieldDescription","lastUpdated","userUpdated") VALUES (3,'Tunnel',CURRENT_TIMESTAMP,'pigtraxadmin');

INSERT INTO pigtraxrefdata."VentilationTypeTranslation" ("fieldValue","fieldLanguage","lastUpdated","userUpdated","id_VentilationType") VALUES ('Power','en',CURRENT_TIMESTAMP,'pigtraxadmin',1);
INSERT INTO pigtraxrefdata."VentilationTypeTranslation" ("fieldValue","fieldLanguage","lastUpdated","userUpdated","id_VentilationType") VALUES ('Natural','en',CURRENT_TIMESTAMP,'pigtraxadmin',2);
INSERT INTO pigtraxrefdata."VentilationTypeTranslation" ("fieldValue","fieldLanguage","lastUpdated","userUpdated","id_VentilationType") VALUES ('Tunnel','en',CURRENT_TIMESTAMP,'pigtraxadmin',3);

INSERT INTO pigtraxrefdata."VentilationTypeTranslation" ("fieldValue","fieldLanguage","lastUpdated","userUpdated","id_VentilationType") VALUES ('Power_ES','es',CURRENT_TIMESTAMP,'pigtraxadmin',1);
INSERT INTO pigtraxrefdata."VentilationTypeTranslation" ("fieldValue","fieldLanguage","lastUpdated","userUpdated","id_VentilationType") VALUES ('Natural_ES','es',CURRENT_TIMESTAMP,'pigtraxadmin',2);
INSERT INTO pigtraxrefdata."VentilationTypeTranslation" ("fieldValue","fieldLanguage","lastUpdated","userUpdated","id_VentilationType") VALUES ('Tunnel_ES','es',CURRENT_TIMESTAMP,'pigtraxadmin',3);

INSERT INTO pigtraxrefdata."VentilationTypeTranslation" ("fieldValue","fieldLanguage","lastUpdated","userUpdated","id_VentilationType") VALUES ('Power_PR','pr',CURRENT_TIMESTAMP,'pigtraxadmin',1);
INSERT INTO pigtraxrefdata."VentilationTypeTranslation" ("fieldValue","fieldLanguage","lastUpdated","userUpdated","id_VentilationType") VALUES ('Natural_PR','pr',CURRENT_TIMESTAMP,'pigtraxadmin',2);
INSERT INTO pigtraxrefdata."VentilationTypeTranslation" ("fieldValue","fieldLanguage","lastUpdated","userUpdated","id_VentilationType") VALUES ('Tunnel_PR','pr',CURRENT_TIMESTAMP,'pigtraxadmin',3);

-----------------------Breeding service Type
INSERT INTO pigtraxrefdata."BreedingServiceType" ("fieldCode","fieldDescription","lastUpdated","userUpdated") VALUES (1,'AI', CURRENT_TIMESTAMP,'pigtraxadmin');
INSERT INTO pigtraxrefdata."BreedingServiceType" ("fieldCode","fieldDescription","lastUpdated","userUpdated") VALUES (2,'Natural',CURRENT_TIMESTAMP,'pigtraxadmin');
INSERT INTO pigtraxrefdata."BreedingServiceType" ("fieldCode","fieldDescription","lastUpdated","userUpdated") VALUES (3,'Unknown',CURRENT_TIMESTAMP,'pigtraxadmin');

INSERT INTO pigtraxrefdata."BreedingServiceTypeTranslation" ("fieldValue","fieldLanguage","lastUpdated","userUpdated","id_BreedingServiceType") VALUES ('AI','en',CURRENT_TIMESTAMP,'pigtraxadmin',1);
INSERT INTO pigtraxrefdata."BreedingServiceTypeTranslation" ("fieldValue","fieldLanguage","lastUpdated","userUpdated","id_BreedingServiceType") VALUES ('Natural','en',CURRENT_TIMESTAMP,'pigtraxadmin',2);
INSERT INTO pigtraxrefdata."BreedingServiceTypeTranslation" ("fieldValue","fieldLanguage","lastUpdated","userUpdated","id_BreedingServiceType") VALUES ('Unknown','en',CURRENT_TIMESTAMP,'pigtraxadmin',3);

INSERT INTO pigtraxrefdata."BreedingServiceTypeTranslation" ("fieldValue","fieldLanguage","lastUpdated","userUpdated","id_BreedingServiceType") VALUES ('AI_ES','es',CURRENT_TIMESTAMP,'pigtraxadmin',1);
INSERT INTO pigtraxrefdata."BreedingServiceTypeTranslation" ("fieldValue","fieldLanguage","lastUpdated","userUpdated","id_BreedingServiceType") VALUES ('Natural_ES','es',CURRENT_TIMESTAMP,'pigtraxadmin',2);
INSERT INTO pigtraxrefdata."BreedingServiceTypeTranslation" ("fieldValue","fieldLanguage","lastUpdated","userUpdated","id_BreedingServiceType") VALUES ('Unknown_ES','es',CURRENT_TIMESTAMP,'pigtraxadmin',3);

INSERT INTO pigtraxrefdata."BreedingServiceTypeTranslation" ("fieldValue","fieldLanguage","lastUpdated","userUpdated","id_BreedingServiceType") VALUES ('AI_PR','pr',CURRENT_TIMESTAMP,'pigtraxadmin',1);
INSERT INTO pigtraxrefdata."BreedingServiceTypeTranslation" ("fieldValue","fieldLanguage","lastUpdated","userUpdated","id_BreedingServiceType") VALUES ('Natural_PR','pr',CURRENT_TIMESTAMP,'pigtraxadmin',2);
INSERT INTO pigtraxrefdata."BreedingServiceTypeTranslation" ("fieldValue","fieldLanguage","lastUpdated","userUpdated","id_BreedingServiceType") VALUES ('Unknown_PR','pr',CURRENT_TIMESTAMP,'pigtraxadmin',3);

------------------ PregnancyExamResultType

INSERT INTO pigtraxrefdata."PregnancyExamResultType" ("fieldCode","fieldDescription","lastUpdated","userUpdated") VALUES (1,'Positive', CURRENT_TIMESTAMP,'pigtraxadmin');
INSERT INTO pigtraxrefdata."PregnancyExamResultType" ("fieldCode","fieldDescription","lastUpdated","userUpdated") VALUES (2,'Negative',CURRENT_TIMESTAMP,'pigtraxadmin');
INSERT INTO pigtraxrefdata."PregnancyExamResultType" ("fieldCode","fieldDescription","lastUpdated","userUpdated") VALUES (3,'Inconclusive',CURRENT_TIMESTAMP,'pigtraxadmin');

INSERT INTO pigtraxrefdata."PregnancyExamResultTypeTranslation" ("fieldValue","fieldLanguage","lastUpdated","userUpdated","id_PregnancyExamResultType") VALUES ('Positive','en',CURRENT_TIMESTAMP,'pigtraxadmin',1);
INSERT INTO pigtraxrefdata."PregnancyExamResultTypeTranslation" ("fieldValue","fieldLanguage","lastUpdated","userUpdated","id_PregnancyExamResultType") VALUES ('Negative','en',CURRENT_TIMESTAMP,'pigtraxadmin',2);
INSERT INTO pigtraxrefdata."PregnancyExamResultTypeTranslation" ("fieldValue","fieldLanguage","lastUpdated","userUpdated","id_PregnancyExamResultType") VALUES ('Inconclusive','en',CURRENT_TIMESTAMP,'pigtraxadmin',3);

INSERT INTO pigtraxrefdata."PregnancyExamResultTypeTranslation" ("fieldValue","fieldLanguage","lastUpdated","userUpdated","id_PregnancyExamResultType") VALUES ('Positive_ES','es',CURRENT_TIMESTAMP,'pigtraxadmin',1);
INSERT INTO pigtraxrefdata."PregnancyExamResultTypeTranslation" ("fieldValue","fieldLanguage","lastUpdated","userUpdated","id_PregnancyExamResultType") VALUES ('Negative_ES','es',CURRENT_TIMESTAMP,'pigtraxadmin',2);
INSERT INTO pigtraxrefdata."PregnancyExamResultTypeTranslation" ("fieldValue","fieldLanguage","lastUpdated","userUpdated","id_PregnancyExamResultType") VALUES ('Inconclusive_ES','es',CURRENT_TIMESTAMP,'pigtraxadmin',3);

INSERT INTO pigtraxrefdata."PregnancyExamResultTypeTranslation" ("fieldValue","fieldLanguage","lastUpdated","userUpdated","id_PregnancyExamResultType") VALUES ('Positive_PR','pr',CURRENT_TIMESTAMP,'pigtraxadmin',1);
INSERT INTO pigtraxrefdata."PregnancyExamResultTypeTranslation" ("fieldValue","fieldLanguage","lastUpdated","userUpdated","id_PregnancyExamResultType") VALUES ('Negative_PR','pr',CURRENT_TIMESTAMP,'pigtraxadmin',2);
INSERT INTO pigtraxrefdata."PregnancyExamResultTypeTranslation" ("fieldValue","fieldLanguage","lastUpdated","userUpdated","id_PregnancyExamResultType") VALUES ('Inconclusive_PR','pr',CURRENT_TIMESTAMP,'pigtraxadmin',3);

--------------------PregnancyEventType
INSERT INTO pigtraxrefdata."PregnancyEventType" ("fieldCode","fieldDescription","lastUpdated","userUpdated") VALUES (1,'Pregnancy Exam', CURRENT_TIMESTAMP,'pigtraxadmin');
INSERT INTO pigtraxrefdata."PregnancyEventType" ("fieldCode","fieldDescription","lastUpdated","userUpdated") VALUES (2,'Abortion',CURRENT_TIMESTAMP,'pigtraxadmin');
INSERT INTO pigtraxrefdata."PregnancyEventType" ("fieldCode","fieldDescription","lastUpdated","userUpdated") VALUES (3,'Not In Pig',CURRENT_TIMESTAMP,'pigtraxadmin');

INSERT INTO pigtraxrefdata."PregnancyEventTypeTranslation" ("fieldValue","fieldLanguage","lastUpdated","userUpdated","id_PregnancyEventType") VALUES ('Pregnancy Exam','en',CURRENT_TIMESTAMP,'pigtraxadmin',1);
INSERT INTO pigtraxrefdata."PregnancyEventTypeTranslation" ("fieldValue","fieldLanguage","lastUpdated","userUpdated","id_PregnancyEventType") VALUES ('Abortion','en',CURRENT_TIMESTAMP,'pigtraxadmin',2);
INSERT INTO pigtraxrefdata."PregnancyEventTypeTranslation" ("fieldValue","fieldLanguage","lastUpdated","userUpdated","id_PregnancyEventType") VALUES ('Not in Pig','en',CURRENT_TIMESTAMP,'pigtraxadmin',3);

INSERT INTO pigtraxrefdata."PregnancyEventTypeTranslation" ("fieldValue","fieldLanguage","lastUpdated","userUpdated","id_PregnancyEventType") VALUES ('Pregnancy Exam_ES','es',CURRENT_TIMESTAMP,'pigtraxadmin',1);
INSERT INTO pigtraxrefdata."PregnancyEventTypeTranslation" ("fieldValue","fieldLanguage","lastUpdated","userUpdated","id_PregnancyEventType") VALUES ('Abortion_ES','es',CURRENT_TIMESTAMP,'pigtraxadmin',2);
INSERT INTO pigtraxrefdata."PregnancyEventTypeTranslation" ("fieldValue","fieldLanguage","lastUpdated","userUpdated","id_PregnancyEventType") VALUES ('Not in Pig_ES','es',CURRENT_TIMESTAMP,'pigtraxadmin',3);

INSERT INTO pigtraxrefdata."PregnancyEventTypeTranslation" ("fieldValue","fieldLanguage","lastUpdated","userUpdated","id_PregnancyEventType") VALUES ('Pregnancy Exam_PR','pr',CURRENT_TIMESTAMP,'pigtraxadmin',1);
INSERT INTO pigtraxrefdata."PregnancyEventTypeTranslation" ("fieldValue","fieldLanguage","lastUpdated","userUpdated","id_PregnancyEventType") VALUES ('Abortion_PR','pr',CURRENT_TIMESTAMP,'pigtraxadmin',2);
INSERT INTO pigtraxrefdata."PregnancyEventTypeTranslation" ("fieldValue","fieldLanguage","lastUpdated","userUpdated","id_PregnancyEventType") VALUES ('Not in Pig_PR','pr',CURRENT_TIMESTAMP,'pigtraxadmin',3);

------SiloType
INSERT INTO pigtraxrefdata."SiloType" ("fieldCode","fieldDescription","lastUpdated","userUpdated") VALUES (1,'Single', CURRENT_TIMESTAMP,'pigtraxadmin');
INSERT INTO pigtraxrefdata."SiloType" ("fieldCode","fieldDescription","lastUpdated","userUpdated") VALUES (2,'Double',CURRENT_TIMESTAMP,'pigtraxadmin');

INSERT INTO pigtraxrefdata."SiloTypeTranslation" ("fieldValue","fieldLanguage","lastUpdated","userUpdated","id_SiloType") VALUES ('Single','en',CURRENT_TIMESTAMP,'pigtraxadmin',1);
INSERT INTO pigtraxrefdata."SiloTypeTranslation" ("fieldValue","fieldLanguage","lastUpdated","userUpdated","id_SiloType") VALUES ('Double','en',CURRENT_TIMESTAMP,'pigtraxadmin',2);

INSERT INTO pigtraxrefdata."SiloTypeTranslation" ("fieldValue","fieldLanguage","lastUpdated","userUpdated","id_SiloType") VALUES ('Single_es','es',CURRENT_TIMESTAMP,'pigtraxadmin',1);
INSERT INTO pigtraxrefdata."SiloTypeTranslation" ("fieldValue","fieldLanguage","lastUpdated","userUpdated","id_SiloType") VALUES ('Double_es','es',CURRENT_TIMESTAMP,'pigtraxadmin',2);


INSERT INTO pigtraxrefdata."SiloTypeTranslation" ("fieldValue","fieldLanguage","lastUpdated","userUpdated","id_SiloType") VALUES ('Single_pr','pr',CURRENT_TIMESTAMP,'pigtraxadmin',1);
INSERT INTO pigtraxrefdata."SiloTypeTranslation" ("fieldValue","fieldLanguage","lastUpdated","userUpdated","id_SiloType") VALUES ('Double_pr','pr',CURRENT_TIMESTAMP,'pigtraxadmin',2);


-----------------PhaseOfPRoductionType

INSERT INTO pigtraxrefdata."PhaseOfProductionType" ("fieldCode","fieldDescription","lastUpdated","userUpdated") VALUES (1,'Nursery', CURRENT_TIMESTAMP,'pigtraxadmin');
INSERT INTO pigtraxrefdata."PhaseOfProductionType" ("fieldCode","fieldDescription","lastUpdated","userUpdated") VALUES (2,'Finishing',CURRENT_TIMESTAMP,'pigtraxadmin');
INSERT INTO pigtraxrefdata."PhaseOfProductionType" ("fieldCode","fieldDescription","lastUpdated","userUpdated") VALUES (3,'Wean To Finish Phase 1',CURRENT_TIMESTAMP,'pigtraxadmin');
INSERT INTO pigtraxrefdata."PhaseOfProductionType" ("fieldCode","fieldDescription","lastUpdated","userUpdated") VALUES (4,'Wean To Finish Phase 2',CURRENT_TIMESTAMP,'pigtraxadmin');
INSERT INTO pigtraxrefdata."PhaseOfProductionType" ("fieldCode","fieldDescription","lastUpdated","userUpdated") VALUES (5,'GDU',CURRENT_TIMESTAMP,'pigtraxadmin');

INSERT INTO pigtraxrefdata."PhaseOfProductionTypeTranslation" ("fieldValue","fieldLanguage","lastUpdated","userUpdated","id_PhaseOfProductionType") VALUES ('Nursery','en',CURRENT_TIMESTAMP,'pigtraxadmin',1);
INSERT INTO pigtraxrefdata."PhaseOfProductionTypeTranslation" ("fieldValue","fieldLanguage","lastUpdated","userUpdated","id_PhaseOfProductionType") VALUES ('Finishing','en',CURRENT_TIMESTAMP,'pigtraxadmin',2);
INSERT INTO pigtraxrefdata."PhaseOfProductionTypeTranslation" ("fieldValue","fieldLanguage","lastUpdated","userUpdated","id_PhaseOfProductionType") VALUES ('Wean To Finish Phase 1','en',CURRENT_TIMESTAMP,'pigtraxadmin',3);
INSERT INTO pigtraxrefdata."PhaseOfProductionTypeTranslation" ("fieldValue","fieldLanguage","lastUpdated","userUpdated","id_PhaseOfProductionType") VALUES ('Wean To Finish Phase 2','en',CURRENT_TIMESTAMP,'pigtraxadmin',4);
INSERT INTO pigtraxrefdata."PhaseOfProductionTypeTranslation" ("fieldValue","fieldLanguage","lastUpdated","userUpdated","id_PhaseOfProductionType") VALUES ('GDU','en',CURRENT_TIMESTAMP,'pigtraxadmin',5);


INSERT INTO pigtraxrefdata."PhaseOfProductionTypeTranslation" ("fieldValue","fieldLanguage","lastUpdated","userUpdated","id_PhaseOfProductionType") VALUES ('Nursery_es','es',CURRENT_TIMESTAMP,'pigtraxadmin',1);
INSERT INTO pigtraxrefdata."PhaseOfProductionTypeTranslation" ("fieldValue","fieldLanguage","lastUpdated","userUpdated","id_PhaseOfProductionType") VALUES ('Finishing_es','es',CURRENT_TIMESTAMP,'pigtraxadmin',2);
INSERT INTO pigtraxrefdata."PhaseOfProductionTypeTranslation" ("fieldValue","fieldLanguage","lastUpdated","userUpdated","id_PhaseOfProductionType") VALUES ('Wean To Finish Phase 1_es','es',CURRENT_TIMESTAMP,'pigtraxadmin',3);
INSERT INTO pigtraxrefdata."PhaseOfProductionTypeTranslation" ("fieldValue","fieldLanguage","lastUpdated","userUpdated","id_PhaseOfProductionType") VALUES ('Wean To Finish Phase 2_es','es',CURRENT_TIMESTAMP,'pigtraxadmin',4);
INSERT INTO pigtraxrefdata."PhaseOfProductionTypeTranslation" ("fieldValue","fieldLanguage","lastUpdated","userUpdated","id_PhaseOfProductionType") VALUES ('GDU_es','es',CURRENT_TIMESTAMP,'pigtraxadmin',5);

INSERT INTO pigtraxrefdata."PhaseOfProductionTypeTranslation" ("fieldValue","fieldLanguage","lastUpdated","userUpdated","id_PhaseOfProductionType") VALUES ('Nursery_pr','pr',CURRENT_TIMESTAMP,'pigtraxadmin',1);
INSERT INTO pigtraxrefdata."PhaseOfProductionTypeTranslation" ("fieldValue","fieldLanguage","lastUpdated","userUpdated","id_PhaseOfProductionType") VALUES ('Finishing_pr','pr',CURRENT_TIMESTAMP,'pigtraxadmin',2);
INSERT INTO pigtraxrefdata."PhaseOfProductionTypeTranslation" ("fieldValue","fieldLanguage","lastUpdated","userUpdated","id_PhaseOfProductionType") VALUES ('Wean To Finish Phase 1_pr','pr',CURRENT_TIMESTAMP,'pigtraxadmin',3);
INSERT INTO pigtraxrefdata."PhaseOfProductionTypeTranslation" ("fieldValue","fieldLanguage","lastUpdated","userUpdated","id_PhaseOfProductionType") VALUES ('Wean To Finish Phase 2_pr','pr',CURRENT_TIMESTAMP,'pigtraxadmin',4);
INSERT INTO pigtraxrefdata."PhaseOfProductionTypeTranslation" ("fieldValue","fieldLanguage","lastUpdated","userUpdated","id_PhaseOfProductionType") VALUES ('GDU_pr','pr',CURRENT_TIMESTAMP,'pigtraxadmin',5);

------PigletstatuevebntType
INSERT INTO pigtraxrefdata."PigletStatusEventType" ("fieldCode","fieldDescription","lastUpdated","userUpdated") VALUES (1,'Foster In', CURRENT_TIMESTAMP,'pigtraxadmin');
INSERT INTO pigtraxrefdata."PigletStatusEventType" ("fieldCode","fieldDescription","lastUpdated","userUpdated") VALUES (2,'Foster Out', CURRENT_TIMESTAMP,'pigtraxadmin');
INSERT INTO pigtraxrefdata."PigletStatusEventType" ("fieldCode","fieldDescription","lastUpdated","userUpdated") VALUES (3,'Wean',CURRENT_TIMESTAMP,'pigtraxadmin');
INSERT INTO pigtraxrefdata."PigletStatusEventType" ("fieldCode","fieldDescription","lastUpdated","userUpdated") VALUES (4,'Pig Death',CURRENT_TIMESTAMP,'pigtraxadmin');


INSERT INTO pigtraxrefdata."PigletStatusEventTypeTranslation" ("fieldValue","fieldLanguage","lastUpdated","userUpdated","id_PigletStatusEventType") VALUES ('Foster In','en',CURRENT_TIMESTAMP,'pigtraxadmin',1);
INSERT INTO pigtraxrefdata."PigletStatusEventTypeTranslation" ("fieldValue","fieldLanguage","lastUpdated","userUpdated","id_PigletStatusEventType") VALUES ('Foster Out','en',CURRENT_TIMESTAMP,'pigtraxadmin',2);
INSERT INTO pigtraxrefdata."PigletStatusEventTypeTranslation" ("fieldValue","fieldLanguage","lastUpdated","userUpdated","id_PigletStatusEventType") VALUES ('Wean','en',CURRENT_TIMESTAMP,'pigtraxadmin',3);
INSERT INTO pigtraxrefdata."PigletStatusEventTypeTranslation" ("fieldValue","fieldLanguage","lastUpdated","userUpdated","id_PigletStatusEventType") VALUES ('Pig Death','en',CURRENT_TIMESTAMP,'pigtraxadmin',4);

INSERT INTO pigtraxrefdata."PigletStatusEventTypeTranslation" ("fieldValue","fieldLanguage","lastUpdated","userUpdated","id_PigletStatusEventType") VALUES ('Foster In_es','es',CURRENT_TIMESTAMP,'pigtraxadmin',1);
INSERT INTO pigtraxrefdata."PigletStatusEventTypeTranslation" ("fieldValue","fieldLanguage","lastUpdated","userUpdated","id_PigletStatusEventType") VALUES ('Foster Out_es','es',CURRENT_TIMESTAMP,'pigtraxadmin',2);
INSERT INTO pigtraxrefdata."PigletStatusEventTypeTranslation" ("fieldValue","fieldLanguage","lastUpdated","userUpdated","id_PigletStatusEventType") VALUES ('Wean_es','es',CURRENT_TIMESTAMP,'pigtraxadmin',3);
INSERT INTO pigtraxrefdata."PigletStatusEventTypeTranslation" ("fieldValue","fieldLanguage","lastUpdated","userUpdated","id_PigletStatusEventType") VALUES ('Pig Death_es','es',CURRENT_TIMESTAMP,'pigtraxadmin',4);

INSERT INTO pigtraxrefdata."PigletStatusEventTypeTranslation" ("fieldValue","fieldLanguage","lastUpdated","userUpdated","id_PigletStatusEventType") VALUES ('Foster In_pr','pr',CURRENT_TIMESTAMP,'pigtraxadmin',1);
INSERT INTO pigtraxrefdata."PigletStatusEventTypeTranslation" ("fieldValue","fieldLanguage","lastUpdated","userUpdated","id_PigletStatusEventType") VALUES ('Foster Out_pr','pr',CURRENT_TIMESTAMP,'pigtraxadmin',2);
INSERT INTO pigtraxrefdata."PigletStatusEventTypeTranslation" ("fieldValue","fieldLanguage","lastUpdated","userUpdated","id_PigletStatusEventType") VALUES ('Wean_pr','pr',CURRENT_TIMESTAMP,'pigtraxadmin',3);
INSERT INTO pigtraxrefdata."PigletStatusEventTypeTranslation" ("fieldValue","fieldLanguage","lastUpdated","userUpdated","id_PigletStatusEventType") VALUES ('Pig Death_pr','pr',CURRENT_TIMESTAMP,'pigtraxadmin',4);

------PigletstatuevebntType
INSERT INTO pigtraxrefdata."FeedEventType" ("fieldCode","fieldDescription","lastUpdated","userUpdated") VALUES (1,'Feed In', CURRENT_TIMESTAMP,'pigtraxadmin');
INSERT INTO pigtraxrefdata."FeedEventType" ("fieldCode","fieldDescription","lastUpdated","userUpdated") VALUES (2,'Feed Out', CURRENT_TIMESTAMP,'pigtraxadmin');
INSERT INTO pigtraxrefdata."FeedEventType" ("fieldCode","fieldDescription","lastUpdated","userUpdated") VALUES (4,'Feed Invenadj',CURRENT_TIMESTAMP,'pigtraxadmin');


INSERT INTO pigtraxrefdata."FeedEventTypeTranslation" ("fieldValue","fieldLanguage","lastUpdated","userUpdated","id_FeedEventType") VALUES ('Feed In','en',CURRENT_TIMESTAMP,'pigtraxadmin',1);
INSERT INTO pigtraxrefdata."FeedEventTypeTranslation" ("fieldValue","fieldLanguage","lastUpdated","userUpdated","id_FeedEventType") VALUES ('Feed Out','en',CURRENT_TIMESTAMP,'pigtraxadmin',2);
INSERT INTO pigtraxrefdata."FeedEventTypeTranslation" ("fieldValue","fieldLanguage","lastUpdated","userUpdated","id_FeedEventType") VALUES ('Feed Invenadj','en',CURRENT_TIMESTAMP,'pigtraxadmin',3);

INSERT INTO pigtraxrefdata."FeedEventTypeTranslation" ("fieldValue","fieldLanguage","lastUpdated","userUpdated","id_FeedEventType") VALUES ('Feed In_ES','es',CURRENT_TIMESTAMP,'pigtraxadmin',1);
INSERT INTO pigtraxrefdata."FeedEventTypeTranslation" ("fieldValue","fieldLanguage","lastUpdated","userUpdated","id_FeedEventType") VALUES ('Feed Out_ES','es',CURRENT_TIMESTAMP,'pigtraxadmin',2);
INSERT INTO pigtraxrefdata."FeedEventTypeTranslation" ("fieldValue","fieldLanguage","lastUpdated","userUpdated","id_FeedEventType") VALUES ('Feed Invenadj_ES','es',CURRENT_TIMESTAMP,'pigtraxadmin',3);


INSERT INTO pigtraxrefdata."FeedEventTypeTranslation" ("fieldValue","fieldLanguage","lastUpdated","userUpdated","id_FeedEventType") VALUES ('Feed In_PR','pr',CURRENT_TIMESTAMP,'pigtraxadmin',1);
INSERT INTO pigtraxrefdata."FeedEventTypeTranslation" ("fieldValue","fieldLanguage","lastUpdated","userUpdated","id_FeedEventType") VALUES ('Feed Out_PR','pr',CURRENT_TIMESTAMP,'pigtraxadmin',2);
INSERT INTO pigtraxrefdata."FeedEventTypeTranslation" ("fieldValue","fieldLanguage","lastUpdated","userUpdated","id_FeedEventType") VALUES ('Feed Invenadj_PR','pr',CURRENT_TIMESTAMP,'pigtraxadmin',3);

---------
INSERT INTO pigtraxrefdata."RemovalType" ("fieldCode","fieldDescription","lastUpdated","userUpdated") VALUES (1,'Death', CURRENT_TIMESTAMP,'pigtraxadmin');
INSERT INTO pigtraxrefdata."RemovalType" ("fieldCode","fieldDescription","lastUpdated","userUpdated") VALUES (2,'Adjust Inventory',CURRENT_TIMESTAMP,'pigtraxadmin');
INSERT INTO pigtraxrefdata."RemovalType" ("fieldCode","fieldDescription","lastUpdated","userUpdated") VALUES (3,'Sales',CURRENT_TIMESTAMP,'pigtraxadmin');
INSERT INTO pigtraxrefdata."RemovalType" ("fieldCode","fieldDescription","lastUpdated","userUpdated") VALUES (4,'DOA',CURRENT_TIMESTAMP,'pigtraxadmin');
INSERT INTO pigtraxrefdata."RemovalType" ("fieldCode","fieldDescription","lastUpdated","userUpdated") VALUES (5,'Downer',CURRENT_TIMESTAMP,'pigtraxadmin');
INSERT INTO pigtraxrefdata."RemovalType" ("fieldCode","fieldDescription","lastUpdated","userUpdated") VALUES (6,'Injury',CURRENT_TIMESTAMP,'pigtraxadmin');
INSERT INTO pigtraxrefdata."RemovalType" ("fieldCode","fieldDescription","lastUpdated","userUpdated") VALUES (7,'Miscount',CURRENT_TIMESTAMP,'pigtraxadmin');
INSERT INTO pigtraxrefdata."RemovalType" ("fieldCode","fieldDescription","lastUpdated","userUpdated") VALUES (8,'Mortality',CURRENT_TIMESTAMP,'pigtraxadmin');
INSERT INTO pigtraxrefdata."RemovalType" ("fieldCode","fieldDescription","lastUpdated","userUpdated") VALUES (9,'Transferred',CURRENT_TIMESTAMP,'pigtraxadmin');

INSERT INTO pigtraxrefdata."RemovalEventTypeTranslation" ("fieldValue","fieldLanguage","lastUpdated","userUpdated","id_RemovalType") VALUES ('Death','en',CURRENT_TIMESTAMP,'pigtraxadmin',1);
INSERT INTO pigtraxrefdata."RemovalEventTypeTranslation" ("fieldValue","fieldLanguage","lastUpdated","userUpdated","id_RemovalType") VALUES ('Adjust Inventory','en',CURRENT_TIMESTAMP,'pigtraxadmin',2);
--INSERT INTO pigtraxrefdata."RemovalEventTypeTranslation" ("fieldValue","fieldLanguage","lastUpdated","userUpdated","id_RemovalType") VALUES ('Transferred','en',CURRENT_TIMESTAMP,'pigtraxadmin',3);
INSERT INTO pigtraxrefdata."RemovalEventTypeTranslation" ("fieldValue","fieldLanguage","lastUpdated","userUpdated","id_RemovalType") VALUES ('Sales','en',CURRENT_TIMESTAMP,'pigtraxadmin',3);
INSERT INTO pigtraxrefdata."RemovalEventTypeTranslation" ("fieldValue","fieldLanguage","lastUpdated","userUpdated","id_RemovalType") VALUES ('DOA','en',CURRENT_TIMESTAMP,'pigtraxadmin',4);
INSERT INTO pigtraxrefdata."RemovalEventTypeTranslation" ("fieldValue","fieldLanguage","lastUpdated","userUpdated","id_RemovalType") VALUES ('Downer','en',CURRENT_TIMESTAMP,'pigtraxadmin',5);
INSERT INTO pigtraxrefdata."RemovalEventTypeTranslation" ("fieldValue","fieldLanguage","lastUpdated","userUpdated","id_RemovalType") VALUES ('Injury','en',CURRENT_TIMESTAMP,'pigtraxadmin',6);
INSERT INTO pigtraxrefdata."RemovalEventTypeTranslation" ("fieldValue","fieldLanguage","lastUpdated","userUpdated","id_RemovalType") VALUES ('Miscount','en',CURRENT_TIMESTAMP,'pigtraxadmin',7);
INSERT INTO pigtraxrefdata."RemovalEventTypeTranslation" ("fieldValue","fieldLanguage","lastUpdated","userUpdated","id_RemovalType") VALUES ('Mortality','en',CURRENT_TIMESTAMP,'pigtraxadmin',8);
INSERT INTO pigtraxrefdata."RemovalEventTypeTranslation" ("fieldValue","fieldLanguage","lastUpdated","userUpdated","id_RemovalType") VALUES ('Transferred','en',CURRENT_TIMESTAMP,'pigtraxadmin',9);


INSERT INTO pigtraxrefdata."RemovalEventTypeTranslation" ("fieldValue","fieldLanguage","lastUpdated","userUpdated","id_RemovalType") VALUES ('Death_ES','es',CURRENT_TIMESTAMP,'pigtraxadmin',1);
INSERT INTO pigtraxrefdata."RemovalEventTypeTranslation" ("fieldValue","fieldLanguage","lastUpdated","userUpdated","id_RemovalType") VALUES ('Adjust Inventory_ES','es',CURRENT_TIMESTAMP,'pigtraxadmin',2);
--INSERT INTO pigtraxrefdata."RemovalEventTypeTranslation" ("fieldValue","fieldLanguage","lastUpdated","userUpdated","id_RemovalType") VALUES ('Transferred_ES','es',CURRENT_TIMESTAMP,'pigtraxadmin',3);
INSERT INTO pigtraxrefdata."RemovalEventTypeTranslation" ("fieldValue","fieldLanguage","lastUpdated","userUpdated","id_RemovalType") VALUES ('Sales_ES','es',CURRENT_TIMESTAMP,'pigtraxadmin',3);
INSERT INTO pigtraxrefdata."RemovalEventTypeTranslation" ("fieldValue","fieldLanguage","lastUpdated","userUpdated","id_RemovalType") VALUES ('DOA_ES','es',CURRENT_TIMESTAMP,'pigtraxadmin',4);
INSERT INTO pigtraxrefdata."RemovalEventTypeTranslation" ("fieldValue","fieldLanguage","lastUpdated","userUpdated","id_RemovalType") VALUES ('Downer_ES','es',CURRENT_TIMESTAMP,'pigtraxadmin',5);
INSERT INTO pigtraxrefdata."RemovalEventTypeTranslation" ("fieldValue","fieldLanguage","lastUpdated","userUpdated","id_RemovalType") VALUES ('Injury_ES','es',CURRENT_TIMESTAMP,'pigtraxadmin',6);
INSERT INTO pigtraxrefdata."RemovalEventTypeTranslation" ("fieldValue","fieldLanguage","lastUpdated","userUpdated","id_RemovalType") VALUES ('Miscount_ES','es',CURRENT_TIMESTAMP,'pigtraxadmin',7);
INSERT INTO pigtraxrefdata."RemovalEventTypeTranslation" ("fieldValue","fieldLanguage","lastUpdated","userUpdated","id_RemovalType") VALUES ('Mortality_ES','es',CURRENT_TIMESTAMP,'pigtraxadmin',8);
INSERT INTO pigtraxrefdata."RemovalEventTypeTranslation" ("fieldValue","fieldLanguage","lastUpdated","userUpdated","id_RemovalType") VALUES ('Transferred_ES','es',CURRENT_TIMESTAMP,'pigtraxadmin',9);

INSERT INTO pigtraxrefdata."RemovalEventTypeTranslation" ("fieldValue","fieldLanguage","lastUpdated","userUpdated","id_RemovalType") VALUES ('Death_PR','pr',CURRENT_TIMESTAMP,'pigtraxadmin',1);
INSERT INTO pigtraxrefdata."RemovalEventTypeTranslation" ("fieldValue","fieldLanguage","lastUpdated","userUpdated","id_RemovalType") VALUES ('Adjust Inventory_PR','pr',CURRENT_TIMESTAMP,'pigtraxadmin',2);
--INSERT INTO pigtraxrefdata."RemovalEventTypeTranslation" ("fieldValue","fieldLanguage","lastUpdated","userUpdated","id_RemovalType") VALUES ('Transferred_PR','pr',CURRENT_TIMESTAMP,'pigtraxadmin',3);
INSERT INTO pigtraxrefdata."RemovalEventTypeTranslation" ("fieldValue","fieldLanguage","lastUpdated","userUpdated","id_RemovalType") VALUES ('Sales_PR','pr',CURRENT_TIMESTAMP,'pigtraxadmin',3);
INSERT INTO pigtraxrefdata."RemovalEventTypeTranslation" ("fieldValue","fieldLanguage","lastUpdated","userUpdated","id_RemovalType") VALUES ('DOA_PR','pr',CURRENT_TIMESTAMP,'pigtraxadmin',4);
INSERT INTO pigtraxrefdata."RemovalEventTypeTranslation" ("fieldValue","fieldLanguage","lastUpdated","userUpdated","id_RemovalType") VALUES ('Downer_PR','pr',CURRENT_TIMESTAMP,'pigtraxadmin',5);
INSERT INTO pigtraxrefdata."RemovalEventTypeTranslation" ("fieldValue","fieldLanguage","lastUpdated","userUpdated","id_RemovalType") VALUES ('Injury_PR','pr',CURRENT_TIMESTAMP,'pigtraxadmin',6);
INSERT INTO pigtraxrefdata."RemovalEventTypeTranslation" ("fieldValue","fieldLanguage","lastUpdated","userUpdated","id_RemovalType") VALUES ('Miscount_PR','pr',CURRENT_TIMESTAMP,'pigtraxadmin',7);
INSERT INTO pigtraxrefdata."RemovalEventTypeTranslation" ("fieldValue","fieldLanguage","lastUpdated","userUpdated","id_RemovalType") VALUES ('Mortality_PR','pr',CURRENT_TIMESTAMP,'pigtraxadmin',8);
INSERT INTO pigtraxrefdata."RemovalEventTypeTranslation" ("fieldValue","fieldLanguage","lastUpdated","userUpdated","id_RemovalType") VALUES ('Transferred_PR','pr',CURRENT_TIMESTAMP,'pigtraxadmin',9);
----------


---------
INSERT INTO pigtraxrefdata."GfunctionType" ("fieldCode","fieldDescription","lastUpdated","userUpdated") VALUES (1,'GGP', CURRENT_TIMESTAMP,'pigtraxadmin');
INSERT INTO pigtraxrefdata."GfunctionType" ("fieldCode","fieldDescription","lastUpdated","userUpdated") VALUES (2,'GP',CURRENT_TIMESTAMP,'pigtraxadmin');
INSERT INTO pigtraxrefdata."GfunctionType" ("fieldCode","fieldDescription","lastUpdated","userUpdated") VALUES (3,'P',CURRENT_TIMESTAMP,'pigtraxadmin');

INSERT INTO pigtraxrefdata."GfunctionTypeTranslation" ("fieldValue","fieldLanguage","lastUpdated","userUpdated","id_GfunctionType") VALUES ('GGP','en',CURRENT_TIMESTAMP,'pigtraxadmin',1);
INSERT INTO pigtraxrefdata."GfunctionTypeTranslation" ("fieldValue","fieldLanguage","lastUpdated","userUpdated","id_GfunctionType") VALUES ('GP','en',CURRENT_TIMESTAMP,'pigtraxadmin',2);
INSERT INTO pigtraxrefdata."GfunctionTypeTranslation" ("fieldValue","fieldLanguage","lastUpdated","userUpdated","id_GfunctionType") VALUES ('P','en',CURRENT_TIMESTAMP,'pigtraxadmin',3);


INSERT INTO pigtraxrefdata."GfunctionTypeTranslation" ("fieldValue","fieldLanguage","lastUpdated","userUpdated","id_GfunctionType") VALUES ('GGP_ES','es',CURRENT_TIMESTAMP,'pigtraxadmin',1);
INSERT INTO pigtraxrefdata."GfunctionTypeTranslation" ("fieldValue","fieldLanguage","lastUpdated","userUpdated","id_GfunctionType") VALUES ('GP_ES','es',CURRENT_TIMESTAMP,'pigtraxadmin',2);
INSERT INTO pigtraxrefdata."GfunctionTypeTranslation" ("fieldValue","fieldLanguage","lastUpdated","userUpdated","id_GfunctionType") VALUES ('P_ES','es',CURRENT_TIMESTAMP,'pigtraxadmin',3);

INSERT INTO pigtraxrefdata."GfunctionTypeTranslation" ("fieldValue","fieldLanguage","lastUpdated","userUpdated","id_GfunctionType") VALUES ('GGP_PR','pr',CURRENT_TIMESTAMP,'pigtraxadmin',1);
INSERT INTO pigtraxrefdata."GfunctionTypeTranslation" ("fieldValue","fieldLanguage","lastUpdated","userUpdated","id_GfunctionType") VALUES ('GP_PR','pr',CURRENT_TIMESTAMP,'pigtraxadmin',2);
INSERT INTO pigtraxrefdata."GfunctionTypeTranslation" ("fieldValue","fieldLanguage","lastUpdated","userUpdated","id_GfunctionType") VALUES ('P_PR','pr',CURRENT_TIMESTAMP,'pigtraxadmin',3);

----------

INSERT INTO pigtraxrefdata."MortalityReasonType" ("fieldCode","fieldDescription","lastUpdated","userUpdated") VALUES (1,'Blind Anus', CURRENT_TIMESTAMP,'pigtraxadmin');
INSERT INTO pigtraxrefdata."MortalityReasonType" ("fieldCode","fieldDescription","lastUpdated","userUpdated") VALUES (2,'Broken Leg',CURRENT_TIMESTAMP,'pigtraxadmin');
INSERT INTO pigtraxrefdata."MortalityReasonType" ("fieldCode","fieldDescription","lastUpdated","userUpdated") VALUES (3,'Deformed',CURRENT_TIMESTAMP,'pigtraxadmin');
INSERT INTO pigtraxrefdata."MortalityReasonType" ("fieldCode","fieldDescription","lastUpdated","userUpdated") VALUES (4,'Diarrhea', CURRENT_TIMESTAMP,'pigtraxadmin');
INSERT INTO pigtraxrefdata."MortalityReasonType" ("fieldCode","fieldDescription","lastUpdated","userUpdated") VALUES (5,'Difficulty Farrowing',CURRENT_TIMESTAMP,'pigtraxadmin');
INSERT INTO pigtraxrefdata."MortalityReasonType" ("fieldCode","fieldDescription","lastUpdated","userUpdated") VALUES (6,'Downer (means can''t stand up)',CURRENT_TIMESTAMP,'pigtraxadmin');
INSERT INTO pigtraxrefdata."MortalityReasonType" ("fieldCode","fieldDescription","lastUpdated","userUpdated") VALUES (7,'Euthanized', CURRENT_TIMESTAMP,'pigtraxadmin');
INSERT INTO pigtraxrefdata."MortalityReasonType" ("fieldCode","fieldDescription","lastUpdated","userUpdated") VALUES (8,'Gastric Ulcer',CURRENT_TIMESTAMP,'pigtraxadmin');
INSERT INTO pigtraxrefdata."MortalityReasonType" ("fieldCode","fieldDescription","lastUpdated","userUpdated") VALUES (9,'Greasy Pig', CURRENT_TIMESTAMP,'pigtraxadmin');
INSERT INTO pigtraxrefdata."MortalityReasonType" ("fieldCode","fieldDescription","lastUpdated","userUpdated") VALUES (10,'Hemorrhage',CURRENT_TIMESTAMP,'pigtraxadmin');
INSERT INTO pigtraxrefdata."MortalityReasonType" ("fieldCode","fieldDescription","lastUpdated","userUpdated") VALUES (11,'Hernia',CURRENT_TIMESTAMP,'pigtraxadmin');
INSERT INTO pigtraxrefdata."MortalityReasonType" ("fieldCode","fieldDescription","lastUpdated","userUpdated") VALUES (12,'Injury', CURRENT_TIMESTAMP,'pigtraxadmin');
INSERT INTO pigtraxrefdata."MortalityReasonType" ("fieldCode","fieldDescription","lastUpdated","userUpdated") VALUES (13,'Joint Infection',CURRENT_TIMESTAMP,'pigtraxadmin');
INSERT INTO pigtraxrefdata."MortalityReasonType" ("fieldCode","fieldDescription","lastUpdated","userUpdated") VALUES (14,'Laid On',CURRENT_TIMESTAMP,'pigtraxadmin');
INSERT INTO pigtraxrefdata."MortalityReasonType" ("fieldCode","fieldDescription","lastUpdated","userUpdated") VALUES (15,'Lameness', CURRENT_TIMESTAMP,'pigtraxadmin');
INSERT INTO pigtraxrefdata."MortalityReasonType" ("fieldCode","fieldDescription","lastUpdated","userUpdated") VALUES (16,'Low Viability',CURRENT_TIMESTAMP,'pigtraxadmin');
INSERT INTO pigtraxrefdata."MortalityReasonType" ("fieldCode","fieldDescription","lastUpdated","userUpdated") VALUES (17,'MMA Toximia',CURRENT_TIMESTAMP,'pigtraxadmin');
INSERT INTO pigtraxrefdata."MortalityReasonType" ("fieldCode","fieldDescription","lastUpdated","userUpdated") VALUES (18,'Other', CURRENT_TIMESTAMP,'pigtraxadmin');
INSERT INTO pigtraxrefdata."MortalityReasonType" ("fieldCode","fieldDescription","lastUpdated","userUpdated") VALUES (19,'Pneumonia',CURRENT_TIMESTAMP,'pigtraxadmin');
INSERT INTO pigtraxrefdata."MortalityReasonType" ("fieldCode","fieldDescription","lastUpdated","userUpdated") VALUES (20,'Prolapse-Rectal',CURRENT_TIMESTAMP,'pigtraxadmin');
INSERT INTO pigtraxrefdata."MortalityReasonType" ("fieldCode","fieldDescription","lastUpdated","userUpdated") VALUES (21,'Prolapse-Uterine', CURRENT_TIMESTAMP,'pigtraxadmin');
INSERT INTO pigtraxrefdata."MortalityReasonType" ("fieldCode","fieldDescription","lastUpdated","userUpdated") VALUES (22,'Prolapse-Vaginal',CURRENT_TIMESTAMP,'pigtraxadmin');
INSERT INTO pigtraxrefdata."MortalityReasonType" ("fieldCode","fieldDescription","lastUpdated","userUpdated") VALUES (23,'Rupture',CURRENT_TIMESTAMP,'pigtraxadmin');
INSERT INTO pigtraxrefdata."MortalityReasonType" ("fieldCode","fieldDescription","lastUpdated","userUpdated") VALUES (24,'Savaged', CURRENT_TIMESTAMP,'pigtraxadmin');
INSERT INTO pigtraxrefdata."MortalityReasonType" ("fieldCode","fieldDescription","lastUpdated","userUpdated") VALUES (25,'Shaker',CURRENT_TIMESTAMP,'pigtraxadmin');
INSERT INTO pigtraxrefdata."MortalityReasonType" ("fieldCode","fieldDescription","lastUpdated","userUpdated") VALUES (26,'Small Pig',CURRENT_TIMESTAMP,'pigtraxadmin');
INSERT INTO pigtraxrefdata."MortalityReasonType" ("fieldCode","fieldDescription","lastUpdated","userUpdated") VALUES (27,'Splay Leg', CURRENT_TIMESTAMP,'pigtraxadmin');
INSERT INTO pigtraxrefdata."MortalityReasonType" ("fieldCode","fieldDescription","lastUpdated","userUpdated") VALUES (28,'Starvation',CURRENT_TIMESTAMP,'pigtraxadmin');
INSERT INTO pigtraxrefdata."MortalityReasonType" ("fieldCode","fieldDescription","lastUpdated","userUpdated") VALUES (29,'Stress Syndrome', CURRENT_TIMESTAMP,'pigtraxadmin');
INSERT INTO pigtraxrefdata."MortalityReasonType" ("fieldCode","fieldDescription","lastUpdated","userUpdated") VALUES (30,'Sudden Death',CURRENT_TIMESTAMP,'pigtraxadmin');
INSERT INTO pigtraxrefdata."MortalityReasonType" ("fieldCode","fieldDescription","lastUpdated","userUpdated") VALUES (31,'Tail Biting',CURRENT_TIMESTAMP,'pigtraxadmin');
INSERT INTO pigtraxrefdata."MortalityReasonType" ("fieldCode","fieldDescription","lastUpdated","userUpdated") VALUES (32,'Unknown',CURRENT_TIMESTAMP,'pigtraxadmin');
INSERT INTO pigtraxrefdata."MortalityReasonType" ("fieldCode","fieldDescription","lastUpdated","userUpdated") VALUES (33,'Weak/Unthrifty',CURRENT_TIMESTAMP,'pigtraxadmin');
INSERT INTO pigtraxrefdata."MortalityReasonType" ("fieldCode","fieldDescription","lastUpdated","userUpdated") VALUES (34,'DOA (means dead on arrival)',CURRENT_TIMESTAMP,'pigtraxadmin');
INSERT INTO pigtraxrefdata."MortalityReasonType" ("fieldCode","fieldDescription","lastUpdated","userUpdated") VALUES (35,'Heat Stress',CURRENT_TIMESTAMP,'pigtraxadmin');



INSERT INTO pigtraxrefdata."MortalityReasonTypeTranslation" ("fieldValue","fieldLanguage","lastUpdated","userUpdated","id_MortalityReasonType") VALUES ('Blind Anus','en',CURRENT_TIMESTAMP,'pigtraxadmin',1);
INSERT INTO pigtraxrefdata."MortalityReasonTypeTranslation" ("fieldValue","fieldLanguage","lastUpdated","userUpdated","id_MortalityReasonType") VALUES ('Broken Leg','en',CURRENT_TIMESTAMP,'pigtraxadmin',2);
INSERT INTO pigtraxrefdata."MortalityReasonTypeTranslation" ("fieldValue","fieldLanguage","lastUpdated","userUpdated","id_MortalityReasonType") VALUES ('Deformed','en',CURRENT_TIMESTAMP,'pigtraxadmin',3);
INSERT INTO pigtraxrefdata."MortalityReasonTypeTranslation" ("fieldValue","fieldLanguage","lastUpdated","userUpdated","id_MortalityReasonType") VALUES ('Diarrhea','en',CURRENT_TIMESTAMP,'pigtraxadmin',4);
INSERT INTO pigtraxrefdata."MortalityReasonTypeTranslation" ("fieldValue","fieldLanguage","lastUpdated","userUpdated","id_MortalityReasonType") VALUES ('Difficulty Farrowing','en',CURRENT_TIMESTAMP,'pigtraxadmin',5);
INSERT INTO pigtraxrefdata."MortalityReasonTypeTranslation" ("fieldValue","fieldLanguage","lastUpdated","userUpdated","id_MortalityReasonType") VALUES ('Downer (means can''t stand up)','en',CURRENT_TIMESTAMP,'pigtraxadmin',6);
INSERT INTO pigtraxrefdata."MortalityReasonTypeTranslation" ("fieldValue","fieldLanguage","lastUpdated","userUpdated","id_MortalityReasonType") VALUES ('Euthanized','en',CURRENT_TIMESTAMP,'pigtraxadmin',7);
INSERT INTO pigtraxrefdata."MortalityReasonTypeTranslation" ("fieldValue","fieldLanguage","lastUpdated","userUpdated","id_MortalityReasonType") VALUES ('Gastric Ulcer','en',CURRENT_TIMESTAMP,'pigtraxadmin',8);
INSERT INTO pigtraxrefdata."MortalityReasonTypeTranslation" ("fieldValue","fieldLanguage","lastUpdated","userUpdated","id_MortalityReasonType") VALUES ('Greasy Pig','en',CURRENT_TIMESTAMP,'pigtraxadmin',9);
INSERT INTO pigtraxrefdata."MortalityReasonTypeTranslation" ("fieldValue","fieldLanguage","lastUpdated","userUpdated","id_MortalityReasonType") VALUES ('Hemorrhage','en',CURRENT_TIMESTAMP,'pigtraxadmin',10);
INSERT INTO pigtraxrefdata."MortalityReasonTypeTranslation" ("fieldValue","fieldLanguage","lastUpdated","userUpdated","id_MortalityReasonType") VALUES ('Hernia','en',CURRENT_TIMESTAMP,'pigtraxadmin',11);
INSERT INTO pigtraxrefdata."MortalityReasonTypeTranslation" ("fieldValue","fieldLanguage","lastUpdated","userUpdated","id_MortalityReasonType") VALUES ('Injury','en',CURRENT_TIMESTAMP,'pigtraxadmin',12);
INSERT INTO pigtraxrefdata."MortalityReasonTypeTranslation" ("fieldValue","fieldLanguage","lastUpdated","userUpdated","id_MortalityReasonType") VALUES ('Joint Infection','en',CURRENT_TIMESTAMP,'pigtraxadmin',13);
INSERT INTO pigtraxrefdata."MortalityReasonTypeTranslation" ("fieldValue","fieldLanguage","lastUpdated","userUpdated","id_MortalityReasonType") VALUES ('Laid On','en',CURRENT_TIMESTAMP,'pigtraxadmin',14);
INSERT INTO pigtraxrefdata."MortalityReasonTypeTranslation" ("fieldValue","fieldLanguage","lastUpdated","userUpdated","id_MortalityReasonType") VALUES ('Lameness','en',CURRENT_TIMESTAMP,'pigtraxadmin',15);
INSERT INTO pigtraxrefdata."MortalityReasonTypeTranslation" ("fieldValue","fieldLanguage","lastUpdated","userUpdated","id_MortalityReasonType") VALUES ('Low Viability','en',CURRENT_TIMESTAMP,'pigtraxadmin',16);
INSERT INTO pigtraxrefdata."MortalityReasonTypeTranslation" ("fieldValue","fieldLanguage","lastUpdated","userUpdated","id_MortalityReasonType") VALUES ('MMA Toximia','en',CURRENT_TIMESTAMP,'pigtraxadmin',17);
INSERT INTO pigtraxrefdata."MortalityReasonTypeTranslation" ("fieldValue","fieldLanguage","lastUpdated","userUpdated","id_MortalityReasonType") VALUES ('Other','en',CURRENT_TIMESTAMP,'pigtraxadmin',18);
INSERT INTO pigtraxrefdata."MortalityReasonTypeTranslation" ("fieldValue","fieldLanguage","lastUpdated","userUpdated","id_MortalityReasonType") VALUES ('Pneumonia','en',CURRENT_TIMESTAMP,'pigtraxadmin',19);
INSERT INTO pigtraxrefdata."MortalityReasonTypeTranslation" ("fieldValue","fieldLanguage","lastUpdated","userUpdated","id_MortalityReasonType") VALUES ('Prolapse Rectal','en',CURRENT_TIMESTAMP,'pigtraxadmin',20);
INSERT INTO pigtraxrefdata."MortalityReasonTypeTranslation" ("fieldValue","fieldLanguage","lastUpdated","userUpdated","id_MortalityReasonType") VALUES ('Prolapse Uterine','en',CURRENT_TIMESTAMP,'pigtraxadmin',21);
INSERT INTO pigtraxrefdata."MortalityReasonTypeTranslation" ("fieldValue","fieldLanguage","lastUpdated","userUpdated","id_MortalityReasonType") VALUES ('Prolapse Vaginal','en',CURRENT_TIMESTAMP,'pigtraxadmin',22);
INSERT INTO pigtraxrefdata."MortalityReasonTypeTranslation" ("fieldValue","fieldLanguage","lastUpdated","userUpdated","id_MortalityReasonType") VALUES ('Rupture','en',CURRENT_TIMESTAMP,'pigtraxadmin',23);
INSERT INTO pigtraxrefdata."MortalityReasonTypeTranslation" ("fieldValue","fieldLanguage","lastUpdated","userUpdated","id_MortalityReasonType") VALUES ('Savaged','en',CURRENT_TIMESTAMP,'pigtraxadmin',24);
INSERT INTO pigtraxrefdata."MortalityReasonTypeTranslation" ("fieldValue","fieldLanguage","lastUpdated","userUpdated","id_MortalityReasonType") VALUES ('Shaker','en',CURRENT_TIMESTAMP,'pigtraxadmin',25);
INSERT INTO pigtraxrefdata."MortalityReasonTypeTranslation" ("fieldValue","fieldLanguage","lastUpdated","userUpdated","id_MortalityReasonType") VALUES ('Small Pig','en',CURRENT_TIMESTAMP,'pigtraxadmin',26);
INSERT INTO pigtraxrefdata."MortalityReasonTypeTranslation" ("fieldValue","fieldLanguage","lastUpdated","userUpdated","id_MortalityReasonType") VALUES ('Splay Leg','en',CURRENT_TIMESTAMP,'pigtraxadmin',27);
INSERT INTO pigtraxrefdata."MortalityReasonTypeTranslation" ("fieldValue","fieldLanguage","lastUpdated","userUpdated","id_MortalityReasonType") VALUES ('Starvation','en',CURRENT_TIMESTAMP,'pigtraxadmin',28);
INSERT INTO pigtraxrefdata."MortalityReasonTypeTranslation" ("fieldValue","fieldLanguage","lastUpdated","userUpdated","id_MortalityReasonType") VALUES ('Stress Syndrome','en',CURRENT_TIMESTAMP,'pigtraxadmin',29);
INSERT INTO pigtraxrefdata."MortalityReasonTypeTranslation" ("fieldValue","fieldLanguage","lastUpdated","userUpdated","id_MortalityReasonType") VALUES ('Sudden Death','en',CURRENT_TIMESTAMP,'pigtraxadmin',30);
INSERT INTO pigtraxrefdata."MortalityReasonTypeTranslation" ("fieldValue","fieldLanguage","lastUpdated","userUpdated","id_MortalityReasonType") VALUES ('Tail Biting','en',CURRENT_TIMESTAMP,'pigtraxadmin',31);
INSERT INTO pigtraxrefdata."MortalityReasonTypeTranslation" ("fieldValue","fieldLanguage","lastUpdated","userUpdated","id_MortalityReasonType") VALUES ('Unknown','en',CURRENT_TIMESTAMP,'pigtraxadmin',32);
INSERT INTO pigtraxrefdata."MortalityReasonTypeTranslation" ("fieldValue","fieldLanguage","lastUpdated","userUpdated","id_MortalityReasonType") VALUES ('Weak/Unthrifty','en',CURRENT_TIMESTAMP,'pigtraxadmin',33);
INSERT INTO pigtraxrefdata."MortalityReasonTypeTranslation" ("fieldValue","fieldLanguage","lastUpdated","userUpdated","id_MortalityReasonType") VALUES ('DOA (means dead on arrival)','en',CURRENT_TIMESTAMP,'pigtraxadmin',34);
INSERT INTO pigtraxrefdata."MortalityReasonTypeTranslation" ("fieldValue","fieldLanguage","lastUpdated","userUpdated","id_MortalityReasonType") VALUES ('Heat Stress','en',CURRENT_TIMESTAMP,'pigtraxadmin',35);

INSERT INTO pigtraxrefdata."MortalityReasonTypeTranslation" ("fieldValue","fieldLanguage","lastUpdated","userUpdated","id_MortalityReasonType") VALUES ('Blind Anus_ES','es',CURRENT_TIMESTAMP,'pigtraxadmin',1);
INSERT INTO pigtraxrefdata."MortalityReasonTypeTranslation" ("fieldValue","fieldLanguage","lastUpdated","userUpdated","id_MortalityReasonType") VALUES ('Broken Leg_ES','es',CURRENT_TIMESTAMP,'pigtraxadmin',2);
INSERT INTO pigtraxrefdata."MortalityReasonTypeTranslation" ("fieldValue","fieldLanguage","lastUpdated","userUpdated","id_MortalityReasonType") VALUES ('Deformed_ES','es',CURRENT_TIMESTAMP,'pigtraxadmin',3);
INSERT INTO pigtraxrefdata."MortalityReasonTypeTranslation" ("fieldValue","fieldLanguage","lastUpdated","userUpdated","id_MortalityReasonType") VALUES ('Diarrhea_ES','es',CURRENT_TIMESTAMP,'pigtraxadmin',4);
INSERT INTO pigtraxrefdata."MortalityReasonTypeTranslation" ("fieldValue","fieldLanguage","lastUpdated","userUpdated","id_MortalityReasonType") VALUES ('Difficulty Farrowing_ES','es',CURRENT_TIMESTAMP,'pigtraxadmin',5);
INSERT INTO pigtraxrefdata."MortalityReasonTypeTranslation" ("fieldValue","fieldLanguage","lastUpdated","userUpdated","id_MortalityReasonType") VALUES ('Downer (means can''t stand up)_ES','es',CURRENT_TIMESTAMP,'pigtraxadmin',6);
INSERT INTO pigtraxrefdata."MortalityReasonTypeTranslation" ("fieldValue","fieldLanguage","lastUpdated","userUpdated","id_MortalityReasonType") VALUES ('Euthanized_ES','es',CURRENT_TIMESTAMP,'pigtraxadmin',7);
INSERT INTO pigtraxrefdata."MortalityReasonTypeTranslation" ("fieldValue","fieldLanguage","lastUpdated","userUpdated","id_MortalityReasonType") VALUES ('Gastric Ulcer_ES','es',CURRENT_TIMESTAMP,'pigtraxadmin',8);
INSERT INTO pigtraxrefdata."MortalityReasonTypeTranslation" ("fieldValue","fieldLanguage","lastUpdated","userUpdated","id_MortalityReasonType") VALUES ('Greasy Pig_ES','es',CURRENT_TIMESTAMP,'pigtraxadmin',9);
INSERT INTO pigtraxrefdata."MortalityReasonTypeTranslation" ("fieldValue","fieldLanguage","lastUpdated","userUpdated","id_MortalityReasonType") VALUES ('Hemorrhage_ES','es',CURRENT_TIMESTAMP,'pigtraxadmin',10);
INSERT INTO pigtraxrefdata."MortalityReasonTypeTranslation" ("fieldValue","fieldLanguage","lastUpdated","userUpdated","id_MortalityReasonType") VALUES ('Hernia_ES','es',CURRENT_TIMESTAMP,'pigtraxadmin',11);
INSERT INTO pigtraxrefdata."MortalityReasonTypeTranslation" ("fieldValue","fieldLanguage","lastUpdated","userUpdated","id_MortalityReasonType") VALUES ('Injury_ES','es',CURRENT_TIMESTAMP,'pigtraxadmin',12);
INSERT INTO pigtraxrefdata."MortalityReasonTypeTranslation" ("fieldValue","fieldLanguage","lastUpdated","userUpdated","id_MortalityReasonType") VALUES ('Joint Infection_ES','es',CURRENT_TIMESTAMP,'pigtraxadmin',13);
INSERT INTO pigtraxrefdata."MortalityReasonTypeTranslation" ("fieldValue","fieldLanguage","lastUpdated","userUpdated","id_MortalityReasonType") VALUES ('Laid On_ES','es',CURRENT_TIMESTAMP,'pigtraxadmin',14);
INSERT INTO pigtraxrefdata."MortalityReasonTypeTranslation" ("fieldValue","fieldLanguage","lastUpdated","userUpdated","id_MortalityReasonType") VALUES ('Lameness_ES','es',CURRENT_TIMESTAMP,'pigtraxadmin',15);
INSERT INTO pigtraxrefdata."MortalityReasonTypeTranslation" ("fieldValue","fieldLanguage","lastUpdated","userUpdated","id_MortalityReasonType") VALUES ('Low Viability_ES','es',CURRENT_TIMESTAMP,'pigtraxadmin',16);
INSERT INTO pigtraxrefdata."MortalityReasonTypeTranslation" ("fieldValue","fieldLanguage","lastUpdated","userUpdated","id_MortalityReasonType") VALUES ('MMA Toximia_ES','es',CURRENT_TIMESTAMP,'pigtraxadmin',17);
INSERT INTO pigtraxrefdata."MortalityReasonTypeTranslation" ("fieldValue","fieldLanguage","lastUpdated","userUpdated","id_MortalityReasonType") VALUES ('Other_ES','es',CURRENT_TIMESTAMP,'pigtraxadmin',18);
INSERT INTO pigtraxrefdata."MortalityReasonTypeTranslation" ("fieldValue","fieldLanguage","lastUpdated","userUpdated","id_MortalityReasonType") VALUES ('Pneumonia_ES','es',CURRENT_TIMESTAMP,'pigtraxadmin',19);
INSERT INTO pigtraxrefdata."MortalityReasonTypeTranslation" ("fieldValue","fieldLanguage","lastUpdated","userUpdated","id_MortalityReasonType") VALUES ('Prolapse Rectal_ES','es',CURRENT_TIMESTAMP,'pigtraxadmin',20);
INSERT INTO pigtraxrefdata."MortalityReasonTypeTranslation" ("fieldValue","fieldLanguage","lastUpdated","userUpdated","id_MortalityReasonType") VALUES ('Prolapse Uterine_ES','es',CURRENT_TIMESTAMP,'pigtraxadmin',21);
INSERT INTO pigtraxrefdata."MortalityReasonTypeTranslation" ("fieldValue","fieldLanguage","lastUpdated","userUpdated","id_MortalityReasonType") VALUES ('Prolapse Vaginal_ES','es',CURRENT_TIMESTAMP,'pigtraxadmin',22);
INSERT INTO pigtraxrefdata."MortalityReasonTypeTranslation" ("fieldValue","fieldLanguage","lastUpdated","userUpdated","id_MortalityReasonType") VALUES ('Rupture_ES','es',CURRENT_TIMESTAMP,'pigtraxadmin',23);
INSERT INTO pigtraxrefdata."MortalityReasonTypeTranslation" ("fieldValue","fieldLanguage","lastUpdated","userUpdated","id_MortalityReasonType") VALUES ('Savaged_ES','es',CURRENT_TIMESTAMP,'pigtraxadmin',24);
INSERT INTO pigtraxrefdata."MortalityReasonTypeTranslation" ("fieldValue","fieldLanguage","lastUpdated","userUpdated","id_MortalityReasonType") VALUES ('Shaker_ES','es',CURRENT_TIMESTAMP,'pigtraxadmin',25);
INSERT INTO pigtraxrefdata."MortalityReasonTypeTranslation" ("fieldValue","fieldLanguage","lastUpdated","userUpdated","id_MortalityReasonType") VALUES ('Small Pig_ES','es',CURRENT_TIMESTAMP,'pigtraxadmin',26);
INSERT INTO pigtraxrefdata."MortalityReasonTypeTranslation" ("fieldValue","fieldLanguage","lastUpdated","userUpdated","id_MortalityReasonType") VALUES ('Splay Leg_ES','es',CURRENT_TIMESTAMP,'pigtraxadmin',27);
INSERT INTO pigtraxrefdata."MortalityReasonTypeTranslation" ("fieldValue","fieldLanguage","lastUpdated","userUpdated","id_MortalityReasonType") VALUES ('Starvation_ES','es',CURRENT_TIMESTAMP,'pigtraxadmin',28);
INSERT INTO pigtraxrefdata."MortalityReasonTypeTranslation" ("fieldValue","fieldLanguage","lastUpdated","userUpdated","id_MortalityReasonType") VALUES ('Stress Syndrome_ES','es',CURRENT_TIMESTAMP,'pigtraxadmin',29);
INSERT INTO pigtraxrefdata."MortalityReasonTypeTranslation" ("fieldValue","fieldLanguage","lastUpdated","userUpdated","id_MortalityReasonType") VALUES ('Sudden Death_ES','es',CURRENT_TIMESTAMP,'pigtraxadmin',30);
INSERT INTO pigtraxrefdata."MortalityReasonTypeTranslation" ("fieldValue","fieldLanguage","lastUpdated","userUpdated","id_MortalityReasonType") VALUES ('Tail Biting_ES','es',CURRENT_TIMESTAMP,'pigtraxadmin',31);
INSERT INTO pigtraxrefdata."MortalityReasonTypeTranslation" ("fieldValue","fieldLanguage","lastUpdated","userUpdated","id_MortalityReasonType") VALUES ('Unknown_ES','es',CURRENT_TIMESTAMP,'pigtraxadmin',32);
INSERT INTO pigtraxrefdata."MortalityReasonTypeTranslation" ("fieldValue","fieldLanguage","lastUpdated","userUpdated","id_MortalityReasonType") VALUES ('Weak/Unthrifty_ES','es',CURRENT_TIMESTAMP,'pigtraxadmin',33);
INSERT INTO pigtraxrefdata."MortalityReasonTypeTranslation" ("fieldValue","fieldLanguage","lastUpdated","userUpdated","id_MortalityReasonType") VALUES ('DOA (means dead on arrival)_ES','es',CURRENT_TIMESTAMP,'pigtraxadmin',34);
INSERT INTO pigtraxrefdata."MortalityReasonTypeTranslation" ("fieldValue","fieldLanguage","lastUpdated","userUpdated","id_MortalityReasonType") VALUES ('Heat Stress_ES','es',CURRENT_TIMESTAMP,'pigtraxadmin',35);


INSERT INTO pigtraxrefdata."MortalityReasonTypeTranslation" ("fieldValue","fieldLanguage","lastUpdated","userUpdated","id_MortalityReasonType") VALUES ('Blind Anus_PR','pr',CURRENT_TIMESTAMP,'pigtraxadmin',1);
INSERT INTO pigtraxrefdata."MortalityReasonTypeTranslation" ("fieldValue","fieldLanguage","lastUpdated","userUpdated","id_MortalityReasonType") VALUES ('Broken Leg_PR','pr',CURRENT_TIMESTAMP,'pigtraxadmin',2);
INSERT INTO pigtraxrefdata."MortalityReasonTypeTranslation" ("fieldValue","fieldLanguage","lastUpdated","userUpdated","id_MortalityReasonType") VALUES ('Deformed_PR','pr',CURRENT_TIMESTAMP,'pigtraxadmin',3);
INSERT INTO pigtraxrefdata."MortalityReasonTypeTranslation" ("fieldValue","fieldLanguage","lastUpdated","userUpdated","id_MortalityReasonType") VALUES ('Diarrhea_PR','pr',CURRENT_TIMESTAMP,'pigtraxadmin',4);
INSERT INTO pigtraxrefdata."MortalityReasonTypeTranslation" ("fieldValue","fieldLanguage","lastUpdated","userUpdated","id_MortalityReasonType") VALUES ('Difficulty Farrowing_PR','pr',CURRENT_TIMESTAMP,'pigtraxadmin',5);
INSERT INTO pigtraxrefdata."MortalityReasonTypeTranslation" ("fieldValue","fieldLanguage","lastUpdated","userUpdated","id_MortalityReasonType") VALUES ('Downer (means can''t stand up)_PR','pr',CURRENT_TIMESTAMP,'pigtraxadmin',6);
INSERT INTO pigtraxrefdata."MortalityReasonTypeTranslation" ("fieldValue","fieldLanguage","lastUpdated","userUpdated","id_MortalityReasonType") VALUES ('Euthanized_PR','pr',CURRENT_TIMESTAMP,'pigtraxadmin',7);
INSERT INTO pigtraxrefdata."MortalityReasonTypeTranslation" ("fieldValue","fieldLanguage","lastUpdated","userUpdated","id_MortalityReasonType") VALUES ('Gastric Ulcer_PR','pr',CURRENT_TIMESTAMP,'pigtraxadmin',8);
INSERT INTO pigtraxrefdata."MortalityReasonTypeTranslation" ("fieldValue","fieldLanguage","lastUpdated","userUpdated","id_MortalityReasonType") VALUES ('Greasy Pig_PR','pr',CURRENT_TIMESTAMP,'pigtraxadmin',9);
INSERT INTO pigtraxrefdata."MortalityReasonTypeTranslation" ("fieldValue","fieldLanguage","lastUpdated","userUpdated","id_MortalityReasonType") VALUES ('Hemorrhage_PR','pr',CURRENT_TIMESTAMP,'pigtraxadmin',10);
INSERT INTO pigtraxrefdata."MortalityReasonTypeTranslation" ("fieldValue","fieldLanguage","lastUpdated","userUpdated","id_MortalityReasonType") VALUES ('Hernia_PR','pr',CURRENT_TIMESTAMP,'pigtraxadmin',11);
INSERT INTO pigtraxrefdata."MortalityReasonTypeTranslation" ("fieldValue","fieldLanguage","lastUpdated","userUpdated","id_MortalityReasonType") VALUES ('Injury_PR','pr',CURRENT_TIMESTAMP,'pigtraxadmin',12);
INSERT INTO pigtraxrefdata."MortalityReasonTypeTranslation" ("fieldValue","fieldLanguage","lastUpdated","userUpdated","id_MortalityReasonType") VALUES ('Joint Infection_PR','pr',CURRENT_TIMESTAMP,'pigtraxadmin',13);
INSERT INTO pigtraxrefdata."MortalityReasonTypeTranslation" ("fieldValue","fieldLanguage","lastUpdated","userUpdated","id_MortalityReasonType") VALUES ('Laid On_PR','pr',CURRENT_TIMESTAMP,'pigtraxadmin',14);
INSERT INTO pigtraxrefdata."MortalityReasonTypeTranslation" ("fieldValue","fieldLanguage","lastUpdated","userUpdated","id_MortalityReasonType") VALUES ('Lameness_PR','pr',CURRENT_TIMESTAMP,'pigtraxadmin',15);
INSERT INTO pigtraxrefdata."MortalityReasonTypeTranslation" ("fieldValue","fieldLanguage","lastUpdated","userUpdated","id_MortalityReasonType") VALUES ('Low Viability_PR','pr',CURRENT_TIMESTAMP,'pigtraxadmin',16);
INSERT INTO pigtraxrefdata."MortalityReasonTypeTranslation" ("fieldValue","fieldLanguage","lastUpdated","userUpdated","id_MortalityReasonType") VALUES ('MMA Toximia_PR','pr',CURRENT_TIMESTAMP,'pigtraxadmin',17);
INSERT INTO pigtraxrefdata."MortalityReasonTypeTranslation" ("fieldValue","fieldLanguage","lastUpdated","userUpdated","id_MortalityReasonType") VALUES ('Other_PR','pr',CURRENT_TIMESTAMP,'pigtraxadmin',18);
INSERT INTO pigtraxrefdata."MortalityReasonTypeTranslation" ("fieldValue","fieldLanguage","lastUpdated","userUpdated","id_MortalityReasonType") VALUES ('Pneumonia_PR','pr',CURRENT_TIMESTAMP,'pigtraxadmin',19);
INSERT INTO pigtraxrefdata."MortalityReasonTypeTranslation" ("fieldValue","fieldLanguage","lastUpdated","userUpdated","id_MortalityReasonType") VALUES ('Prolapse Rectal_PR','pr',CURRENT_TIMESTAMP,'pigtraxadmin',20);
INSERT INTO pigtraxrefdata."MortalityReasonTypeTranslation" ("fieldValue","fieldLanguage","lastUpdated","userUpdated","id_MortalityReasonType") VALUES ('Prolapse Uterine_PR','pr',CURRENT_TIMESTAMP,'pigtraxadmin',21);
INSERT INTO pigtraxrefdata."MortalityReasonTypeTranslation" ("fieldValue","fieldLanguage","lastUpdated","userUpdated","id_MortalityReasonType") VALUES ('Prolapse Vaginal_PR','pr',CURRENT_TIMESTAMP,'pigtraxadmin',22);
INSERT INTO pigtraxrefdata."MortalityReasonTypeTranslation" ("fieldValue","fieldLanguage","lastUpdated","userUpdated","id_MortalityReasonType") VALUES ('Rupture_PR','pr',CURRENT_TIMESTAMP,'pigtraxadmin',23);
INSERT INTO pigtraxrefdata."MortalityReasonTypeTranslation" ("fieldValue","fieldLanguage","lastUpdated","userUpdated","id_MortalityReasonType") VALUES ('Savaged_PR','pr',CURRENT_TIMESTAMP,'pigtraxadmin',24);
INSERT INTO pigtraxrefdata."MortalityReasonTypeTranslation" ("fieldValue","fieldLanguage","lastUpdated","userUpdated","id_MortalityReasonType") VALUES ('Shaker_PR','pr',CURRENT_TIMESTAMP,'pigtraxadmin',25);
INSERT INTO pigtraxrefdata."MortalityReasonTypeTranslation" ("fieldValue","fieldLanguage","lastUpdated","userUpdated","id_MortalityReasonType") VALUES ('Small Pig_PR','pr',CURRENT_TIMESTAMP,'pigtraxadmin',26);
INSERT INTO pigtraxrefdata."MortalityReasonTypeTranslation" ("fieldValue","fieldLanguage","lastUpdated","userUpdated","id_MortalityReasonType") VALUES ('Splay Leg_PR','pr',CURRENT_TIMESTAMP,'pigtraxadmin',27);
INSERT INTO pigtraxrefdata."MortalityReasonTypeTranslation" ("fieldValue","fieldLanguage","lastUpdated","userUpdated","id_MortalityReasonType") VALUES ('Starvation_PR','pr',CURRENT_TIMESTAMP,'pigtraxadmin',28);
INSERT INTO pigtraxrefdata."MortalityReasonTypeTranslation" ("fieldValue","fieldLanguage","lastUpdated","userUpdated","id_MortalityReasonType") VALUES ('Stress Syndrome_PR','pr',CURRENT_TIMESTAMP,'pigtraxadmin',29);
INSERT INTO pigtraxrefdata."MortalityReasonTypeTranslation" ("fieldValue","fieldLanguage","lastUpdated","userUpdated","id_MortalityReasonType") VALUES ('Sudden Death_PR','pr',CURRENT_TIMESTAMP,'pigtraxadmin',30);
INSERT INTO pigtraxrefdata."MortalityReasonTypeTranslation" ("fieldValue","fieldLanguage","lastUpdated","userUpdated","id_MortalityReasonType") VALUES ('Tail Biting_PR','pr',CURRENT_TIMESTAMP,'pigtraxadmin',31);
INSERT INTO pigtraxrefdata."MortalityReasonTypeTranslation" ("fieldValue","fieldLanguage","lastUpdated","userUpdated","id_MortalityReasonType") VALUES ('Unknown_PR','pr',CURRENT_TIMESTAMP,'pigtraxadmin',32);
INSERT INTO pigtraxrefdata."MortalityReasonTypeTranslation" ("fieldValue","fieldLanguage","lastUpdated","userUpdated","id_MortalityReasonType") VALUES ('Weak/Unthrifty_PR','pr',CURRENT_TIMESTAMP,'pigtraxadmin',33);
INSERT INTO pigtraxrefdata."MortalityReasonTypeTranslation" ("fieldValue","fieldLanguage","lastUpdated","userUpdated","id_MortalityReasonType") VALUES ('DOA (means dead on arrival)_PR','pr',CURRENT_TIMESTAMP,'pigtraxadmin',34);
INSERT INTO pigtraxrefdata."MortalityReasonTypeTranslation" ("fieldValue","fieldLanguage","lastUpdated","userUpdated","id_MortalityReasonType") VALUES ('Heat Stress_PR','pr',CURRENT_TIMESTAMP,'pigtraxadmin',35);


----------
INSERT INTO pigtraxrefdata."TrailerType" ("fieldCode","fieldDescription","lastUpdated","userUpdated") VALUES (1,'American 2 Deck', CURRENT_TIMESTAMP,'pigtraxadmin');
INSERT INTO pigtraxrefdata."TrailerType" ("fieldCode","fieldDescription","lastUpdated","userUpdated") VALUES (2,'American 2 Floor', CURRENT_TIMESTAMP,'pigtraxadmin');
INSERT INTO pigtraxrefdata."TrailerType" ("fieldCode","fieldDescription","lastUpdated","userUpdated") VALUES (3,'American Pot Belly',CURRENT_TIMESTAMP,'pigtraxadmin');
INSERT INTO pigtraxrefdata."TrailerType" ("fieldCode","fieldDescription","lastUpdated","userUpdated") VALUES (4,'Climate Controlled',CURRENT_TIMESTAMP,'pigtraxadmin');
INSERT INTO pigtraxrefdata."TrailerType" ("fieldCode","fieldDescription","lastUpdated","userUpdated") VALUES (5,'Closed sided 2 floor EU',CURRENT_TIMESTAMP,'pigtraxadmin');
INSERT INTO pigtraxrefdata."TrailerType" ("fieldCode","fieldDescription","lastUpdated","userUpdated") VALUES (6,'Closed sided 3 Floor EU',CURRENT_TIMESTAMP,'pigtraxadmin');
INSERT INTO pigtraxrefdata."TrailerType" ("fieldCode","fieldDescription","lastUpdated","userUpdated") VALUES (7,'Closed sided 4 Floor EU',CURRENT_TIMESTAMP,'pigtraxadmin');
INSERT INTO pigtraxrefdata."TrailerType" ("fieldCode","fieldDescription","lastUpdated","userUpdated") VALUES (8,'EU Adj 3 Deck', CURRENT_TIMESTAMP,'pigtraxadmin');
INSERT INTO pigtraxrefdata."TrailerType" ("fieldCode","fieldDescription","lastUpdated","userUpdated") VALUES (9,'EU Adj 4 Deck',CURRENT_TIMESTAMP,'pigtraxadmin');
INSERT INTO pigtraxrefdata."TrailerType" ("fieldCode","fieldDescription","lastUpdated","userUpdated") VALUES (10,'Feed',CURRENT_TIMESTAMP,'pigtraxadmin');
INSERT INTO pigtraxrefdata."TrailerType" ("fieldCode","fieldDescription","lastUpdated","userUpdated") VALUES (11,'Goose Neck Double Deck',CURRENT_TIMESTAMP,'pigtraxadmin');
INSERT INTO pigtraxrefdata."TrailerType" ("fieldCode","fieldDescription","lastUpdated","userUpdated") VALUES (12,'Goose Neck Double Floor',CURRENT_TIMESTAMP,'pigtraxadmin');
INSERT INTO pigtraxrefdata."TrailerType" ("fieldCode","fieldDescription","lastUpdated","userUpdated") VALUES (13,'Goose Neck Single Deck', CURRENT_TIMESTAMP,'pigtraxadmin');
INSERT INTO pigtraxrefdata."TrailerType" ("fieldCode","fieldDescription","lastUpdated","userUpdated") VALUES (14,'Goose Neck Single Floor', CURRENT_TIMESTAMP,'pigtraxadmin');
INSERT INTO pigtraxrefdata."TrailerType" ("fieldCode","fieldDescription","lastUpdated","userUpdated") VALUES (15,'MX/BZ Open 2 Deck',CURRENT_TIMESTAMP,'pigtraxadmin');
INSERT INTO pigtraxrefdata."TrailerType" ("fieldCode","fieldDescription","lastUpdated","userUpdated") VALUES (16,'MX/BZ Open 3 Deck',CURRENT_TIMESTAMP,'pigtraxadmin');
INSERT INTO pigtraxrefdata."TrailerType" ("fieldCode","fieldDescription","lastUpdated","userUpdated") VALUES (17,'Open bar sided 2 floor',CURRENT_TIMESTAMP,'pigtraxadmin');
INSERT INTO pigtraxrefdata."TrailerType" ("fieldCode","fieldDescription","lastUpdated","userUpdated") VALUES (18,'Open bar sided 3 floor',CURRENT_TIMESTAMP,'pigtraxadmin');
INSERT INTO pigtraxrefdata."TrailerType" ("fieldCode","fieldDescription","lastUpdated","userUpdated") VALUES (19,'Open bar sided 4 floor',CURRENT_TIMESTAMP,'pigtraxadmin');
INSERT INTO pigtraxrefdata."TrailerType" ("fieldCode","fieldDescription","lastUpdated","userUpdated") VALUES (20,'Other', CURRENT_TIMESTAMP,'pigtraxadmin');
INSERT INTO pigtraxrefdata."TrailerType" ("fieldCode","fieldDescription","lastUpdated","userUpdated") VALUES (21,'Single Deck',CURRENT_TIMESTAMP,'pigtraxadmin');
INSERT INTO pigtraxrefdata."TrailerType" ("fieldCode","fieldDescription","lastUpdated","userUpdated") VALUES (22,'Single Floor',CURRENT_TIMESTAMP,'pigtraxadmin');
INSERT INTO pigtraxrefdata."TrailerType" ("fieldCode","fieldDescription","lastUpdated","userUpdated") VALUES (23,'Quarantine',CURRENT_TIMESTAMP,'pigtraxadmin');
INSERT INTO pigtraxrefdata."TrailerType" ("fieldCode","fieldDescription","lastUpdated","userUpdated") VALUES (24,'Variable Floor',CURRENT_TIMESTAMP,'pigtraxadmin');


INSERT INTO pigtraxrefdata."TrailerTypeTranslation" ("fieldValue","fieldLanguage","lastUpdated","userUpdated","id_TrailerType") VALUES ('American 2 Deck','en',CURRENT_TIMESTAMP,'pigtraxadmin',1);
INSERT INTO pigtraxrefdata."TrailerTypeTranslation" ("fieldValue","fieldLanguage","lastUpdated","userUpdated","id_TrailerType") VALUES ('American 2 Floor','en',CURRENT_TIMESTAMP,'pigtraxadmin',2);
INSERT INTO pigtraxrefdata."TrailerTypeTranslation" ("fieldValue","fieldLanguage","lastUpdated","userUpdated","id_TrailerType") VALUES ('American Pot Belly','en',CURRENT_TIMESTAMP,'pigtraxadmin',3);
INSERT INTO pigtraxrefdata."TrailerTypeTranslation" ("fieldValue","fieldLanguage","lastUpdated","userUpdated","id_TrailerType") VALUES ('Climate Controlled','en',CURRENT_TIMESTAMP,'pigtraxadmin',4);
INSERT INTO pigtraxrefdata."TrailerTypeTranslation" ("fieldValue","fieldLanguage","lastUpdated","userUpdated","id_TrailerType") VALUES ('Closed sided 2 floor EU','en',CURRENT_TIMESTAMP,'pigtraxadmin',5);
INSERT INTO pigtraxrefdata."TrailerTypeTranslation" ("fieldValue","fieldLanguage","lastUpdated","userUpdated","id_TrailerType") VALUES ('Closed sided 3 Floor EU','en',CURRENT_TIMESTAMP,'pigtraxadmin',6);
INSERT INTO pigtraxrefdata."TrailerTypeTranslation" ("fieldValue","fieldLanguage","lastUpdated","userUpdated","id_TrailerType") VALUES ('Closed sided 4 Floor EU','en',CURRENT_TIMESTAMP,'pigtraxadmin',7);
INSERT INTO pigtraxrefdata."TrailerTypeTranslation" ("fieldValue","fieldLanguage","lastUpdated","userUpdated","id_TrailerType") VALUES ('EU Adj 3 Deck','en',CURRENT_TIMESTAMP,'pigtraxadmin',8);
INSERT INTO pigtraxrefdata."TrailerTypeTranslation" ("fieldValue","fieldLanguage","lastUpdated","userUpdated","id_TrailerType") VALUES ('EU Adj 4 Deck','en',CURRENT_TIMESTAMP,'pigtraxadmin',9);
INSERT INTO pigtraxrefdata."TrailerTypeTranslation" ("fieldValue","fieldLanguage","lastUpdated","userUpdated","id_TrailerType") VALUES ('Feed','en',CURRENT_TIMESTAMP,'pigtraxadmin',10);
INSERT INTO pigtraxrefdata."TrailerTypeTranslation" ("fieldValue","fieldLanguage","lastUpdated","userUpdated","id_TrailerType") VALUES ('Goose Neck Double Deck','en',CURRENT_TIMESTAMP,'pigtraxadmin',11);
INSERT INTO pigtraxrefdata."TrailerTypeTranslation" ("fieldValue","fieldLanguage","lastUpdated","userUpdated","id_TrailerType") VALUES ('Goose Neck Double Floor','en',CURRENT_TIMESTAMP,'pigtraxadmin',12);
INSERT INTO pigtraxrefdata."TrailerTypeTranslation" ("fieldValue","fieldLanguage","lastUpdated","userUpdated","id_TrailerType") VALUES ('Goose Neck Single Deck','en',CURRENT_TIMESTAMP,'pigtraxadmin',13);
INSERT INTO pigtraxrefdata."TrailerTypeTranslation" ("fieldValue","fieldLanguage","lastUpdated","userUpdated","id_TrailerType") VALUES ('Goose Neck Single Floor','en',CURRENT_TIMESTAMP,'pigtraxadmin',14);
INSERT INTO pigtraxrefdata."TrailerTypeTranslation" ("fieldValue","fieldLanguage","lastUpdated","userUpdated","id_TrailerType") VALUES ('MX/BZ Open 2 Deck','en',CURRENT_TIMESTAMP,'pigtraxadmin',15);
INSERT INTO pigtraxrefdata."TrailerTypeTranslation" ("fieldValue","fieldLanguage","lastUpdated","userUpdated","id_TrailerType") VALUES ('MX/BZ Open 3 Deck','en',CURRENT_TIMESTAMP,'pigtraxadmin',16);
INSERT INTO pigtraxrefdata."TrailerTypeTranslation" ("fieldValue","fieldLanguage","lastUpdated","userUpdated","id_TrailerType") VALUES ('Open bar sided 2 floor','en',CURRENT_TIMESTAMP,'pigtraxadmin',17);
INSERT INTO pigtraxrefdata."TrailerTypeTranslation" ("fieldValue","fieldLanguage","lastUpdated","userUpdated","id_TrailerType") VALUES ('Open bar sided 3 floor','en',CURRENT_TIMESTAMP,'pigtraxadmin',18);
INSERT INTO pigtraxrefdata."TrailerTypeTranslation" ("fieldValue","fieldLanguage","lastUpdated","userUpdated","id_TrailerType") VALUES ('Open bar sided 4 floor','en',CURRENT_TIMESTAMP,'pigtraxadmin',19);
INSERT INTO pigtraxrefdata."TrailerTypeTranslation" ("fieldValue","fieldLanguage","lastUpdated","userUpdated","id_TrailerType") VALUES ('Other','en',CURRENT_TIMESTAMP,'pigtraxadmin',20);
INSERT INTO pigtraxrefdata."TrailerTypeTranslation" ("fieldValue","fieldLanguage","lastUpdated","userUpdated","id_TrailerType") VALUES ('Single Deck','en',CURRENT_TIMESTAMP,'pigtraxadmin',21);
INSERT INTO pigtraxrefdata."TrailerTypeTranslation" ("fieldValue","fieldLanguage","lastUpdated","userUpdated","id_TrailerType") VALUES ('Single Floor','en',CURRENT_TIMESTAMP,'pigtraxadmin',22);
INSERT INTO pigtraxrefdata."TrailerTypeTranslation" ("fieldValue","fieldLanguage","lastUpdated","userUpdated","id_TrailerType") VALUES ('Quarantine','en',CURRENT_TIMESTAMP,'pigtraxadmin',23);
INSERT INTO pigtraxrefdata."TrailerTypeTranslation" ("fieldValue","fieldLanguage","lastUpdated","userUpdated","id_TrailerType") VALUES ('Variable Floor','en',CURRENT_TIMESTAMP,'pigtraxadmin',24);


INSERT INTO pigtraxrefdata."TrailerTypeTranslation" ("fieldValue","fieldLanguage","lastUpdated","userUpdated","id_TrailerType") VALUES ('American 2 Deck_ES','es',CURRENT_TIMESTAMP,'pigtraxadmin',1);
INSERT INTO pigtraxrefdata."TrailerTypeTranslation" ("fieldValue","fieldLanguage","lastUpdated","userUpdated","id_TrailerType") VALUES ('American 2 Floor_ES','es',CURRENT_TIMESTAMP,'pigtraxadmin',2);
INSERT INTO pigtraxrefdata."TrailerTypeTranslation" ("fieldValue","fieldLanguage","lastUpdated","userUpdated","id_TrailerType") VALUES ('American Pot Belly_ES','es',CURRENT_TIMESTAMP,'pigtraxadmin',3);
INSERT INTO pigtraxrefdata."TrailerTypeTranslation" ("fieldValue","fieldLanguage","lastUpdated","userUpdated","id_TrailerType") VALUES ('Climate Controlled_ES','es',CURRENT_TIMESTAMP,'pigtraxadmin',4);
INSERT INTO pigtraxrefdata."TrailerTypeTranslation" ("fieldValue","fieldLanguage","lastUpdated","userUpdated","id_TrailerType") VALUES ('Closed sided 2 floor EU_ES','es',CURRENT_TIMESTAMP,'pigtraxadmin',5);
INSERT INTO pigtraxrefdata."TrailerTypeTranslation" ("fieldValue","fieldLanguage","lastUpdated","userUpdated","id_TrailerType") VALUES ('Closed sided 3 Floor EU_ES','es',CURRENT_TIMESTAMP,'pigtraxadmin',6);
INSERT INTO pigtraxrefdata."TrailerTypeTranslation" ("fieldValue","fieldLanguage","lastUpdated","userUpdated","id_TrailerType") VALUES ('Closed sided 4 Floor EU_ES','es',CURRENT_TIMESTAMP,'pigtraxadmin',7);
INSERT INTO pigtraxrefdata."TrailerTypeTranslation" ("fieldValue","fieldLanguage","lastUpdated","userUpdated","id_TrailerType") VALUES ('EU Adj 3 Deck_ES','es',CURRENT_TIMESTAMP,'pigtraxadmin',8);
INSERT INTO pigtraxrefdata."TrailerTypeTranslation" ("fieldValue","fieldLanguage","lastUpdated","userUpdated","id_TrailerType") VALUES ('EU Adj 4 Deck_ES','es',CURRENT_TIMESTAMP,'pigtraxadmin',9);
INSERT INTO pigtraxrefdata."TrailerTypeTranslation" ("fieldValue","fieldLanguage","lastUpdated","userUpdated","id_TrailerType") VALUES ('Feed_ES','es',CURRENT_TIMESTAMP,'pigtraxadmin',10);
INSERT INTO pigtraxrefdata."TrailerTypeTranslation" ("fieldValue","fieldLanguage","lastUpdated","userUpdated","id_TrailerType") VALUES ('Goose Neck Double Deck_ES','es',CURRENT_TIMESTAMP,'pigtraxadmin',11);
INSERT INTO pigtraxrefdata."TrailerTypeTranslation" ("fieldValue","fieldLanguage","lastUpdated","userUpdated","id_TrailerType") VALUES ('Goose Neck Double Floor_ES','es',CURRENT_TIMESTAMP,'pigtraxadmin',12);
INSERT INTO pigtraxrefdata."TrailerTypeTranslation" ("fieldValue","fieldLanguage","lastUpdated","userUpdated","id_TrailerType") VALUES ('Goose Neck Single Deck_ES','es',CURRENT_TIMESTAMP,'pigtraxadmin',13);
INSERT INTO pigtraxrefdata."TrailerTypeTranslation" ("fieldValue","fieldLanguage","lastUpdated","userUpdated","id_TrailerType") VALUES ('Goose Neck Single Floor_ES','es',CURRENT_TIMESTAMP,'pigtraxadmin',14);
INSERT INTO pigtraxrefdata."TrailerTypeTranslation" ("fieldValue","fieldLanguage","lastUpdated","userUpdated","id_TrailerType") VALUES ('MX/BZ Open 2 Deck_ES','es',CURRENT_TIMESTAMP,'pigtraxadmin',15);
INSERT INTO pigtraxrefdata."TrailerTypeTranslation" ("fieldValue","fieldLanguage","lastUpdated","userUpdated","id_TrailerType") VALUES ('MX/BZ Open 3 Deck_ES','es',CURRENT_TIMESTAMP,'pigtraxadmin',16);
INSERT INTO pigtraxrefdata."TrailerTypeTranslation" ("fieldValue","fieldLanguage","lastUpdated","userUpdated","id_TrailerType") VALUES ('Open bar sided 2 floor_ES','es',CURRENT_TIMESTAMP,'pigtraxadmin',17);
INSERT INTO pigtraxrefdata."TrailerTypeTranslation" ("fieldValue","fieldLanguage","lastUpdated","userUpdated","id_TrailerType") VALUES ('Open bar sided 3 floor_ES','es',CURRENT_TIMESTAMP,'pigtraxadmin',18);
INSERT INTO pigtraxrefdata."TrailerTypeTranslation" ("fieldValue","fieldLanguage","lastUpdated","userUpdated","id_TrailerType") VALUES ('Open bar sided 4 floor_ES','es',CURRENT_TIMESTAMP,'pigtraxadmin',19);
INSERT INTO pigtraxrefdata."TrailerTypeTranslation" ("fieldValue","fieldLanguage","lastUpdated","userUpdated","id_TrailerType") VALUES ('Other_ES','es',CURRENT_TIMESTAMP,'pigtraxadmin',20);
INSERT INTO pigtraxrefdata."TrailerTypeTranslation" ("fieldValue","fieldLanguage","lastUpdated","userUpdated","id_TrailerType") VALUES ('Single Deck_ES','es',CURRENT_TIMESTAMP,'pigtraxadmin',21);
INSERT INTO pigtraxrefdata."TrailerTypeTranslation" ("fieldValue","fieldLanguage","lastUpdated","userUpdated","id_TrailerType") VALUES ('Single Floor_ES','es',CURRENT_TIMESTAMP,'pigtraxadmin',22);
INSERT INTO pigtraxrefdata."TrailerTypeTranslation" ("fieldValue","fieldLanguage","lastUpdated","userUpdated","id_TrailerType") VALUES ('Quarantine_ES','es',CURRENT_TIMESTAMP,'pigtraxadmin',23);
INSERT INTO pigtraxrefdata."TrailerTypeTranslation" ("fieldValue","fieldLanguage","lastUpdated","userUpdated","id_TrailerType") VALUES ('Variable Floor_ES','es',CURRENT_TIMESTAMP,'pigtraxadmin',24);



INSERT INTO pigtraxrefdata."TrailerTypeTranslation" ("fieldValue","fieldLanguage","lastUpdated","userUpdated","id_TrailerType") VALUES ('American 2 Deck_PR','pr',CURRENT_TIMESTAMP,'pigtraxadmin',1);
INSERT INTO pigtraxrefdata."TrailerTypeTranslation" ("fieldValue","fieldLanguage","lastUpdated","userUpdated","id_TrailerType") VALUES ('American 2 Floor_PR','pr',CURRENT_TIMESTAMP,'pigtraxadmin',2);
INSERT INTO pigtraxrefdata."TrailerTypeTranslation" ("fieldValue","fieldLanguage","lastUpdated","userUpdated","id_TrailerType") VALUES ('American Pot Belly_PR','pr',CURRENT_TIMESTAMP,'pigtraxadmin',3);
INSERT INTO pigtraxrefdata."TrailerTypeTranslation" ("fieldValue","fieldLanguage","lastUpdated","userUpdated","id_TrailerType") VALUES ('Climate Controlled_PR','pr',CURRENT_TIMESTAMP,'pigtraxadmin',4);
INSERT INTO pigtraxrefdata."TrailerTypeTranslation" ("fieldValue","fieldLanguage","lastUpdated","userUpdated","id_TrailerType") VALUES ('Closed sided 2 floor EU_PR','pr',CURRENT_TIMESTAMP,'pigtraxadmin',5);
INSERT INTO pigtraxrefdata."TrailerTypeTranslation" ("fieldValue","fieldLanguage","lastUpdated","userUpdated","id_TrailerType") VALUES ('Closed sided 3 Floor EU_PR','pr',CURRENT_TIMESTAMP,'pigtraxadmin',6);
INSERT INTO pigtraxrefdata."TrailerTypeTranslation" ("fieldValue","fieldLanguage","lastUpdated","userUpdated","id_TrailerType") VALUES ('Closed sided 4 Floor EU_PR','pr',CURRENT_TIMESTAMP,'pigtraxadmin',7);
INSERT INTO pigtraxrefdata."TrailerTypeTranslation" ("fieldValue","fieldLanguage","lastUpdated","userUpdated","id_TrailerType") VALUES ('EU Adj 3 Deck_PR','pr',CURRENT_TIMESTAMP,'pigtraxadmin',8);
INSERT INTO pigtraxrefdata."TrailerTypeTranslation" ("fieldValue","fieldLanguage","lastUpdated","userUpdated","id_TrailerType") VALUES ('EU Adj 4 Deck_PR','pr',CURRENT_TIMESTAMP,'pigtraxadmin',9);
INSERT INTO pigtraxrefdata."TrailerTypeTranslation" ("fieldValue","fieldLanguage","lastUpdated","userUpdated","id_TrailerType") VALUES ('Feed_PR','pr',CURRENT_TIMESTAMP,'pigtraxadmin',10);
INSERT INTO pigtraxrefdata."TrailerTypeTranslation" ("fieldValue","fieldLanguage","lastUpdated","userUpdated","id_TrailerType") VALUES ('Goose Neck Double Deck_PR','pr',CURRENT_TIMESTAMP,'pigtraxadmin',11);
INSERT INTO pigtraxrefdata."TrailerTypeTranslation" ("fieldValue","fieldLanguage","lastUpdated","userUpdated","id_TrailerType") VALUES ('Goose Neck Double Floor_PR','pr',CURRENT_TIMESTAMP,'pigtraxadmin',12);
INSERT INTO pigtraxrefdata."TrailerTypeTranslation" ("fieldValue","fieldLanguage","lastUpdated","userUpdated","id_TrailerType") VALUES ('Goose Neck Single Deck_PR','pr',CURRENT_TIMESTAMP,'pigtraxadmin',13);
INSERT INTO pigtraxrefdata."TrailerTypeTranslation" ("fieldValue","fieldLanguage","lastUpdated","userUpdated","id_TrailerType") VALUES ('Goose Neck Single Floor_PR','pr',CURRENT_TIMESTAMP,'pigtraxadmin',14);
INSERT INTO pigtraxrefdata."TrailerTypeTranslation" ("fieldValue","fieldLanguage","lastUpdated","userUpdated","id_TrailerType") VALUES ('MX/BZ Open 2 Deck_PR','pr',CURRENT_TIMESTAMP,'pigtraxadmin',15);
INSERT INTO pigtraxrefdata."TrailerTypeTranslation" ("fieldValue","fieldLanguage","lastUpdated","userUpdated","id_TrailerType") VALUES ('MX/BZ Open 3 Deck_PR','pr',CURRENT_TIMESTAMP,'pigtraxadmin',16);
INSERT INTO pigtraxrefdata."TrailerTypeTranslation" ("fieldValue","fieldLanguage","lastUpdated","userUpdated","id_TrailerType") VALUES ('Open bar sided 2 floor_PR','pr',CURRENT_TIMESTAMP,'pigtraxadmin',17);
INSERT INTO pigtraxrefdata."TrailerTypeTranslation" ("fieldValue","fieldLanguage","lastUpdated","userUpdated","id_TrailerType") VALUES ('Open bar sided 3 floor_PR','pr',CURRENT_TIMESTAMP,'pigtraxadmin',18);
INSERT INTO pigtraxrefdata."TrailerTypeTranslation" ("fieldValue","fieldLanguage","lastUpdated","userUpdated","id_TrailerType") VALUES ('Open bar sided 4 floor_PR','pr',CURRENT_TIMESTAMP,'pigtraxadmin',19);
INSERT INTO pigtraxrefdata."TrailerTypeTranslation" ("fieldValue","fieldLanguage","lastUpdated","userUpdated","id_TrailerType") VALUES ('Other_PR','pr',CURRENT_TIMESTAMP,'pigtraxadmin',20);
INSERT INTO pigtraxrefdata."TrailerTypeTranslation" ("fieldValue","fieldLanguage","lastUpdated","userUpdated","id_TrailerType") VALUES ('Single Deck_PR','pr',CURRENT_TIMESTAMP,'pigtraxadmin',21);
INSERT INTO pigtraxrefdata."TrailerTypeTranslation" ("fieldValue","fieldLanguage","lastUpdated","userUpdated","id_TrailerType") VALUES ('Single Floor_PR','pr',CURRENT_TIMESTAMP,'pigtraxadmin',22);
INSERT INTO pigtraxrefdata."TrailerTypeTranslation" ("fieldValue","fieldLanguage","lastUpdated","userUpdated","id_TrailerType") VALUES ('Quarantine_PR','pr',CURRENT_TIMESTAMP,'pigtraxadmin',23);
INSERT INTO pigtraxrefdata."TrailerTypeTranslation" ("fieldValue","fieldLanguage","lastUpdated","userUpdated","id_TrailerType") VALUES ('Variable Floor_PR','pr',CURRENT_TIMESTAMP,'pigtraxadmin',24);

----------------

INSERT INTO pigtraxrefdata."TargetType" ("fieldCode","fieldDescription","lastUpdated","userUpdated") VALUES (1,'Total Services', CURRENT_TIMESTAMP,'pigtraxadmin');
INSERT INTO pigtraxrefdata."TargetType" ("fieldCode","fieldDescription","lastUpdated","userUpdated") VALUES (2,'1st services',CURRENT_TIMESTAMP,'pigtraxadmin');
INSERT INTO pigtraxrefdata."TargetType" ("fieldCode","fieldDescription","lastUpdated","userUpdated") VALUES (3,'Repeat services',CURRENT_TIMESTAMP,'pigtraxadmin');
INSERT INTO pigtraxrefdata."TargetType" ("fieldCode","fieldDescription","lastUpdated","userUpdated") VALUES (4,'% 1st services',CURRENT_TIMESTAMP,'pigtraxadmin');
INSERT INTO pigtraxrefdata."TargetType" ("fieldCode","fieldDescription","lastUpdated","userUpdated") VALUES (5,'% 1st services: gilts',CURRENT_TIMESTAMP,'pigtraxadmin');
INSERT INTO pigtraxrefdata."TargetType" ("fieldCode","fieldDescription","lastUpdated","userUpdated") VALUES (6,'% 1st services: sows',CURRENT_TIMESTAMP,'pigtraxadmin');
INSERT INTO pigtraxrefdata."TargetType" ("fieldCode","fieldDescription","lastUpdated","userUpdated") VALUES (7,'% Repeat services',CURRENT_TIMESTAMP,'pigtraxadmin');
INSERT INTO pigtraxrefdata."TargetType" ("fieldCode","fieldDescription","lastUpdated","userUpdated") VALUES (8,'Services with >1 matings',CURRENT_TIMESTAMP,'pigtraxadmin');
INSERT INTO pigtraxrefdata."TargetType" ("fieldCode","fieldDescription","lastUpdated","userUpdated") VALUES (9,'% Services with 1+ matings',CURRENT_TIMESTAMP,'pigtraxadmin');
INSERT INTO pigtraxrefdata."TargetType" ("fieldCode","fieldDescription","lastUpdated","userUpdated") VALUES (10,' Matings per Service',CURRENT_TIMESTAMP,'pigtraxadmin');
INSERT INTO pigtraxrefdata."TargetType" ("fieldCode","fieldDescription","lastUpdated","userUpdated") VALUES (11,'Arrival to 1st serv interval',CURRENT_TIMESTAMP,'pigtraxadmin');
INSERT INTO pigtraxrefdata."TargetType" ("fieldCode","fieldDescription","lastUpdated","userUpdated") VALUES (12,'Wean sows bred by 7 days',CURRENT_TIMESTAMP,'pigtraxadmin');
INSERT INTO pigtraxrefdata."TargetType" ("fieldCode","fieldDescription","lastUpdated","userUpdated") VALUES (13,'% Wean sows bred by 7 days',CURRENT_TIMESTAMP,'pigtraxadmin');
INSERT INTO pigtraxrefdata."TargetType" ("fieldCode","fieldDescription","lastUpdated","userUpdated") VALUES (14,'Wean to 1st service interval',CURRENT_TIMESTAMP,'pigtraxadmin');
INSERT INTO pigtraxrefdata."TargetType" ("fieldCode","fieldDescription","lastUpdated","userUpdated") VALUES (15,'Conception rate at 30d Presumed Pregnant',CURRENT_TIMESTAMP,'pigtraxadmin');
INSERT INTO pigtraxrefdata."TargetType" ("fieldCode","fieldDescription","lastUpdated","userUpdated") VALUES (16,'Conception rate at day42',CURRENT_TIMESTAMP,'pigtraxadmin');
INSERT INTO pigtraxrefdata."TargetType" ("fieldCode","fieldDescription","lastUpdated","userUpdated") VALUES (17,'Avg parity of served females',CURRENT_TIMESTAMP,'pigtraxadmin');
INSERT INTO pigtraxrefdata."TargetType" ("fieldCode","fieldDescription","lastUpdated","userUpdated") VALUES (18,'Service to fallout interval',CURRENT_TIMESTAMP,'pigtraxadmin');
INSERT INTO pigtraxrefdata."TargetType" ("fieldCode","fieldDescription","lastUpdated","userUpdated") VALUES (19,'Service Capacity (Services/crate/year)',CURRENT_TIMESTAMP,'pigtraxadmin');
INSERT INTO pigtraxrefdata."TargetType" ("fieldCode","fieldDescription","lastUpdated","userUpdated") VALUES (20,'Litters farrowed',CURRENT_TIMESTAMP,'pigtraxadmin');
INSERT INTO pigtraxrefdata."TargetType" ("fieldCode","fieldDescription","lastUpdated","userUpdated") VALUES (21,'Avg parity',CURRENT_TIMESTAMP,'pigtraxadmin');
INSERT INTO pigtraxrefdata."TargetType" ("fieldCode","fieldDescription","lastUpdated","userUpdated") VALUES (22,'Avg parity',CURRENT_TIMESTAMP,'pigtraxadmin');
INSERT INTO pigtraxrefdata."TargetType" ("fieldCode","fieldDescription","lastUpdated","userUpdated") VALUES (23,'Gilts farrowed',CURRENT_TIMESTAMP,'pigtraxadmin');
INSERT INTO pigtraxrefdata."TargetType" ("fieldCode","fieldDescription","lastUpdated","userUpdated") VALUES (24,'Farrowing rate',CURRENT_TIMESTAMP,'pigtraxadmin');
INSERT INTO pigtraxrefdata."TargetType" ("fieldCode","fieldDescription","lastUpdated","userUpdated") VALUES (25,'Adj farrowing rate',CURRENT_TIMESTAMP,'pigtraxadmin');
INSERT INTO pigtraxrefdata."TargetType" ("fieldCode","fieldDescription","lastUpdated","userUpdated") VALUES (26,'Total totalborn',CURRENT_TIMESTAMP,'pigtraxadmin');
INSERT INTO pigtraxrefdata."TargetType" ("fieldCode","fieldDescription","lastUpdated","userUpdated") VALUES (27,'Avg totalborn',CURRENT_TIMESTAMP,'pigtraxadmin');
INSERT INTO pigtraxrefdata."TargetType" ("fieldCode","fieldDescription","lastUpdated","userUpdated") VALUES (28,'Total viableborn',CURRENT_TIMESTAMP,'pigtraxadmin');
INSERT INTO pigtraxrefdata."TargetType" ("fieldCode","fieldDescription","lastUpdated","userUpdated") VALUES (29,'Avg viableborn',CURRENT_TIMESTAMP,'pigtraxadmin');
INSERT INTO pigtraxrefdata."TargetType" ("fieldCode","fieldDescription","lastUpdated","userUpdated") VALUES (30,'Total liveborn',CURRENT_TIMESTAMP,'pigtraxadmin');
INSERT INTO pigtraxrefdata."TargetType" ("fieldCode","fieldDescription","lastUpdated","userUpdated") VALUES (31,'Total liveborn', CURRENT_TIMESTAMP,'pigtraxadmin');
INSERT INTO pigtraxrefdata."TargetType" ("fieldCode","fieldDescription","lastUpdated","userUpdated") VALUES (32,'Total deadborn',CURRENT_TIMESTAMP,'pigtraxadmin');
INSERT INTO pigtraxrefdata."TargetType" ("fieldCode","fieldDescription","lastUpdated","userUpdated") VALUES (33,'Avg deadborn',CURRENT_TIMESTAMP,'pigtraxadmin');
INSERT INTO pigtraxrefdata."TargetType" ("fieldCode","fieldDescription","lastUpdated","userUpdated") VALUES (34,'% Deadborn',CURRENT_TIMESTAMP,'pigtraxadmin');
INSERT INTO pigtraxrefdata."TargetType" ("fieldCode","fieldDescription","lastUpdated","userUpdated") VALUES (35,'Total stillborn',CURRENT_TIMESTAMP,'pigtraxadmin');
INSERT INTO pigtraxrefdata."TargetType" ("fieldCode","fieldDescription","lastUpdated","userUpdated") VALUES (36,'Avg stillborn',CURRENT_TIMESTAMP,'pigtraxadmin');
INSERT INTO pigtraxrefdata."TargetType" ("fieldCode","fieldDescription","lastUpdated","userUpdated") VALUES (37,'% Stillborn',CURRENT_TIMESTAMP,'pigtraxadmin');
INSERT INTO pigtraxrefdata."TargetType" ("fieldCode","fieldDescription","lastUpdated","userUpdated") VALUES (38,'Total mummies',CURRENT_TIMESTAMP,'pigtraxadmin');
INSERT INTO pigtraxrefdata."TargetType" ("fieldCode","fieldDescription","lastUpdated","userUpdated") VALUES (39,'Avg mummies',CURRENT_TIMESTAMP,'pigtraxadmin');
INSERT INTO pigtraxrefdata."TargetType" ("fieldCode","fieldDescription","lastUpdated","userUpdated") VALUES (40,'% Mummies',CURRENT_TIMESTAMP,'pigtraxadmin');
INSERT INTO pigtraxrefdata."TargetType" ("fieldCode","fieldDescription","lastUpdated","userUpdated") VALUES (41,'Litters with less 7 liveborn',CURRENT_TIMESTAMP,'pigtraxadmin');
INSERT INTO pigtraxrefdata."TargetType" ("fieldCode","fieldDescription","lastUpdated","userUpdated") VALUES (42,'% Litters with less 7 liveborn',CURRENT_TIMESTAMP,'pigtraxadmin');
INSERT INTO pigtraxrefdata."TargetType" ("fieldCode","fieldDescription","lastUpdated","userUpdated") VALUES (43,'Total weakborn',CURRENT_TIMESTAMP,'pigtraxadmin');
INSERT INTO pigtraxrefdata."TargetType" ("fieldCode","fieldDescription","lastUpdated","userUpdated") VALUES (44,'Avg weakborn',CURRENT_TIMESTAMP,'pigtraxadmin');
INSERT INTO pigtraxrefdata."TargetType" ("fieldCode","fieldDescription","lastUpdated","userUpdated") VALUES (45,'Weakborn/totalborn(%)',CURRENT_TIMESTAMP,'pigtraxadmin');
INSERT INTO pigtraxrefdata."TargetType" ("fieldCode","fieldDescription","lastUpdated","userUpdated") VALUES (46,'Litters with birth weight',CURRENT_TIMESTAMP,'pigtraxadmin');
INSERT INTO pigtraxrefdata."TargetType" ("fieldCode","fieldDescription","lastUpdated","userUpdated") VALUES (47,'Avg birth weight',CURRENT_TIMESTAMP,'pigtraxadmin');
INSERT INTO pigtraxrefdata."TargetType" ("fieldCode","fieldDescription","lastUpdated","userUpdated") VALUES (48,'Avg birth weight/liveborn',CURRENT_TIMESTAMP,'pigtraxadmin');
INSERT INTO pigtraxrefdata."TargetType" ("fieldCode","fieldDescription","lastUpdated","userUpdated") VALUES (49,'Litters/crate/year',CURRENT_TIMESTAMP,'pigtraxadmin');
INSERT INTO pigtraxrefdata."TargetType" ("fieldCode","fieldDescription","lastUpdated","userUpdated") VALUES (50,'Farrow Capacity (Farrows / crate / year)',CURRENT_TIMESTAMP,'pigtraxadmin');
INSERT INTO pigtraxrefdata."TargetType" ("fieldCode","fieldDescription","lastUpdated","userUpdated") VALUES (51,'Litters weaned',CURRENT_TIMESTAMP,'pigtraxadmin');
INSERT INTO pigtraxrefdata."TargetType" ("fieldCode","fieldDescription","lastUpdated","userUpdated") VALUES (52,'Litters weaning 12+',CURRENT_TIMESTAMP,'pigtraxadmin');
INSERT INTO pigtraxrefdata."TargetType" ("fieldCode","fieldDescription","lastUpdated","userUpdated") VALUES (53,'% Litters weaning 12+',CURRENT_TIMESTAMP,'pigtraxadmin');
INSERT INTO pigtraxrefdata."TargetType" ("fieldCode","fieldDescription","lastUpdated","userUpdated") VALUES (54,'Sows weaning 0 pig',CURRENT_TIMESTAMP,'pigtraxadmin');
INSERT INTO pigtraxrefdata."TargetType" ("fieldCode","fieldDescription","lastUpdated","userUpdated") VALUES (55,'% Sows weaning 0 pigs',CURRENT_TIMESTAMP,'pigtraxadmin');
INSERT INTO pigtraxrefdata."TargetType" ("fieldCode","fieldDescription","lastUpdated","userUpdated") VALUES (56,'Pigs weaned/litter weaned',CURRENT_TIMESTAMP,'pigtraxadmin');
INSERT INTO pigtraxrefdata."TargetType" ("fieldCode","fieldDescription","lastUpdated","userUpdated") VALUES (57,'Total pigs weaned',CURRENT_TIMESTAMP,'pigtraxadmin');
INSERT INTO pigtraxrefdata."TargetType" ("fieldCode","fieldDescription","lastUpdated","userUpdated") VALUES (58,'Pigs weaned/sow weaned',CURRENT_TIMESTAMP,'pigtraxadmin');
INSERT INTO pigtraxrefdata."TargetType" ("fieldCode","fieldDescription","lastUpdated","userUpdated") VALUES (59,'Pigs weaned/totalborn(%)',CURRENT_TIMESTAMP,'pigtraxadmin');
INSERT INTO pigtraxrefdata."TargetType" ("fieldCode","fieldDescription","lastUpdated","userUpdated") VALUES (60,'Net foster',CURRENT_TIMESTAMP,'pigtraxadmin');
INSERT INTO pigtraxrefdata."TargetType" ("fieldCode","fieldDescription","lastUpdated","userUpdated") VALUES (61,'PWM(%)',CURRENT_TIMESTAMP,'pigtraxadmin');
INSERT INTO pigtraxrefdata."TargetType" ("fieldCode","fieldDescription","lastUpdated","userUpdated") VALUES (62,'Litters with weaning weight',CURRENT_TIMESTAMP,'pigtraxadmin');
INSERT INTO pigtraxrefdata."TargetType" ("fieldCode","fieldDescription","lastUpdated","userUpdated") VALUES (63,'Piglets with weaning weight',CURRENT_TIMESTAMP,'pigtraxadmin');
INSERT INTO pigtraxrefdata."TargetType" ("fieldCode","fieldDescription","lastUpdated","userUpdated") VALUES (64,'Total weaning weight',CURRENT_TIMESTAMP,'pigtraxadmin');
INSERT INTO pigtraxrefdata."TargetType" ("fieldCode","fieldDescription","lastUpdated","userUpdated") VALUES (65,'Weaning weight/litter',CURRENT_TIMESTAMP,'pigtraxadmin');
INSERT INTO pigtraxrefdata."TargetType" ("fieldCode","fieldDescription","lastUpdated","userUpdated") VALUES (66,'Weaning weight/piglet',CURRENT_TIMESTAMP,'pigtraxadmin');
INSERT INTO pigtraxrefdata."TargetType" ("fieldCode","fieldDescription","lastUpdated","userUpdated") VALUES (67,' Litters with weaning age',CURRENT_TIMESTAMP,'pigtraxadmin');
INSERT INTO pigtraxrefdata."TargetType" ("fieldCode","fieldDescription","lastUpdated","userUpdated") VALUES (68,'Avg weaning age',CURRENT_TIMESTAMP,'pigtraxadmin');
INSERT INTO pigtraxrefdata."TargetType" ("fieldCode","fieldDescription","lastUpdated","userUpdated") VALUES (69,'Litters weaned less than 17 days',CURRENT_TIMESTAMP,'pigtraxadmin');
INSERT INTO pigtraxrefdata."TargetType" ("fieldCode","fieldDescription","lastUpdated","userUpdated") VALUES (70,'% Litters weaned less than 17 days',CURRENT_TIMESTAMP,'pigtraxadmin');
INSERT INTO pigtraxrefdata."TargetType" ("fieldCode","fieldDescription","lastUpdated","userUpdated") VALUES (71,'Adj 21day litter weight',CURRENT_TIMESTAMP,'pigtraxadmin');
INSERT INTO pigtraxrefdata."TargetType" ("fieldCode","fieldDescription","lastUpdated","userUpdated") VALUES (72,'Pigs weaned/crate/year',CURRENT_TIMESTAMP,'pigtraxadmin');
INSERT INTO pigtraxrefdata."TargetType" ("fieldCode","fieldDescription","lastUpdated","userUpdated") VALUES (73,'Weaning Capacity%',CURRENT_TIMESTAMP,'pigtraxadmin');

INSERT INTO pigtraxrefdata."TargetType" ("fieldCode","fieldDescription","lastUpdated","userUpdated") VALUES (74,'End female inventory',CURRENT_TIMESTAMP,'pigtraxadmin');
INSERT INTO pigtraxrefdata."TargetType" ("fieldCode","fieldDescription","lastUpdated","userUpdated") VALUES (75,'End boar inventory',CURRENT_TIMESTAMP,'pigtraxadmin');
INSERT INTO pigtraxrefdata."TargetType" ("fieldCode","fieldDescription","lastUpdated","userUpdated") VALUES (76,'Average female inventory',CURRENT_TIMESTAMP,'pigtraxadmin');
INSERT INTO pigtraxrefdata."TargetType" ("fieldCode","fieldDescription","lastUpdated","userUpdated") VALUES (77,'% Average female inventory',CURRENT_TIMESTAMP,'pigtraxadmin');
INSERT INTO pigtraxrefdata."TargetType" ("fieldCode","fieldDescription","lastUpdated","userUpdated") VALUES (78,'Average end parity',CURRENT_TIMESTAMP,'pigtraxadmin');
INSERT INTO pigtraxrefdata."TargetType" ("fieldCode","fieldDescription","lastUpdated","userUpdated") VALUES (79,'Replacement rate',CURRENT_TIMESTAMP,'pigtraxadmin');
INSERT INTO pigtraxrefdata."TargetType" ("fieldCode","fieldDescription","lastUpdated","userUpdated") VALUES (80,'Females culled',CURRENT_TIMESTAMP,'pigtraxadmin');
INSERT INTO pigtraxrefdata."TargetType" ("fieldCode","fieldDescription","lastUpdated","userUpdated") VALUES (81,'Culling rate',CURRENT_TIMESTAMP,'pigtraxadmin');
INSERT INTO pigtraxrefdata."TargetType" ("fieldCode","fieldDescription","lastUpdated","userUpdated") VALUES (82,'Female deaths',CURRENT_TIMESTAMP,'pigtraxadmin');
INSERT INTO pigtraxrefdata."TargetType" ("fieldCode","fieldDescription","lastUpdated","userUpdated") VALUES (83,'Female destroyed',CURRENT_TIMESTAMP,'pigtraxadmin');
INSERT INTO pigtraxrefdata."TargetType" ("fieldCode","fieldDescription","lastUpdated","userUpdated") VALUES (84,'% Female deaths and destroyed',CURRENT_TIMESTAMP,'pigtraxadmin');
INSERT INTO pigtraxrefdata."TargetType" ("fieldCode","fieldDescription","lastUpdated","userUpdated") VALUES (85,'Average gilt pool inventory',CURRENT_TIMESTAMP,'pigtraxadmin');
INSERT INTO pigtraxrefdata."TargetType" ("fieldCode","fieldDescription","lastUpdated","userUpdated") VALUES (86,'Gilts entered',CURRENT_TIMESTAMP,'pigtraxadmin');
INSERT INTO pigtraxrefdata."TargetType" ("fieldCode","fieldDescription","lastUpdated","userUpdated") VALUES (87,'Average non-productive sow days',CURRENT_TIMESTAMP,'pigtraxadmin');
INSERT INTO pigtraxrefdata."TargetType" ("fieldCode","fieldDescription","lastUpdated","userUpdated") VALUES (88,'Sow/Boar ratio',CURRENT_TIMESTAMP,'pigtraxadmin');
INSERT INTO pigtraxrefdata."TargetType" ("fieldCode","fieldDescription","lastUpdated","userUpdated") VALUES (89,'Litters / mated female/year',CURRENT_TIMESTAMP,'pigtraxadmin');
INSERT INTO pigtraxrefdata."TargetType" ("fieldCode","fieldDescription","lastUpdated","userUpdated") VALUES (90,'Pigs/weans/mated female/year',CURRENT_TIMESTAMP,'pigtraxadmin');



INSERT INTO pigtraxrefdata."TargetTypeTranslation" ("fieldValue","fieldLanguage","lastUpdated","userUpdated","id_TargetType") VALUES ('Total services','en',CURRENT_TIMESTAMP,'pigtraxadmin',1);
INSERT INTO pigtraxrefdata."TargetTypeTranslation" ("fieldValue","fieldLanguage","lastUpdated","userUpdated","id_TargetType") VALUES ('1st services','en',CURRENT_TIMESTAMP,'pigtraxadmin',2);
INSERT INTO pigtraxrefdata."TargetTypeTranslation" ("fieldValue","fieldLanguage","lastUpdated","userUpdated","id_TargetType") VALUES ('Repeat services','en',CURRENT_TIMESTAMP,'pigtraxadmin',3);
INSERT INTO pigtraxrefdata."TargetTypeTranslation" ("fieldValue","fieldLanguage","lastUpdated","userUpdated","id_TargetType") VALUES ('% 1st services','en',CURRENT_TIMESTAMP,'pigtraxadmin',4);
INSERT INTO pigtraxrefdata."TargetTypeTranslation" ("fieldValue","fieldLanguage","lastUpdated","userUpdated","id_TargetType") VALUES ('% 1st services: gilts','en',CURRENT_TIMESTAMP,'pigtraxadmin',5);
INSERT INTO pigtraxrefdata."TargetTypeTranslation" ("fieldValue","fieldLanguage","lastUpdated","userUpdated","id_TargetType") VALUES ('% 1st services: sows','en',CURRENT_TIMESTAMP,'pigtraxadmin',6);
INSERT INTO pigtraxrefdata."TargetTypeTranslation" ("fieldValue","fieldLanguage","lastUpdated","userUpdated","id_TargetType") VALUES ('% Repeat services','en',CURRENT_TIMESTAMP,'pigtraxadmin',7);
INSERT INTO pigtraxrefdata."TargetTypeTranslation" ("fieldValue","fieldLanguage","lastUpdated","userUpdated","id_TargetType") VALUES ('Services with >1 matings','en',CURRENT_TIMESTAMP,'pigtraxadmin',8);
INSERT INTO pigtraxrefdata."TargetTypeTranslation" ("fieldValue","fieldLanguage","lastUpdated","userUpdated","id_TargetType") VALUES ('% Services with 1+ matings','en',CURRENT_TIMESTAMP,'pigtraxadmin',9);
INSERT INTO pigtraxrefdata."TargetTypeTranslation" ("fieldValue","fieldLanguage","lastUpdated","userUpdated","id_TargetType") VALUES ('Matings per Service','en',CURRENT_TIMESTAMP,'pigtraxadmin',10);
INSERT INTO pigtraxrefdata."TargetTypeTranslation" ("fieldValue","fieldLanguage","lastUpdated","userUpdated","id_TargetType") VALUES ('Arrival to 1st serv interval','en',CURRENT_TIMESTAMP,'pigtraxadmin',11);
INSERT INTO pigtraxrefdata."TargetTypeTranslation" ("fieldValue","fieldLanguage","lastUpdated","userUpdated","id_TargetType") VALUES ('Wean sows bred by 7 days','en',CURRENT_TIMESTAMP,'pigtraxadmin',12);
INSERT INTO pigtraxrefdata."TargetTypeTranslation" ("fieldValue","fieldLanguage","lastUpdated","userUpdated","id_TargetType") VALUES ('% Wean sows bred by 7 days','en',CURRENT_TIMESTAMP,'pigtraxadmin',13);
INSERT INTO pigtraxrefdata."TargetTypeTranslation" ("fieldValue","fieldLanguage","lastUpdated","userUpdated","id_TargetType") VALUES ('Wean to 1st service interval','en',CURRENT_TIMESTAMP,'pigtraxadmin',14);
INSERT INTO pigtraxrefdata."TargetTypeTranslation" ("fieldValue","fieldLanguage","lastUpdated","userUpdated","id_TargetType") VALUES ('Conception rate at 30d Presumed Pregnant','en',CURRENT_TIMESTAMP,'pigtraxadmin',15);
INSERT INTO pigtraxrefdata."TargetTypeTranslation" ("fieldValue","fieldLanguage","lastUpdated","userUpdated","id_TargetType") VALUES ('Conception rate at day42','en',CURRENT_TIMESTAMP,'pigtraxadmin',16);
INSERT INTO pigtraxrefdata."TargetTypeTranslation" ("fieldValue","fieldLanguage","lastUpdated","userUpdated","id_TargetType") VALUES ('Avg parity of served females','en',CURRENT_TIMESTAMP,'pigtraxadmin',17);
INSERT INTO pigtraxrefdata."TargetTypeTranslation" ("fieldValue","fieldLanguage","lastUpdated","userUpdated","id_TargetType") VALUES ('Service to fallout interval','en',CURRENT_TIMESTAMP,'pigtraxadmin',18);
INSERT INTO pigtraxrefdata."TargetTypeTranslation" ("fieldValue","fieldLanguage","lastUpdated","userUpdated","id_TargetType") VALUES ('Service Capacity (Services/crate/year)','en',CURRENT_TIMESTAMP,'pigtraxadmin',19);
INSERT INTO pigtraxrefdata."TargetTypeTranslation" ("fieldValue","fieldLanguage","lastUpdated","userUpdated","id_TargetType") VALUES ('Litters farrowed','en',CURRENT_TIMESTAMP,'pigtraxadmin',20);
INSERT INTO pigtraxrefdata."TargetTypeTranslation" ("fieldValue","fieldLanguage","lastUpdated","userUpdated","id_TargetType") VALUES ('Avg parity','en',CURRENT_TIMESTAMP,'pigtraxadmin',21);
INSERT INTO pigtraxrefdata."TargetTypeTranslation" ("fieldValue","fieldLanguage","lastUpdated","userUpdated","id_TargetType") VALUES ('Avg gest','en',CURRENT_TIMESTAMP,'pigtraxadmin',22);
INSERT INTO pigtraxrefdata."TargetTypeTranslation" ("fieldValue","fieldLanguage","lastUpdated","userUpdated","id_TargetType") VALUES ('Gilts farrowed','en',CURRENT_TIMESTAMP,'pigtraxadmin',23);
INSERT INTO pigtraxrefdata."TargetTypeTranslation" ("fieldValue","fieldLanguage","lastUpdated","userUpdated","id_TargetType") VALUES ('Farrowing rate','en',CURRENT_TIMESTAMP,'pigtraxadmin',24);
INSERT INTO pigtraxrefdata."TargetTypeTranslation" ("fieldValue","fieldLanguage","lastUpdated","userUpdated","id_TargetType") VALUES ('Adj farrowing rate','en',CURRENT_TIMESTAMP,'pigtraxadmin',25);
INSERT INTO pigtraxrefdata."TargetTypeTranslation" ("fieldValue","fieldLanguage","lastUpdated","userUpdated","id_TargetType") VALUES ('Total totalborn','en',CURRENT_TIMESTAMP,'pigtraxadmin',26);
INSERT INTO pigtraxrefdata."TargetTypeTranslation" ("fieldValue","fieldLanguage","lastUpdated","userUpdated","id_TargetType") VALUES ('Avg totalborn','en',CURRENT_TIMESTAMP,'pigtraxadmin',27);
INSERT INTO pigtraxrefdata."TargetTypeTranslation" ("fieldValue","fieldLanguage","lastUpdated","userUpdated","id_TargetType") VALUES ('Total viableborn','en',CURRENT_TIMESTAMP,'pigtraxadmin',28);
INSERT INTO pigtraxrefdata."TargetTypeTranslation" ("fieldValue","fieldLanguage","lastUpdated","userUpdated","id_TargetType") VALUES ('Avg viableborn','en',CURRENT_TIMESTAMP,'pigtraxadmin',29);
INSERT INTO pigtraxrefdata."TargetTypeTranslation" ("fieldValue","fieldLanguage","lastUpdated","userUpdated","id_TargetType") VALUES ('Total liveborn','en',CURRENT_TIMESTAMP,'pigtraxadmin',30);
INSERT INTO pigtraxrefdata."TargetTypeTranslation" ("fieldValue","fieldLanguage","lastUpdated","userUpdated","id_TargetType") VALUES ('Avg liveborn','en',CURRENT_TIMESTAMP,'pigtraxadmin',31);
INSERT INTO pigtraxrefdata."TargetTypeTranslation" ("fieldValue","fieldLanguage","lastUpdated","userUpdated","id_TargetType") VALUES ('Total deadborn','en',CURRENT_TIMESTAMP,'pigtraxadmin',32);
INSERT INTO pigtraxrefdata."TargetTypeTranslation" ("fieldValue","fieldLanguage","lastUpdated","userUpdated","id_TargetType") VALUES ('Avg deadborn','en',CURRENT_TIMESTAMP,'pigtraxadmin',33);
INSERT INTO pigtraxrefdata."TargetTypeTranslation" ("fieldValue","fieldLanguage","lastUpdated","userUpdated","id_TargetType") VALUES ('% Deadborn','en',CURRENT_TIMESTAMP,'pigtraxadmin',34);
INSERT INTO pigtraxrefdata."TargetTypeTranslation" ("fieldValue","fieldLanguage","lastUpdated","userUpdated","id_TargetType") VALUES ('Total stillborn','en',CURRENT_TIMESTAMP,'pigtraxadmin',35);
INSERT INTO pigtraxrefdata."TargetTypeTranslation" ("fieldValue","fieldLanguage","lastUpdated","userUpdated","id_TargetType") VALUES ('Avg stillborn','en',CURRENT_TIMESTAMP,'pigtraxadmin',36);
INSERT INTO pigtraxrefdata."TargetTypeTranslation" ("fieldValue","fieldLanguage","lastUpdated","userUpdated","id_TargetType") VALUES ('% Stillborn','en',CURRENT_TIMESTAMP,'pigtraxadmin',37);
INSERT INTO pigtraxrefdata."TargetTypeTranslation" ("fieldValue","fieldLanguage","lastUpdated","userUpdated","id_TargetType") VALUES ('Total mummies','en',CURRENT_TIMESTAMP,'pigtraxadmin',38);
INSERT INTO pigtraxrefdata."TargetTypeTranslation" ("fieldValue","fieldLanguage","lastUpdated","userUpdated","id_TargetType") VALUES ('Avg mummies','en',CURRENT_TIMESTAMP,'pigtraxadmin',39);
INSERT INTO pigtraxrefdata."TargetTypeTranslation" ("fieldValue","fieldLanguage","lastUpdated","userUpdated","id_TargetType") VALUES ('% Mummies','en',CURRENT_TIMESTAMP,'pigtraxadmin',40);
INSERT INTO pigtraxrefdata."TargetTypeTranslation" ("fieldValue","fieldLanguage","lastUpdated","userUpdated","id_TargetType") VALUES ('Litters with less 7 liveborn','en',CURRENT_TIMESTAMP,'pigtraxadmin',41);
INSERT INTO pigtraxrefdata."TargetTypeTranslation" ("fieldValue","fieldLanguage","lastUpdated","userUpdated","id_TargetType") VALUES ('% Litters with less 7 liveborn','en',CURRENT_TIMESTAMP,'pigtraxadmin',42);
INSERT INTO pigtraxrefdata."TargetTypeTranslation" ("fieldValue","fieldLanguage","lastUpdated","userUpdated","id_TargetType") VALUES ('Total weakborn','en',CURRENT_TIMESTAMP,'pigtraxadmin',43);
INSERT INTO pigtraxrefdata."TargetTypeTranslation" ("fieldValue","fieldLanguage","lastUpdated","userUpdated","id_TargetType") VALUES ('Avg weakborn','en',CURRENT_TIMESTAMP,'pigtraxadmin',44);
INSERT INTO pigtraxrefdata."TargetTypeTranslation" ("fieldValue","fieldLanguage","lastUpdated","userUpdated","id_TargetType") VALUES ('Weakborn/totalborn(%)','en',CURRENT_TIMESTAMP,'pigtraxadmin',45);
INSERT INTO pigtraxrefdata."TargetTypeTranslation" ("fieldValue","fieldLanguage","lastUpdated","userUpdated","id_TargetType") VALUES ('Litters with birth weight','en',CURRENT_TIMESTAMP,'pigtraxadmin',46);
INSERT INTO pigtraxrefdata."TargetTypeTranslation" ("fieldValue","fieldLanguage","lastUpdated","userUpdated","id_TargetType") VALUES ('Avg birth weight','en',CURRENT_TIMESTAMP,'pigtraxadmin',47);
INSERT INTO pigtraxrefdata."TargetTypeTranslation" ("fieldValue","fieldLanguage","lastUpdated","userUpdated","id_TargetType") VALUES ('Avg birth weight/liveborn','en',CURRENT_TIMESTAMP,'pigtraxadmin',48);
INSERT INTO pigtraxrefdata."TargetTypeTranslation" ("fieldValue","fieldLanguage","lastUpdated","userUpdated","id_TargetType") VALUES ('Litters/crate/year','en',CURRENT_TIMESTAMP,'pigtraxadmin',49);
INSERT INTO pigtraxrefdata."TargetTypeTranslation" ("fieldValue","fieldLanguage","lastUpdated","userUpdated","id_TargetType") VALUES ('Farrow Capacity (Farrows / crate / year)','en',CURRENT_TIMESTAMP,'pigtraxadmin',50);
INSERT INTO pigtraxrefdata."TargetTypeTranslation" ("fieldValue","fieldLanguage","lastUpdated","userUpdated","id_TargetType") VALUES ('Litters weaned','en',CURRENT_TIMESTAMP,'pigtraxadmin',51);
INSERT INTO pigtraxrefdata."TargetTypeTranslation" ("fieldValue","fieldLanguage","lastUpdated","userUpdated","id_TargetType") VALUES ('Litters weaning 12+','en',CURRENT_TIMESTAMP,'pigtraxadmin',52);
INSERT INTO pigtraxrefdata."TargetTypeTranslation" ("fieldValue","fieldLanguage","lastUpdated","userUpdated","id_TargetType") VALUES ('% Litters weaning 12+','en',CURRENT_TIMESTAMP,'pigtraxadmin',53);
 INSERT INTO pigtraxrefdata."TargetTypeTranslation" ("fieldValue","fieldLanguage","lastUpdated","userUpdated","id_TargetType") VALUES ('weaning 0 pig','en',CURRENT_TIMESTAMP,'pigtraxadmin',54);
INSERT INTO pigtraxrefdata."TargetTypeTranslation" ("fieldValue","fieldLanguage","lastUpdated","userUpdated","id_TargetType") VALUES ('% Sows weaning 0 pigs','en',CURRENT_TIMESTAMP,'pigtraxadmin',55);
INSERT INTO pigtraxrefdata."TargetTypeTranslation" ("fieldValue","fieldLanguage","lastUpdated","userUpdated","id_TargetType") VALUES ('Pigs weaned/litter weaned','en',CURRENT_TIMESTAMP,'pigtraxadmin',56);
INSERT INTO pigtraxrefdata."TargetTypeTranslation" ("fieldValue","fieldLanguage","lastUpdated","userUpdated","id_TargetType") VALUES ('Total pigs weaned','en',CURRENT_TIMESTAMP,'pigtraxadmin',57);
INSERT INTO pigtraxrefdata."TargetTypeTranslation" ("fieldValue","fieldLanguage","lastUpdated","userUpdated","id_TargetType") VALUES ('Pigs weaned/sow weaned','en',CURRENT_TIMESTAMP,'pigtraxadmin',58);
INSERT INTO pigtraxrefdata."TargetTypeTranslation" ("fieldValue","fieldLanguage","lastUpdated","userUpdated","id_TargetType") VALUES ('Pigs weaned/totalborn(%)','en',CURRENT_TIMESTAMP,'pigtraxadmin',59);
INSERT INTO pigtraxrefdata."TargetTypeTranslation" ("fieldValue","fieldLanguage","lastUpdated","userUpdated","id_TargetType") VALUES ('Net foster','en',CURRENT_TIMESTAMP,'pigtraxadmin',60);
INSERT INTO pigtraxrefdata."TargetTypeTranslation" ("fieldValue","fieldLanguage","lastUpdated","userUpdated","id_TargetType") VALUES ('PWM(%)','en',CURRENT_TIMESTAMP,'pigtraxadmin',61);
INSERT INTO pigtraxrefdata."TargetTypeTranslation" ("fieldValue","fieldLanguage","lastUpdated","userUpdated","id_TargetType") VALUES ('Litters with weaning weight','en',CURRENT_TIMESTAMP,'pigtraxadmin',62);
INSERT INTO pigtraxrefdata."TargetTypeTranslation" ("fieldValue","fieldLanguage","lastUpdated","userUpdated","id_TargetType") VALUES ('Piglets with weaning weight','en',CURRENT_TIMESTAMP,'pigtraxadmin',63);
INSERT INTO pigtraxrefdata."TargetTypeTranslation" ("fieldValue","fieldLanguage","lastUpdated","userUpdated","id_TargetType") VALUES ('Total weaning weight','en',CURRENT_TIMESTAMP,'pigtraxadmin',64);
INSERT INTO pigtraxrefdata."TargetTypeTranslation" ("fieldValue","fieldLanguage","lastUpdated","userUpdated","id_TargetType") VALUES ('Weaning weight/litter','en',CURRENT_TIMESTAMP,'pigtraxadmin',65);
INSERT INTO pigtraxrefdata."TargetTypeTranslation" ("fieldValue","fieldLanguage","lastUpdated","userUpdated","id_TargetType") VALUES ('Weaning weight/piglet','en',CURRENT_TIMESTAMP,'pigtraxadmin',66);
INSERT INTO pigtraxrefdata."TargetTypeTranslation" ("fieldValue","fieldLanguage","lastUpdated","userUpdated","id_TargetType") VALUES ('Litters with weaning age','en',CURRENT_TIMESTAMP,'pigtraxadmin',67);
INSERT INTO pigtraxrefdata."TargetTypeTranslation" ("fieldValue","fieldLanguage","lastUpdated","userUpdated","id_TargetType") VALUES ('Avg weaning age','en',CURRENT_TIMESTAMP,'pigtraxadmin',68);
INSERT INTO pigtraxrefdata."TargetTypeTranslation" ("fieldValue","fieldLanguage","lastUpdated","userUpdated","id_TargetType") VALUES ('Litters weaned less than 17 days','en',CURRENT_TIMESTAMP,'pigtraxadmin',69);
INSERT INTO pigtraxrefdata."TargetTypeTranslation" ("fieldValue","fieldLanguage","lastUpdated","userUpdated","id_TargetType") VALUES ('% Litters weaned less than 17 days','en',CURRENT_TIMESTAMP,'pigtraxadmin',70);
INSERT INTO pigtraxrefdata."TargetTypeTranslation" ("fieldValue","fieldLanguage","lastUpdated","userUpdated","id_TargetType") VALUES ('Adj 21day litter weight','en',CURRENT_TIMESTAMP,'pigtraxadmin',71);
INSERT INTO pigtraxrefdata."TargetTypeTranslation" ("fieldValue","fieldLanguage","lastUpdated","userUpdated","id_TargetType") VALUES ('Pigs weaned/crate/year','en',CURRENT_TIMESTAMP,'pigtraxadmin',72);
INSERT INTO pigtraxrefdata."TargetTypeTranslation" ("fieldValue","fieldLanguage","lastUpdated","userUpdated","id_TargetType") VALUES ('Weaning Capacity%','en',CURRENT_TIMESTAMP,'pigtraxadmin',73);

INSERT INTO pigtraxrefdata."TargetTypeTranslation" ("fieldValue","fieldLanguage","lastUpdated","userUpdated","id_TargetType") VALUES ('End female inventory','en',CURRENT_TIMESTAMP,'pigtraxadmin',74);
INSERT INTO pigtraxrefdata."TargetTypeTranslation" ("fieldValue","fieldLanguage","lastUpdated","userUpdated","id_TargetType") VALUES ('End boar inventory','en',CURRENT_TIMESTAMP,'pigtraxadmin',75);
INSERT INTO pigtraxrefdata."TargetTypeTranslation" ("fieldValue","fieldLanguage","lastUpdated","userUpdated","id_TargetType") VALUES ('Average female inventory','en',CURRENT_TIMESTAMP,'pigtraxadmin',76);
INSERT INTO pigtraxrefdata."TargetTypeTranslation" ("fieldValue","fieldLanguage","lastUpdated","userUpdated","id_TargetType") VALUES ('% Average female inventory','en',CURRENT_TIMESTAMP,'pigtraxadmin',77);
INSERT INTO pigtraxrefdata."TargetTypeTranslation" ("fieldValue","fieldLanguage","lastUpdated","userUpdated","id_TargetType") VALUES ('Average end parity','en',CURRENT_TIMESTAMP,'pigtraxadmin',78);
INSERT INTO pigtraxrefdata."TargetTypeTranslation" ("fieldValue","fieldLanguage","lastUpdated","userUpdated","id_TargetType") VALUES ('Replacement rate','en',CURRENT_TIMESTAMP,'pigtraxadmin',79);
INSERT INTO pigtraxrefdata."TargetTypeTranslation" ("fieldValue","fieldLanguage","lastUpdated","userUpdated","id_TargetType") VALUES ('Females culled','en',CURRENT_TIMESTAMP,'pigtraxadmin',80);
INSERT INTO pigtraxrefdata."TargetTypeTranslation" ("fieldValue","fieldLanguage","lastUpdated","userUpdated","id_TargetType") VALUES ('Culling rate','en',CURRENT_TIMESTAMP,'pigtraxadmin',81);
INSERT INTO pigtraxrefdata."TargetTypeTranslation" ("fieldValue","fieldLanguage","lastUpdated","userUpdated","id_TargetType") VALUES ('Female deaths','en',CURRENT_TIMESTAMP,'pigtraxadmin',82);
INSERT INTO pigtraxrefdata."TargetTypeTranslation" ("fieldValue","fieldLanguage","lastUpdated","userUpdated","id_TargetType") VALUES ('Female destroyed','en',CURRENT_TIMESTAMP,'pigtraxadmin',83);
INSERT INTO pigtraxrefdata."TargetTypeTranslation" ("fieldValue","fieldLanguage","lastUpdated","userUpdated","id_TargetType") VALUES ('% Female deaths and destroyed','en',CURRENT_TIMESTAMP,'pigtraxadmin',84);
INSERT INTO pigtraxrefdata."TargetTypeTranslation" ("fieldValue","fieldLanguage","lastUpdated","userUpdated","id_TargetType") VALUES ('Average gilt pool inventory','en',CURRENT_TIMESTAMP,'pigtraxadmin',85);
INSERT INTO pigtraxrefdata."TargetTypeTranslation" ("fieldValue","fieldLanguage","lastUpdated","userUpdated","id_TargetType") VALUES ('Gilts entered','en',CURRENT_TIMESTAMP,'pigtraxadmin',86);
INSERT INTO pigtraxrefdata."TargetTypeTranslation" ("fieldValue","fieldLanguage","lastUpdated","userUpdated","id_TargetType") VALUES ('Average non-productive sow days','en',CURRENT_TIMESTAMP,'pigtraxadmin',87);
INSERT INTO pigtraxrefdata."TargetTypeTranslation" ("fieldValue","fieldLanguage","lastUpdated","userUpdated","id_TargetType") VALUES ('Sow/Boar ratio','en',CURRENT_TIMESTAMP,'pigtraxadmin',88);
INSERT INTO pigtraxrefdata."TargetTypeTranslation" ("fieldValue","fieldLanguage","lastUpdated","userUpdated","id_TargetType") VALUES ('Litters / mated female/year','en',CURRENT_TIMESTAMP,'pigtraxadmin',89);
INSERT INTO pigtraxrefdata."TargetTypeTranslation" ("fieldValue","fieldLanguage","lastUpdated","userUpdated","id_TargetType") VALUES ('Pigs/weans/mated female/year','en',CURRENT_TIMESTAMP,'pigtraxadmin',90);



INSERT INTO pigtraxrefdata."TargetTypeTranslation" ("fieldValue","fieldLanguage","lastUpdated","userUpdated","id_TargetType") VALUES ('Total services_ES','es',CURRENT_TIMESTAMP,'pigtraxadmin',1);
INSERT INTO pigtraxrefdata."TargetTypeTranslation" ("fieldValue","fieldLanguage","lastUpdated","userUpdated","id_TargetType") VALUES ('1st services_ES','es',CURRENT_TIMESTAMP,'pigtraxadmin',2);
INSERT INTO pigtraxrefdata."TargetTypeTranslation" ("fieldValue","fieldLanguage","lastUpdated","userUpdated","id_TargetType") VALUES ('Repeat services_ES','es',CURRENT_TIMESTAMP,'pigtraxadmin',3);
INSERT INTO pigtraxrefdata."TargetTypeTranslation" ("fieldValue","fieldLanguage","lastUpdated","userUpdated","id_TargetType") VALUES ('% 1st services_ES','es',CURRENT_TIMESTAMP,'pigtraxadmin',4);
INSERT INTO pigtraxrefdata."TargetTypeTranslation" ("fieldValue","fieldLanguage","lastUpdated","userUpdated","id_TargetType") VALUES ('% 1st services: gilts_ES','es',CURRENT_TIMESTAMP,'pigtraxadmin',5);
INSERT INTO pigtraxrefdata."TargetTypeTranslation" ("fieldValue","fieldLanguage","lastUpdated","userUpdated","id_TargetType") VALUES ('% 1st services: sows_ES','es',CURRENT_TIMESTAMP,'pigtraxadmin',6);
INSERT INTO pigtraxrefdata."TargetTypeTranslation" ("fieldValue","fieldLanguage","lastUpdated","userUpdated","id_TargetType") VALUES ('% Repeat services_ES','es',CURRENT_TIMESTAMP,'pigtraxadmin',7);
INSERT INTO pigtraxrefdata."TargetTypeTranslation" ("fieldValue","fieldLanguage","lastUpdated","userUpdated","id_TargetType") VALUES ('Services with >1 matings_ES','es',CURRENT_TIMESTAMP,'pigtraxadmin',8);
INSERT INTO pigtraxrefdata."TargetTypeTranslation" ("fieldValue","fieldLanguage","lastUpdated","userUpdated","id_TargetType") VALUES ('% Services with 1+ matings_ES','es',CURRENT_TIMESTAMP,'pigtraxadmin',9);
INSERT INTO pigtraxrefdata."TargetTypeTranslation" ("fieldValue","fieldLanguage","lastUpdated","userUpdated","id_TargetType") VALUES ('Matings per Service_ES','es',CURRENT_TIMESTAMP,'pigtraxadmin',10);
INSERT INTO pigtraxrefdata."TargetTypeTranslation" ("fieldValue","fieldLanguage","lastUpdated","userUpdated","id_TargetType") VALUES ('Arrival to 1st serv interval_ES','es',CURRENT_TIMESTAMP,'pigtraxadmin',11);
INSERT INTO pigtraxrefdata."TargetTypeTranslation" ("fieldValue","fieldLanguage","lastUpdated","userUpdated","id_TargetType") VALUES ('Wean sows bred by 7 days_ES','es',CURRENT_TIMESTAMP,'pigtraxadmin',12);
INSERT INTO pigtraxrefdata."TargetTypeTranslation" ("fieldValue","fieldLanguage","lastUpdated","userUpdated","id_TargetType") VALUES ('% Wean sows bred by 7 days_ES','es',CURRENT_TIMESTAMP,'pigtraxadmin',13);
INSERT INTO pigtraxrefdata."TargetTypeTranslation" ("fieldValue","fieldLanguage","lastUpdated","userUpdated","id_TargetType") VALUES ('Wean to 1st service interval_ES','es',CURRENT_TIMESTAMP,'pigtraxadmin',14);
INSERT INTO pigtraxrefdata."TargetTypeTranslation" ("fieldValue","fieldLanguage","lastUpdated","userUpdated","id_TargetType") VALUES ('Conception rate at 30d Presumed Pregnant_ES','es',CURRENT_TIMESTAMP,'pigtraxadmin',15);
INSERT INTO pigtraxrefdata."TargetTypeTranslation" ("fieldValue","fieldLanguage","lastUpdated","userUpdated","id_TargetType") VALUES ('Conception rate at day42_ES','es',CURRENT_TIMESTAMP,'pigtraxadmin',16);
INSERT INTO pigtraxrefdata."TargetTypeTranslation" ("fieldValue","fieldLanguage","lastUpdated","userUpdated","id_TargetType") VALUES ('Avg parity of served females_ES','es',CURRENT_TIMESTAMP,'pigtraxadmin',17);
INSERT INTO pigtraxrefdata."TargetTypeTranslation" ("fieldValue","fieldLanguage","lastUpdated","userUpdated","id_TargetType") VALUES ('Service to fallout interval_ES','es',CURRENT_TIMESTAMP,'pigtraxadmin',18);
INSERT INTO pigtraxrefdata."TargetTypeTranslation" ("fieldValue","fieldLanguage","lastUpdated","userUpdated","id_TargetType") VALUES ('Service Capacity (Services/crate/year)_ES','es',CURRENT_TIMESTAMP,'pigtraxadmin',19);
INSERT INTO pigtraxrefdata."TargetTypeTranslation" ("fieldValue","fieldLanguage","lastUpdated","userUpdated","id_TargetType") VALUES ('Litters farrowed_ES','es',CURRENT_TIMESTAMP,'pigtraxadmin',20);
INSERT INTO pigtraxrefdata."TargetTypeTranslation" ("fieldValue","fieldLanguage","lastUpdated","userUpdated","id_TargetType") VALUES ('Avg parity_ES','es',CURRENT_TIMESTAMP,'pigtraxadmin',21);
INSERT INTO pigtraxrefdata."TargetTypeTranslation" ("fieldValue","fieldLanguage","lastUpdated","userUpdated","id_TargetType") VALUES ('Avg gest_ES','es',CURRENT_TIMESTAMP,'pigtraxadmin',22);
INSERT INTO pigtraxrefdata."TargetTypeTranslation" ("fieldValue","fieldLanguage","lastUpdated","userUpdated","id_TargetType") VALUES ('Gilts farrowed_ES','es',CURRENT_TIMESTAMP,'pigtraxadmin',23);
INSERT INTO pigtraxrefdata."TargetTypeTranslation" ("fieldValue","fieldLanguage","lastUpdated","userUpdated","id_TargetType") VALUES ('Farrowing rate_ES','es',CURRENT_TIMESTAMP,'pigtraxadmin',24);
INSERT INTO pigtraxrefdata."TargetTypeTranslation" ("fieldValue","fieldLanguage","lastUpdated","userUpdated","id_TargetType") VALUES ('Adj farrowing rate_ES','es',CURRENT_TIMESTAMP,'pigtraxadmin',25);
INSERT INTO pigtraxrefdata."TargetTypeTranslation" ("fieldValue","fieldLanguage","lastUpdated","userUpdated","id_TargetType") VALUES ('Total totalborn_ES','es',CURRENT_TIMESTAMP,'pigtraxadmin',26);
INSERT INTO pigtraxrefdata."TargetTypeTranslation" ("fieldValue","fieldLanguage","lastUpdated","userUpdated","id_TargetType") VALUES ('Avg totalborn_ES','es',CURRENT_TIMESTAMP,'pigtraxadmin',27);
INSERT INTO pigtraxrefdata."TargetTypeTranslation" ("fieldValue","fieldLanguage","lastUpdated","userUpdated","id_TargetType") VALUES ('Total viableborn_ES','es',CURRENT_TIMESTAMP,'pigtraxadmin',28);
INSERT INTO pigtraxrefdata."TargetTypeTranslation" ("fieldValue","fieldLanguage","lastUpdated","userUpdated","id_TargetType") VALUES ('Avg viableborn_ES','es',CURRENT_TIMESTAMP,'pigtraxadmin',29);
INSERT INTO pigtraxrefdata."TargetTypeTranslation" ("fieldValue","fieldLanguage","lastUpdated","userUpdated","id_TargetType") VALUES ('Total liveborn_ES','es',CURRENT_TIMESTAMP,'pigtraxadmin',30);
INSERT INTO pigtraxrefdata."TargetTypeTranslation" ("fieldValue","fieldLanguage","lastUpdated","userUpdated","id_TargetType") VALUES ('Avg liveborn_ES','es',CURRENT_TIMESTAMP,'pigtraxadmin',31);
INSERT INTO pigtraxrefdata."TargetTypeTranslation" ("fieldValue","fieldLanguage","lastUpdated","userUpdated","id_TargetType") VALUES ('Total deadborn_ES','es',CURRENT_TIMESTAMP,'pigtraxadmin',32);
INSERT INTO pigtraxrefdata."TargetTypeTranslation" ("fieldValue","fieldLanguage","lastUpdated","userUpdated","id_TargetType") VALUES ('Avg deadborn_ES','es',CURRENT_TIMESTAMP,'pigtraxadmin',33);
INSERT INTO pigtraxrefdata."TargetTypeTranslation" ("fieldValue","fieldLanguage","lastUpdated","userUpdated","id_TargetType") VALUES ('% Deadborn_ES','es',CURRENT_TIMESTAMP,'pigtraxadmin',34);
INSERT INTO pigtraxrefdata."TargetTypeTranslation" ("fieldValue","fieldLanguage","lastUpdated","userUpdated","id_TargetType") VALUES ('Total stillborn_ES','es',CURRENT_TIMESTAMP,'pigtraxadmin',35);
INSERT INTO pigtraxrefdata."TargetTypeTranslation" ("fieldValue","fieldLanguage","lastUpdated","userUpdated","id_TargetType") VALUES ('Avg stillborn_ES','es',CURRENT_TIMESTAMP,'pigtraxadmin',36);
INSERT INTO pigtraxrefdata."TargetTypeTranslation" ("fieldValue","fieldLanguage","lastUpdated","userUpdated","id_TargetType") VALUES ('% Stillborn_ES','es',CURRENT_TIMESTAMP,'pigtraxadmin',37);
INSERT INTO pigtraxrefdata."TargetTypeTranslation" ("fieldValue","fieldLanguage","lastUpdated","userUpdated","id_TargetType") VALUES ('Total mummies_ES','es',CURRENT_TIMESTAMP,'pigtraxadmin',38);
INSERT INTO pigtraxrefdata."TargetTypeTranslation" ("fieldValue","fieldLanguage","lastUpdated","userUpdated","id_TargetType") VALUES ('Avg mummies_ES','es',CURRENT_TIMESTAMP,'pigtraxadmin',39);
INSERT INTO pigtraxrefdata."TargetTypeTranslation" ("fieldValue","fieldLanguage","lastUpdated","userUpdated","id_TargetType") VALUES ('% Mummies_ES','es',CURRENT_TIMESTAMP,'pigtraxadmin',40);
INSERT INTO pigtraxrefdata."TargetTypeTranslation" ("fieldValue","fieldLanguage","lastUpdated","userUpdated","id_TargetType") VALUES ('Litters with less 7 liveborn_ES','es',CURRENT_TIMESTAMP,'pigtraxadmin',41);
INSERT INTO pigtraxrefdata."TargetTypeTranslation" ("fieldValue","fieldLanguage","lastUpdated","userUpdated","id_TargetType") VALUES ('% Litters with less 7 liveborn_ES','es',CURRENT_TIMESTAMP,'pigtraxadmin',42);
INSERT INTO pigtraxrefdata."TargetTypeTranslation" ("fieldValue","fieldLanguage","lastUpdated","userUpdated","id_TargetType") VALUES ('Total weakborn_ES','es',CURRENT_TIMESTAMP,'pigtraxadmin',43);
INSERT INTO pigtraxrefdata."TargetTypeTranslation" ("fieldValue","fieldLanguage","lastUpdated","userUpdated","id_TargetType") VALUES ('Avg weakborn_ES','es',CURRENT_TIMESTAMP,'pigtraxadmin',44);
INSERT INTO pigtraxrefdata."TargetTypeTranslation" ("fieldValue","fieldLanguage","lastUpdated","userUpdated","id_TargetType") VALUES ('Weakborn/totalborn(%)_ES','es',CURRENT_TIMESTAMP,'pigtraxadmin',45);
INSERT INTO pigtraxrefdata."TargetTypeTranslation" ("fieldValue","fieldLanguage","lastUpdated","userUpdated","id_TargetType") VALUES ('Litters with birth weight_ES','es',CURRENT_TIMESTAMP,'pigtraxadmin',46);
INSERT INTO pigtraxrefdata."TargetTypeTranslation" ("fieldValue","fieldLanguage","lastUpdated","userUpdated","id_TargetType") VALUES ('Avg birth weight_ES','es',CURRENT_TIMESTAMP,'pigtraxadmin',47);
INSERT INTO pigtraxrefdata."TargetTypeTranslation" ("fieldValue","fieldLanguage","lastUpdated","userUpdated","id_TargetType") VALUES ('Avg birth weight/liveborn_ES','es',CURRENT_TIMESTAMP,'pigtraxadmin',48);
INSERT INTO pigtraxrefdata."TargetTypeTranslation" ("fieldValue","fieldLanguage","lastUpdated","userUpdated","id_TargetType") VALUES ('Litters/crate/year_ES','es',CURRENT_TIMESTAMP,'pigtraxadmin',49);
INSERT INTO pigtraxrefdata."TargetTypeTranslation" ("fieldValue","fieldLanguage","lastUpdated","userUpdated","id_TargetType") VALUES ('Farrow Capacity (Farrows / crate / year)_ES','es',CURRENT_TIMESTAMP,'pigtraxadmin',50);
INSERT INTO pigtraxrefdata."TargetTypeTranslation" ("fieldValue","fieldLanguage","lastUpdated","userUpdated","id_TargetType") VALUES ('Litters weaned_ES','es',CURRENT_TIMESTAMP,'pigtraxadmin',51);
INSERT INTO pigtraxrefdata."TargetTypeTranslation" ("fieldValue","fieldLanguage","lastUpdated","userUpdated","id_TargetType") VALUES ('Litters weaning 12+_ES','es',CURRENT_TIMESTAMP,'pigtraxadmin',52);
INSERT INTO pigtraxrefdata."TargetTypeTranslation" ("fieldValue","fieldLanguage","lastUpdated","userUpdated","id_TargetType") VALUES ('% Litters weaning 12+_ES','es',CURRENT_TIMESTAMP,'pigtraxadmin',53);
 INSERT INTO pigtraxrefdata."TargetTypeTranslation" ("fieldValue","fieldLanguage","lastUpdated","userUpdated","id_TargetType") VALUES ('weaning 0 pig_ES','es',CURRENT_TIMESTAMP,'pigtraxadmin',54);
INSERT INTO pigtraxrefdata."TargetTypeTranslation" ("fieldValue","fieldLanguage","lastUpdated","userUpdated","id_TargetType") VALUES ('% Sows weaning 0 pigs_ES','es',CURRENT_TIMESTAMP,'pigtraxadmin',55);
INSERT INTO pigtraxrefdata."TargetTypeTranslation" ("fieldValue","fieldLanguage","lastUpdated","userUpdated","id_TargetType") VALUES ('Pigs weaned/litter weaned_ES','es',CURRENT_TIMESTAMP,'pigtraxadmin',56);
INSERT INTO pigtraxrefdata."TargetTypeTranslation" ("fieldValue","fieldLanguage","lastUpdated","userUpdated","id_TargetType") VALUES ('Total pigs weaned_ES','es',CURRENT_TIMESTAMP,'pigtraxadmin',57);
INSERT INTO pigtraxrefdata."TargetTypeTranslation" ("fieldValue","fieldLanguage","lastUpdated","userUpdated","id_TargetType") VALUES ('Pigs weaned/sow weaned_ES','es',CURRENT_TIMESTAMP,'pigtraxadmin',58);
INSERT INTO pigtraxrefdata."TargetTypeTranslation" ("fieldValue","fieldLanguage","lastUpdated","userUpdated","id_TargetType") VALUES ('Pigs weaned/totalborn(%)_ES','es',CURRENT_TIMESTAMP,'pigtraxadmin',59);
INSERT INTO pigtraxrefdata."TargetTypeTranslation" ("fieldValue","fieldLanguage","lastUpdated","userUpdated","id_TargetType") VALUES ('Net foster_ES','es',CURRENT_TIMESTAMP,'pigtraxadmin',60);
INSERT INTO pigtraxrefdata."TargetTypeTranslation" ("fieldValue","fieldLanguage","lastUpdated","userUpdated","id_TargetType") VALUES ('PWM(%)_ES','es',CURRENT_TIMESTAMP,'pigtraxadmin',61);
INSERT INTO pigtraxrefdata."TargetTypeTranslation" ("fieldValue","fieldLanguage","lastUpdated","userUpdated","id_TargetType") VALUES ('Litters with weaning weight_ES','es',CURRENT_TIMESTAMP,'pigtraxadmin',62);
INSERT INTO pigtraxrefdata."TargetTypeTranslation" ("fieldValue","fieldLanguage","lastUpdated","userUpdated","id_TargetType") VALUES ('Piglets with weaning weight_ES','es',CURRENT_TIMESTAMP,'pigtraxadmin',63);
INSERT INTO pigtraxrefdata."TargetTypeTranslation" ("fieldValue","fieldLanguage","lastUpdated","userUpdated","id_TargetType") VALUES ('Total weaning weight_ES','es',CURRENT_TIMESTAMP,'pigtraxadmin',64);
INSERT INTO pigtraxrefdata."TargetTypeTranslation" ("fieldValue","fieldLanguage","lastUpdated","userUpdated","id_TargetType") VALUES ('Weaning weight/litter_ES','es',CURRENT_TIMESTAMP,'pigtraxadmin',65);
INSERT INTO pigtraxrefdata."TargetTypeTranslation" ("fieldValue","fieldLanguage","lastUpdated","userUpdated","id_TargetType") VALUES ('Weaning weight/piglet_ES','es',CURRENT_TIMESTAMP,'pigtraxadmin',66);
INSERT INTO pigtraxrefdata."TargetTypeTranslation" ("fieldValue","fieldLanguage","lastUpdated","userUpdated","id_TargetType") VALUES ('Litters with weaning age_ES','es',CURRENT_TIMESTAMP,'pigtraxadmin',67);
INSERT INTO pigtraxrefdata."TargetTypeTranslation" ("fieldValue","fieldLanguage","lastUpdated","userUpdated","id_TargetType") VALUES ('Avg weaning age_ES','es',CURRENT_TIMESTAMP,'pigtraxadmin',68);
INSERT INTO pigtraxrefdata."TargetTypeTranslation" ("fieldValue","fieldLanguage","lastUpdated","userUpdated","id_TargetType") VALUES ('Litters weaned less than 17 days_ES','es',CURRENT_TIMESTAMP,'pigtraxadmin',69);
INSERT INTO pigtraxrefdata."TargetTypeTranslation" ("fieldValue","fieldLanguage","lastUpdated","userUpdated","id_TargetType") VALUES ('% Litters weaned less than 17 days_ES','es',CURRENT_TIMESTAMP,'pigtraxadmin',70);
INSERT INTO pigtraxrefdata."TargetTypeTranslation" ("fieldValue","fieldLanguage","lastUpdated","userUpdated","id_TargetType") VALUES ('Adj 21day litter weight_ES','es',CURRENT_TIMESTAMP,'pigtraxadmin',71);
INSERT INTO pigtraxrefdata."TargetTypeTranslation" ("fieldValue","fieldLanguage","lastUpdated","userUpdated","id_TargetType") VALUES ('Pigs weaned/crate/year_ES','es',CURRENT_TIMESTAMP,'pigtraxadmin',72);
INSERT INTO pigtraxrefdata."TargetTypeTranslation" ("fieldValue","fieldLanguage","lastUpdated","userUpdated","id_TargetType") VALUES ('Weaning Capacity%_ES','es',CURRENT_TIMESTAMP,'pigtraxadmin',73);

INSERT INTO pigtraxrefdata."TargetTypeTranslation" ("fieldValue","fieldLanguage","lastUpdated","userUpdated","id_TargetType") VALUES ('End female inventory_ES','es',CURRENT_TIMESTAMP,'pigtraxadmin',74);
INSERT INTO pigtraxrefdata."TargetTypeTranslation" ("fieldValue","fieldLanguage","lastUpdated","userUpdated","id_TargetType") VALUES ('End boar inventory_ES','es',CURRENT_TIMESTAMP,'pigtraxadmin',75);
INSERT INTO pigtraxrefdata."TargetTypeTranslation" ("fieldValue","fieldLanguage","lastUpdated","userUpdated","id_TargetType") VALUES ('Average female inventory_ES','es',CURRENT_TIMESTAMP,'pigtraxadmin',76);
INSERT INTO pigtraxrefdata."TargetTypeTranslation" ("fieldValue","fieldLanguage","lastUpdated","userUpdated","id_TargetType") VALUES ('% Average female inventory_ES','es',CURRENT_TIMESTAMP,'pigtraxadmin',77);
INSERT INTO pigtraxrefdata."TargetTypeTranslation" ("fieldValue","fieldLanguage","lastUpdated","userUpdated","id_TargetType") VALUES ('Average end parity_ES','es',CURRENT_TIMESTAMP,'pigtraxadmin',78);
INSERT INTO pigtraxrefdata."TargetTypeTranslation" ("fieldValue","fieldLanguage","lastUpdated","userUpdated","id_TargetType") VALUES ('Replacement rate_ES','es',CURRENT_TIMESTAMP,'pigtraxadmin',79);
INSERT INTO pigtraxrefdata."TargetTypeTranslation" ("fieldValue","fieldLanguage","lastUpdated","userUpdated","id_TargetType") VALUES ('Females culled_ES','es',CURRENT_TIMESTAMP,'pigtraxadmin',80);
INSERT INTO pigtraxrefdata."TargetTypeTranslation" ("fieldValue","fieldLanguage","lastUpdated","userUpdated","id_TargetType") VALUES ('Culling rate_ES','es',CURRENT_TIMESTAMP,'pigtraxadmin',81);
INSERT INTO pigtraxrefdata."TargetTypeTranslation" ("fieldValue","fieldLanguage","lastUpdated","userUpdated","id_TargetType") VALUES ('Female deaths_ES','es',CURRENT_TIMESTAMP,'pigtraxadmin',82);
INSERT INTO pigtraxrefdata."TargetTypeTranslation" ("fieldValue","fieldLanguage","lastUpdated","userUpdated","id_TargetType") VALUES ('Female destroyed_ES','es',CURRENT_TIMESTAMP,'pigtraxadmin',83);
INSERT INTO pigtraxrefdata."TargetTypeTranslation" ("fieldValue","fieldLanguage","lastUpdated","userUpdated","id_TargetType") VALUES ('% Female deaths and destroyed_ES','es',CURRENT_TIMESTAMP,'pigtraxadmin',84);
INSERT INTO pigtraxrefdata."TargetTypeTranslation" ("fieldValue","fieldLanguage","lastUpdated","userUpdated","id_TargetType") VALUES ('Average gilt pool inventory_ES','es',CURRENT_TIMESTAMP,'pigtraxadmin',85);
INSERT INTO pigtraxrefdata."TargetTypeTranslation" ("fieldValue","fieldLanguage","lastUpdated","userUpdated","id_TargetType") VALUES ('Gilts entered_ES','es',CURRENT_TIMESTAMP,'pigtraxadmin',86);
INSERT INTO pigtraxrefdata."TargetTypeTranslation" ("fieldValue","fieldLanguage","lastUpdated","userUpdated","id_TargetType") VALUES ('Average non-productive sow days_ES','es',CURRENT_TIMESTAMP,'pigtraxadmin',87);
INSERT INTO pigtraxrefdata."TargetTypeTranslation" ("fieldValue","fieldLanguage","lastUpdated","userUpdated","id_TargetType") VALUES ('Sow/Boar ratio_ES','es',CURRENT_TIMESTAMP,'pigtraxadmin',88);
INSERT INTO pigtraxrefdata."TargetTypeTranslation" ("fieldValue","fieldLanguage","lastUpdated","userUpdated","id_TargetType") VALUES ('Litters / mated female/year_ES','es',CURRENT_TIMESTAMP,'pigtraxadmin',89);
INSERT INTO pigtraxrefdata."TargetTypeTranslation" ("fieldValue","fieldLanguage","lastUpdated","userUpdated","id_TargetType") VALUES ('Pigs/weans/mated female/year_ES','es',CURRENT_TIMESTAMP,'pigtraxadmin',90);



INSERT INTO pigtraxrefdata."TargetTypeTranslation" ("fieldValue","fieldLanguage","lastUpdated","userUpdated","id_TargetType") VALUES ('Total services_PR','pr',CURRENT_TIMESTAMP,'pigtraxadmin',1);
INSERT INTO pigtraxrefdata."TargetTypeTranslation" ("fieldValue","fieldLanguage","lastUpdated","userUpdated","id_TargetType") VALUES ('1st services_PR','pr',CURRENT_TIMESTAMP,'pigtraxadmin',2);
INSERT INTO pigtraxrefdata."TargetTypeTranslation" ("fieldValue","fieldLanguage","lastUpdated","userUpdated","id_TargetType") VALUES ('Repeat services_PR','pr',CURRENT_TIMESTAMP,'pigtraxadmin',3);
INSERT INTO pigtraxrefdata."TargetTypeTranslation" ("fieldValue","fieldLanguage","lastUpdated","userUpdated","id_TargetType") VALUES ('% 1st services_PR','pr',CURRENT_TIMESTAMP,'pigtraxadmin',4);
INSERT INTO pigtraxrefdata."TargetTypeTranslation" ("fieldValue","fieldLanguage","lastUpdated","userUpdated","id_TargetType") VALUES ('% 1st services: gilts_PR','pr',CURRENT_TIMESTAMP,'pigtraxadmin',5);
INSERT INTO pigtraxrefdata."TargetTypeTranslation" ("fieldValue","fieldLanguage","lastUpdated","userUpdated","id_TargetType") VALUES ('% 1st services: sows_PR','pr',CURRENT_TIMESTAMP,'pigtraxadmin',6);
INSERT INTO pigtraxrefdata."TargetTypeTranslation" ("fieldValue","fieldLanguage","lastUpdated","userUpdated","id_TargetType") VALUES ('% Repeat services_PR','pr',CURRENT_TIMESTAMP,'pigtraxadmin',7);
INSERT INTO pigtraxrefdata."TargetTypeTranslation" ("fieldValue","fieldLanguage","lastUpdated","userUpdated","id_TargetType") VALUES ('Services with >1 matings_PR','pr',CURRENT_TIMESTAMP,'pigtraxadmin',8);
INSERT INTO pigtraxrefdata."TargetTypeTranslation" ("fieldValue","fieldLanguage","lastUpdated","userUpdated","id_TargetType") VALUES ('% Services with 1+ matings_PR','pr',CURRENT_TIMESTAMP,'pigtraxadmin',9);
INSERT INTO pigtraxrefdata."TargetTypeTranslation" ("fieldValue","fieldLanguage","lastUpdated","userUpdated","id_TargetType") VALUES ('Matings per Service_PR','pr',CURRENT_TIMESTAMP,'pigtraxadmin',10);
INSERT INTO pigtraxrefdata."TargetTypeTranslation" ("fieldValue","fieldLanguage","lastUpdated","userUpdated","id_TargetType") VALUES ('Arrival to 1st serv interval_PR','pr',CURRENT_TIMESTAMP,'pigtraxadmin',11);
INSERT INTO pigtraxrefdata."TargetTypeTranslation" ("fieldValue","fieldLanguage","lastUpdated","userUpdated","id_TargetType") VALUES ('Wean sows bred by 7 days_PR','pr',CURRENT_TIMESTAMP,'pigtraxadmin',12);
INSERT INTO pigtraxrefdata."TargetTypeTranslation" ("fieldValue","fieldLanguage","lastUpdated","userUpdated","id_TargetType") VALUES ('% Wean sows bred by 7 days_PR','pr',CURRENT_TIMESTAMP,'pigtraxadmin',13);
INSERT INTO pigtraxrefdata."TargetTypeTranslation" ("fieldValue","fieldLanguage","lastUpdated","userUpdated","id_TargetType") VALUES ('Wean to 1st service interval_PR','pr',CURRENT_TIMESTAMP,'pigtraxadmin',14);
INSERT INTO pigtraxrefdata."TargetTypeTranslation" ("fieldValue","fieldLanguage","lastUpdated","userUpdated","id_TargetType") VALUES ('Conception rate at 30d Presumed Pregnant_PR','pr',CURRENT_TIMESTAMP,'pigtraxadmin',15);
INSERT INTO pigtraxrefdata."TargetTypeTranslation" ("fieldValue","fieldLanguage","lastUpdated","userUpdated","id_TargetType") VALUES ('Conception rate at day42_PR','pr',CURRENT_TIMESTAMP,'pigtraxadmin',16);
INSERT INTO pigtraxrefdata."TargetTypeTranslation" ("fieldValue","fieldLanguage","lastUpdated","userUpdated","id_TargetType") VALUES ('Avg parity of served females_PR','pr',CURRENT_TIMESTAMP,'pigtraxadmin',17);
INSERT INTO pigtraxrefdata."TargetTypeTranslation" ("fieldValue","fieldLanguage","lastUpdated","userUpdated","id_TargetType") VALUES ('Service to fallout interval_PR','pr',CURRENT_TIMESTAMP,'pigtraxadmin',18);
INSERT INTO pigtraxrefdata."TargetTypeTranslation" ("fieldValue","fieldLanguage","lastUpdated","userUpdated","id_TargetType") VALUES ('Service Capacity (Services/crate/year)_PR','pr',CURRENT_TIMESTAMP,'pigtraxadmin',19);
INSERT INTO pigtraxrefdata."TargetTypeTranslation" ("fieldValue","fieldLanguage","lastUpdated","userUpdated","id_TargetType") VALUES ('Litters farrowed_PR','pr',CURRENT_TIMESTAMP,'pigtraxadmin',20);
INSERT INTO pigtraxrefdata."TargetTypeTranslation" ("fieldValue","fieldLanguage","lastUpdated","userUpdated","id_TargetType") VALUES ('Avg parity_PR','pr',CURRENT_TIMESTAMP,'pigtraxadmin',21);
INSERT INTO pigtraxrefdata."TargetTypeTranslation" ("fieldValue","fieldLanguage","lastUpdated","userUpdated","id_TargetType") VALUES ('Avg gest_PR','pr',CURRENT_TIMESTAMP,'pigtraxadmin',22);
INSERT INTO pigtraxrefdata."TargetTypeTranslation" ("fieldValue","fieldLanguage","lastUpdated","userUpdated","id_TargetType") VALUES ('Gilts farrowed_PR','pr',CURRENT_TIMESTAMP,'pigtraxadmin',23);
INSERT INTO pigtraxrefdata."TargetTypeTranslation" ("fieldValue","fieldLanguage","lastUpdated","userUpdated","id_TargetType") VALUES ('Farrowing rate_PR','pr',CURRENT_TIMESTAMP,'pigtraxadmin',24);
INSERT INTO pigtraxrefdata."TargetTypeTranslation" ("fieldValue","fieldLanguage","lastUpdated","userUpdated","id_TargetType") VALUES ('Adj farrowing rate_PR','pr',CURRENT_TIMESTAMP,'pigtraxadmin',25);
INSERT INTO pigtraxrefdata."TargetTypeTranslation" ("fieldValue","fieldLanguage","lastUpdated","userUpdated","id_TargetType") VALUES ('Total totalborn_PR','pr',CURRENT_TIMESTAMP,'pigtraxadmin',26);
INSERT INTO pigtraxrefdata."TargetTypeTranslation" ("fieldValue","fieldLanguage","lastUpdated","userUpdated","id_TargetType") VALUES ('Avg totalborn_PR','pr',CURRENT_TIMESTAMP,'pigtraxadmin',27);
INSERT INTO pigtraxrefdata."TargetTypeTranslation" ("fieldValue","fieldLanguage","lastUpdated","userUpdated","id_TargetType") VALUES ('Total viableborn_PR','pr',CURRENT_TIMESTAMP,'pigtraxadmin',28);
INSERT INTO pigtraxrefdata."TargetTypeTranslation" ("fieldValue","fieldLanguage","lastUpdated","userUpdated","id_TargetType") VALUES ('Avg viableborn_PR','pr',CURRENT_TIMESTAMP,'pigtraxadmin',29);
INSERT INTO pigtraxrefdata."TargetTypeTranslation" ("fieldValue","fieldLanguage","lastUpdated","userUpdated","id_TargetType") VALUES ('Total liveborn_PR','pr',CURRENT_TIMESTAMP,'pigtraxadmin',30);
INSERT INTO pigtraxrefdata."TargetTypeTranslation" ("fieldValue","fieldLanguage","lastUpdated","userUpdated","id_TargetType") VALUES ('Avg liveborn_PR','pr',CURRENT_TIMESTAMP,'pigtraxadmin',31);
INSERT INTO pigtraxrefdata."TargetTypeTranslation" ("fieldValue","fieldLanguage","lastUpdated","userUpdated","id_TargetType") VALUES ('Total deadborn_PR','pr',CURRENT_TIMESTAMP,'pigtraxadmin',32);
INSERT INTO pigtraxrefdata."TargetTypeTranslation" ("fieldValue","fieldLanguage","lastUpdated","userUpdated","id_TargetType") VALUES ('Avg deadborn_PR','pr',CURRENT_TIMESTAMP,'pigtraxadmin',33);
INSERT INTO pigtraxrefdata."TargetTypeTranslation" ("fieldValue","fieldLanguage","lastUpdated","userUpdated","id_TargetType") VALUES ('% Deadborn_PR','pr',CURRENT_TIMESTAMP,'pigtraxadmin',34);
INSERT INTO pigtraxrefdata."TargetTypeTranslation" ("fieldValue","fieldLanguage","lastUpdated","userUpdated","id_TargetType") VALUES ('Total stillborn_PR','pr',CURRENT_TIMESTAMP,'pigtraxadmin',35);
INSERT INTO pigtraxrefdata."TargetTypeTranslation" ("fieldValue","fieldLanguage","lastUpdated","userUpdated","id_TargetType") VALUES ('Avg stillborn_PR','pr',CURRENT_TIMESTAMP,'pigtraxadmin',36);
INSERT INTO pigtraxrefdata."TargetTypeTranslation" ("fieldValue","fieldLanguage","lastUpdated","userUpdated","id_TargetType") VALUES ('% Stillborn_PR','pr',CURRENT_TIMESTAMP,'pigtraxadmin',37);
INSERT INTO pigtraxrefdata."TargetTypeTranslation" ("fieldValue","fieldLanguage","lastUpdated","userUpdated","id_TargetType") VALUES ('Total mummies_PR','pr',CURRENT_TIMESTAMP,'pigtraxadmin',38);
INSERT INTO pigtraxrefdata."TargetTypeTranslation" ("fieldValue","fieldLanguage","lastUpdated","userUpdated","id_TargetType") VALUES ('Avg mummies_PR','pr',CURRENT_TIMESTAMP,'pigtraxadmin',39);
INSERT INTO pigtraxrefdata."TargetTypeTranslation" ("fieldValue","fieldLanguage","lastUpdated","userUpdated","id_TargetType") VALUES ('% Mummies_PR','pr',CURRENT_TIMESTAMP,'pigtraxadmin',40);
INSERT INTO pigtraxrefdata."TargetTypeTranslation" ("fieldValue","fieldLanguage","lastUpdated","userUpdated","id_TargetType") VALUES ('Litters with less 7 liveborn_PR','pr',CURRENT_TIMESTAMP,'pigtraxadmin',41);
INSERT INTO pigtraxrefdata."TargetTypeTranslation" ("fieldValue","fieldLanguage","lastUpdated","userUpdated","id_TargetType") VALUES ('% Litters with less 7 liveborn_PR','pr',CURRENT_TIMESTAMP,'pigtraxadmin',42);
INSERT INTO pigtraxrefdata."TargetTypeTranslation" ("fieldValue","fieldLanguage","lastUpdated","userUpdated","id_TargetType") VALUES ('Total weakborn_PR','pr',CURRENT_TIMESTAMP,'pigtraxadmin',43);
INSERT INTO pigtraxrefdata."TargetTypeTranslation" ("fieldValue","fieldLanguage","lastUpdated","userUpdated","id_TargetType") VALUES ('Avg weakborn_PR','pr',CURRENT_TIMESTAMP,'pigtraxadmin',44);
INSERT INTO pigtraxrefdata."TargetTypeTranslation" ("fieldValue","fieldLanguage","lastUpdated","userUpdated","id_TargetType") VALUES ('Weakborn/totalborn(%)_PR','pr',CURRENT_TIMESTAMP,'pigtraxadmin',45);
INSERT INTO pigtraxrefdata."TargetTypeTranslation" ("fieldValue","fieldLanguage","lastUpdated","userUpdated","id_TargetType") VALUES ('Litters with birth weight_PR','pr',CURRENT_TIMESTAMP,'pigtraxadmin',46);
INSERT INTO pigtraxrefdata."TargetTypeTranslation" ("fieldValue","fieldLanguage","lastUpdated","userUpdated","id_TargetType") VALUES ('Avg birth weight_PR','pr',CURRENT_TIMESTAMP,'pigtraxadmin',47);
INSERT INTO pigtraxrefdata."TargetTypeTranslation" ("fieldValue","fieldLanguage","lastUpdated","userUpdated","id_TargetType") VALUES ('Avg birth weight/liveborn_PR','pr',CURRENT_TIMESTAMP,'pigtraxadmin',48);
INSERT INTO pigtraxrefdata."TargetTypeTranslation" ("fieldValue","fieldLanguage","lastUpdated","userUpdated","id_TargetType") VALUES ('Litters/crate/year_PR','pr',CURRENT_TIMESTAMP,'pigtraxadmin',49);
INSERT INTO pigtraxrefdata."TargetTypeTranslation" ("fieldValue","fieldLanguage","lastUpdated","userUpdated","id_TargetType") VALUES ('Farrow Capacity (Farrows / crate / year)_PR','pr',CURRENT_TIMESTAMP,'pigtraxadmin',50);
INSERT INTO pigtraxrefdata."TargetTypeTranslation" ("fieldValue","fieldLanguage","lastUpdated","userUpdated","id_TargetType") VALUES ('Litters weaned_PR','pr',CURRENT_TIMESTAMP,'pigtraxadmin',51);
INSERT INTO pigtraxrefdata."TargetTypeTranslation" ("fieldValue","fieldLanguage","lastUpdated","userUpdated","id_TargetType") VALUES ('Litters weaning 12+_PR','pr',CURRENT_TIMESTAMP,'pigtraxadmin',52);
INSERT INTO pigtraxrefdata."TargetTypeTranslation" ("fieldValue","fieldLanguage","lastUpdated","userUpdated","id_TargetType") VALUES ('% Litters weaning 12+_PR','pr',CURRENT_TIMESTAMP,'pigtraxadmin',53);
INSERT INTO pigtraxrefdata."TargetTypeTranslation" ("fieldValue","fieldLanguage","lastUpdated","userUpdated","id_TargetType") VALUES ('weaning 0 pig_PR','pr',CURRENT_TIMESTAMP,'pigtraxadmin',54);
INSERT INTO pigtraxrefdata."TargetTypeTranslation" ("fieldValue","fieldLanguage","lastUpdated","userUpdated","id_TargetType") VALUES ('% Sows weaning 0 pigs_PR','pr',CURRENT_TIMESTAMP,'pigtraxadmin',55);
INSERT INTO pigtraxrefdata."TargetTypeTranslation" ("fieldValue","fieldLanguage","lastUpdated","userUpdated","id_TargetType") VALUES ('Pigs weaned/litter weaned_PR','pr',CURRENT_TIMESTAMP,'pigtraxadmin',56);
INSERT INTO pigtraxrefdata."TargetTypeTranslation" ("fieldValue","fieldLanguage","lastUpdated","userUpdated","id_TargetType") VALUES ('Total pigs weaned_PR','pr',CURRENT_TIMESTAMP,'pigtraxadmin',57);
INSERT INTO pigtraxrefdata."TargetTypeTranslation" ("fieldValue","fieldLanguage","lastUpdated","userUpdated","id_TargetType") VALUES ('Pigs weaned/sow weaned_PR','pr',CURRENT_TIMESTAMP,'pigtraxadmin',58);
INSERT INTO pigtraxrefdata."TargetTypeTranslation" ("fieldValue","fieldLanguage","lastUpdated","userUpdated","id_TargetType") VALUES ('Pigs weaned/totalborn(%)_PR','pr',CURRENT_TIMESTAMP,'pigtraxadmin',59);
INSERT INTO pigtraxrefdata."TargetTypeTranslation" ("fieldValue","fieldLanguage","lastUpdated","userUpdated","id_TargetType") VALUES ('Net foster_PR','pr',CURRENT_TIMESTAMP,'pigtraxadmin',60);
INSERT INTO pigtraxrefdata."TargetTypeTranslation" ("fieldValue","fieldLanguage","lastUpdated","userUpdated","id_TargetType") VALUES ('PWM(%)_PR','pr',CURRENT_TIMESTAMP,'pigtraxadmin',61);
INSERT INTO pigtraxrefdata."TargetTypeTranslation" ("fieldValue","fieldLanguage","lastUpdated","userUpdated","id_TargetType") VALUES ('Litters with weaning weight_PR','pr',CURRENT_TIMESTAMP,'pigtraxadmin',62);
INSERT INTO pigtraxrefdata."TargetTypeTranslation" ("fieldValue","fieldLanguage","lastUpdated","userUpdated","id_TargetType") VALUES ('Piglets with weaning weight_PR','pr',CURRENT_TIMESTAMP,'pigtraxadmin',63);
INSERT INTO pigtraxrefdata."TargetTypeTranslation" ("fieldValue","fieldLanguage","lastUpdated","userUpdated","id_TargetType") VALUES ('Total weaning weight_PR','pr',CURRENT_TIMESTAMP,'pigtraxadmin',64);
INSERT INTO pigtraxrefdata."TargetTypeTranslation" ("fieldValue","fieldLanguage","lastUpdated","userUpdated","id_TargetType") VALUES ('Weaning weight/litter_PR','pr',CURRENT_TIMESTAMP,'pigtraxadmin',65);
INSERT INTO pigtraxrefdata."TargetTypeTranslation" ("fieldValue","fieldLanguage","lastUpdated","userUpdated","id_TargetType") VALUES ('Weaning weight/piglet_PR','pr',CURRENT_TIMESTAMP,'pigtraxadmin',66);
INSERT INTO pigtraxrefdata."TargetTypeTranslation" ("fieldValue","fieldLanguage","lastUpdated","userUpdated","id_TargetType") VALUES ('Litters with weaning age_PR','pr',CURRENT_TIMESTAMP,'pigtraxadmin',67);
INSERT INTO pigtraxrefdata."TargetTypeTranslation" ("fieldValue","fieldLanguage","lastUpdated","userUpdated","id_TargetType") VALUES ('Avg weaning age_PR','pr',CURRENT_TIMESTAMP,'pigtraxadmin',68);
INSERT INTO pigtraxrefdata."TargetTypeTranslation" ("fieldValue","fieldLanguage","lastUpdated","userUpdated","id_TargetType") VALUES ('Litters weaned less than 17 days_PR','pr',CURRENT_TIMESTAMP,'pigtraxadmin',69);
INSERT INTO pigtraxrefdata."TargetTypeTranslation" ("fieldValue","fieldLanguage","lastUpdated","userUpdated","id_TargetType") VALUES ('% Litters weaned less than 17 days_PR','pr',CURRENT_TIMESTAMP,'pigtraxadmin',70);
INSERT INTO pigtraxrefdata."TargetTypeTranslation" ("fieldValue","fieldLanguage","lastUpdated","userUpdated","id_TargetType") VALUES ('Adj 21day litter weight_PR','pr',CURRENT_TIMESTAMP,'pigtraxadmin',71);
INSERT INTO pigtraxrefdata."TargetTypeTranslation" ("fieldValue","fieldLanguage","lastUpdated","userUpdated","id_TargetType") VALUES ('Pigs weaned/crate/year_PR','pr',CURRENT_TIMESTAMP,'pigtraxadmin',72);
INSERT INTO pigtraxrefdata."TargetTypeTranslation" ("fieldValue","fieldLanguage","lastUpdated","userUpdated","id_TargetType") VALUES ('Weaning Capacity%_PR','pr',CURRENT_TIMESTAMP,'pigtraxadmin',73);

INSERT INTO pigtraxrefdata."TargetTypeTranslation" ("fieldValue","fieldLanguage","lastUpdated","userUpdated","id_TargetType") VALUES ('End female inventory_PR','en',CURRENT_TIMESTAMP,'pigtraxadmin',74);
INSERT INTO pigtraxrefdata."TargetTypeTranslation" ("fieldValue","fieldLanguage","lastUpdated","userUpdated","id_TargetType") VALUES ('End boar inventory_PR','en',CURRENT_TIMESTAMP,'pigtraxadmin',75);
INSERT INTO pigtraxrefdata."TargetTypeTranslation" ("fieldValue","fieldLanguage","lastUpdated","userUpdated","id_TargetType") VALUES ('Average female inventory_PR','en',CURRENT_TIMESTAMP,'pigtraxadmin',76);
INSERT INTO pigtraxrefdata."TargetTypeTranslation" ("fieldValue","fieldLanguage","lastUpdated","userUpdated","id_TargetType") VALUES ('% Average female inventory_PR','en',CURRENT_TIMESTAMP,'pigtraxadmin',77);
INSERT INTO pigtraxrefdata."TargetTypeTranslation" ("fieldValue","fieldLanguage","lastUpdated","userUpdated","id_TargetType") VALUES ('Average end parity_PR','en',CURRENT_TIMESTAMP,'pigtraxadmin',78);
INSERT INTO pigtraxrefdata."TargetTypeTranslation" ("fieldValue","fieldLanguage","lastUpdated","userUpdated","id_TargetType") VALUES ('Replacement rate_PR','en',CURRENT_TIMESTAMP,'pigtraxadmin',79);
INSERT INTO pigtraxrefdata."TargetTypeTranslation" ("fieldValue","fieldLanguage","lastUpdated","userUpdated","id_TargetType") VALUES ('Females culled_PR','en',CURRENT_TIMESTAMP,'pigtraxadmin',80);
INSERT INTO pigtraxrefdata."TargetTypeTranslation" ("fieldValue","fieldLanguage","lastUpdated","userUpdated","id_TargetType") VALUES ('Culling rate_PR','en',CURRENT_TIMESTAMP,'pigtraxadmin',81);
INSERT INTO pigtraxrefdata."TargetTypeTranslation" ("fieldValue","fieldLanguage","lastUpdated","userUpdated","id_TargetType") VALUES ('Female deaths_PR','en',CURRENT_TIMESTAMP,'pigtraxadmin',82);
INSERT INTO pigtraxrefdata."TargetTypeTranslation" ("fieldValue","fieldLanguage","lastUpdated","userUpdated","id_TargetType") VALUES ('Female destroyed_PR','en',CURRENT_TIMESTAMP,'pigtraxadmin',83);
INSERT INTO pigtraxrefdata."TargetTypeTranslation" ("fieldValue","fieldLanguage","lastUpdated","userUpdated","id_TargetType") VALUES ('% Female deaths and destroyed_PR','en',CURRENT_TIMESTAMP,'pigtraxadmin',84);
INSERT INTO pigtraxrefdata."TargetTypeTranslation" ("fieldValue","fieldLanguage","lastUpdated","userUpdated","id_TargetType") VALUES ('Average gilt pool inventory_PR','en',CURRENT_TIMESTAMP,'pigtraxadmin',85);
INSERT INTO pigtraxrefdata."TargetTypeTranslation" ("fieldValue","fieldLanguage","lastUpdated","userUpdated","id_TargetType") VALUES ('Gilts entered_PR','en',CURRENT_TIMESTAMP,'pigtraxadmin',86);
INSERT INTO pigtraxrefdata."TargetTypeTranslation" ("fieldValue","fieldLanguage","lastUpdated","userUpdated","id_TargetType") VALUES ('Average non-productive sow days_PR','en',CURRENT_TIMESTAMP,'pigtraxadmin',87);
INSERT INTO pigtraxrefdata."TargetTypeTranslation" ("fieldValue","fieldLanguage","lastUpdated","userUpdated","id_TargetType") VALUES ('Sow/Boar ratio_PR','en',CURRENT_TIMESTAMP,'pigtraxadmin',88);
INSERT INTO pigtraxrefdata."TargetTypeTranslation" ("fieldValue","fieldLanguage","lastUpdated","userUpdated","id_TargetType") VALUES ('Litters / mated female/year_PR','en',CURRENT_TIMESTAMP,'pigtraxadmin',89);
INSERT INTO pigtraxrefdata."TargetTypeTranslation" ("fieldValue","fieldLanguage","lastUpdated","userUpdated","id_TargetType") VALUES ('Pigs/weans/mated female/year_PR','en',CURRENT_TIMESTAMP,'pigtraxadmin',90);


---------
INSERT INTO pigtraxrefdata."GcompanyType" ("fieldCode","fieldDescription","lastUpdated","userUpdated") VALUES (1,'Choice', CURRENT_TIMESTAMP,'pigtraxadmin');
INSERT INTO pigtraxrefdata."GcompanyType" ("fieldCode","fieldDescription","lastUpdated","userUpdated") VALUES (2,'Danbred',CURRENT_TIMESTAMP,'pigtraxadmin');
INSERT INTO pigtraxrefdata."GcompanyType" ("fieldCode","fieldDescription","lastUpdated","userUpdated") VALUES (3,'DB Brasil',CURRENT_TIMESTAMP,'pigtraxadmin');
INSERT INTO pigtraxrefdata."GcompanyType" ("fieldCode","fieldDescription","lastUpdated","userUpdated") VALUES (4,'DNA',CURRENT_TIMESTAMP,'pigtraxadmin');
INSERT INTO pigtraxrefdata."GcompanyType" ("fieldCode","fieldDescription","lastUpdated","userUpdated") VALUES (5,'Genetiporc',CURRENT_TIMESTAMP,'pigtraxadmin');
INSERT INTO pigtraxrefdata."GcompanyType" ("fieldCode","fieldDescription","lastUpdated","userUpdated") VALUES (6,'DB Brasil',CURRENT_TIMESTAMP,'pigtraxadmin');
INSERT INTO pigtraxrefdata."GcompanyType" ("fieldCode","fieldDescription","lastUpdated","userUpdated") VALUES (7,'PIC',CURRENT_TIMESTAMP,'pigtraxadmin');
INSERT INTO pigtraxrefdata."GcompanyType" ("fieldCode","fieldDescription","lastUpdated","userUpdated") VALUES (8,'SPG',CURRENT_TIMESTAMP,'pigtraxadmin');
INSERT INTO pigtraxrefdata."GcompanyType" ("fieldCode","fieldDescription","lastUpdated","userUpdated") VALUES (9,'Topigs',CURRENT_TIMESTAMP,'pigtraxadmin');


INSERT INTO pigtraxrefdata."GcompanyTypeTranslation" ("fieldValue","fieldLanguage","lastUpdated","userUpdated","id_GcompanyType") VALUES ('Choice','en',CURRENT_TIMESTAMP,'pigtraxadmin',1);
INSERT INTO pigtraxrefdata."GcompanyTypeTranslation" ("fieldValue","fieldLanguage","lastUpdated","userUpdated","id_GcompanyType") VALUES ('Danbred','en',CURRENT_TIMESTAMP,'pigtraxadmin',2);
INSERT INTO pigtraxrefdata."GcompanyTypeTranslation" ("fieldValue","fieldLanguage","lastUpdated","userUpdated","id_GcompanyType") VALUES ('DB Brasil','en',CURRENT_TIMESTAMP,'pigtraxadmin',3);
INSERT INTO pigtraxrefdata."GcompanyTypeTranslation" ("fieldValue","fieldLanguage","lastUpdated","userUpdated","id_GcompanyType") VALUES ('DNA','en',CURRENT_TIMESTAMP,'pigtraxadmin',4);
INSERT INTO pigtraxrefdata."GcompanyTypeTranslation" ("fieldValue","fieldLanguage","lastUpdated","userUpdated","id_GcompanyType") VALUES ('Genetiporc','en',CURRENT_TIMESTAMP,'pigtraxadmin',5);
INSERT INTO pigtraxrefdata."GcompanyTypeTranslation" ("fieldValue","fieldLanguage","lastUpdated","userUpdated","id_GcompanyType") VALUES ('PIC','en',CURRENT_TIMESTAMP,'pigtraxadmin',6);
INSERT INTO pigtraxrefdata."GcompanyTypeTranslation" ("fieldValue","fieldLanguage","lastUpdated","userUpdated","id_GcompanyType") VALUES ('SPG','en',CURRENT_TIMESTAMP,'pigtraxadmin',7);
INSERT INTO pigtraxrefdata."GcompanyTypeTranslation" ("fieldValue","fieldLanguage","lastUpdated","userUpdated","id_GcompanyType") VALUES ('Topigs','en',CURRENT_TIMESTAMP,'pigtraxadmin',8);


INSERT INTO pigtraxrefdata."GcompanyTypeTranslation" ("fieldValue","fieldLanguage","lastUpdated","userUpdated","id_GcompanyType") VALUES ('Choice_ES','es',CURRENT_TIMESTAMP,'pigtraxadmin',1);
INSERT INTO pigtraxrefdata."GcompanyTypeTranslation" ("fieldValue","fieldLanguage","lastUpdated","userUpdated","id_GcompanyType") VALUES ('Danbred_ES','es',CURRENT_TIMESTAMP,'pigtraxadmin',2);
INSERT INTO pigtraxrefdata."GcompanyTypeTranslation" ("fieldValue","fieldLanguage","lastUpdated","userUpdated","id_GcompanyType") VALUES ('DB Brasil_ES','es',CURRENT_TIMESTAMP,'pigtraxadmin',3);
INSERT INTO pigtraxrefdata."GcompanyTypeTranslation" ("fieldValue","fieldLanguage","lastUpdated","userUpdated","id_GcompanyType") VALUES ('DNA_ES','es',CURRENT_TIMESTAMP,'pigtraxadmin',4);
INSERT INTO pigtraxrefdata."GcompanyTypeTranslation" ("fieldValue","fieldLanguage","lastUpdated","userUpdated","id_GcompanyType") VALUES ('Genetiporc_ES','es',CURRENT_TIMESTAMP,'pigtraxadmin',5);
INSERT INTO pigtraxrefdata."GcompanyTypeTranslation" ("fieldValue","fieldLanguage","lastUpdated","userUpdated","id_GcompanyType") VALUES ('PIC_ES','es',CURRENT_TIMESTAMP,'pigtraxadmin',6);
INSERT INTO pigtraxrefdata."GcompanyTypeTranslation" ("fieldValue","fieldLanguage","lastUpdated","userUpdated","id_GcompanyType") VALUES ('SPG_ES','es',CURRENT_TIMESTAMP,'pigtraxadmin',7);
INSERT INTO pigtraxrefdata."GcompanyTypeTranslation" ("fieldValue","fieldLanguage","lastUpdated","userUpdated","id_GcompanyType") VALUES ('Topigs_ES','es',CURRENT_TIMESTAMP,'pigtraxadmin',8);

INSERT INTO pigtraxrefdata."GcompanyTypeTranslation" ("fieldValue","fieldLanguage","lastUpdated","userUpdated","id_GcompanyType") VALUES ('Choice_PR','pr',CURRENT_TIMESTAMP,'pigtraxadmin',1);
INSERT INTO pigtraxrefdata."GcompanyTypeTranslation" ("fieldValue","fieldLanguage","lastUpdated","userUpdated","id_GcompanyType") VALUES ('Danbred_PR','pr',CURRENT_TIMESTAMP,'pigtraxadmin',2);
INSERT INTO pigtraxrefdata."GcompanyTypeTranslation" ("fieldValue","fieldLanguage","lastUpdated","userUpdated","id_GcompanyType") VALUES ('DB Brasil_PR','pr',CURRENT_TIMESTAMP,'pigtraxadmin',3);
INSERT INTO pigtraxrefdata."GcompanyTypeTranslation" ("fieldValue","fieldLanguage","lastUpdated","userUpdated","id_GcompanyType") VALUES ('DNA_PR','pr',CURRENT_TIMESTAMP,'pigtraxadmin',4);
INSERT INTO pigtraxrefdata."GcompanyTypeTranslation" ("fieldValue","fieldLanguage","lastUpdated","userUpdated","id_GcompanyType") VALUES ('Genetiporc_PR','pr',CURRENT_TIMESTAMP,'pigtraxadmin',5);
INSERT INTO pigtraxrefdata."GcompanyTypeTranslation" ("fieldValue","fieldLanguage","lastUpdated","userUpdated","id_GcompanyType") VALUES ('PIC_PR','pr',CURRENT_TIMESTAMP,'pigtraxadmin',6);
INSERT INTO pigtraxrefdata."GcompanyTypeTranslation" ("fieldValue","fieldLanguage","lastUpdated","userUpdated","id_GcompanyType") VALUES ('SPG_PR','pr',CURRENT_TIMESTAMP,'pigtraxadmin',7);
INSERT INTO pigtraxrefdata."GcompanyTypeTranslation" ("fieldValue","fieldLanguage","lastUpdated","userUpdated","id_GcompanyType") VALUES ('Topigs_PR','pr',CURRENT_TIMESTAMP,'pigtraxadmin',8);


----------




---------
INSERT INTO pigtraxrefdata."GlineType" ("fieldCode","fieldDescription","lastUpdated","userUpdated") VALUES (1,'10', CURRENT_TIMESTAMP,'pigtraxadmin');
INSERT INTO pigtraxrefdata."GlineType" ("fieldCode","fieldDescription","lastUpdated","userUpdated") VALUES (2,'19',CURRENT_TIMESTAMP,'pigtraxadmin');
INSERT INTO pigtraxrefdata."GlineType" ("fieldCode","fieldDescription","lastUpdated","userUpdated") VALUES (3,'20',CURRENT_TIMESTAMP,'pigtraxadmin');
INSERT INTO pigtraxrefdata."GlineType" ("fieldCode","fieldDescription","lastUpdated","userUpdated") VALUES (4,'22',CURRENT_TIMESTAMP,'pigtraxadmin');
INSERT INTO pigtraxrefdata."GlineType" ("fieldCode","fieldDescription","lastUpdated","userUpdated") VALUES (5,'23',CURRENT_TIMESTAMP,'pigtraxadmin');
INSERT INTO pigtraxrefdata."GlineType" ("fieldCode","fieldDescription","lastUpdated","userUpdated") VALUES (6,'24',CURRENT_TIMESTAMP,'pigtraxadmin');
INSERT INTO pigtraxrefdata."GlineType" ("fieldCode","fieldDescription","lastUpdated","userUpdated") VALUES (7,'25',CURRENT_TIMESTAMP,'pigtraxadmin');
INSERT INTO pigtraxrefdata."GlineType" ("fieldCode","fieldDescription","lastUpdated","userUpdated") VALUES (8,'28',CURRENT_TIMESTAMP,'pigtraxadmin');
INSERT INTO pigtraxrefdata."GlineType" ("fieldCode","fieldDescription","lastUpdated","userUpdated") VALUES (9,'30',CURRENT_TIMESTAMP,'pigtraxadmin');
INSERT INTO pigtraxrefdata."GlineType" ("fieldCode","fieldDescription","lastUpdated","userUpdated") VALUES (10,'32',CURRENT_TIMESTAMP,'pigtraxadmin');
INSERT INTO pigtraxrefdata."GlineType" ("fieldCode","fieldDescription","lastUpdated","userUpdated") VALUES (11,'40',CURRENT_TIMESTAMP,'pigtraxadmin');
INSERT INTO pigtraxrefdata."GlineType" ("fieldCode","fieldDescription","lastUpdated","userUpdated") VALUES (12,'48',CURRENT_TIMESTAMP,'pigtraxadmin');
INSERT INTO pigtraxrefdata."GlineType" ("fieldCode","fieldDescription","lastUpdated","userUpdated") VALUES (13,'62',CURRENT_TIMESTAMP,'pigtraxadmin');
INSERT INTO pigtraxrefdata."GlineType" ("fieldCode","fieldDescription","lastUpdated","userUpdated") VALUES (14,'90',CURRENT_TIMESTAMP,'pigtraxadmin');
INSERT INTO pigtraxrefdata."GlineType" ("fieldCode","fieldDescription","lastUpdated","userUpdated") VALUES (15,'110',CURRENT_TIMESTAMP,'pigtraxadmin');
INSERT INTO pigtraxrefdata."GlineType" ("fieldCode","fieldDescription","lastUpdated","userUpdated") VALUES (16,'120',CURRENT_TIMESTAMP,'pigtraxadmin');
INSERT INTO pigtraxrefdata."GlineType" ("fieldCode","fieldDescription","lastUpdated","userUpdated") VALUES (17,'200',CURRENT_TIMESTAMP,'pigtraxadmin');
INSERT INTO pigtraxrefdata."GlineType" ("fieldCode","fieldDescription","lastUpdated","userUpdated") VALUES (18,'240',CURRENT_TIMESTAMP,'pigtraxadmin');
INSERT INTO pigtraxrefdata."GlineType" ("fieldCode","fieldDescription","lastUpdated","userUpdated") VALUES (19,'241',CURRENT_TIMESTAMP,'pigtraxadmin');
INSERT INTO pigtraxrefdata."GlineType" ("fieldCode","fieldDescription","lastUpdated","userUpdated") VALUES (20,'327',CURRENT_TIMESTAMP,'pigtraxadmin');
INSERT INTO pigtraxrefdata."GlineType" ("fieldCode","fieldDescription","lastUpdated","userUpdated") VALUES (21,'337',CURRENT_TIMESTAMP,'pigtraxadmin');
INSERT INTO pigtraxrefdata."GlineType" ("fieldCode","fieldDescription","lastUpdated","userUpdated") VALUES (22,'400',CURRENT_TIMESTAMP,'pigtraxadmin');
INSERT INTO pigtraxrefdata."GlineType" ("fieldCode","fieldDescription","lastUpdated","userUpdated") VALUES (23,'408',CURRENT_TIMESTAMP,'pigtraxadmin');
INSERT INTO pigtraxrefdata."GlineType" ("fieldCode","fieldDescription","lastUpdated","userUpdated") VALUES (24,'410',CURRENT_TIMESTAMP,'pigtraxadmin');
INSERT INTO pigtraxrefdata."GlineType" ("fieldCode","fieldDescription","lastUpdated","userUpdated") VALUES (25,'426',CURRENT_TIMESTAMP,'pigtraxadmin');
INSERT INTO pigtraxrefdata."GlineType" ("fieldCode","fieldDescription","lastUpdated","userUpdated") VALUES (26,'600',CURRENT_TIMESTAMP,'pigtraxadmin');
INSERT INTO pigtraxrefdata."GlineType" ("fieldCode","fieldDescription","lastUpdated","userUpdated") VALUES (27,'1010',CURRENT_TIMESTAMP,'pigtraxadmin');
INSERT INTO pigtraxrefdata."GlineType" ("fieldCode","fieldDescription","lastUpdated","userUpdated") VALUES (28,'1020',CURRENT_TIMESTAMP,'pigtraxadmin');
INSERT INTO pigtraxrefdata."GlineType" ("fieldCode","fieldDescription","lastUpdated","userUpdated") VALUES (29,'1050',CURRENT_TIMESTAMP,'pigtraxadmin');
INSERT INTO pigtraxrefdata."GlineType" ("fieldCode","fieldDescription","lastUpdated","userUpdated") VALUES (30,'1062',CURRENT_TIMESTAMP,'pigtraxadmin');
INSERT INTO pigtraxrefdata."GlineType" ("fieldCode","fieldDescription","lastUpdated","userUpdated") VALUES (31,'1070',CURRENT_TIMESTAMP,'pigtraxadmin');
INSERT INTO pigtraxrefdata."GlineType" ("fieldCode","fieldDescription","lastUpdated","userUpdated") VALUES (32,'1080',CURRENT_TIMESTAMP,'pigtraxadmin');
INSERT INTO pigtraxrefdata."GlineType" ("fieldCode","fieldDescription","lastUpdated","userUpdated") VALUES (33,'Duroc',CURRENT_TIMESTAMP,'pigtraxadmin');
INSERT INTO pigtraxrefdata."GlineType" ("fieldCode","fieldDescription","lastUpdated","userUpdated") VALUES (34,'EBX',CURRENT_TIMESTAMP,'pigtraxadmin');
INSERT INTO pigtraxrefdata."GlineType" ("fieldCode","fieldDescription","lastUpdated","userUpdated") VALUES (35,'EXM',CURRENT_TIMESTAMP,'pigtraxadmin');
INSERT INTO pigtraxrefdata."GlineType" ("fieldCode","fieldDescription","lastUpdated","userUpdated") VALUES (36,'LAN',CURRENT_TIMESTAMP,'pigtraxadmin');
INSERT INTO pigtraxrefdata."GlineType" ("fieldCode","fieldDescription","lastUpdated","userUpdated") VALUES (37,'LW',CURRENT_TIMESTAMP,'pigtraxadmin');
INSERT INTO pigtraxrefdata."GlineType" ("fieldCode","fieldDescription","lastUpdated","userUpdated") VALUES (38,'Talent',CURRENT_TIMESTAMP,'pigtraxadmin');
INSERT INTO pigtraxrefdata."GlineType" ("fieldCode","fieldDescription","lastUpdated","userUpdated") VALUES (39,'Tempo',CURRENT_TIMESTAMP,'pigtraxadmin');
INSERT INTO pigtraxrefdata."GlineType" ("fieldCode","fieldDescription","lastUpdated","userUpdated") VALUES (40,'York',CURRENT_TIMESTAMP,'pigtraxadmin');


INSERT INTO pigtraxrefdata."GlineTypeTranslation" ("fieldValue","fieldLanguage","lastUpdated","userUpdated","id_GlineType") VALUES ('10','en',CURRENT_TIMESTAMP,'pigtraxadmin',1);
INSERT INTO pigtraxrefdata."GlineTypeTranslation" ("fieldValue","fieldLanguage","lastUpdated","userUpdated","id_GlineType") VALUES ('19','en',CURRENT_TIMESTAMP,'pigtraxadmin',2);
INSERT INTO pigtraxrefdata."GlineTypeTranslation" ("fieldValue","fieldLanguage","lastUpdated","userUpdated","id_GlineType") VALUES ('20','en',CURRENT_TIMESTAMP,'pigtraxadmin',3);
INSERT INTO pigtraxrefdata."GlineTypeTranslation" ("fieldValue","fieldLanguage","lastUpdated","userUpdated","id_GlineType") VALUES ('22','en',CURRENT_TIMESTAMP,'pigtraxadmin',4);
INSERT INTO pigtraxrefdata."GlineTypeTranslation" ("fieldValue","fieldLanguage","lastUpdated","userUpdated","id_GlineType") VALUES ('23','en',CURRENT_TIMESTAMP,'pigtraxadmin',5);
INSERT INTO pigtraxrefdata."GlineTypeTranslation" ("fieldValue","fieldLanguage","lastUpdated","userUpdated","id_GlineType") VALUES ('24','en',CURRENT_TIMESTAMP,'pigtraxadmin',6);
INSERT INTO pigtraxrefdata."GlineTypeTranslation" ("fieldValue","fieldLanguage","lastUpdated","userUpdated","id_GlineType") VALUES ('25','en',CURRENT_TIMESTAMP,'pigtraxadmin',7);
INSERT INTO pigtraxrefdata."GlineTypeTranslation" ("fieldValue","fieldLanguage","lastUpdated","userUpdated","id_GlineType") VALUES ('28','en',CURRENT_TIMESTAMP,'pigtraxadmin',8);
INSERT INTO pigtraxrefdata."GlineTypeTranslation" ("fieldValue","fieldLanguage","lastUpdated","userUpdated","id_GlineType") VALUES ('30','en',CURRENT_TIMESTAMP,'pigtraxadmin',9);
INSERT INTO pigtraxrefdata."GlineTypeTranslation" ("fieldValue","fieldLanguage","lastUpdated","userUpdated","id_GlineType") VALUES ('32','en',CURRENT_TIMESTAMP,'pigtraxadmin',10);
INSERT INTO pigtraxrefdata."GlineTypeTranslation" ("fieldValue","fieldLanguage","lastUpdated","userUpdated","id_GlineType") VALUES ('40','en',CURRENT_TIMESTAMP,'pigtraxadmin',11);
INSERT INTO pigtraxrefdata."GlineTypeTranslation" ("fieldValue","fieldLanguage","lastUpdated","userUpdated","id_GlineType") VALUES ('48','en',CURRENT_TIMESTAMP,'pigtraxadmin',12);
INSERT INTO pigtraxrefdata."GlineTypeTranslation" ("fieldValue","fieldLanguage","lastUpdated","userUpdated","id_GlineType") VALUES ('62','en',CURRENT_TIMESTAMP,'pigtraxadmin',13);
INSERT INTO pigtraxrefdata."GlineTypeTranslation" ("fieldValue","fieldLanguage","lastUpdated","userUpdated","id_GlineType") VALUES ('90','en',CURRENT_TIMESTAMP,'pigtraxadmin',14);
INSERT INTO pigtraxrefdata."GlineTypeTranslation" ("fieldValue","fieldLanguage","lastUpdated","userUpdated","id_GlineType") VALUES ('110','en',CURRENT_TIMESTAMP,'pigtraxadmin',15);
INSERT INTO pigtraxrefdata."GlineTypeTranslation" ("fieldValue","fieldLanguage","lastUpdated","userUpdated","id_GlineType") VALUES ('120','en',CURRENT_TIMESTAMP,'pigtraxadmin',16);
INSERT INTO pigtraxrefdata."GlineTypeTranslation" ("fieldValue","fieldLanguage","lastUpdated","userUpdated","id_GlineType") VALUES ('200','en',CURRENT_TIMESTAMP,'pigtraxadmin',17);
INSERT INTO pigtraxrefdata."GlineTypeTranslation" ("fieldValue","fieldLanguage","lastUpdated","userUpdated","id_GlineType") VALUES ('240','en',CURRENT_TIMESTAMP,'pigtraxadmin',18);
INSERT INTO pigtraxrefdata."GlineTypeTranslation" ("fieldValue","fieldLanguage","lastUpdated","userUpdated","id_GlineType") VALUES ('241','en',CURRENT_TIMESTAMP,'pigtraxadmin',19);
INSERT INTO pigtraxrefdata."GlineTypeTranslation" ("fieldValue","fieldLanguage","lastUpdated","userUpdated","id_GlineType") VALUES ('327','en',CURRENT_TIMESTAMP,'pigtraxadmin',20);
INSERT INTO pigtraxrefdata."GlineTypeTranslation" ("fieldValue","fieldLanguage","lastUpdated","userUpdated","id_GlineType") VALUES ('337','en',CURRENT_TIMESTAMP,'pigtraxadmin',21);
INSERT INTO pigtraxrefdata."GlineTypeTranslation" ("fieldValue","fieldLanguage","lastUpdated","userUpdated","id_GlineType") VALUES ('400','en',CURRENT_TIMESTAMP,'pigtraxadmin',22);
INSERT INTO pigtraxrefdata."GlineTypeTranslation" ("fieldValue","fieldLanguage","lastUpdated","userUpdated","id_GlineType") VALUES ('408','en',CURRENT_TIMESTAMP,'pigtraxadmin',23);
INSERT INTO pigtraxrefdata."GlineTypeTranslation" ("fieldValue","fieldLanguage","lastUpdated","userUpdated","id_GlineType") VALUES ('410','en',CURRENT_TIMESTAMP,'pigtraxadmin',24);
INSERT INTO pigtraxrefdata."GlineTypeTranslation" ("fieldValue","fieldLanguage","lastUpdated","userUpdated","id_GlineType") VALUES ('426','en',CURRENT_TIMESTAMP,'pigtraxadmin',25);
INSERT INTO pigtraxrefdata."GlineTypeTranslation" ("fieldValue","fieldLanguage","lastUpdated","userUpdated","id_GlineType") VALUES ('600','en',CURRENT_TIMESTAMP,'pigtraxadmin',26);
INSERT INTO pigtraxrefdata."GlineTypeTranslation" ("fieldValue","fieldLanguage","lastUpdated","userUpdated","id_GlineType") VALUES ('1010','en',CURRENT_TIMESTAMP,'pigtraxadmin',27);
INSERT INTO pigtraxrefdata."GlineTypeTranslation" ("fieldValue","fieldLanguage","lastUpdated","userUpdated","id_GlineType") VALUES ('1020','en',CURRENT_TIMESTAMP,'pigtraxadmin',28);
INSERT INTO pigtraxrefdata."GlineTypeTranslation" ("fieldValue","fieldLanguage","lastUpdated","userUpdated","id_GlineType") VALUES ('1050','en',CURRENT_TIMESTAMP,'pigtraxadmin',29);
INSERT INTO pigtraxrefdata."GlineTypeTranslation" ("fieldValue","fieldLanguage","lastUpdated","userUpdated","id_GlineType") VALUES ('1062','en',CURRENT_TIMESTAMP,'pigtraxadmin',30);
INSERT INTO pigtraxrefdata."GlineTypeTranslation" ("fieldValue","fieldLanguage","lastUpdated","userUpdated","id_GlineType") VALUES ('1070','en',CURRENT_TIMESTAMP,'pigtraxadmin',31);
INSERT INTO pigtraxrefdata."GlineTypeTranslation" ("fieldValue","fieldLanguage","lastUpdated","userUpdated","id_GlineType") VALUES ('1080','en',CURRENT_TIMESTAMP,'pigtraxadmin',32);
INSERT INTO pigtraxrefdata."GlineTypeTranslation" ("fieldValue","fieldLanguage","lastUpdated","userUpdated","id_GlineType") VALUES ('Duroc','en',CURRENT_TIMESTAMP,'pigtraxadmin',33);
INSERT INTO pigtraxrefdata."GlineTypeTranslation" ("fieldValue","fieldLanguage","lastUpdated","userUpdated","id_GlineType") VALUES ('EBX','en',CURRENT_TIMESTAMP,'pigtraxadmin',34);
INSERT INTO pigtraxrefdata."GlineTypeTranslation" ("fieldValue","fieldLanguage","lastUpdated","userUpdated","id_GlineType") VALUES ('EXM','en',CURRENT_TIMESTAMP,'pigtraxadmin',35);
INSERT INTO pigtraxrefdata."GlineTypeTranslation" ("fieldValue","fieldLanguage","lastUpdated","userUpdated","id_GlineType") VALUES ('LAN','en',CURRENT_TIMESTAMP,'pigtraxadmin',36);
INSERT INTO pigtraxrefdata."GlineTypeTranslation" ("fieldValue","fieldLanguage","lastUpdated","userUpdated","id_GlineType") VALUES ('LW','en',CURRENT_TIMESTAMP,'pigtraxadmin',37);
INSERT INTO pigtraxrefdata."GlineTypeTranslation" ("fieldValue","fieldLanguage","lastUpdated","userUpdated","id_GlineType") VALUES ('Talent','en',CURRENT_TIMESTAMP,'pigtraxadmin',38);
INSERT INTO pigtraxrefdata."GlineTypeTranslation" ("fieldValue","fieldLanguage","lastUpdated","userUpdated","id_GlineType") VALUES ('Tempo','en',CURRENT_TIMESTAMP,'pigtraxadmin',39);
INSERT INTO pigtraxrefdata."GlineTypeTranslation" ("fieldValue","fieldLanguage","lastUpdated","userUpdated","id_GlineType") VALUES ('York','en',CURRENT_TIMESTAMP,'pigtraxadmin',40);



INSERT INTO pigtraxrefdata."GlineTypeTranslation" ("fieldValue","fieldLanguage","lastUpdated","userUpdated","id_GlineType") VALUES ('10','es',CURRENT_TIMESTAMP,'pigtraxadmin',1);
INSERT INTO pigtraxrefdata."GlineTypeTranslation" ("fieldValue","fieldLanguage","lastUpdated","userUpdated","id_GlineType") VALUES ('19','es',CURRENT_TIMESTAMP,'pigtraxadmin',2);
INSERT INTO pigtraxrefdata."GlineTypeTranslation" ("fieldValue","fieldLanguage","lastUpdated","userUpdated","id_GlineType") VALUES ('20','es',CURRENT_TIMESTAMP,'pigtraxadmin',3);
INSERT INTO pigtraxrefdata."GlineTypeTranslation" ("fieldValue","fieldLanguage","lastUpdated","userUpdated","id_GlineType") VALUES ('22','es',CURRENT_TIMESTAMP,'pigtraxadmin',4);
INSERT INTO pigtraxrefdata."GlineTypeTranslation" ("fieldValue","fieldLanguage","lastUpdated","userUpdated","id_GlineType") VALUES ('23','es',CURRENT_TIMESTAMP,'pigtraxadmin',5);
INSERT INTO pigtraxrefdata."GlineTypeTranslation" ("fieldValue","fieldLanguage","lastUpdated","userUpdated","id_GlineType") VALUES ('24','es',CURRENT_TIMESTAMP,'pigtraxadmin',6);
INSERT INTO pigtraxrefdata."GlineTypeTranslation" ("fieldValue","fieldLanguage","lastUpdated","userUpdated","id_GlineType") VALUES ('25','es',CURRENT_TIMESTAMP,'pigtraxadmin',7);
INSERT INTO pigtraxrefdata."GlineTypeTranslation" ("fieldValue","fieldLanguage","lastUpdated","userUpdated","id_GlineType") VALUES ('28','es',CURRENT_TIMESTAMP,'pigtraxadmin',8);
INSERT INTO pigtraxrefdata."GlineTypeTranslation" ("fieldValue","fieldLanguage","lastUpdated","userUpdated","id_GlineType") VALUES ('30','es',CURRENT_TIMESTAMP,'pigtraxadmin',9);
INSERT INTO pigtraxrefdata."GlineTypeTranslation" ("fieldValue","fieldLanguage","lastUpdated","userUpdated","id_GlineType") VALUES ('32','es',CURRENT_TIMESTAMP,'pigtraxadmin',10);
INSERT INTO pigtraxrefdata."GlineTypeTranslation" ("fieldValue","fieldLanguage","lastUpdated","userUpdated","id_GlineType") VALUES ('40','es',CURRENT_TIMESTAMP,'pigtraxadmin',11);
INSERT INTO pigtraxrefdata."GlineTypeTranslation" ("fieldValue","fieldLanguage","lastUpdated","userUpdated","id_GlineType") VALUES ('48','es',CURRENT_TIMESTAMP,'pigtraxadmin',12);
INSERT INTO pigtraxrefdata."GlineTypeTranslation" ("fieldValue","fieldLanguage","lastUpdated","userUpdated","id_GlineType") VALUES ('62','es',CURRENT_TIMESTAMP,'pigtraxadmin',13);
INSERT INTO pigtraxrefdata."GlineTypeTranslation" ("fieldValue","fieldLanguage","lastUpdated","userUpdated","id_GlineType") VALUES ('90','es',CURRENT_TIMESTAMP,'pigtraxadmin',14);
INSERT INTO pigtraxrefdata."GlineTypeTranslation" ("fieldValue","fieldLanguage","lastUpdated","userUpdated","id_GlineType") VALUES ('110','es',CURRENT_TIMESTAMP,'pigtraxadmin',15);
INSERT INTO pigtraxrefdata."GlineTypeTranslation" ("fieldValue","fieldLanguage","lastUpdated","userUpdated","id_GlineType") VALUES ('120','es',CURRENT_TIMESTAMP,'pigtraxadmin',16);
INSERT INTO pigtraxrefdata."GlineTypeTranslation" ("fieldValue","fieldLanguage","lastUpdated","userUpdated","id_GlineType") VALUES ('200','es',CURRENT_TIMESTAMP,'pigtraxadmin',17);
INSERT INTO pigtraxrefdata."GlineTypeTranslation" ("fieldValue","fieldLanguage","lastUpdated","userUpdated","id_GlineType") VALUES ('240','es',CURRENT_TIMESTAMP,'pigtraxadmin',18);
INSERT INTO pigtraxrefdata."GlineTypeTranslation" ("fieldValue","fieldLanguage","lastUpdated","userUpdated","id_GlineType") VALUES ('241','es',CURRENT_TIMESTAMP,'pigtraxadmin',19);
INSERT INTO pigtraxrefdata."GlineTypeTranslation" ("fieldValue","fieldLanguage","lastUpdated","userUpdated","id_GlineType") VALUES ('327','es',CURRENT_TIMESTAMP,'pigtraxadmin',20);
INSERT INTO pigtraxrefdata."GlineTypeTranslation" ("fieldValue","fieldLanguage","lastUpdated","userUpdated","id_GlineType") VALUES ('337','es',CURRENT_TIMESTAMP,'pigtraxadmin',21);
INSERT INTO pigtraxrefdata."GlineTypeTranslation" ("fieldValue","fieldLanguage","lastUpdated","userUpdated","id_GlineType") VALUES ('400','es',CURRENT_TIMESTAMP,'pigtraxadmin',22);
INSERT INTO pigtraxrefdata."GlineTypeTranslation" ("fieldValue","fieldLanguage","lastUpdated","userUpdated","id_GlineType") VALUES ('408','es',CURRENT_TIMESTAMP,'pigtraxadmin',23);
INSERT INTO pigtraxrefdata."GlineTypeTranslation" ("fieldValue","fieldLanguage","lastUpdated","userUpdated","id_GlineType") VALUES ('410','es',CURRENT_TIMESTAMP,'pigtraxadmin',24);
INSERT INTO pigtraxrefdata."GlineTypeTranslation" ("fieldValue","fieldLanguage","lastUpdated","userUpdated","id_GlineType") VALUES ('426','es',CURRENT_TIMESTAMP,'pigtraxadmin',25);
INSERT INTO pigtraxrefdata."GlineTypeTranslation" ("fieldValue","fieldLanguage","lastUpdated","userUpdated","id_GlineType") VALUES ('600','es',CURRENT_TIMESTAMP,'pigtraxadmin',26);
INSERT INTO pigtraxrefdata."GlineTypeTranslation" ("fieldValue","fieldLanguage","lastUpdated","userUpdated","id_GlineType") VALUES ('1010','es',CURRENT_TIMESTAMP,'pigtraxadmin',27);
INSERT INTO pigtraxrefdata."GlineTypeTranslation" ("fieldValue","fieldLanguage","lastUpdated","userUpdated","id_GlineType") VALUES ('1020','es',CURRENT_TIMESTAMP,'pigtraxadmin',28);
INSERT INTO pigtraxrefdata."GlineTypeTranslation" ("fieldValue","fieldLanguage","lastUpdated","userUpdated","id_GlineType") VALUES ('1050','es',CURRENT_TIMESTAMP,'pigtraxadmin',29);
INSERT INTO pigtraxrefdata."GlineTypeTranslation" ("fieldValue","fieldLanguage","lastUpdated","userUpdated","id_GlineType") VALUES ('1062','es',CURRENT_TIMESTAMP,'pigtraxadmin',30);
INSERT INTO pigtraxrefdata."GlineTypeTranslation" ("fieldValue","fieldLanguage","lastUpdated","userUpdated","id_GlineType") VALUES ('1070','es',CURRENT_TIMESTAMP,'pigtraxadmin',31);
INSERT INTO pigtraxrefdata."GlineTypeTranslation" ("fieldValue","fieldLanguage","lastUpdated","userUpdated","id_GlineType") VALUES ('1080','es',CURRENT_TIMESTAMP,'pigtraxadmin',32);
INSERT INTO pigtraxrefdata."GlineTypeTranslation" ("fieldValue","fieldLanguage","lastUpdated","userUpdated","id_GlineType") VALUES ('Duroc_ES','es',CURRENT_TIMESTAMP,'pigtraxadmin',33);
INSERT INTO pigtraxrefdata."GlineTypeTranslation" ("fieldValue","fieldLanguage","lastUpdated","userUpdated","id_GlineType") VALUES ('EBX_ES','es',CURRENT_TIMESTAMP,'pigtraxadmin',34);
INSERT INTO pigtraxrefdata."GlineTypeTranslation" ("fieldValue","fieldLanguage","lastUpdated","userUpdated","id_GlineType") VALUES ('EXM_ES','es',CURRENT_TIMESTAMP,'pigtraxadmin',35);
INSERT INTO pigtraxrefdata."GlineTypeTranslation" ("fieldValue","fieldLanguage","lastUpdated","userUpdated","id_GlineType") VALUES ('LAN_ES','es',CURRENT_TIMESTAMP,'pigtraxadmin',36);
INSERT INTO pigtraxrefdata."GlineTypeTranslation" ("fieldValue","fieldLanguage","lastUpdated","userUpdated","id_GlineType") VALUES ('LW_ES','es',CURRENT_TIMESTAMP,'pigtraxadmin',37);
INSERT INTO pigtraxrefdata."GlineTypeTranslation" ("fieldValue","fieldLanguage","lastUpdated","userUpdated","id_GlineType") VALUES ('Talent_ES','es',CURRENT_TIMESTAMP,'pigtraxadmin',38);
INSERT INTO pigtraxrefdata."GlineTypeTranslation" ("fieldValue","fieldLanguage","lastUpdated","userUpdated","id_GlineType") VALUES ('Tempo_ES','es',CURRENT_TIMESTAMP,'pigtraxadmin',39);
INSERT INTO pigtraxrefdata."GlineTypeTranslation" ("fieldValue","fieldLanguage","lastUpdated","userUpdated","id_GlineType") VALUES ('York_ES','es',CURRENT_TIMESTAMP,'pigtraxadmin',40);



INSERT INTO pigtraxrefdata."GlineTypeTranslation" ("fieldValue","fieldLanguage","lastUpdated","userUpdated","id_GlineType") VALUES ('10','pr',CURRENT_TIMESTAMP,'pigtraxadmin',1);
INSERT INTO pigtraxrefdata."GlineTypeTranslation" ("fieldValue","fieldLanguage","lastUpdated","userUpdated","id_GlineType") VALUES ('19','pr',CURRENT_TIMESTAMP,'pigtraxadmin',2);
INSERT INTO pigtraxrefdata."GlineTypeTranslation" ("fieldValue","fieldLanguage","lastUpdated","userUpdated","id_GlineType") VALUES ('20','pr',CURRENT_TIMESTAMP,'pigtraxadmin',3);
INSERT INTO pigtraxrefdata."GlineTypeTranslation" ("fieldValue","fieldLanguage","lastUpdated","userUpdated","id_GlineType") VALUES ('22','pr',CURRENT_TIMESTAMP,'pigtraxadmin',4);
INSERT INTO pigtraxrefdata."GlineTypeTranslation" ("fieldValue","fieldLanguage","lastUpdated","userUpdated","id_GlineType") VALUES ('23','pr',CURRENT_TIMESTAMP,'pigtraxadmin',5);
INSERT INTO pigtraxrefdata."GlineTypeTranslation" ("fieldValue","fieldLanguage","lastUpdated","userUpdated","id_GlineType") VALUES ('24','pr',CURRENT_TIMESTAMP,'pigtraxadmin',6);
INSERT INTO pigtraxrefdata."GlineTypeTranslation" ("fieldValue","fieldLanguage","lastUpdated","userUpdated","id_GlineType") VALUES ('25','pr',CURRENT_TIMESTAMP,'pigtraxadmin',7);
INSERT INTO pigtraxrefdata."GlineTypeTranslation" ("fieldValue","fieldLanguage","lastUpdated","userUpdated","id_GlineType") VALUES ('28','pr',CURRENT_TIMESTAMP,'pigtraxadmin',8);
INSERT INTO pigtraxrefdata."GlineTypeTranslation" ("fieldValue","fieldLanguage","lastUpdated","userUpdated","id_GlineType") VALUES ('30','pr',CURRENT_TIMESTAMP,'pigtraxadmin',9);
INSERT INTO pigtraxrefdata."GlineTypeTranslation" ("fieldValue","fieldLanguage","lastUpdated","userUpdated","id_GlineType") VALUES ('32','pr',CURRENT_TIMESTAMP,'pigtraxadmin',10);
INSERT INTO pigtraxrefdata."GlineTypeTranslation" ("fieldValue","fieldLanguage","lastUpdated","userUpdated","id_GlineType") VALUES ('40','pr',CURRENT_TIMESTAMP,'pigtraxadmin',11);
INSERT INTO pigtraxrefdata."GlineTypeTranslation" ("fieldValue","fieldLanguage","lastUpdated","userUpdated","id_GlineType") VALUES ('48','pr',CURRENT_TIMESTAMP,'pigtraxadmin',12);
INSERT INTO pigtraxrefdata."GlineTypeTranslation" ("fieldValue","fieldLanguage","lastUpdated","userUpdated","id_GlineType") VALUES ('62','pr',CURRENT_TIMESTAMP,'pigtraxadmin',13);
INSERT INTO pigtraxrefdata."GlineTypeTranslation" ("fieldValue","fieldLanguage","lastUpdated","userUpdated","id_GlineType") VALUES ('90','pr',CURRENT_TIMESTAMP,'pigtraxadmin',14);
INSERT INTO pigtraxrefdata."GlineTypeTranslation" ("fieldValue","fieldLanguage","lastUpdated","userUpdated","id_GlineType") VALUES ('110','pr',CURRENT_TIMESTAMP,'pigtraxadmin',15);
INSERT INTO pigtraxrefdata."GlineTypeTranslation" ("fieldValue","fieldLanguage","lastUpdated","userUpdated","id_GlineType") VALUES ('120','pr',CURRENT_TIMESTAMP,'pigtraxadmin',16);
INSERT INTO pigtraxrefdata."GlineTypeTranslation" ("fieldValue","fieldLanguage","lastUpdated","userUpdated","id_GlineType") VALUES ('200','pr',CURRENT_TIMESTAMP,'pigtraxadmin',17);
INSERT INTO pigtraxrefdata."GlineTypeTranslation" ("fieldValue","fieldLanguage","lastUpdated","userUpdated","id_GlineType") VALUES ('240','pr',CURRENT_TIMESTAMP,'pigtraxadmin',18);
INSERT INTO pigtraxrefdata."GlineTypeTranslation" ("fieldValue","fieldLanguage","lastUpdated","userUpdated","id_GlineType") VALUES ('241','pr',CURRENT_TIMESTAMP,'pigtraxadmin',19);
INSERT INTO pigtraxrefdata."GlineTypeTranslation" ("fieldValue","fieldLanguage","lastUpdated","userUpdated","id_GlineType") VALUES ('327','pr',CURRENT_TIMESTAMP,'pigtraxadmin',20);
INSERT INTO pigtraxrefdata."GlineTypeTranslation" ("fieldValue","fieldLanguage","lastUpdated","userUpdated","id_GlineType") VALUES ('337','pr',CURRENT_TIMESTAMP,'pigtraxadmin',21);
INSERT INTO pigtraxrefdata."GlineTypeTranslation" ("fieldValue","fieldLanguage","lastUpdated","userUpdated","id_GlineType") VALUES ('400','pr',CURRENT_TIMESTAMP,'pigtraxadmin',22);
INSERT INTO pigtraxrefdata."GlineTypeTranslation" ("fieldValue","fieldLanguage","lastUpdated","userUpdated","id_GlineType") VALUES ('408','pr',CURRENT_TIMESTAMP,'pigtraxadmin',23);
INSERT INTO pigtraxrefdata."GlineTypeTranslation" ("fieldValue","fieldLanguage","lastUpdated","userUpdated","id_GlineType") VALUES ('410','pr',CURRENT_TIMESTAMP,'pigtraxadmin',24);
INSERT INTO pigtraxrefdata."GlineTypeTranslation" ("fieldValue","fieldLanguage","lastUpdated","userUpdated","id_GlineType") VALUES ('426','pr',CURRENT_TIMESTAMP,'pigtraxadmin',25);
INSERT INTO pigtraxrefdata."GlineTypeTranslation" ("fieldValue","fieldLanguage","lastUpdated","userUpdated","id_GlineType") VALUES ('600','pr',CURRENT_TIMESTAMP,'pigtraxadmin',26);
INSERT INTO pigtraxrefdata."GlineTypeTranslation" ("fieldValue","fieldLanguage","lastUpdated","userUpdated","id_GlineType") VALUES ('1010','pr',CURRENT_TIMESTAMP,'pigtraxadmin',27);
INSERT INTO pigtraxrefdata."GlineTypeTranslation" ("fieldValue","fieldLanguage","lastUpdated","userUpdated","id_GlineType") VALUES ('1020','pr',CURRENT_TIMESTAMP,'pigtraxadmin',28);
INSERT INTO pigtraxrefdata."GlineTypeTranslation" ("fieldValue","fieldLanguage","lastUpdated","userUpdated","id_GlineType") VALUES ('1050','pr',CURRENT_TIMESTAMP,'pigtraxadmin',29);
INSERT INTO pigtraxrefdata."GlineTypeTranslation" ("fieldValue","fieldLanguage","lastUpdated","userUpdated","id_GlineType") VALUES ('1062','pr',CURRENT_TIMESTAMP,'pigtraxadmin',30);
INSERT INTO pigtraxrefdata."GlineTypeTranslation" ("fieldValue","fieldLanguage","lastUpdated","userUpdated","id_GlineType") VALUES ('1070','pr',CURRENT_TIMESTAMP,'pigtraxadmin',31);
INSERT INTO pigtraxrefdata."GlineTypeTranslation" ("fieldValue","fieldLanguage","lastUpdated","userUpdated","id_GlineType") VALUES ('1080','pr',CURRENT_TIMESTAMP,'pigtraxadmin',32);
INSERT INTO pigtraxrefdata."GlineTypeTranslation" ("fieldValue","fieldLanguage","lastUpdated","userUpdated","id_GlineType") VALUES ('Duroc_PR','pr',CURRENT_TIMESTAMP,'pigtraxadmin',33);
INSERT INTO pigtraxrefdata."GlineTypeTranslation" ("fieldValue","fieldLanguage","lastUpdated","userUpdated","id_GlineType") VALUES ('EBX_PR','pr',CURRENT_TIMESTAMP,'pigtraxadmin',34);
INSERT INTO pigtraxrefdata."GlineTypeTranslation" ("fieldValue","fieldLanguage","lastUpdated","userUpdated","id_GlineType") VALUES ('EXM_PR','pr',CURRENT_TIMESTAMP,'pigtraxadmin',35);
INSERT INTO pigtraxrefdata."GlineTypeTranslation" ("fieldValue","fieldLanguage","lastUpdated","userUpdated","id_GlineType") VALUES ('LAN_PR','pr',CURRENT_TIMESTAMP,'pigtraxadmin',36);
INSERT INTO pigtraxrefdata."GlineTypeTranslation" ("fieldValue","fieldLanguage","lastUpdated","userUpdated","id_GlineType") VALUES ('LW_PR','pr',CURRENT_TIMESTAMP,'pigtraxadmin',37);
INSERT INTO pigtraxrefdata."GlineTypeTranslation" ("fieldValue","fieldLanguage","lastUpdated","userUpdated","id_GlineType") VALUES ('Talent_PR','pr',CURRENT_TIMESTAMP,'pigtraxadmin',38);
INSERT INTO pigtraxrefdata."GlineTypeTranslation" ("fieldValue","fieldLanguage","lastUpdated","userUpdated","id_GlineType") VALUES ('Tempo_PR','pr',CURRENT_TIMESTAMP,'pigtraxadmin',39);
INSERT INTO pigtraxrefdata."GlineTypeTranslation" ("fieldValue","fieldLanguage","lastUpdated","userUpdated","id_GlineType") VALUES ('York_PR','pr',CURRENT_TIMESTAMP,'pigtraxadmin',40);

---------

INSERT INTO pigtraxrefdata."LogEventType" ("fieldCode","fieldDescription","lastUpdated","userUpdated") VALUES (1,'Environment', CURRENT_TIMESTAMP,'pigtraxadmin');
INSERT INTO pigtraxrefdata."LogEventType" ("fieldCode","fieldDescription","lastUpdated","userUpdated") VALUES (2,'Feed', CURRENT_TIMESTAMP,'pigtraxadmin');
INSERT INTO pigtraxrefdata."LogEventType" ("fieldCode","fieldDescription","lastUpdated","userUpdated") VALUES (3,'Health', CURRENT_TIMESTAMP,'pigtraxadmin');
INSERT INTO pigtraxrefdata."LogEventType" ("fieldCode","fieldDescription","lastUpdated","userUpdated") VALUES (4,'Management', CURRENT_TIMESTAMP,'pigtraxadmin');
INSERT INTO pigtraxrefdata."LogEventType" ("fieldCode","fieldDescription","lastUpdated","userUpdated") VALUES (5,'Other', CURRENT_TIMESTAMP,'pigtraxadmin');
INSERT INTO pigtraxrefdata."LogEventType" ("fieldCode","fieldDescription","lastUpdated","userUpdated") VALUES (6,'Production', CURRENT_TIMESTAMP,'pigtraxadmin');

INSERT INTO pigtraxrefdata."LogEventTypeTranslation" ("fieldValue","fieldLanguage","lastUpdated","userUpdated","id_LogEventType") VALUES ('Environment','en',CURRENT_TIMESTAMP,'pigtraxadmin',1);
INSERT INTO pigtraxrefdata."LogEventTypeTranslation" ("fieldValue","fieldLanguage","lastUpdated","userUpdated","id_LogEventType") VALUES ('Feed','en',CURRENT_TIMESTAMP,'pigtraxadmin',2);
INSERT INTO pigtraxrefdata."LogEventTypeTranslation" ("fieldValue","fieldLanguage","lastUpdated","userUpdated","id_LogEventType") VALUES ('Health','en',CURRENT_TIMESTAMP,'pigtraxadmin',3);
INSERT INTO pigtraxrefdata."LogEventTypeTranslation" ("fieldValue","fieldLanguage","lastUpdated","userUpdated","id_LogEventType") VALUES ('Management','en',CURRENT_TIMESTAMP,'pigtraxadmin',4);
INSERT INTO pigtraxrefdata."LogEventTypeTranslation" ("fieldValue","fieldLanguage","lastUpdated","userUpdated","id_LogEventType") VALUES ('Other','en',CURRENT_TIMESTAMP,'pigtraxadmin',5);
INSERT INTO pigtraxrefdata."LogEventTypeTranslation" ("fieldValue","fieldLanguage","lastUpdated","userUpdated","id_LogEventType") VALUES ('Production','en',CURRENT_TIMESTAMP,'pigtraxadmin',6);


INSERT INTO pigtraxrefdata."LogEventTypeTranslation" ("fieldValue","fieldLanguage","lastUpdated","userUpdated","id_LogEventType") VALUES ('Environment_ES','es',CURRENT_TIMESTAMP,'pigtraxadmin',1);
INSERT INTO pigtraxrefdata."LogEventTypeTranslation" ("fieldValue","fieldLanguage","lastUpdated","userUpdated","id_LogEventType") VALUES ('Feed_ES','es',CURRENT_TIMESTAMP,'pigtraxadmin',2);
INSERT INTO pigtraxrefdata."LogEventTypeTranslation" ("fieldValue","fieldLanguage","lastUpdated","userUpdated","id_LogEventType") VALUES ('Health_ES','es',CURRENT_TIMESTAMP,'pigtraxadmin',3);
INSERT INTO pigtraxrefdata."LogEventTypeTranslation" ("fieldValue","fieldLanguage","lastUpdated","userUpdated","id_LogEventType") VALUES ('Management_ES','es',CURRENT_TIMESTAMP,'pigtraxadmin',4);
INSERT INTO pigtraxrefdata."LogEventTypeTranslation" ("fieldValue","fieldLanguage","lastUpdated","userUpdated","id_LogEventType") VALUES ('Other_ES','es',CURRENT_TIMESTAMP,'pigtraxadmin',5);
INSERT INTO pigtraxrefdata."LogEventTypeTranslation" ("fieldValue","fieldLanguage","lastUpdated","userUpdated","id_LogEventType") VALUES ('Production_ES','es',CURRENT_TIMESTAMP,'pigtraxadmin',6);

INSERT INTO pigtraxrefdata."LogEventTypeTranslation" ("fieldValue","fieldLanguage","lastUpdated","userUpdated","id_LogEventType") VALUES ('Environment_PR','pr',CURRENT_TIMESTAMP,'pigtraxadmin',1);
INSERT INTO pigtraxrefdata."LogEventTypeTranslation" ("fieldValue","fieldLanguage","lastUpdated","userUpdated","id_LogEventType") VALUES ('Feed_PR','pr',CURRENT_TIMESTAMP,'pigtraxadmin',2);
INSERT INTO pigtraxrefdata."LogEventTypeTranslation" ("fieldValue","fieldLanguage","lastUpdated","userUpdated","id_LogEventType") VALUES ('Health_PR','pr',CURRENT_TIMESTAMP,'pigtraxadmin',3);
INSERT INTO pigtraxrefdata."LogEventTypeTranslation" ("fieldValue","fieldLanguage","lastUpdated","userUpdated","id_LogEventType") VALUES ('Management_PR','pr',CURRENT_TIMESTAMP,'pigtraxadmin',4);
INSERT INTO pigtraxrefdata."LogEventTypeTranslation" ("fieldValue","fieldLanguage","lastUpdated","userUpdated","id_LogEventType") VALUES ('Other_PR','es',CURRENT_TIMESTAMP,'pigtraxadmin',5);
INSERT INTO pigtraxrefdata."LogEventTypeTranslation" ("fieldValue","fieldLanguage","lastUpdated","userUpdated","id_LogEventType") VALUES ('Production_PR','pr',CURRENT_TIMESTAMP,'pigtraxadmin',6);

------------------------------------------

INSERT INTO pigtraxrefdata."PigletCondition" ("fieldCode","fieldDescription","lastUpdated","userUpdated") VALUES (1,'Mixed Color', CURRENT_TIMESTAMP,'pigtraxadmin');
INSERT INTO pigtraxrefdata."PigletCondition" ("fieldCode","fieldDescription","lastUpdated","userUpdated") VALUES (2,'Small', CURRENT_TIMESTAMP,'pigtraxadmin');
INSERT INTO pigtraxrefdata."PigletCondition" ("fieldCode","fieldDescription","lastUpdated","userUpdated") VALUES (3,'Weak', CURRENT_TIMESTAMP,'pigtraxadmin');

INSERT INTO pigtraxrefdata."PigletConditionTranslation" ("fieldValue","fieldLanguage","lastUpdated","userUpdated","id_PigletCondition") VALUES ('Mixed Color','en',CURRENT_TIMESTAMP,'pigtraxadmin',1);
INSERT INTO pigtraxrefdata."PigletConditionTranslation" ("fieldValue","fieldLanguage","lastUpdated","userUpdated","id_PigletCondition") VALUES ('Small','en',CURRENT_TIMESTAMP,'pigtraxadmin',2);
INSERT INTO pigtraxrefdata."PigletConditionTranslation" ("fieldValue","fieldLanguage","lastUpdated","userUpdated","id_PigletCondition") VALUES ('Weak','en',CURRENT_TIMESTAMP,'pigtraxadmin',3);

INSERT INTO pigtraxrefdata."PigletConditionTranslation" ("fieldValue","fieldLanguage","lastUpdated","userUpdated","id_PigletCondition") VALUES ('Mixed Color_ES','es',CURRENT_TIMESTAMP,'pigtraxadmin',1);
INSERT INTO pigtraxrefdata."PigletConditionTranslation" ("fieldValue","fieldLanguage","lastUpdated","userUpdated","id_PigletCondition") VALUES ('Small_ES','es',CURRENT_TIMESTAMP,'pigtraxadmin',2);
INSERT INTO pigtraxrefdata."PigletConditionTranslation" ("fieldValue","fieldLanguage","lastUpdated","userUpdated","id_PigletCondition") VALUES ('Weak_ES','es',CURRENT_TIMESTAMP,'pigtraxadmin',3);

INSERT INTO pigtraxrefdata."PigletConditionTranslation" ("fieldValue","fieldLanguage","lastUpdated","userUpdated","id_PigletCondition") VALUES ('Mixed Color_PR','pr',CURRENT_TIMESTAMP,'pigtraxadmin',1);
INSERT INTO pigtraxrefdata."PigletConditionTranslation" ("fieldValue","fieldLanguage","lastUpdated","userUpdated","id_PigletCondition") VALUES ('Small_PR','pr',CURRENT_TIMESTAMP,'pigtraxadmin',2);
INSERT INTO pigtraxrefdata."PigletConditionTranslation" ("fieldValue","fieldLanguage","lastUpdated","userUpdated","id_PigletCondition") VALUES ('Weak_PR','pr',CURRENT_TIMESTAMP,'pigtraxadmin',3);

----------------------------------------------

INSERT INTO pigtraxrefdata."SalesType" ("fieldCode","fieldDescription","lastUpdated","userUpdated") VALUES (1,'Genetic', CURRENT_TIMESTAMP,'pigtraxadmin');
INSERT INTO pigtraxrefdata."SalesType" ("fieldCode","fieldDescription","lastUpdated","userUpdated") VALUES (2,'Premarket', CURRENT_TIMESTAMP,'pigtraxadmin');
INSERT INTO pigtraxrefdata."SalesType" ("fieldCode","fieldDescription","lastUpdated","userUpdated") VALUES (3,'Market', CURRENT_TIMESTAMP,'pigtraxadmin');
INSERT INTO pigtraxrefdata."SalesType" ("fieldCode","fieldDescription","lastUpdated","userUpdated") VALUES (4,'Weaner', CURRENT_TIMESTAMP,'pigtraxadmin');
INSERT INTO pigtraxrefdata."SalesType" ("fieldCode","fieldDescription","lastUpdated","userUpdated") VALUES (5,'Feeder', CURRENT_TIMESTAMP,'pigtraxadmin');

INSERT INTO pigtraxrefdata."SalesTypeTranslation" ("fieldValue","fieldLanguage","lastUpdated","userUpdated","id_SalesType") VALUES ('Genetic','en',CURRENT_TIMESTAMP,'pigtraxadmin',1);
INSERT INTO pigtraxrefdata."SalesTypeTranslation" ("fieldValue","fieldLanguage","lastUpdated","userUpdated","id_SalesType") VALUES ('Premarket','en',CURRENT_TIMESTAMP,'pigtraxadmin',2);
INSERT INTO pigtraxrefdata."SalesTypeTranslation" ("fieldValue","fieldLanguage","lastUpdated","userUpdated","id_SalesType") VALUES ('Market','en',CURRENT_TIMESTAMP,'pigtraxadmin',3);
INSERT INTO pigtraxrefdata."SalesTypeTranslation" ("fieldValue","fieldLanguage","lastUpdated","userUpdated","id_SalesType") VALUES ('Weaner','en',CURRENT_TIMESTAMP,'pigtraxadmin',4);
INSERT INTO pigtraxrefdata."SalesTypeTranslation" ("fieldValue","fieldLanguage","lastUpdated","userUpdated","id_SalesType") VALUES ('Feeder','en',CURRENT_TIMESTAMP,'pigtraxadmin',5);

INSERT INTO pigtraxrefdata."SalesTypeTranslation" ("fieldValue","fieldLanguage","lastUpdated","userUpdated","id_SalesType") VALUES ('Genetic_ES','es',CURRENT_TIMESTAMP,'pigtraxadmin',1);
INSERT INTO pigtraxrefdata."SalesTypeTranslation" ("fieldValue","fieldLanguage","lastUpdated","userUpdated","id_SalesType") VALUES ('Premarket_ES','es',CURRENT_TIMESTAMP,'pigtraxadmin',2);
INSERT INTO pigtraxrefdata."SalesTypeTranslation" ("fieldValue","fieldLanguage","lastUpdated","userUpdated","id_SalesType") VALUES ('Market_ES','es',CURRENT_TIMESTAMP,'pigtraxadmin',3);
INSERT INTO pigtraxrefdata."SalesTypeTranslation" ("fieldValue","fieldLanguage","lastUpdated","userUpdated","id_SalesType") VALUES ('Weaner_ES','es',CURRENT_TIMESTAMP,'pigtraxadmin',4);
INSERT INTO pigtraxrefdata."SalesTypeTranslation" ("fieldValue","fieldLanguage","lastUpdated","userUpdated","id_SalesType") VALUES ('Feeder_ES','es',CURRENT_TIMESTAMP,'pigtraxadmin',5);

INSERT INTO pigtraxrefdata."SalesTypeTranslation" ("fieldValue","fieldLanguage","lastUpdated","userUpdated","id_SalesType") VALUES ('Genetic_PR','es',CURRENT_TIMESTAMP,'pigtraxadmin',1);
INSERT INTO pigtraxrefdata."SalesTypeTranslation" ("fieldValue","fieldLanguage","lastUpdated","userUpdated","id_SalesType") VALUES ('Premarket_PR','es',CURRENT_TIMESTAMP,'pigtraxadmin',2);
INSERT INTO pigtraxrefdata."SalesTypeTranslation" ("fieldValue","fieldLanguage","lastUpdated","userUpdated","id_SalesType") VALUES ('Market_PR','es',CURRENT_TIMESTAMP,'pigtraxadmin',3);
INSERT INTO pigtraxrefdata."SalesTypeTranslation" ("fieldValue","fieldLanguage","lastUpdated","userUpdated","id_SalesType") VALUES ('Weaner_PR','es',CURRENT_TIMESTAMP,'pigtraxadmin',4);
INSERT INTO pigtraxrefdata."SalesTypeTranslation" ("fieldValue","fieldLanguage","lastUpdated","userUpdated","id_SalesType") VALUES ('Feeder_PR','es',CURRENT_TIMESTAMP,'pigtraxadmin',5);

-------------------------

INSERT INTO pigtraxrefdata."SalesReasons" ("fieldCode","fieldDescription","lastUpdated","userUpdated") VALUES (1,'ABORT', CURRENT_TIMESTAMP,'pigtraxadmin');
INSERT INTO pigtraxrefdata."SalesReasons" ("fieldCode","fieldDescription","lastUpdated","userUpdated") VALUES (2,'BOAR INFERTILITY', CURRENT_TIMESTAMP,'pigtraxadmin');
INSERT INTO pigtraxrefdata."SalesReasons" ("fieldCode","fieldDescription","lastUpdated","userUpdated") VALUES (3,'DID NOT CONCEIVE', CURRENT_TIMESTAMP,'pigtraxadmin');
INSERT INTO pigtraxrefdata."SalesReasons" ("fieldCode","fieldDescription","lastUpdated","userUpdated") VALUES (4,'FOUND NOT PREGNANT', CURRENT_TIMESTAMP,'pigtraxadmin');
INSERT INTO pigtraxrefdata."SalesReasons" ("fieldCode","fieldDescription","lastUpdated","userUpdated") VALUES (5,'Hernia', CURRENT_TIMESTAMP,'pigtraxadmin');
INSERT INTO pigtraxrefdata."SalesReasons" ("fieldCode","fieldDescription","lastUpdated","userUpdated") VALUES (6,'HOOF PROBLEMS', CURRENT_TIMESTAMP,'pigtraxadmin');
INSERT INTO pigtraxrefdata."SalesReasons" ("fieldCode","fieldDescription","lastUpdated","userUpdated") VALUES (7,'INJURY', CURRENT_TIMESTAMP,'pigtraxadmin');
INSERT INTO pigtraxrefdata."SalesReasons" ("fieldCode","fieldDescription","lastUpdated","userUpdated") VALUES (8,'JOINT INFECTION', CURRENT_TIMESTAMP,'pigtraxadmin');
INSERT INTO pigtraxrefdata."SalesReasons" ("fieldCode","fieldDescription","lastUpdated","userUpdated") VALUES (9,'LAMENESS', CURRENT_TIMESTAMP,'pigtraxadmin');
INSERT INTO pigtraxrefdata."SalesReasons" ("fieldCode","fieldDescription","lastUpdated","userUpdated") VALUES (10,'Low FARROWING PRODUCTIVITY', CURRENT_TIMESTAMP,'pigtraxadmin');
INSERT INTO pigtraxrefdata."SalesReasons" ("fieldCode","fieldDescription","lastUpdated","userUpdated") VALUES (11,'MASTITIS', CURRENT_TIMESTAMP,'pigtraxadmin');
INSERT INTO pigtraxrefdata."SalesReasons" ("fieldCode","fieldDescription","lastUpdated","userUpdated") VALUES (12,'NO HEAT', CURRENT_TIMESTAMP,'pigtraxadmin');
INSERT INTO pigtraxrefdata."SalesReasons" ("fieldCode","fieldDescription","lastUpdated","userUpdated") VALUES (13,'NonCastarate', CURRENT_TIMESTAMP,'pigtraxadmin');
INSERT INTO pigtraxrefdata."SalesReasons" ("fieldCode","fieldDescription","lastUpdated","userUpdated") VALUES (14,'OLD AGE', CURRENT_TIMESTAMP,'pigtraxadmin');
INSERT INTO pigtraxrefdata."SalesReasons" ("fieldCode","fieldDescription","lastUpdated","userUpdated") VALUES (15,'OTHER', CURRENT_TIMESTAMP,'pigtraxadmin');
INSERT INTO pigtraxrefdata."SalesReasons" ("fieldCode","fieldDescription","lastUpdated","userUpdated") VALUES (16,'PREG CHECK NEGATIVE', CURRENT_TIMESTAMP,'pigtraxadmin');
INSERT INTO pigtraxrefdata."SalesReasons" ("fieldCode","fieldDescription","lastUpdated","userUpdated") VALUES (17,'PROLAPSE Rectal', CURRENT_TIMESTAMP,'pigtraxadmin');
INSERT INTO pigtraxrefdata."SalesReasons" ("fieldCode","fieldDescription","lastUpdated","userUpdated") VALUES (18,'PROLAPSE Uterine', CURRENT_TIMESTAMP,'pigtraxadmin');
INSERT INTO pigtraxrefdata."SalesReasons" ("fieldCode","fieldDescription","lastUpdated","userUpdated") VALUES (19,'PROLAPSE Vaginal', CURRENT_TIMESTAMP,'pigtraxadmin');
INSERT INTO pigtraxrefdata."SalesReasons" ("fieldCode","fieldDescription","lastUpdated","userUpdated") VALUES (20,'Rupture', CURRENT_TIMESTAMP,'pigtraxadmin');
INSERT INTO pigtraxrefdata."SalesReasons" ("fieldCode","fieldDescription","lastUpdated","userUpdated") VALUES (21,'SAVAGING', CURRENT_TIMESTAMP,'pigtraxadmin');
INSERT INTO pigtraxrefdata."SalesReasons" ("fieldCode","fieldDescription","lastUpdated","userUpdated") VALUES (22,'Substandard', CURRENT_TIMESTAMP,'pigtraxadmin');
INSERT INTO pigtraxrefdata."SalesReasons" ("fieldCode","fieldDescription","lastUpdated","userUpdated") VALUES (23,'TailBite', CURRENT_TIMESTAMP,'pigtraxadmin');
INSERT INTO pigtraxrefdata."SalesReasons" ("fieldCode","fieldDescription","lastUpdated","userUpdated") VALUES (24,'Too Big', CURRENT_TIMESTAMP,'pigtraxadmin');
INSERT INTO pigtraxrefdata."SalesReasons" ("fieldCode","fieldDescription","lastUpdated","userUpdated") VALUES (25,'UNKNOWN', CURRENT_TIMESTAMP,'pigtraxadmin');
INSERT INTO pigtraxrefdata."SalesReasons" ("fieldCode","fieldDescription","lastUpdated","userUpdated") VALUES (26,'VAGINAL DISCHARGE', CURRENT_TIMESTAMP,'pigtraxadmin');


INSERT INTO pigtraxrefdata."SalesReasonsTranslation" ("fieldValue","fieldLanguage","lastUpdated","userUpdated","id_SalesReason") VALUES ('ABORT','en',CURRENT_TIMESTAMP,'pigtraxadmin',1);
INSERT INTO pigtraxrefdata."SalesReasonsTranslation" ("fieldValue","fieldLanguage","lastUpdated","userUpdated","id_SalesReason") VALUES ('BOAR INFERTILITY','en',CURRENT_TIMESTAMP,'pigtraxadmin',2);
INSERT INTO pigtraxrefdata."SalesReasonsTranslation" ("fieldValue","fieldLanguage","lastUpdated","userUpdated","id_SalesReason") VALUES ('DID NOT CONCEIVE','en',CURRENT_TIMESTAMP,'pigtraxadmin',3);
INSERT INTO pigtraxrefdata."SalesReasonsTranslation" ("fieldValue","fieldLanguage","lastUpdated","userUpdated","id_SalesReason") VALUES ('FOUND NOT PREGNANT','en',CURRENT_TIMESTAMP,'pigtraxadmin',4);
INSERT INTO pigtraxrefdata."SalesReasonsTranslation" ("fieldValue","fieldLanguage","lastUpdated","userUpdated","id_SalesReason") VALUES ('Hernia','en',CURRENT_TIMESTAMP,'pigtraxadmin',5);
INSERT INTO pigtraxrefdata."SalesReasonsTranslation" ("fieldValue","fieldLanguage","lastUpdated","userUpdated","id_SalesReason") VALUES ('HOOF PROBLEMS','en',CURRENT_TIMESTAMP,'pigtraxadmin',6);
INSERT INTO pigtraxrefdata."SalesReasonsTranslation" ("fieldValue","fieldLanguage","lastUpdated","userUpdated","id_SalesReason") VALUES ('INJURY','en',CURRENT_TIMESTAMP,'pigtraxadmin',7);
INSERT INTO pigtraxrefdata."SalesReasonsTranslation" ("fieldValue","fieldLanguage","lastUpdated","userUpdated","id_SalesReason") VALUES ('JOINT INFECTION','en',CURRENT_TIMESTAMP,'pigtraxadmin',8);
INSERT INTO pigtraxrefdata."SalesReasonsTranslation" ("fieldValue","fieldLanguage","lastUpdated","userUpdated","id_SalesReason") VALUES ('LAMENESS','en',CURRENT_TIMESTAMP,'pigtraxadmin',9);
INSERT INTO pigtraxrefdata."SalesReasonsTranslation" ("fieldValue","fieldLanguage","lastUpdated","userUpdated","id_SalesReason") VALUES ('Low FARROWING PRODUCTIVITY','en',CURRENT_TIMESTAMP,'pigtraxadmin',10);
INSERT INTO pigtraxrefdata."SalesReasonsTranslation" ("fieldValue","fieldLanguage","lastUpdated","userUpdated","id_SalesReason") VALUES ('MASTITIS','en',CURRENT_TIMESTAMP,'pigtraxadmin',11);
INSERT INTO pigtraxrefdata."SalesReasonsTranslation" ("fieldValue","fieldLanguage","lastUpdated","userUpdated","id_SalesReason") VALUES ('NO HEAT','en',CURRENT_TIMESTAMP,'pigtraxadmin',12);
INSERT INTO pigtraxrefdata."SalesReasonsTranslation" ("fieldValue","fieldLanguage","lastUpdated","userUpdated","id_SalesReason") VALUES ('NonCastarate','en',CURRENT_TIMESTAMP,'pigtraxadmin',13);
INSERT INTO pigtraxrefdata."SalesReasonsTranslation" ("fieldValue","fieldLanguage","lastUpdated","userUpdated","id_SalesReason") VALUES ('OLD AGE','en',CURRENT_TIMESTAMP,'pigtraxadmin',14);
INSERT INTO pigtraxrefdata."SalesReasonsTranslation" ("fieldValue","fieldLanguage","lastUpdated","userUpdated","id_SalesReason") VALUES ('OTHER','en',CURRENT_TIMESTAMP,'pigtraxadmin',15);
INSERT INTO pigtraxrefdata."SalesReasonsTranslation" ("fieldValue","fieldLanguage","lastUpdated","userUpdated","id_SalesReason") VALUES ('PREG CHECK NEGATIVE','en',CURRENT_TIMESTAMP,'pigtraxadmin',16);
INSERT INTO pigtraxrefdata."SalesReasonsTranslation" ("fieldValue","fieldLanguage","lastUpdated","userUpdated","id_SalesReason") VALUES ('PROLAPSE Rectal','en',CURRENT_TIMESTAMP,'pigtraxadmin',17);
INSERT INTO pigtraxrefdata."SalesReasonsTranslation" ("fieldValue","fieldLanguage","lastUpdated","userUpdated","id_SalesReason") VALUES ('PROLAPSE Uterine','en',CURRENT_TIMESTAMP,'pigtraxadmin',18);
INSERT INTO pigtraxrefdata."SalesReasonsTranslation" ("fieldValue","fieldLanguage","lastUpdated","userUpdated","id_SalesReason") VALUES ('PROLAPSE Vaginal','en',CURRENT_TIMESTAMP,'pigtraxadmin',19);
INSERT INTO pigtraxrefdata."SalesReasonsTranslation" ("fieldValue","fieldLanguage","lastUpdated","userUpdated","id_SalesReason") VALUES ('Rupture','en',CURRENT_TIMESTAMP,'pigtraxadmin',20);
INSERT INTO pigtraxrefdata."SalesReasonsTranslation" ("fieldValue","fieldLanguage","lastUpdated","userUpdated","id_SalesReason") VALUES ('SAVAGING','en',CURRENT_TIMESTAMP,'pigtraxadmin',21);
INSERT INTO pigtraxrefdata."SalesReasonsTranslation" ("fieldValue","fieldLanguage","lastUpdated","userUpdated","id_SalesReason") VALUES ('Substandard','en',CURRENT_TIMESTAMP,'pigtraxadmin',22);
INSERT INTO pigtraxrefdata."SalesReasonsTranslation" ("fieldValue","fieldLanguage","lastUpdated","userUpdated","id_SalesReason") VALUES ('TailBite','en',CURRENT_TIMESTAMP,'pigtraxadmin',23);
INSERT INTO pigtraxrefdata."SalesReasonsTranslation" ("fieldValue","fieldLanguage","lastUpdated","userUpdated","id_SalesReason") VALUES ('Too Big','en',CURRENT_TIMESTAMP,'pigtraxadmin',24);
INSERT INTO pigtraxrefdata."SalesReasonsTranslation" ("fieldValue","fieldLanguage","lastUpdated","userUpdated","id_SalesReason") VALUES ('UNKNOWN','en',CURRENT_TIMESTAMP,'pigtraxadmin',25);
INSERT INTO pigtraxrefdata."SalesReasonsTranslation" ("fieldValue","fieldLanguage","lastUpdated","userUpdated","id_SalesReason") VALUES ('VAGINAL DISCHARGE','en',CURRENT_TIMESTAMP,'pigtraxadmin',26);


INSERT INTO pigtraxrefdata."SalesReasonsTranslation" ("fieldValue","fieldLanguage","lastUpdated","userUpdated","id_SalesReason") VALUES ('ABORT_ES','es',CURRENT_TIMESTAMP,'pigtraxadmin',1);
INSERT INTO pigtraxrefdata."SalesReasonsTranslation" ("fieldValue","fieldLanguage","lastUpdated","userUpdated","id_SalesReason") VALUES ('BOAR INFERTILITY_ES','es',CURRENT_TIMESTAMP,'pigtraxadmin',2);
INSERT INTO pigtraxrefdata."SalesReasonsTranslation" ("fieldValue","fieldLanguage","lastUpdated","userUpdated","id_SalesReason") VALUES ('DID NOT CONCEIVE_ES','es',CURRENT_TIMESTAMP,'pigtraxadmin',3);
INSERT INTO pigtraxrefdata."SalesReasonsTranslation" ("fieldValue","fieldLanguage","lastUpdated","userUpdated","id_SalesReason") VALUES ('FOUND NOT PREGNANT_ES','es',CURRENT_TIMESTAMP,'pigtraxadmin',4);
INSERT INTO pigtraxrefdata."SalesReasonsTranslation" ("fieldValue","fieldLanguage","lastUpdated","userUpdated","id_SalesReason") VALUES ('Hernia_ES','es',CURRENT_TIMESTAMP,'pigtraxadmin',5);
INSERT INTO pigtraxrefdata."SalesReasonsTranslation" ("fieldValue","fieldLanguage","lastUpdated","userUpdated","id_SalesReason") VALUES ('HOOF PROBLEMS_ES','es',CURRENT_TIMESTAMP,'pigtraxadmin',6);
INSERT INTO pigtraxrefdata."SalesReasonsTranslation" ("fieldValue","fieldLanguage","lastUpdated","userUpdated","id_SalesReason") VALUES ('INJURY_ES','es',CURRENT_TIMESTAMP,'pigtraxadmin',7);
INSERT INTO pigtraxrefdata."SalesReasonsTranslation" ("fieldValue","fieldLanguage","lastUpdated","userUpdated","id_SalesReason") VALUES ('JOINT INFECTION_ES','es',CURRENT_TIMESTAMP,'pigtraxadmin',8);
INSERT INTO pigtraxrefdata."SalesReasonsTranslation" ("fieldValue","fieldLanguage","lastUpdated","userUpdated","id_SalesReason") VALUES ('LAMENESS_ES','es',CURRENT_TIMESTAMP,'pigtraxadmin',9);
INSERT INTO pigtraxrefdata."SalesReasonsTranslation" ("fieldValue","fieldLanguage","lastUpdated","userUpdated","id_SalesReason") VALUES ('Low FARROWING PRODUCTIVITY_ES','es',CURRENT_TIMESTAMP,'pigtraxadmin',10);
INSERT INTO pigtraxrefdata."SalesReasonsTranslation" ("fieldValue","fieldLanguage","lastUpdated","userUpdated","id_SalesReason") VALUES ('MASTITIS_ES','es',CURRENT_TIMESTAMP,'pigtraxadmin',11);
INSERT INTO pigtraxrefdata."SalesReasonsTranslation" ("fieldValue","fieldLanguage","lastUpdated","userUpdated","id_SalesReason") VALUES ('NO HEAT_ES','es',CURRENT_TIMESTAMP,'pigtraxadmin',12);
INSERT INTO pigtraxrefdata."SalesReasonsTranslation" ("fieldValue","fieldLanguage","lastUpdated","userUpdated","id_SalesReason") VALUES ('NonCastarate_ES','es',CURRENT_TIMESTAMP,'pigtraxadmin',13);
INSERT INTO pigtraxrefdata."SalesReasonsTranslation" ("fieldValue","fieldLanguage","lastUpdated","userUpdated","id_SalesReason") VALUES ('OLD AGE_ES','es',CURRENT_TIMESTAMP,'pigtraxadmin',14);
INSERT INTO pigtraxrefdata."SalesReasonsTranslation" ("fieldValue","fieldLanguage","lastUpdated","userUpdated","id_SalesReason") VALUES ('OTHER_ES','es',CURRENT_TIMESTAMP,'pigtraxadmin',15);
INSERT INTO pigtraxrefdata."SalesReasonsTranslation" ("fieldValue","fieldLanguage","lastUpdated","userUpdated","id_SalesReason") VALUES ('PREG CHECK NEGATIVE_ES','es',CURRENT_TIMESTAMP,'pigtraxadmin',16);
INSERT INTO pigtraxrefdata."SalesReasonsTranslation" ("fieldValue","fieldLanguage","lastUpdated","userUpdated","id_SalesReason") VALUES ('PROLAPSE Rectal_ES','es',CURRENT_TIMESTAMP,'pigtraxadmin',17);
INSERT INTO pigtraxrefdata."SalesReasonsTranslation" ("fieldValue","fieldLanguage","lastUpdated","userUpdated","id_SalesReason") VALUES ('PROLAPSE Uterine_ES','es',CURRENT_TIMESTAMP,'pigtraxadmin',18);
INSERT INTO pigtraxrefdata."SalesReasonsTranslation" ("fieldValue","fieldLanguage","lastUpdated","userUpdated","id_SalesReason") VALUES ('PROLAPSE Vaginal_ES','es',CURRENT_TIMESTAMP,'pigtraxadmin',19);
INSERT INTO pigtraxrefdata."SalesReasonsTranslation" ("fieldValue","fieldLanguage","lastUpdated","userUpdated","id_SalesReason") VALUES ('Rupture_ES','es',CURRENT_TIMESTAMP,'pigtraxadmin',20);
INSERT INTO pigtraxrefdata."SalesReasonsTranslation" ("fieldValue","fieldLanguage","lastUpdated","userUpdated","id_SalesReason") VALUES ('SAVAGING_ES','es',CURRENT_TIMESTAMP,'pigtraxadmin',21);
INSERT INTO pigtraxrefdata."SalesReasonsTranslation" ("fieldValue","fieldLanguage","lastUpdated","userUpdated","id_SalesReason") VALUES ('Substandard_ES','es',CURRENT_TIMESTAMP,'pigtraxadmin',22);
INSERT INTO pigtraxrefdata."SalesReasonsTranslation" ("fieldValue","fieldLanguage","lastUpdated","userUpdated","id_SalesReason") VALUES ('TailBite_ES','es',CURRENT_TIMESTAMP,'pigtraxadmin',23);
INSERT INTO pigtraxrefdata."SalesReasonsTranslation" ("fieldValue","fieldLanguage","lastUpdated","userUpdated","id_SalesReason") VALUES ('Too Big_ES','es',CURRENT_TIMESTAMP,'pigtraxadmin',24);
INSERT INTO pigtraxrefdata."SalesReasonsTranslation" ("fieldValue","fieldLanguage","lastUpdated","userUpdated","id_SalesReason") VALUES ('UNKNOWN_ES','es',CURRENT_TIMESTAMP,'pigtraxadmin',25);
INSERT INTO pigtraxrefdata."SalesReasonsTranslation" ("fieldValue","fieldLanguage","lastUpdated","userUpdated","id_SalesReason") VALUES ('VAGINAL DISCHARGE_ES','es',CURRENT_TIMESTAMP,'pigtraxadmin',26);


INSERT INTO pigtraxrefdata."SalesReasonsTranslation" ("fieldValue","fieldLanguage","lastUpdated","userUpdated","id_SalesReason") VALUES ('ABORT_PR','pr',CURRENT_TIMESTAMP,'pigtraxadmin',1);
INSERT INTO pigtraxrefdata."SalesReasonsTranslation" ("fieldValue","fieldLanguage","lastUpdated","userUpdated","id_SalesReason") VALUES ('BOAR INFERTILITY_PR','pr',CURRENT_TIMESTAMP,'pigtraxadmin',2);
INSERT INTO pigtraxrefdata."SalesReasonsTranslation" ("fieldValue","fieldLanguage","lastUpdated","userUpdated","id_SalesReason") VALUES ('DID NOT CONCEIVE_PR','pr',CURRENT_TIMESTAMP,'pigtraxadmin',3);
INSERT INTO pigtraxrefdata."SalesReasonsTranslation" ("fieldValue","fieldLanguage","lastUpdated","userUpdated","id_SalesReason") VALUES ('FOUND NOT PREGNANT_PR','pr',CURRENT_TIMESTAMP,'pigtraxadmin',4);
INSERT INTO pigtraxrefdata."SalesReasonsTranslation" ("fieldValue","fieldLanguage","lastUpdated","userUpdated","id_SalesReason") VALUES ('Hernia_PR','pr',CURRENT_TIMESTAMP,'pigtraxadmin',5);
INSERT INTO pigtraxrefdata."SalesReasonsTranslation" ("fieldValue","fieldLanguage","lastUpdated","userUpdated","id_SalesReason") VALUES ('HOOF PROBLEMS_PR','pr',CURRENT_TIMESTAMP,'pigtraxadmin',6);
INSERT INTO pigtraxrefdata."SalesReasonsTranslation" ("fieldValue","fieldLanguage","lastUpdated","userUpdated","id_SalesReason") VALUES ('INJURY_PR','pr',CURRENT_TIMESTAMP,'pigtraxadmin',7);
INSERT INTO pigtraxrefdata."SalesReasonsTranslation" ("fieldValue","fieldLanguage","lastUpdated","userUpdated","id_SalesReason") VALUES ('JOINT INFECTION_PR','pr',CURRENT_TIMESTAMP,'pigtraxadmin',8);
INSERT INTO pigtraxrefdata."SalesReasonsTranslation" ("fieldValue","fieldLanguage","lastUpdated","userUpdated","id_SalesReason") VALUES ('LAMENESS_PR','pr',CURRENT_TIMESTAMP,'pigtraxadmin',9);
INSERT INTO pigtraxrefdata."SalesReasonsTranslation" ("fieldValue","fieldLanguage","lastUpdated","userUpdated","id_SalesReason") VALUES ('Low FARROWING PRODUCTIVITY_PR','pr',CURRENT_TIMESTAMP,'pigtraxadmin',10);
INSERT INTO pigtraxrefdata."SalesReasonsTranslation" ("fieldValue","fieldLanguage","lastUpdated","userUpdated","id_SalesReason") VALUES ('MASTITIS_PR','pr',CURRENT_TIMESTAMP,'pigtraxadmin',11);
INSERT INTO pigtraxrefdata."SalesReasonsTranslation" ("fieldValue","fieldLanguage","lastUpdated","userUpdated","id_SalesReason") VALUES ('NO HEAT_PR','pr',CURRENT_TIMESTAMP,'pigtraxadmin',12);
INSERT INTO pigtraxrefdata."SalesReasonsTranslation" ("fieldValue","fieldLanguage","lastUpdated","userUpdated","id_SalesReason") VALUES ('NonCastarate_PR','pr',CURRENT_TIMESTAMP,'pigtraxadmin',13);
INSERT INTO pigtraxrefdata."SalesReasonsTranslation" ("fieldValue","fieldLanguage","lastUpdated","userUpdated","id_SalesReason") VALUES ('OLD AGE_PR','pr',CURRENT_TIMESTAMP,'pigtraxadmin',14);
INSERT INTO pigtraxrefdata."SalesReasonsTranslation" ("fieldValue","fieldLanguage","lastUpdated","userUpdated","id_SalesReason") VALUES ('OTHER_PR','pr',CURRENT_TIMESTAMP,'pigtraxadmin',15);
INSERT INTO pigtraxrefdata."SalesReasonsTranslation" ("fieldValue","fieldLanguage","lastUpdated","userUpdated","id_SalesReason") VALUES ('PREG CHECK NEGATIVE_PR','pr',CURRENT_TIMESTAMP,'pigtraxadmin',16);
INSERT INTO pigtraxrefdata."SalesReasonsTranslation" ("fieldValue","fieldLanguage","lastUpdated","userUpdated","id_SalesReason") VALUES ('PROLAPSE Rectal_PR','pr',CURRENT_TIMESTAMP,'pigtraxadmin',17);
INSERT INTO pigtraxrefdata."SalesReasonsTranslation" ("fieldValue","fieldLanguage","lastUpdated","userUpdated","id_SalesReason") VALUES ('PROLAPSE Uterine_PR','pr',CURRENT_TIMESTAMP,'pigtraxadmin',18);
INSERT INTO pigtraxrefdata."SalesReasonsTranslation" ("fieldValue","fieldLanguage","lastUpdated","userUpdated","id_SalesReason") VALUES ('PROLAPSE Vaginal_PR','pr',CURRENT_TIMESTAMP,'pigtraxadmin',19);
INSERT INTO pigtraxrefdata."SalesReasonsTranslation" ("fieldValue","fieldLanguage","lastUpdated","userUpdated","id_SalesReason") VALUES ('Rupture_PR','pr',CURRENT_TIMESTAMP,'pigtraxadmin',20);
INSERT INTO pigtraxrefdata."SalesReasonsTranslation" ("fieldValue","fieldLanguage","lastUpdated","userUpdated","id_SalesReason") VALUES ('SAVAGING_PR','pr',CURRENT_TIMESTAMP,'pigtraxadmin',21);
INSERT INTO pigtraxrefdata."SalesReasonsTranslation" ("fieldValue","fieldLanguage","lastUpdated","userUpdated","id_SalesReason") VALUES ('Substandard_PR','pr',CURRENT_TIMESTAMP,'pigtraxadmin',22);
INSERT INTO pigtraxrefdata."SalesReasonsTranslation" ("fieldValue","fieldLanguage","lastUpdated","userUpdated","id_SalesReason") VALUES ('TailBite_PR','pr',CURRENT_TIMESTAMP,'pigtraxadmin',23);
INSERT INTO pigtraxrefdata."SalesReasonsTranslation" ("fieldValue","fieldLanguage","lastUpdated","userUpdated","id_SalesReason") VALUES ('Too Big_PR','pr',CURRENT_TIMESTAMP,'pigtraxadmin',24);
INSERT INTO pigtraxrefdata."SalesReasonsTranslation" ("fieldValue","fieldLanguage","lastUpdated","userUpdated","id_SalesReason") VALUES ('UNKNOWN_PR','pr',CURRENT_TIMESTAMP,'pigtraxadmin',25);
INSERT INTO pigtraxrefdata."SalesReasonsTranslation" ("fieldValue","fieldLanguage","lastUpdated","userUpdated","id_SalesReason") VALUES ('VAGINAL DISCHARGE_PR','pr',CURRENT_TIMESTAMP,'pigtraxadmin',26);

-----------------------------------

INSERT INTO pigtraxrefdata."PremiseType" ("fieldCode","fieldDescription","lastUpdated","userUpdated") VALUES (1,'S1', CURRENT_TIMESTAMP,'pigtraxadmin');
INSERT INTO pigtraxrefdata."PremiseType" ("fieldCode","fieldDescription","lastUpdated","userUpdated") VALUES (2,'S2', CURRENT_TIMESTAMP,'pigtraxadmin');
INSERT INTO pigtraxrefdata."PremiseType" ("fieldCode","fieldDescription","lastUpdated","userUpdated") VALUES (3,'S3', CURRENT_TIMESTAMP,'pigtraxadmin');
INSERT INTO pigtraxrefdata."PremiseType" ("fieldCode","fieldDescription","lastUpdated","userUpdated") VALUES (4,'WF', CURRENT_TIMESTAMP,'pigtraxadmin');
INSERT INTO pigtraxrefdata."PremiseType" ("fieldCode","fieldDescription","lastUpdated","userUpdated") VALUES (5,'GDU', CURRENT_TIMESTAMP,'pigtraxadmin');
INSERT INTO pigtraxrefdata."PremiseType" ("fieldCode","fieldDescription","lastUpdated","userUpdated") VALUES (6,'S12', CURRENT_TIMESTAMP,'pigtraxadmin');
INSERT INTO pigtraxrefdata."PremiseType" ("fieldCode","fieldDescription","lastUpdated","userUpdated") VALUES (7,'S23', CURRENT_TIMESTAMP,'pigtraxadmin');
INSERT INTO pigtraxrefdata."PremiseType" ("fieldCode","fieldDescription","lastUpdated","userUpdated") VALUES (8,'S123', CURRENT_TIMESTAMP,'pigtraxadmin');

INSERT INTO pigtraxrefdata."PremiseTypeTranslation" ("fieldValue","fieldLanguage","lastUpdated","userUpdated","id_PremiseType") VALUES ('S1','en',CURRENT_TIMESTAMP,'pigtraxadmin',1);
INSERT INTO pigtraxrefdata."PremiseTypeTranslation" ("fieldValue","fieldLanguage","lastUpdated","userUpdated","id_PremiseType") VALUES ('S2','en',CURRENT_TIMESTAMP,'pigtraxadmin',2);
INSERT INTO pigtraxrefdata."PremiseTypeTranslation" ("fieldValue","fieldLanguage","lastUpdated","userUpdated","id_PremiseType") VALUES ('S3','en',CURRENT_TIMESTAMP,'pigtraxadmin',3);
INSERT INTO pigtraxrefdata."PremiseTypeTranslation" ("fieldValue","fieldLanguage","lastUpdated","userUpdated","id_PremiseType") VALUES ('WF','en',CURRENT_TIMESTAMP,'pigtraxadmin',4);
INSERT INTO pigtraxrefdata."PremiseTypeTranslation" ("fieldValue","fieldLanguage","lastUpdated","userUpdated","id_PremiseType") VALUES ('GDU','en',CURRENT_TIMESTAMP,'pigtraxadmin',5);
INSERT INTO pigtraxrefdata."PremiseTypeTranslation" ("fieldValue","fieldLanguage","lastUpdated","userUpdated","id_PremiseType") VALUES ('S12','en',CURRENT_TIMESTAMP,'pigtraxadmin',6);
INSERT INTO pigtraxrefdata."PremiseTypeTranslation" ("fieldValue","fieldLanguage","lastUpdated","userUpdated","id_PremiseType") VALUES ('S23','en',CURRENT_TIMESTAMP,'pigtraxadmin',7);
INSERT INTO pigtraxrefdata."PremiseTypeTranslation" ("fieldValue","fieldLanguage","lastUpdated","userUpdated","id_PremiseType") VALUES ('S123','en',CURRENT_TIMESTAMP,'pigtraxadmin',8);

INSERT INTO pigtraxrefdata."PremiseTypeTranslation" ("fieldValue","fieldLanguage","lastUpdated","userUpdated","id_PremiseType") VALUES ('S1_ES','es',CURRENT_TIMESTAMP,'pigtraxadmin',1);
INSERT INTO pigtraxrefdata."PremiseTypeTranslation" ("fieldValue","fieldLanguage","lastUpdated","userUpdated","id_PremiseType") VALUES ('S2_ES','es',CURRENT_TIMESTAMP,'pigtraxadmin',2);
INSERT INTO pigtraxrefdata."PremiseTypeTranslation" ("fieldValue","fieldLanguage","lastUpdated","userUpdated","id_PremiseType") VALUES ('S3_ES','es',CURRENT_TIMESTAMP,'pigtraxadmin',3);
INSERT INTO pigtraxrefdata."PremiseTypeTranslation" ("fieldValue","fieldLanguage","lastUpdated","userUpdated","id_PremiseType") VALUES ('WF_ES','es',CURRENT_TIMESTAMP,'pigtraxadmin',4);
INSERT INTO pigtraxrefdata."PremiseTypeTranslation" ("fieldValue","fieldLanguage","lastUpdated","userUpdated","id_PremiseType") VALUES ('GDU_ES','es',CURRENT_TIMESTAMP,'pigtraxadmin',5);
INSERT INTO pigtraxrefdata."PremiseTypeTranslation" ("fieldValue","fieldLanguage","lastUpdated","userUpdated","id_PremiseType") VALUES ('S12_ES','es',CURRENT_TIMESTAMP,'pigtraxadmin',6);
INSERT INTO pigtraxrefdata."PremiseTypeTranslation" ("fieldValue","fieldLanguage","lastUpdated","userUpdated","id_PremiseType") VALUES ('S23_ES','es',CURRENT_TIMESTAMP,'pigtraxadmin',7);
INSERT INTO pigtraxrefdata."PremiseTypeTranslation" ("fieldValue","fieldLanguage","lastUpdated","userUpdated","id_PremiseType") VALUES ('S123_ES','es',CURRENT_TIMESTAMP,'pigtraxadmin',8);

INSERT INTO pigtraxrefdata."PremiseTypeTranslation" ("fieldValue","fieldLanguage","lastUpdated","userUpdated","id_PremiseType") VALUES ('S1_PR','pr',CURRENT_TIMESTAMP,'pigtraxadmin',1);
INSERT INTO pigtraxrefdata."PremiseTypeTranslation" ("fieldValue","fieldLanguage","lastUpdated","userUpdated","id_PremiseType") VALUES ('S2_PR','pr',CURRENT_TIMESTAMP,'pigtraxadmin',2);
INSERT INTO pigtraxrefdata."PremiseTypeTranslation" ("fieldValue","fieldLanguage","lastUpdated","userUpdated","id_PremiseType") VALUES ('S3_PR','pr',CURRENT_TIMESTAMP,'pigtraxadmin',3);
INSERT INTO pigtraxrefdata."PremiseTypeTranslation" ("fieldValue","fieldLanguage","lastUpdated","userUpdated","id_PremiseType") VALUES ('WF_PR','pr',CURRENT_TIMESTAMP,'pigtraxadmin',4);
INSERT INTO pigtraxrefdata."PremiseTypeTranslation" ("fieldValue","fieldLanguage","lastUpdated","userUpdated","id_PremiseType") VALUES ('GDU_PR','pr',CURRENT_TIMESTAMP,'pigtraxadmin',5);
INSERT INTO pigtraxrefdata."PremiseTypeTranslation" ("fieldValue","fieldLanguage","lastUpdated","userUpdated","id_PremiseType") VALUES ('S12_PR','pr',CURRENT_TIMESTAMP,'pigtraxadmin',6);
INSERT INTO pigtraxrefdata."PremiseTypeTranslation" ("fieldValue","fieldLanguage","lastUpdated","userUpdated","id_PremiseType") VALUES ('S23_PR','pr',CURRENT_TIMESTAMP,'pigtraxadmin',7);
INSERT INTO pigtraxrefdata."PremiseTypeTranslation" ("fieldValue","fieldLanguage","lastUpdated","userUpdated","id_PremiseType") VALUES ('S123_PR','pr',CURRENT_TIMESTAMP,'pigtraxadmin',8);

----------------------------------------------------------------------------------

INSERT INTO pigtraxrefdata."BarnLocation" ("fieldCode","fieldDescription","lastUpdated","userUpdated") VALUES (1,'Center', CURRENT_TIMESTAMP,'pigtraxadmin');
INSERT INTO pigtraxrefdata."BarnLocation" ("fieldCode","fieldDescription","lastUpdated","userUpdated") VALUES (2,'East', CURRENT_TIMESTAMP,'pigtraxadmin');
INSERT INTO pigtraxrefdata."BarnLocation" ("fieldCode","fieldDescription","lastUpdated","userUpdated") VALUES (3,'North', CURRENT_TIMESTAMP,'pigtraxadmin');
INSERT INTO pigtraxrefdata."BarnLocation" ("fieldCode","fieldDescription","lastUpdated","userUpdated") VALUES (4,'North East', CURRENT_TIMESTAMP,'pigtraxadmin');
INSERT INTO pigtraxrefdata."BarnLocation" ("fieldCode","fieldDescription","lastUpdated","userUpdated") VALUES (5,'North West', CURRENT_TIMESTAMP,'pigtraxadmin');
INSERT INTO pigtraxrefdata."BarnLocation" ("fieldCode","fieldDescription","lastUpdated","userUpdated") VALUES (6,'South', CURRENT_TIMESTAMP,'pigtraxadmin');
INSERT INTO pigtraxrefdata."BarnLocation" ("fieldCode","fieldDescription","lastUpdated","userUpdated") VALUES (7,'South East', CURRENT_TIMESTAMP,'pigtraxadmin');
INSERT INTO pigtraxrefdata."BarnLocation" ("fieldCode","fieldDescription","lastUpdated","userUpdated") VALUES (8,'South West', CURRENT_TIMESTAMP,'pigtraxadmin');
INSERT INTO pigtraxrefdata."BarnLocation" ("fieldCode","fieldDescription","lastUpdated","userUpdated") VALUES (9,'West', CURRENT_TIMESTAMP,'pigtraxadmin');


INSERT INTO pigtraxrefdata."BarnLocationTranslation" ("fieldValue","fieldLanguage","lastUpdated","userUpdated","id_BarnLocation") VALUES ('Center','en',CURRENT_TIMESTAMP,'pigtraxadmin',1);
INSERT INTO pigtraxrefdata."BarnLocationTranslation" ("fieldValue","fieldLanguage","lastUpdated","userUpdated","id_BarnLocation") VALUES ('East','en',CURRENT_TIMESTAMP,'pigtraxadmin',2);
INSERT INTO pigtraxrefdata."BarnLocationTranslation" ("fieldValue","fieldLanguage","lastUpdated","userUpdated","id_BarnLocation") VALUES ('North','en',CURRENT_TIMESTAMP,'pigtraxadmin',3);
INSERT INTO pigtraxrefdata."BarnLocationTranslation" ("fieldValue","fieldLanguage","lastUpdated","userUpdated","id_BarnLocation") VALUES ('North East','en',CURRENT_TIMESTAMP,'pigtraxadmin',4);
INSERT INTO pigtraxrefdata."BarnLocationTranslation" ("fieldValue","fieldLanguage","lastUpdated","userUpdated","id_BarnLocation") VALUES ('North West','en',CURRENT_TIMESTAMP,'pigtraxadmin',5);
INSERT INTO pigtraxrefdata."BarnLocationTranslation" ("fieldValue","fieldLanguage","lastUpdated","userUpdated","id_BarnLocation") VALUES ('South','en',CURRENT_TIMESTAMP,'pigtraxadmin',6);
INSERT INTO pigtraxrefdata."BarnLocationTranslation" ("fieldValue","fieldLanguage","lastUpdated","userUpdated","id_BarnLocation") VALUES ('South East','en',CURRENT_TIMESTAMP,'pigtraxadmin',7);
INSERT INTO pigtraxrefdata."BarnLocationTranslation" ("fieldValue","fieldLanguage","lastUpdated","userUpdated","id_BarnLocation") VALUES ('South West','en',CURRENT_TIMESTAMP,'pigtraxadmin',8);
INSERT INTO pigtraxrefdata."BarnLocationTranslation" ("fieldValue","fieldLanguage","lastUpdated","userUpdated","id_BarnLocation") VALUES ('West','en',CURRENT_TIMESTAMP,'pigtraxadmin',9);

INSERT INTO pigtraxrefdata."BarnLocationTranslation" ("fieldValue","fieldLanguage","lastUpdated","userUpdated","id_BarnLocation") VALUES ('Center_ES','es',CURRENT_TIMESTAMP,'pigtraxadmin',1);
INSERT INTO pigtraxrefdata."BarnLocationTranslation" ("fieldValue","fieldLanguage","lastUpdated","userUpdated","id_BarnLocation") VALUES ('East_ES','es',CURRENT_TIMESTAMP,'pigtraxadmin',2);
INSERT INTO pigtraxrefdata."BarnLocationTranslation" ("fieldValue","fieldLanguage","lastUpdated","userUpdated","id_BarnLocation") VALUES ('North_ES','es',CURRENT_TIMESTAMP,'pigtraxadmin',3);
INSERT INTO pigtraxrefdata."BarnLocationTranslation" ("fieldValue","fieldLanguage","lastUpdated","userUpdated","id_BarnLocation") VALUES ('North East_ES','es',CURRENT_TIMESTAMP,'pigtraxadmin',4);
INSERT INTO pigtraxrefdata."BarnLocationTranslation" ("fieldValue","fieldLanguage","lastUpdated","userUpdated","id_BarnLocation") VALUES ('North West_ES','es',CURRENT_TIMESTAMP,'pigtraxadmin',5);
INSERT INTO pigtraxrefdata."BarnLocationTranslation" ("fieldValue","fieldLanguage","lastUpdated","userUpdated","id_BarnLocation") VALUES ('South_ES','es',CURRENT_TIMESTAMP,'pigtraxadmin',6);
INSERT INTO pigtraxrefdata."BarnLocationTranslation" ("fieldValue","fieldLanguage","lastUpdated","userUpdated","id_BarnLocation") VALUES ('South East_ES','es',CURRENT_TIMESTAMP,'pigtraxadmin',7);
INSERT INTO pigtraxrefdata."BarnLocationTranslation" ("fieldValue","fieldLanguage","lastUpdated","userUpdated","id_BarnLocation") VALUES ('South West_ES','es',CURRENT_TIMESTAMP,'pigtraxadmin',8);
INSERT INTO pigtraxrefdata."BarnLocationTranslation" ("fieldValue","fieldLanguage","lastUpdated","userUpdated","id_BarnLocation") VALUES ('West_ES','es',CURRENT_TIMESTAMP,'pigtraxadmin',9);

INSERT INTO pigtraxrefdata."BarnLocationTranslation" ("fieldValue","fieldLanguage","lastUpdated","userUpdated","id_BarnLocation") VALUES ('Center_PR','pr',CURRENT_TIMESTAMP,'pigtraxadmin',1);
INSERT INTO pigtraxrefdata."BarnLocationTranslation" ("fieldValue","fieldLanguage","lastUpdated","userUpdated","id_BarnLocation") VALUES ('East_PR','pr',CURRENT_TIMESTAMP,'pigtraxadmin',2);
INSERT INTO pigtraxrefdata."BarnLocationTranslation" ("fieldValue","fieldLanguage","lastUpdated","userUpdated","id_BarnLocation") VALUES ('North_PR','pr',CURRENT_TIMESTAMP,'pigtraxadmin',3);
INSERT INTO pigtraxrefdata."BarnLocationTranslation" ("fieldValue","fieldLanguage","lastUpdated","userUpdated","id_BarnLocation") VALUES ('North East_PR','pr',CURRENT_TIMESTAMP,'pigtraxadmin',4);
INSERT INTO pigtraxrefdata."BarnLocationTranslation" ("fieldValue","fieldLanguage","lastUpdated","userUpdated","id_BarnLocation") VALUES ('North West_PR','pr',CURRENT_TIMESTAMP,'pigtraxadmin',5);
INSERT INTO pigtraxrefdata."BarnLocationTranslation" ("fieldValue","fieldLanguage","lastUpdated","userUpdated","id_BarnLocation") VALUES ('South_PR','pr',CURRENT_TIMESTAMP,'pigtraxadmin',6);
INSERT INTO pigtraxrefdata."BarnLocationTranslation" ("fieldValue","fieldLanguage","lastUpdated","userUpdated","id_BarnLocation") VALUES ('South East_PR','pr',CURRENT_TIMESTAMP,'pigtraxadmin',7);
INSERT INTO pigtraxrefdata."BarnLocationTranslation" ("fieldValue","fieldLanguage","lastUpdated","userUpdated","id_BarnLocation") VALUES ('South West_PR','pr',CURRENT_TIMESTAMP,'pigtraxadmin',8);
INSERT INTO pigtraxrefdata."BarnLocationTranslation" ("fieldValue","fieldLanguage","lastUpdated","userUpdated","id_BarnLocation") VALUES ('West_PR','pr',CURRENT_TIMESTAMP,'pigtraxadmin',9);


-----------------------------------------------------------------------------------

INSERT INTO pigtraxrefdata."WaterType" ("fieldCode","fieldDescription","lastUpdated","userUpdated") VALUES (1,'Cup', CURRENT_TIMESTAMP,'pigtraxadmin');
INSERT INTO pigtraxrefdata."WaterType" ("fieldCode","fieldDescription","lastUpdated","userUpdated") VALUES (2,'Nipple', CURRENT_TIMESTAMP,'pigtraxadmin');
INSERT INTO pigtraxrefdata."WaterType" ("fieldCode","fieldDescription","lastUpdated","userUpdated") VALUES (3,'Swinging', CURRENT_TIMESTAMP,'pigtraxadmin');


INSERT INTO pigtraxrefdata."WaterTypeTranslation" ("fieldValue","fieldLanguage","lastUpdated","userUpdated","id_WaterType") VALUES ('Cup','en',CURRENT_TIMESTAMP,'pigtraxadmin',1);
INSERT INTO pigtraxrefdata."WaterTypeTranslation" ("fieldValue","fieldLanguage","lastUpdated","userUpdated","id_WaterType") VALUES ('Nipple','en',CURRENT_TIMESTAMP,'pigtraxadmin',2);
INSERT INTO pigtraxrefdata."WaterTypeTranslation" ("fieldValue","fieldLanguage","lastUpdated","userUpdated","id_WaterType") VALUES ('Swinging','en',CURRENT_TIMESTAMP,'pigtraxadmin',3);

INSERT INTO pigtraxrefdata."WaterTypeTranslation" ("fieldValue","fieldLanguage","lastUpdated","userUpdated","id_WaterType") VALUES ('Cup_ES','es',CURRENT_TIMESTAMP,'pigtraxadmin',1);
INSERT INTO pigtraxrefdata."WaterTypeTranslation" ("fieldValue","fieldLanguage","lastUpdated","userUpdated","id_WaterType") VALUES ('Nipple_ES','es',CURRENT_TIMESTAMP,'pigtraxadmin',2);
INSERT INTO pigtraxrefdata."WaterTypeTranslation" ("fieldValue","fieldLanguage","lastUpdated","userUpdated","id_WaterType") VALUES ('Swinging_ES','es',CURRENT_TIMESTAMP,'pigtraxadmin',3);

INSERT INTO pigtraxrefdata."WaterTypeTranslation" ("fieldValue","fieldLanguage","lastUpdated","userUpdated","id_WaterType") VALUES ('Cup_PR','pr',CURRENT_TIMESTAMP,'pigtraxadmin',1);
INSERT INTO pigtraxrefdata."WaterTypeTranslation" ("fieldValue","fieldLanguage","lastUpdated","userUpdated","id_WaterType") VALUES ('Nipple_PR','pr',CURRENT_TIMESTAMP,'pigtraxadmin',2);
INSERT INTO pigtraxrefdata."WaterTypeTranslation" ("fieldValue","fieldLanguage","lastUpdated","userUpdated","id_WaterType") VALUES ('Swinging_PR','pr',CURRENT_TIMESTAMP,'pigtraxadmin',3);

----------------------------------------------------------------------------------------


INSERT INTO pigtraxrefdata."BarnPosition" ("fieldCode","fieldDescription","lastUpdated","userUpdated") VALUES (1,'Center', CURRENT_TIMESTAMP,'pigtraxadmin');
INSERT INTO pigtraxrefdata."BarnPosition" ("fieldCode","fieldDescription","lastUpdated","userUpdated") VALUES (2,'Inside', CURRENT_TIMESTAMP,'pigtraxadmin');
INSERT INTO pigtraxrefdata."BarnPosition" ("fieldCode","fieldDescription","lastUpdated","userUpdated") VALUES (3,'Outside', CURRENT_TIMESTAMP,'pigtraxadmin');


INSERT INTO pigtraxrefdata."BarnPositionTranslation" ("fieldValue","fieldLanguage","lastUpdated","userUpdated","id_BarnPosition") VALUES ('Center','en',CURRENT_TIMESTAMP,'pigtraxadmin',1);
INSERT INTO pigtraxrefdata."BarnPositionTranslation" ("fieldValue","fieldLanguage","lastUpdated","userUpdated","id_BarnPosition") VALUES ('Inside','en',CURRENT_TIMESTAMP,'pigtraxadmin',2);
INSERT INTO pigtraxrefdata."BarnPositionTranslation" ("fieldValue","fieldLanguage","lastUpdated","userUpdated","id_BarnPosition") VALUES ('Outside','en',CURRENT_TIMESTAMP,'pigtraxadmin',3);

INSERT INTO pigtraxrefdata."BarnPositionTranslation" ("fieldValue","fieldLanguage","lastUpdated","userUpdated","id_BarnPosition") VALUES ('Center_ES','es',CURRENT_TIMESTAMP,'pigtraxadmin',1);
INSERT INTO pigtraxrefdata."BarnPositionTranslation" ("fieldValue","fieldLanguage","lastUpdated","userUpdated","id_BarnPosition") VALUES ('Inside_ES','es',CURRENT_TIMESTAMP,'pigtraxadmin',2);
INSERT INTO pigtraxrefdata."BarnPositionTranslation" ("fieldValue","fieldLanguage","lastUpdated","userUpdated","id_BarnPosition") VALUES ('Outside_ES','es',CURRENT_TIMESTAMP,'pigtraxadmin',3);

INSERT INTO pigtraxrefdata."BarnPositionTranslation" ("fieldValue","fieldLanguage","lastUpdated","userUpdated","id_BarnPosition") VALUES ('Center_PR','pr',CURRENT_TIMESTAMP,'pigtraxadmin',1);
INSERT INTO pigtraxrefdata."BarnPositionTranslation" ("fieldValue","fieldLanguage","lastUpdated","userUpdated","id_BarnPosition") VALUES ('Inside_PR','pr',CURRENT_TIMESTAMP,'pigtraxadmin',2);
INSERT INTO pigtraxrefdata."BarnPositionTranslation" ("fieldValue","fieldLanguage","lastUpdated","userUpdated","id_BarnPosition") VALUES ('Outside_PR','pr',CURRENT_TIMESTAMP,'pigtraxadmin',3);

-----------------------------------------------------------------------------------------



INSERT INTO pigtraxrefdata."FeederType" ("fieldCode","fieldDescription","lastUpdated","userUpdated") VALUES (1,'Dry', CURRENT_TIMESTAMP,'pigtraxadmin');
INSERT INTO pigtraxrefdata."FeederType" ("fieldCode","fieldDescription","lastUpdated","userUpdated") VALUES (2,'Wet', CURRENT_TIMESTAMP,'pigtraxadmin');
INSERT INTO pigtraxrefdata."FeederType" ("fieldCode","fieldDescription","lastUpdated","userUpdated") VALUES (3,'Liquid', CURRENT_TIMESTAMP,'pigtraxadmin');


INSERT INTO pigtraxrefdata."FeederTypeTranslation" ("fieldValue","fieldLanguage","lastUpdated","userUpdated","id_FeederType") VALUES ('Dry','en',CURRENT_TIMESTAMP,'pigtraxadmin',1);
INSERT INTO pigtraxrefdata."FeederTypeTranslation" ("fieldValue","fieldLanguage","lastUpdated","userUpdated","id_FeederType") VALUES ('Wet','en',CURRENT_TIMESTAMP,'pigtraxadmin',2);
INSERT INTO pigtraxrefdata."FeederTypeTranslation" ("fieldValue","fieldLanguage","lastUpdated","userUpdated","id_FeederType") VALUES ('Liquid','en',CURRENT_TIMESTAMP,'pigtraxadmin',3);

INSERT INTO pigtraxrefdata."FeederTypeTranslation" ("fieldValue","fieldLanguage","lastUpdated","userUpdated","id_FeederType") VALUES ('Dry_ES','es',CURRENT_TIMESTAMP,'pigtraxadmin',1);
INSERT INTO pigtraxrefdata."FeederTypeTranslation" ("fieldValue","fieldLanguage","lastUpdated","userUpdated","id_FeederType") VALUES ('Wet_ES','es',CURRENT_TIMESTAMP,'pigtraxadmin',2);
INSERT INTO pigtraxrefdata."FeederTypeTranslation" ("fieldValue","fieldLanguage","lastUpdated","userUpdated","id_FeederType") VALUES ('Liquid_ES','es',CURRENT_TIMESTAMP,'pigtraxadmin',3);

INSERT INTO pigtraxrefdata."FeederTypeTranslation" ("fieldValue","fieldLanguage","lastUpdated","userUpdated","id_FeederType") VALUES ('Dry_PR','pr',CURRENT_TIMESTAMP,'pigtraxadmin',1);
INSERT INTO pigtraxrefdata."FeederTypeTranslation" ("fieldValue","fieldLanguage","lastUpdated","userUpdated","id_FeederType") VALUES ('Wet_PR','pr',CURRENT_TIMESTAMP,'pigtraxadmin',2);
INSERT INTO pigtraxrefdata."FeederTypeTranslation" ("fieldValue","fieldLanguage","lastUpdated","userUpdated","id_FeederType") VALUES ('Liquid_PR','pr',CURRENT_TIMESTAMP,'pigtraxadmin',3);


---------------------------------------------------------------------------------------



INSERT INTO pigtraxrefdata."FunctionType" ("fieldCode","fieldDescription","lastUpdated","userUpdated") VALUES (1,'Breeding', CURRENT_TIMESTAMP,'pigtraxadmin');
INSERT INTO pigtraxrefdata."FunctionType" ("fieldCode","fieldDescription","lastUpdated","userUpdated") VALUES (2,'Driver', CURRENT_TIMESTAMP,'pigtraxadmin');
INSERT INTO pigtraxrefdata."FunctionType" ("fieldCode","fieldDescription","lastUpdated","userUpdated") VALUES (3,'Farrowing', CURRENT_TIMESTAMP,'pigtraxadmin');
INSERT INTO pigtraxrefdata."FunctionType" ("fieldCode","fieldDescription","lastUpdated","userUpdated") VALUES (4,'Feed Mill', CURRENT_TIMESTAMP,'pigtraxadmin');
INSERT INTO pigtraxrefdata."FunctionType" ("fieldCode","fieldDescription","lastUpdated","userUpdated") VALUES (5,'Finishing', CURRENT_TIMESTAMP,'pigtraxadmin');
INSERT INTO pigtraxrefdata."FunctionType" ("fieldCode","fieldDescription","lastUpdated","userUpdated") VALUES (6,'GDU', CURRENT_TIMESTAMP,'pigtraxadmin');
INSERT INTO pigtraxrefdata."FunctionType" ("fieldCode","fieldDescription","lastUpdated","userUpdated") VALUES (7,'Nursery', CURRENT_TIMESTAMP,'pigtraxadmin');
INSERT INTO pigtraxrefdata."FunctionType" ("fieldCode","fieldDescription","lastUpdated","userUpdated") VALUES (8,'Quarantine', CURRENT_TIMESTAMP,'pigtraxadmin');
INSERT INTO pigtraxrefdata."FunctionType" ("fieldCode","fieldDescription","lastUpdated","userUpdated") VALUES (9,'Transport', CURRENT_TIMESTAMP,'pigtraxadmin');
INSERT INTO pigtraxrefdata."FunctionType" ("fieldCode","fieldDescription","lastUpdated","userUpdated") VALUES (10,'WeanFinish', CURRENT_TIMESTAMP,'pigtraxadmin');
INSERT INTO pigtraxrefdata."FunctionType" ("fieldCode","fieldDescription","lastUpdated","userUpdated") VALUES (11,'Data Entry', CURRENT_TIMESTAMP,'pigtraxadmin');
INSERT INTO pigtraxrefdata."FunctionType" ("fieldCode","fieldDescription","lastUpdated","userUpdated") VALUES (12,'Management', CURRENT_TIMESTAMP,'pigtraxadmin');
INSERT INTO pigtraxrefdata."FunctionType" ("fieldCode","fieldDescription","lastUpdated","userUpdated") VALUES (13,'Support', CURRENT_TIMESTAMP,'pigtraxadmin');


INSERT INTO pigtraxrefdata."FunctionTypeTranslation" ("fieldValue","fieldLanguage","lastUpdated","userUpdated","id_FunctionType") VALUES ('Breeding','en',CURRENT_TIMESTAMP,'pigtraxadmin',1);
INSERT INTO pigtraxrefdata."FunctionTypeTranslation" ("fieldValue","fieldLanguage","lastUpdated","userUpdated","id_FunctionType") VALUES ('Driver','en',CURRENT_TIMESTAMP,'pigtraxadmin',2);
INSERT INTO pigtraxrefdata."FunctionTypeTranslation" ("fieldValue","fieldLanguage","lastUpdated","userUpdated","id_FunctionType") VALUES ('Farrowing','en',CURRENT_TIMESTAMP,'pigtraxadmin',3);
INSERT INTO pigtraxrefdata."FunctionTypeTranslation" ("fieldValue","fieldLanguage","lastUpdated","userUpdated","id_FunctionType") VALUES ('Feed Mill','en',CURRENT_TIMESTAMP,'pigtraxadmin',4);
INSERT INTO pigtraxrefdata."FunctionTypeTranslation" ("fieldValue","fieldLanguage","lastUpdated","userUpdated","id_FunctionType") VALUES ('Finishing','en',CURRENT_TIMESTAMP,'pigtraxadmin',5);
INSERT INTO pigtraxrefdata."FunctionTypeTranslation" ("fieldValue","fieldLanguage","lastUpdated","userUpdated","id_FunctionType") VALUES ('GDU','en',CURRENT_TIMESTAMP,'pigtraxadmin',6);
INSERT INTO pigtraxrefdata."FunctionTypeTranslation" ("fieldValue","fieldLanguage","lastUpdated","userUpdated","id_FunctionType") VALUES ('Nursery','en',CURRENT_TIMESTAMP,'pigtraxadmin',7);
INSERT INTO pigtraxrefdata."FunctionTypeTranslation" ("fieldValue","fieldLanguage","lastUpdated","userUpdated","id_FunctionType") VALUES ('Quarantine','en',CURRENT_TIMESTAMP,'pigtraxadmin',8);
INSERT INTO pigtraxrefdata."FunctionTypeTranslation" ("fieldValue","fieldLanguage","lastUpdated","userUpdated","id_FunctionType") VALUES ('Transport','en',CURRENT_TIMESTAMP,'pigtraxadmin',9);
INSERT INTO pigtraxrefdata."FunctionTypeTranslation" ("fieldValue","fieldLanguage","lastUpdated","userUpdated","id_FunctionType") VALUES ('WeanFinish','en',CURRENT_TIMESTAMP,'pigtraxadmin',10);
INSERT INTO pigtraxrefdata."FunctionTypeTranslation" ("fieldValue","fieldLanguage","lastUpdated","userUpdated","id_FunctionType") VALUES ('Data Entry','en',CURRENT_TIMESTAMP,'pigtraxadmin',11);
INSERT INTO pigtraxrefdata."FunctionTypeTranslation" ("fieldValue","fieldLanguage","lastUpdated","userUpdated","id_FunctionType") VALUES ('Management','en',CURRENT_TIMESTAMP,'pigtraxadmin',12);
INSERT INTO pigtraxrefdata."FunctionTypeTranslation" ("fieldValue","fieldLanguage","lastUpdated","userUpdated","id_FunctionType") VALUES ('Support','en',CURRENT_TIMESTAMP,'pigtraxadmin',13);


INSERT INTO pigtraxrefdata."FunctionTypeTranslation" ("fieldValue","fieldLanguage","lastUpdated","userUpdated","id_FunctionType") VALUES ('Breeding_ES','es',CURRENT_TIMESTAMP,'pigtraxadmin',1);
INSERT INTO pigtraxrefdata."FunctionTypeTranslation" ("fieldValue","fieldLanguage","lastUpdated","userUpdated","id_FunctionType") VALUES ('Driver_ES','es',CURRENT_TIMESTAMP,'pigtraxadmin',2);
INSERT INTO pigtraxrefdata."FunctionTypeTranslation" ("fieldValue","fieldLanguage","lastUpdated","userUpdated","id_FunctionType") VALUES ('Farrowing_ES','es',CURRENT_TIMESTAMP,'pigtraxadmin',3);
INSERT INTO pigtraxrefdata."FunctionTypeTranslation" ("fieldValue","fieldLanguage","lastUpdated","userUpdated","id_FunctionType") VALUES ('Feed Mill_ES','es',CURRENT_TIMESTAMP,'pigtraxadmin',4);
INSERT INTO pigtraxrefdata."FunctionTypeTranslation" ("fieldValue","fieldLanguage","lastUpdated","userUpdated","id_FunctionType") VALUES ('Finishing_ES','es',CURRENT_TIMESTAMP,'pigtraxadmin',5);
INSERT INTO pigtraxrefdata."FunctionTypeTranslation" ("fieldValue","fieldLanguage","lastUpdated","userUpdated","id_FunctionType") VALUES ('GDU_ES','es',CURRENT_TIMESTAMP,'pigtraxadmin',6);
INSERT INTO pigtraxrefdata."FunctionTypeTranslation" ("fieldValue","fieldLanguage","lastUpdated","userUpdated","id_FunctionType") VALUES ('Nursery_ES','es',CURRENT_TIMESTAMP,'pigtraxadmin',7);
INSERT INTO pigtraxrefdata."FunctionTypeTranslation" ("fieldValue","fieldLanguage","lastUpdated","userUpdated","id_FunctionType") VALUES ('Quarantine_ES','es',CURRENT_TIMESTAMP,'pigtraxadmin',8);
INSERT INTO pigtraxrefdata."FunctionTypeTranslation" ("fieldValue","fieldLanguage","lastUpdated","userUpdated","id_FunctionType") VALUES ('Transport_ES','es',CURRENT_TIMESTAMP,'pigtraxadmin',9);
INSERT INTO pigtraxrefdata."FunctionTypeTranslation" ("fieldValue","fieldLanguage","lastUpdated","userUpdated","id_FunctionType") VALUES ('WeanFinish_ES','es',CURRENT_TIMESTAMP,'pigtraxadmin',10);
INSERT INTO pigtraxrefdata."FunctionTypeTranslation" ("fieldValue","fieldLanguage","lastUpdated","userUpdated","id_FunctionType") VALUES ('Data Entry_ES','es',CURRENT_TIMESTAMP,'pigtraxadmin',11);
INSERT INTO pigtraxrefdata."FunctionTypeTranslation" ("fieldValue","fieldLanguage","lastUpdated","userUpdated","id_FunctionType") VALUES ('Management_ES','es',CURRENT_TIMESTAMP,'pigtraxadmin',12);
INSERT INTO pigtraxrefdata."FunctionTypeTranslation" ("fieldValue","fieldLanguage","lastUpdated","userUpdated","id_FunctionType") VALUES ('Support_ES','es',CURRENT_TIMESTAMP,'pigtraxadmin',13);

INSERT INTO pigtraxrefdata."FunctionTypeTranslation" ("fieldValue","fieldLanguage","lastUpdated","userUpdated","id_FunctionType") VALUES ('Breeding_PR','pr',CURRENT_TIMESTAMP,'pigtraxadmin',1);
INSERT INTO pigtraxrefdata."FunctionTypeTranslation" ("fieldValue","fieldLanguage","lastUpdated","userUpdated","id_FunctionType") VALUES ('Driver_PR','pr',CURRENT_TIMESTAMP,'pigtraxadmin',2);
INSERT INTO pigtraxrefdata."FunctionTypeTranslation" ("fieldValue","fieldLanguage","lastUpdated","userUpdated","id_FunctionType") VALUES ('Farrowing_PR','pr',CURRENT_TIMESTAMP,'pigtraxadmin',3);
INSERT INTO pigtraxrefdata."FunctionTypeTranslation" ("fieldValue","fieldLanguage","lastUpdated","userUpdated","id_FunctionType") VALUES ('Feed Mill_PR','pr',CURRENT_TIMESTAMP,'pigtraxadmin',4);
INSERT INTO pigtraxrefdata."FunctionTypeTranslation" ("fieldValue","fieldLanguage","lastUpdated","userUpdated","id_FunctionType") VALUES ('Finishing_PR','pr',CURRENT_TIMESTAMP,'pigtraxadmin',5);
INSERT INTO pigtraxrefdata."FunctionTypeTranslation" ("fieldValue","fieldLanguage","lastUpdated","userUpdated","id_FunctionType") VALUES ('GDU_PR','pr',CURRENT_TIMESTAMP,'pigtraxadmin',6);
INSERT INTO pigtraxrefdata."FunctionTypeTranslation" ("fieldValue","fieldLanguage","lastUpdated","userUpdated","id_FunctionType") VALUES ('Nursery_PR','pr',CURRENT_TIMESTAMP,'pigtraxadmin',7);
INSERT INTO pigtraxrefdata."FunctionTypeTranslation" ("fieldValue","fieldLanguage","lastUpdated","userUpdated","id_FunctionType") VALUES ('Quarantine_PR','pr',CURRENT_TIMESTAMP,'pigtraxadmin',8);
INSERT INTO pigtraxrefdata."FunctionTypeTranslation" ("fieldValue","fieldLanguage","lastUpdated","userUpdated","id_FunctionType") VALUES ('Transport_PR','pr',CURRENT_TIMESTAMP,'pigtraxadmin',9);
INSERT INTO pigtraxrefdata."FunctionTypeTranslation" ("fieldValue","fieldLanguage","lastUpdated","userUpdated","id_FunctionType") VALUES ('WeanFinish_PR','pr',CURRENT_TIMESTAMP,'pigtraxadmin',10);
INSERT INTO pigtraxrefdata."FunctionTypeTranslation" ("fieldValue","fieldLanguage","lastUpdated","userUpdated","id_FunctionType") VALUES ('Data Entry_PR','pr',CURRENT_TIMESTAMP,'pigtraxadmin',11);
INSERT INTO pigtraxrefdata."FunctionTypeTranslation" ("fieldValue","fieldLanguage","lastUpdated","userUpdated","id_FunctionType") VALUES ('Management_PR','pr',CURRENT_TIMESTAMP,'pigtraxadmin',12);
INSERT INTO pigtraxrefdata."FunctionTypeTranslation" ("fieldValue","fieldLanguage","lastUpdated","userUpdated","id_FunctionType") VALUES ('Support_PR','pr',CURRENT_TIMESTAMP,'pigtraxadmin',13);


---------------------------------------------------------------------------------------


INSERT INTO pigtraxrefdata."JobFunctionRole" ("fieldCode","fieldDescription","lastUpdated","userUpdated") VALUES (1,'Caretaker', CURRENT_TIMESTAMP,'pigtraxadmin');
INSERT INTO pigtraxrefdata."JobFunctionRole" ("fieldCode","fieldDescription","lastUpdated","userUpdated") VALUES (2,'Mgr-Barn', CURRENT_TIMESTAMP,'pigtraxadmin');
INSERT INTO pigtraxrefdata."JobFunctionRole" ("fieldCode","fieldDescription","lastUpdated","userUpdated") VALUES (3,'Mgr-Room', CURRENT_TIMESTAMP,'pigtraxadmin');
INSERT INTO pigtraxrefdata."JobFunctionRole" ("fieldCode","fieldDescription","lastUpdated","userUpdated") VALUES (4,'Mgr-Premise', CURRENT_TIMESTAMP,'pigtraxadmin');
INSERT INTO pigtraxrefdata."JobFunctionRole" ("fieldCode","fieldDescription","lastUpdated","userUpdated") VALUES (5,'Supervisor', CURRENT_TIMESTAMP,'pigtraxadmin');
INSERT INTO pigtraxrefdata."JobFunctionRole" ("fieldCode","fieldDescription","lastUpdated","userUpdated") VALUES (6,'Vet', CURRENT_TIMESTAMP,'pigtraxadmin');
INSERT INTO pigtraxrefdata."JobFunctionRole" ("fieldCode","fieldDescription","lastUpdated","userUpdated") VALUES (7,'Director', CURRENT_TIMESTAMP,'pigtraxadmin');
INSERT INTO pigtraxrefdata."JobFunctionRole" ("fieldCode","fieldDescription","lastUpdated","userUpdated") VALUES (8,'Support', CURRENT_TIMESTAMP,'pigtraxadmin');


INSERT INTO pigtraxrefdata."JobFunctionRoleTranslation" ("fieldValue","fieldLanguage","lastUpdated","userUpdated","id_JobFunctionRole") VALUES ('Caretaker','en',CURRENT_TIMESTAMP,'pigtraxadmin',1);
INSERT INTO pigtraxrefdata."JobFunctionRoleTranslation" ("fieldValue","fieldLanguage","lastUpdated","userUpdated","id_JobFunctionRole") VALUES ('Mgr-Barn','en',CURRENT_TIMESTAMP,'pigtraxadmin',2);
INSERT INTO pigtraxrefdata."JobFunctionRoleTranslation" ("fieldValue","fieldLanguage","lastUpdated","userUpdated","id_JobFunctionRole") VALUES ('Mgr-Room','en',CURRENT_TIMESTAMP,'pigtraxadmin',3);
INSERT INTO pigtraxrefdata."JobFunctionRoleTranslation" ("fieldValue","fieldLanguage","lastUpdated","userUpdated","id_JobFunctionRole") VALUES ('Mgr-Premise','en',CURRENT_TIMESTAMP,'pigtraxadmin',4);
INSERT INTO pigtraxrefdata."JobFunctionRoleTranslation" ("fieldValue","fieldLanguage","lastUpdated","userUpdated","id_JobFunctionRole") VALUES ('Supervisor','en',CURRENT_TIMESTAMP,'pigtraxadmin',5);
INSERT INTO pigtraxrefdata."JobFunctionRoleTranslation" ("fieldValue","fieldLanguage","lastUpdated","userUpdated","id_JobFunctionRole") VALUES ('Vet','en',CURRENT_TIMESTAMP,'pigtraxadmin',6);
INSERT INTO pigtraxrefdata."JobFunctionRoleTranslation" ("fieldValue","fieldLanguage","lastUpdated","userUpdated","id_JobFunctionRole") VALUES ('Director','en',CURRENT_TIMESTAMP,'pigtraxadmin',7);
INSERT INTO pigtraxrefdata."JobFunctionRoleTranslation" ("fieldValue","fieldLanguage","lastUpdated","userUpdated","id_JobFunctionRole") VALUES ('Support','en',CURRENT_TIMESTAMP,'pigtraxadmin',8);

INSERT INTO pigtraxrefdata."JobFunctionRoleTranslation" ("fieldValue","fieldLanguage","lastUpdated","userUpdated","id_JobFunctionRole") VALUES ('Caretaker_ES','es',CURRENT_TIMESTAMP,'pigtraxadmin',1);
INSERT INTO pigtraxrefdata."JobFunctionRoleTranslation" ("fieldValue","fieldLanguage","lastUpdated","userUpdated","id_JobFunctionRole") VALUES ('Mgr-Barn_ES','es',CURRENT_TIMESTAMP,'pigtraxadmin',2);
INSERT INTO pigtraxrefdata."JobFunctionRoleTranslation" ("fieldValue","fieldLanguage","lastUpdated","userUpdated","id_JobFunctionRole") VALUES ('Mgr-Room_ES','es',CURRENT_TIMESTAMP,'pigtraxadmin',3);
INSERT INTO pigtraxrefdata."JobFunctionRoleTranslation" ("fieldValue","fieldLanguage","lastUpdated","userUpdated","id_JobFunctionRole") VALUES ('Mgr-Premise_ES','es',CURRENT_TIMESTAMP,'pigtraxadmin',4);
INSERT INTO pigtraxrefdata."JobFunctionRoleTranslation" ("fieldValue","fieldLanguage","lastUpdated","userUpdated","id_JobFunctionRole") VALUES ('Supervisor_ES','es',CURRENT_TIMESTAMP,'pigtraxadmin',5);
INSERT INTO pigtraxrefdata."JobFunctionRoleTranslation" ("fieldValue","fieldLanguage","lastUpdated","userUpdated","id_JobFunctionRole") VALUES ('Vet_ES','es',CURRENT_TIMESTAMP,'pigtraxadmin',6);
INSERT INTO pigtraxrefdata."JobFunctionRoleTranslation" ("fieldValue","fieldLanguage","lastUpdated","userUpdated","id_JobFunctionRole") VALUES ('Director_ES','es',CURRENT_TIMESTAMP,'pigtraxadmin',7);
INSERT INTO pigtraxrefdata."JobFunctionRoleTranslation" ("fieldValue","fieldLanguage","lastUpdated","userUpdated","id_JobFunctionRole") VALUES ('Support_ES','es',CURRENT_TIMESTAMP,'pigtraxadmin',8);


INSERT INTO pigtraxrefdata."JobFunctionRoleTranslation" ("fieldValue","fieldLanguage","lastUpdated","userUpdated","id_JobFunctionRole") VALUES ('Caretaker_PR','pr',CURRENT_TIMESTAMP,'pigtraxadmin',1);
INSERT INTO pigtraxrefdata."JobFunctionRoleTranslation" ("fieldValue","fieldLanguage","lastUpdated","userUpdated","id_JobFunctionRole") VALUES ('Mgr-Barn_PR','pr',CURRENT_TIMESTAMP,'pigtraxadmin',2);
INSERT INTO pigtraxrefdata."JobFunctionRoleTranslation" ("fieldValue","fieldLanguage","lastUpdated","userUpdated","id_JobFunctionRole") VALUES ('Mgr-Room_PR','pr',CURRENT_TIMESTAMP,'pigtraxadmin',3);
INSERT INTO pigtraxrefdata."JobFunctionRoleTranslation" ("fieldValue","fieldLanguage","lastUpdated","userUpdated","id_JobFunctionRole") VALUES ('Mgr-Premise_PR','pr',CURRENT_TIMESTAMP,'pigtraxadmin',4);
INSERT INTO pigtraxrefdata."JobFunctionRoleTranslation" ("fieldValue","fieldLanguage","lastUpdated","userUpdated","id_JobFunctionRole") VALUES ('Supervisor_PR','pr',CURRENT_TIMESTAMP,'pigtraxadmin',5);
INSERT INTO pigtraxrefdata."JobFunctionRoleTranslation" ("fieldValue","fieldLanguage","lastUpdated","userUpdated","id_JobFunctionRole") VALUES ('Vet_PR','pr',CURRENT_TIMESTAMP,'pigtraxadmin',6);
INSERT INTO pigtraxrefdata."JobFunctionRoleTranslation" ("fieldValue","fieldLanguage","lastUpdated","userUpdated","id_JobFunctionRole") VALUES ('Director_PR','pr',CURRENT_TIMESTAMP,'pigtraxadmin',7);
INSERT INTO pigtraxrefdata."JobFunctionRoleTranslation" ("fieldValue","fieldLanguage","lastUpdated","userUpdated","id_JobFunctionRole") VALUES ('Support_PR','pr',CURRENT_TIMESTAMP,'pigtraxadmin',8);

-----------------------------------------------------------------------------------------
INSERT INTO pigtraxrefdata."TrailerFunction" ("fieldCode","fieldDescription","lastUpdated","userUpdated") VALUES (1,'Cull market', CURRENT_TIMESTAMP,'pigtraxadmin');
INSERT INTO pigtraxrefdata."TrailerFunction" ("fieldCode","fieldDescription","lastUpdated","userUpdated") VALUES (2,'Dedicated movement', CURRENT_TIMESTAMP,'pigtraxadmin');
INSERT INTO pigtraxrefdata."TrailerFunction" ("fieldCode","fieldDescription","lastUpdated","userUpdated") VALUES (3,'Feed', CURRENT_TIMESTAMP,'pigtraxadmin');
INSERT INTO pigtraxrefdata."TrailerFunction" ("fieldCode","fieldDescription","lastUpdated","userUpdated") VALUES (4,'Feed return vacuum', CURRENT_TIMESTAMP,'pigtraxadmin');
INSERT INTO pigtraxrefdata."TrailerFunction" ("fieldCode","fieldDescription","lastUpdated","userUpdated") VALUES (5,'Internal movement', CURRENT_TIMESTAMP,'pigtraxadmin');
INSERT INTO pigtraxrefdata."TrailerFunction" ("fieldCode","fieldDescription","lastUpdated","userUpdated") VALUES (6,'Market', CURRENT_TIMESTAMP,'pigtraxadmin');
INSERT INTO pigtraxrefdata."TrailerFunction" ("fieldCode","fieldDescription","lastUpdated","userUpdated") VALUES (7,'Quarantine movement', CURRENT_TIMESTAMP,'pigtraxadmin');
INSERT INTO pigtraxrefdata."TrailerFunction" ("fieldCode","fieldDescription","lastUpdated","userUpdated") VALUES (8,'Mixed Use', CURRENT_TIMESTAMP,'pigtraxadmin');

INSERT INTO pigtraxrefdata."TrailerFunctionTranslation" ("fieldValue","fieldLanguage","lastUpdated","userUpdated","id_TrailerFunction") VALUES ('Cull market','en',CURRENT_TIMESTAMP,'pigtraxadmin',1);
INSERT INTO pigtraxrefdata."TrailerFunctionTranslation" ("fieldValue","fieldLanguage","lastUpdated","userUpdated","id_TrailerFunction") VALUES ('Dedicated movement','en',CURRENT_TIMESTAMP,'pigtraxadmin',2);
INSERT INTO pigtraxrefdata."TrailerFunctionTranslation" ("fieldValue","fieldLanguage","lastUpdated","userUpdated","id_TrailerFunction") VALUES ('Feed','en',CURRENT_TIMESTAMP,'pigtraxadmin',3);
INSERT INTO pigtraxrefdata."TrailerFunctionTranslation" ("fieldValue","fieldLanguage","lastUpdated","userUpdated","id_TrailerFunction") VALUES ('Feed return vacuum','en',CURRENT_TIMESTAMP,'pigtraxadmin',4);
INSERT INTO pigtraxrefdata."TrailerFunctionTranslation" ("fieldValue","fieldLanguage","lastUpdated","userUpdated","id_TrailerFunction") VALUES ('Internal movement','en',CURRENT_TIMESTAMP,'pigtraxadmin',5);
INSERT INTO pigtraxrefdata."TrailerFunctionTranslation" ("fieldValue","fieldLanguage","lastUpdated","userUpdated","id_TrailerFunction") VALUES ('Market','en',CURRENT_TIMESTAMP,'pigtraxadmin',6);
INSERT INTO pigtraxrefdata."TrailerFunctionTranslation" ("fieldValue","fieldLanguage","lastUpdated","userUpdated","id_TrailerFunction") VALUES ('Quarantine movement','en',CURRENT_TIMESTAMP,'pigtraxadmin',7);
INSERT INTO pigtraxrefdata."TrailerFunctionTranslation" ("fieldValue","fieldLanguage","lastUpdated","userUpdated","id_TrailerFunction") VALUES ('Mixed Use','en',CURRENT_TIMESTAMP,'pigtraxadmin',8);

INSERT INTO pigtraxrefdata."TrailerFunctionTranslation" ("fieldValue","fieldLanguage","lastUpdated","userUpdated","id_TrailerFunction") VALUES ('Cull market_ES','es',CURRENT_TIMESTAMP,'pigtraxadmin',1);
INSERT INTO pigtraxrefdata."TrailerFunctionTranslation" ("fieldValue","fieldLanguage","lastUpdated","userUpdated","id_TrailerFunction") VALUES ('Dedicated movement_ES','es',CURRENT_TIMESTAMP,'pigtraxadmin',2);
INSERT INTO pigtraxrefdata."TrailerFunctionTranslation" ("fieldValue","fieldLanguage","lastUpdated","userUpdated","id_TrailerFunction") VALUES ('Feed_ES','es',CURRENT_TIMESTAMP,'pigtraxadmin',3);
INSERT INTO pigtraxrefdata."TrailerFunctionTranslation" ("fieldValue","fieldLanguage","lastUpdated","userUpdated","id_TrailerFunction") VALUES ('Feed return vacuum_ES','es',CURRENT_TIMESTAMP,'pigtraxadmin',4);
INSERT INTO pigtraxrefdata."TrailerFunctionTranslation" ("fieldValue","fieldLanguage","lastUpdated","userUpdated","id_TrailerFunction") VALUES ('Internal movement_ES','es',CURRENT_TIMESTAMP,'pigtraxadmin',5);
INSERT INTO pigtraxrefdata."TrailerFunctionTranslation" ("fieldValue","fieldLanguage","lastUpdated","userUpdated","id_TrailerFunction") VALUES ('Market_ES','es',CURRENT_TIMESTAMP,'pigtraxadmin',6);
INSERT INTO pigtraxrefdata."TrailerFunctionTranslation" ("fieldValue","fieldLanguage","lastUpdated","userUpdated","id_TrailerFunction") VALUES ('Quarantine movement_ES','es',CURRENT_TIMESTAMP,'pigtraxadmin',7);
INSERT INTO pigtraxrefdata."TrailerFunctionTranslation" ("fieldValue","fieldLanguage","lastUpdated","userUpdated","id_TrailerFunction") VALUES ('Mixed Use_ES','es',CURRENT_TIMESTAMP,'pigtraxadmin',8);

INSERT INTO pigtraxrefdata."TrailerFunctionTranslation" ("fieldValue","fieldLanguage","lastUpdated","userUpdated","id_TrailerFunction") VALUES ('Cull market_PR','pr',CURRENT_TIMESTAMP,'pigtraxadmin',1);
INSERT INTO pigtraxrefdata."TrailerFunctionTranslation" ("fieldValue","fieldLanguage","lastUpdated","userUpdated","id_TrailerFunction") VALUES ('Dedicated movement_PR','pr',CURRENT_TIMESTAMP,'pigtraxadmin',2);
INSERT INTO pigtraxrefdata."TrailerFunctionTranslation" ("fieldValue","fieldLanguage","lastUpdated","userUpdated","id_TrailerFunction") VALUES ('Feed_PR','pr',CURRENT_TIMESTAMP,'pigtraxadmin',3);
INSERT INTO pigtraxrefdata."TrailerFunctionTranslation" ("fieldValue","fieldLanguage","lastUpdated","userUpdated","id_TrailerFunction") VALUES ('Feed return vacuum_PR','pr',CURRENT_TIMESTAMP,'pigtraxadmin',4);
INSERT INTO pigtraxrefdata."TrailerFunctionTranslation" ("fieldValue","fieldLanguage","lastUpdated","userUpdated","id_TrailerFunction") VALUES ('Internal movement_PR','pr',CURRENT_TIMESTAMP,'pigtraxadmin',5);
INSERT INTO pigtraxrefdata."TrailerFunctionTranslation" ("fieldValue","fieldLanguage","lastUpdated","userUpdated","id_TrailerFunction") VALUES ('Market_PR','pr',CURRENT_TIMESTAMP,'pigtraxadmin',6);
INSERT INTO pigtraxrefdata."TrailerFunctionTranslation" ("fieldValue","fieldLanguage","lastUpdated","userUpdated","id_TrailerFunction") VALUES ('Quarantine movement_PR','pr',CURRENT_TIMESTAMP,'pigtraxadmin',7);
INSERT INTO pigtraxrefdata."TrailerFunctionTranslation" ("fieldValue","fieldLanguage","lastUpdated","userUpdated","id_TrailerFunction") VALUES ('Mixed Use_PR','pr',CURRENT_TIMESTAMP,'pigtraxadmin',8);
---------------------------------------------------------------------------------------------

INSERT INTO pigtraxrefdata."MarketType" ("fieldCode","fieldDescription","lastUpdated","userUpdated") VALUES (1,'Feeder', CURRENT_TIMESTAMP,'pigtraxadmin');
INSERT INTO pigtraxrefdata."MarketType" ("fieldCode","fieldDescription","lastUpdated","userUpdated") VALUES (2,'Genetic', CURRENT_TIMESTAMP,'pigtraxadmin');
INSERT INTO pigtraxrefdata."MarketType" ("fieldCode","fieldDescription","lastUpdated","userUpdated") VALUES (3,'Market', CURRENT_TIMESTAMP,'pigtraxadmin');
INSERT INTO pigtraxrefdata."MarketType" ("fieldCode","fieldDescription","lastUpdated","userUpdated") VALUES (4,'Premarket', CURRENT_TIMESTAMP,'pigtraxadmin');
INSERT INTO pigtraxrefdata."MarketType" ("fieldCode","fieldDescription","lastUpdated","userUpdated") VALUES (5,'Sow Market', CURRENT_TIMESTAMP,'pigtraxadmin');
INSERT INTO pigtraxrefdata."MarketType" ("fieldCode","fieldDescription","lastUpdated","userUpdated") VALUES (6,'Weaner', CURRENT_TIMESTAMP,'pigtraxadmin');

INSERT INTO pigtraxrefdata."MarketTypeTranslation" ("fieldValue","fieldLanguage","lastUpdated","userUpdated","id_MarketType") VALUES ('Feeder','en',CURRENT_TIMESTAMP,'pigtraxadmin',1);
INSERT INTO pigtraxrefdata."MarketTypeTranslation" ("fieldValue","fieldLanguage","lastUpdated","userUpdated","id_MarketType") VALUES ('Genetic','en',CURRENT_TIMESTAMP,'pigtraxadmin',2);
INSERT INTO pigtraxrefdata."MarketTypeTranslation" ("fieldValue","fieldLanguage","lastUpdated","userUpdated","id_MarketType") VALUES ('Market','en',CURRENT_TIMESTAMP,'pigtraxadmin',3);
INSERT INTO pigtraxrefdata."MarketTypeTranslation" ("fieldValue","fieldLanguage","lastUpdated","userUpdated","id_MarketType") VALUES ('Premarket','en',CURRENT_TIMESTAMP,'pigtraxadmin',4);
INSERT INTO pigtraxrefdata."MarketTypeTranslation" ("fieldValue","fieldLanguage","lastUpdated","userUpdated","id_MarketType") VALUES ('Sow Market','en',CURRENT_TIMESTAMP,'pigtraxadmin',5);
INSERT INTO pigtraxrefdata."MarketTypeTranslation" ("fieldValue","fieldLanguage","lastUpdated","userUpdated","id_MarketType") VALUES ('Weaner','en',CURRENT_TIMESTAMP,'pigtraxadmin',6);


INSERT INTO pigtraxrefdata."MarketTypeTranslation" ("fieldValue","fieldLanguage","lastUpdated","userUpdated","id_MarketType") VALUES ('Feeder_ES','es',CURRENT_TIMESTAMP,'pigtraxadmin',1);
INSERT INTO pigtraxrefdata."MarketTypeTranslation" ("fieldValue","fieldLanguage","lastUpdated","userUpdated","id_MarketType") VALUES ('Genetic_ES','es',CURRENT_TIMESTAMP,'pigtraxadmin',2);
INSERT INTO pigtraxrefdata."MarketTypeTranslation" ("fieldValue","fieldLanguage","lastUpdated","userUpdated","id_MarketType") VALUES ('Market_ES','es',CURRENT_TIMESTAMP,'pigtraxadmin',3);
INSERT INTO pigtraxrefdata."MarketTypeTranslation" ("fieldValue","fieldLanguage","lastUpdated","userUpdated","id_MarketType") VALUES ('Premarket_ES','es',CURRENT_TIMESTAMP,'pigtraxadmin',4);
INSERT INTO pigtraxrefdata."MarketTypeTranslation" ("fieldValue","fieldLanguage","lastUpdated","userUpdated","id_MarketType") VALUES ('Sow Market_ES','es',CURRENT_TIMESTAMP,'pigtraxadmin',5);
INSERT INTO pigtraxrefdata."MarketTypeTranslation" ("fieldValue","fieldLanguage","lastUpdated","userUpdated","id_MarketType") VALUES ('Weaner_ES','es',CURRENT_TIMESTAMP,'pigtraxadmin',6);


INSERT INTO pigtraxrefdata."MarketTypeTranslation" ("fieldValue","fieldLanguage","lastUpdated","userUpdated","id_MarketType") VALUES ('Feeder','pr',CURRENT_TIMESTAMP,'pigtraxadmin',1);
INSERT INTO pigtraxrefdata."MarketTypeTranslation" ("fieldValue","fieldLanguage","lastUpdated","userUpdated","id_MarketType") VALUES ('Genetic','pr',CURRENT_TIMESTAMP,'pigtraxadmin',2);
INSERT INTO pigtraxrefdata."MarketTypeTranslation" ("fieldValue","fieldLanguage","lastUpdated","userUpdated","id_MarketType") VALUES ('Market','pr',CURRENT_TIMESTAMP,'pigtraxadmin',3);
INSERT INTO pigtraxrefdata."MarketTypeTranslation" ("fieldValue","fieldLanguage","lastUpdated","userUpdated","id_MarketType") VALUES ('Premarket','pr',CURRENT_TIMESTAMP,'pigtraxadmin',4);
INSERT INTO pigtraxrefdata."MarketTypeTranslation" ("fieldValue","fieldLanguage","lastUpdated","userUpdated","id_MarketType") VALUES ('Sow Market','pr',CURRENT_TIMESTAMP,'pigtraxadmin',5);
INSERT INTO pigtraxrefdata."MarketTypeTranslation" ("fieldValue","fieldLanguage","lastUpdated","userUpdated","id_MarketType") VALUES ('Weaner','pr',CURRENT_TIMESTAMP,'pigtraxadmin',6);



--------------------------------------------------------------------------------------------


INSERT INTO pigtraxrefdata."RationType" ("fieldCode","fieldDescription","lastUpdated","userUpdated") VALUES (1,'Piglet', CURRENT_TIMESTAMP,'pigtraxadmin');
INSERT INTO pigtraxrefdata."RationType" ("fieldCode","fieldDescription","lastUpdated","userUpdated") VALUES (2,'Nursery', CURRENT_TIMESTAMP,'pigtraxadmin');
INSERT INTO pigtraxrefdata."RationType" ("fieldCode","fieldDescription","lastUpdated","userUpdated") VALUES (3,'Finishing', CURRENT_TIMESTAMP,'pigtraxadmin');
INSERT INTO pigtraxrefdata."RationType" ("fieldCode","fieldDescription","lastUpdated","userUpdated") VALUES (4,'Gilt', CURRENT_TIMESTAMP,'pigtraxadmin');
INSERT INTO pigtraxrefdata."RationType" ("fieldCode","fieldDescription","lastUpdated","userUpdated") VALUES (5,'Gestation', CURRENT_TIMESTAMP,'pigtraxadmin');
INSERT INTO pigtraxrefdata."RationType" ("fieldCode","fieldDescription","lastUpdated","userUpdated") VALUES (6,'Lactation', CURRENT_TIMESTAMP,'pigtraxadmin');
INSERT INTO pigtraxrefdata."RationType" ("fieldCode","fieldDescription","lastUpdated","userUpdated") VALUES (7,'Boar', CURRENT_TIMESTAMP,'pigtraxadmin');
INSERT INTO pigtraxrefdata."RationType" ("fieldCode","fieldDescription","lastUpdated","userUpdated") VALUES (8,'Breeding', CURRENT_TIMESTAMP,'pigtraxadmin');
INSERT INTO pigtraxrefdata."RationType" ("fieldCode","fieldDescription","lastUpdated","userUpdated") VALUES (9,'GDU', CURRENT_TIMESTAMP,'pigtraxadmin');


INSERT INTO pigtraxrefdata."RationTypeTranslation" ("fieldValue","fieldLanguage","lastUpdated","userUpdated","id_RationType") VALUES ('Piglet','en',CURRENT_TIMESTAMP,'pigtraxadmin',1);
INSERT INTO pigtraxrefdata."RationTypeTranslation" ("fieldValue","fieldLanguage","lastUpdated","userUpdated","id_RationType") VALUES ('Nursery','en',CURRENT_TIMESTAMP,'pigtraxadmin',2);
INSERT INTO pigtraxrefdata."RationTypeTranslation" ("fieldValue","fieldLanguage","lastUpdated","userUpdated","id_RationType") VALUES ('Finishing','en',CURRENT_TIMESTAMP,'pigtraxadmin',3);
INSERT INTO pigtraxrefdata."RationTypeTranslation" ("fieldValue","fieldLanguage","lastUpdated","userUpdated","id_RationType") VALUES ('Gilt','en',CURRENT_TIMESTAMP,'pigtraxadmin',4);
INSERT INTO pigtraxrefdata."RationTypeTranslation" ("fieldValue","fieldLanguage","lastUpdated","userUpdated","id_RationType") VALUES ('Gestation','en',CURRENT_TIMESTAMP,'pigtraxadmin',5);
INSERT INTO pigtraxrefdata."RationTypeTranslation" ("fieldValue","fieldLanguage","lastUpdated","userUpdated","id_RationType") VALUES ('Lactation','en',CURRENT_TIMESTAMP,'pigtraxadmin',6);
INSERT INTO pigtraxrefdata."RationTypeTranslation" ("fieldValue","fieldLanguage","lastUpdated","userUpdated","id_RationType") VALUES ('Boar','en',CURRENT_TIMESTAMP,'pigtraxadmin',7);
INSERT INTO pigtraxrefdata."RationTypeTranslation" ("fieldValue","fieldLanguage","lastUpdated","userUpdated","id_RationType") VALUES ('Breeding','en',CURRENT_TIMESTAMP,'pigtraxadmin',8);
INSERT INTO pigtraxrefdata."RationTypeTranslation" ("fieldValue","fieldLanguage","lastUpdated","userUpdated","id_RationType") VALUES ('GDU','en',CURRENT_TIMESTAMP,'pigtraxadmin',9);

INSERT INTO pigtraxrefdata."RationTypeTranslation" ("fieldValue","fieldLanguage","lastUpdated","userUpdated","id_RationType") VALUES ('Piglet_ES','es',CURRENT_TIMESTAMP,'pigtraxadmin',1);
INSERT INTO pigtraxrefdata."RationTypeTranslation" ("fieldValue","fieldLanguage","lastUpdated","userUpdated","id_RationType") VALUES ('Nursery_ES','es',CURRENT_TIMESTAMP,'pigtraxadmin',2);
INSERT INTO pigtraxrefdata."RationTypeTranslation" ("fieldValue","fieldLanguage","lastUpdated","userUpdated","id_RationType") VALUES ('Finishing_ES','es',CURRENT_TIMESTAMP,'pigtraxadmin',3);
INSERT INTO pigtraxrefdata."RationTypeTranslation" ("fieldValue","fieldLanguage","lastUpdated","userUpdated","id_RationType") VALUES ('Gilt_ES','es',CURRENT_TIMESTAMP,'pigtraxadmin',4);
INSERT INTO pigtraxrefdata."RationTypeTranslation" ("fieldValue","fieldLanguage","lastUpdated","userUpdated","id_RationType") VALUES ('Gestation_ES','es',CURRENT_TIMESTAMP,'pigtraxadmin',5);
INSERT INTO pigtraxrefdata."RationTypeTranslation" ("fieldValue","fieldLanguage","lastUpdated","userUpdated","id_RationType") VALUES ('Lactation_ES','es',CURRENT_TIMESTAMP,'pigtraxadmin',6);
INSERT INTO pigtraxrefdata."RationTypeTranslation" ("fieldValue","fieldLanguage","lastUpdated","userUpdated","id_RationType") VALUES ('Boar_ES','es',CURRENT_TIMESTAMP,'pigtraxadmin',7);
INSERT INTO pigtraxrefdata."RationTypeTranslation" ("fieldValue","fieldLanguage","lastUpdated","userUpdated","id_RationType") VALUES ('Breeding_ES','es',CURRENT_TIMESTAMP,'pigtraxadmin',8);
INSERT INTO pigtraxrefdata."RationTypeTranslation" ("fieldValue","fieldLanguage","lastUpdated","userUpdated","id_RationType") VALUES ('GDU_ES','es',CURRENT_TIMESTAMP,'pigtraxadmin',9);


INSERT INTO pigtraxrefdata."RationTypeTranslation" ("fieldValue","fieldLanguage","lastUpdated","userUpdated","id_RationType") VALUES ('Piglet_PR','pr',CURRENT_TIMESTAMP,'pigtraxadmin',1);
INSERT INTO pigtraxrefdata."RationTypeTranslation" ("fieldValue","fieldLanguage","lastUpdated","userUpdated","id_RationType") VALUES ('Nursery_PR','pr',CURRENT_TIMESTAMP,'pigtraxadmin',2);
INSERT INTO pigtraxrefdata."RationTypeTranslation" ("fieldValue","fieldLanguage","lastUpdated","userUpdated","id_RationType") VALUES ('Finishing_PR','pr',CURRENT_TIMESTAMP,'pigtraxadmin',3);
INSERT INTO pigtraxrefdata."RationTypeTranslation" ("fieldValue","fieldLanguage","lastUpdated","userUpdated","id_RationType") VALUES ('Gilt_PR','pr',CURRENT_TIMESTAMP,'pigtraxadmin',4);
INSERT INTO pigtraxrefdata."RationTypeTranslation" ("fieldValue","fieldLanguage","lastUpdated","userUpdated","id_RationType") VALUES ('Gestation_PR','pr',CURRENT_TIMESTAMP,'pigtraxadmin',5);
INSERT INTO pigtraxrefdata."RationTypeTranslation" ("fieldValue","fieldLanguage","lastUpdated","userUpdated","id_RationType") VALUES ('Lactation_PR','pr',CURRENT_TIMESTAMP,'pigtraxadmin',6);
INSERT INTO pigtraxrefdata."RationTypeTranslation" ("fieldValue","fieldLanguage","lastUpdated","userUpdated","id_RationType") VALUES ('Boar_PR','pr',CURRENT_TIMESTAMP,'pigtraxadmin',7);
INSERT INTO pigtraxrefdata."RationTypeTranslation" ("fieldValue","fieldLanguage","lastUpdated","userUpdated","id_RationType") VALUES ('Breeding_PR','pr',CURRENT_TIMESTAMP,'pigtraxadmin',8);
INSERT INTO pigtraxrefdata."RationTypeTranslation" ("fieldValue","fieldLanguage","lastUpdated","userUpdated","id_RationType") VALUES ('GDU_PR','pr',CURRENT_TIMESTAMP,'pigtraxadmin',9);

--------------------------------------------------------------------------------------------


INSERT INTO pigtrax."Company"(

            "companyId", name, address, city, country, "registrationNumber", email,

            phone, "contactName", payment, "paymentDate", "isActive", "lastUpdated",

            "userUpdated")

VALUES ('1A2B', 'PigTrax', '1 Sovereign Street', 'Alegre','Brazil', '12345678', 'jimihendrix@gmail.com',

            '+1-111-111-1111', 'Jimmy Hendrix', 3450.50, CURRENT_DATE, true, CURRENT_DATE,

            'pigtraxadmin');

INSERT INTO pigtrax."Employee"(

            "employeeId", "id_Company", name, "ptPassword", "isActive", "isPortalUser",

            "lastUpdated", "userUpdated", "id_RoleType","email","phoneNumber")

VALUES ('pigtraxsuperadmin',1,'PT 

SuperAdmin','$2a$10$iF4BCj2.AvqVcvbf7aTb2u6fVNK/YxQ8ltPQt2N0n0csBb5rCIin.',true, 

true, CURRENT_DATE,'pigtraxadmin',1,'vidyar2002@yahoo.com','123343433');

INSERT INTO pigtrax."Employee"(

            "employeeId", "id_Company", name, "ptPassword", "isActive", "isPortalUser",

            "lastUpdated", "userUpdated", "id_RoleType","email","phoneNumber")

VALUES ('pigtraxdatacfgmgr',1,'PT Data Cfg 

Mgr','$2a$10$iF4BCj2.AvqVcvbf7aTb2u6fVNK/YxQ8ltPQt2N0n0csBb5rCIin.',true, true, 

CURRENT_DATE,'pigtraxadmin',2,'vidyar2002@yahoo.com','23232323');

INSERT INTO pigtrax."Company"(

            "companyId", name, address, city, country, "registrationNumber", email,

            phone, "contactName", payment, "paymentDate", "isActive", "lastUpdated",

            "userUpdated")

VALUES ('1Y2Z', 'PigFarm', '1 Shire Oak Street', 'Alegre','Brazil', '34567899', 'jimmypage@gmail.com',

            '+1-111-111-1111', 'Jimmy Page', 13450.50, CURRENT_DATE, true, CURRENT_DATE,

            'pigtraxadmin');

INSERT INTO pigtrax."Employee"(

            "employeeId", "id_Company", name, "ptPassword", "isActive", "isPortalUser",

            "lastUpdated", "userUpdated", "id_RoleType","email","phoneNumber")

VALUES ('pigfarmsuperadmin',2,'PF 

SuperAdmin','$2a$10$iF4BCj2.AvqVcvbf7aTb2u6fVNK/YxQ8ltPQt2N0n0csBb5rCIin.',true, 

true, CURRENT_DATE,'pigtraxadmin',3,'vidyar2002@yahoo.com','34343434');

INSERT INTO pigtrax."Employee"(

            "employeeId", "id_Company", name, "ptPassword", "isActive", "isPortalUser",

            "lastUpdated", "userUpdated", "id_RoleType","email","phoneNumber")

VALUES ('pigfarmdatacfgmgr',2,'PF Data Cfg 

Mgr','$2a$10$iF4BCj2.AvqVcvbf7aTb2u6fVNK/YxQ8ltPQt2N0n0csBb5rCIin.',true, true, 

CURRENT_DATE,'pigtraxadmin',4,'vidyar2002@yahoo.com','3534535435');

INSERT INTO pigtrax."Company"(

            "companyId", name, address, city, country, "registrationNumber", email,

            phone, "contactName", payment, "paymentDate", "isActive", "lastUpdated",

            "userUpdated")

VALUES ('1Y2Y', 'PigFarmPP', '1 Sovereign Street', 'Alegre','Brazil', '12345678', 'jimihendrix@gmail.com',

            '+1-111-111-1111', 'Praveen Parasiya', 3450.50, CURRENT_DATE, true, CURRENT_DATE,

            'pigtraxadmin');

INSERT INTO pigtrax."Employee"(

            "employeeId", "id_Company", name, "ptPassword", "isActive", "isPortalUser",

            "lastUpdated", "userUpdated", "id_RoleType","email","phoneNumber")

VALUES ('praveensuperadmin',3,'PT 

SuperAdmin','$2a$10$iF4BCj2.AvqVcvbf7aTb2u6fVNK/YxQ8ltPQt2N0n0csBb5rCIin.',true, 

true, CURRENT_DATE,'pigtraxadmin',3,'vidyar2002@yahoo.com','34532423432');

INSERT INTO pigtrax."Employee"(

            "employeeId", "id_Company", name, "ptPassword", "isActive", "isPortalUser",

            "lastUpdated", "userUpdated", "id_RoleType","email","phoneNumber")

VALUES ('praveendatacfgmgr',3,'PT Data Cfg 

Mgr','$2a$10$iF4BCj2.AvqVcvbf7aTb2u6fVNK/YxQ8ltPQt2N0n0csBb5rCIin.',true, true, 

CURRENT_DATE,'pigtraxadmin',4,'vidyar2002@yahoo.com','2323232');

INSERT INTO pigtrax."Employee"(

            "employeeId", "id_Company", name, "ptPassword", "isActive", "isPortalUser",

            "lastUpdated", "userUpdated", "id_RoleType","email","phoneNumber")

VALUES ('praveenfarmemployee1',3, 'Alan', null, true, false, CURRENT_DATE,'pigtraxadmin',null,'vidyar2002@yahoo.com','32323233');

INSERT INTO pigtrax."Employee"(

            "employeeId", "id_Company", name, "ptPassword", "isActive", "isPortalUser",

            "lastUpdated", "userUpdated", "id_RoleType","email","phoneNumber")

VALUES ('praveenfarmemployee2',3, 'Tom', null, true, false, CURRENT_DATE,'pigtraxadmin',null,'vidyar2002@yahoo.com','33431212');

INSERT INTO pigtrax."Company"(

            "companyId", name, address, city, country, "registrationNumber", email,

            phone, "contactName", payment, "paymentDate", "isActive", "lastUpdated",

            "userUpdated")

VALUES ('1Z2Z', 'PigFarmPRC', '1 Sovereign Street', 'Alegre','Brazil', '12345678', 'jimihendrix@gmail.com',

            '+1-111-111-1111', 'Praveen Parasiya', 3450.50, CURRENT_DATE, true, CURRENT_DATE,

            'pigtraxadmin');

INSERT INTO pigtrax."Employee"(

            "employeeId", "id_Company", name, "ptPassword", "isActive", "isPortalUser",

            "lastUpdated", "userUpdated", "id_RoleType","email","phoneNumber")

VALUES ('roysuperadmin',4,'PT 

SuperAdmin','$2a$10$iF4BCj2.AvqVcvbf7aTb2u6fVNK/YxQ8ltPQt2N0n0csBb5rCIin.',true, 

true, CURRENT_DATE,'pigtraxadmin',3,'vidyar2002@yahoo.com','232323222');

INSERT INTO pigtrax."Employee"(

            "employeeId", "id_Company", name, "ptPassword", "isActive", "isPortalUser",

            "lastUpdated", "userUpdated", "id_RoleType","email","phoneNumber")

VALUES ('roydatacfgmgr',4,'PT Data Cfg 

Mgr','$2a$10$iF4BCj2.AvqVcvbf7aTb2u6fVNK/YxQ8ltPQt2N0n0csBb5rCIin.',true, true, 

CURRENT_DATE,'pigtraxadmin',4,'vidyar2002@yahoo.com','232323232');

INSERT into pigtrax."EmployeeJobFunction" ("id_JobFunctionRole", "functionFrom", "functionTo", "lastUpdated", "userUpdated", "id_Employee") values (7,CURRENT_TIMESTAMP,null,CURRENT_TIMESTAMP,'pigtraxadmin',7);

INSERT into pigtrax."EmployeeJobFunction" ("id_JobFunctionRole", "functionFrom", "functionTo", "lastUpdated", "userUpdated", "id_Employee") values (7,CURRENT_TIMESTAMP,null,CURRENT_TIMESTAMP,'pigtraxadmin',8);

INSERT INTO pigtrax."MasterRation"(
            "rationValue", "id_FeedEventType", "lastUpdated", "userUpdated")
    VALUES ( 'Carrot', '1', current_timestamp, 'pigTraxAdmin');

INSERT INTO pigtrax."MasterRation"(
            "rationValue", "id_FeedEventType", "lastUpdated", "userUpdated")
    VALUES ( 'Carrot and Water', '1', current_timestamp, 'pigTraxAdmin');

